# Posiciones articulares (matriz) del UR5 derecho
# Trial JIGSAWS: Needle_Passing_B001  (3438 frames @ 30 Hz)
# La BASE del UR5 es fija (decision de montaje, no se mueve
# el robot fisico de sitio). La CONFIGURACION ARTICULAR si
# cambia en cada frame: se recalcula para que el trocar
# (tubo rigido) siga la orientacion instantanea del shaft
# del PSM, igual que hace an5_psm_py/carrier_solver.py.
# Fulcro: [0.122141, -0.078964, 0.408424] m
# Distancia al trocar: 0.15 m
# Base del UR5: [0.397392, -0.598679, 0.0] m
# IK del UR5 por frame: OK 100.00 %, error mediana 0.0000 mm, maximo 0.0000 mm
# IK=0 marca frames sin solucion valida (se conserva la
# ultima configuracion valida, como en los archivos de PSM)
#  frame      t(s)   IK     q1(deg)    q2(deg)    q3(deg)    q4(deg)    q5(deg)    q6(deg)
       1    0.0000    1      4.4072   -86.2769  -109.3580    -7.6600   110.4820    17.4093
       2    0.0333    1      4.3898   -86.3156  -109.4345    -7.3721   110.5289    17.3012
       3    0.0667    1      4.3965   -86.3307  -109.4919    -7.1836   110.5109    17.2271
       4    0.1000    1      4.4194   -86.3572  -109.6133    -6.7955   110.4491    17.0724
       5    0.1333    1      4.4323   -86.3874  -109.7214    -6.4363   110.4142    16.9302
       6    0.1667    1      4.4296   -86.4045  -109.7619    -6.2900   110.4215    16.8734
       7    0.2000    1      4.4128   -86.4320  -109.8016    -6.1253   110.4667    16.8119
       8    0.2333    1      4.3821   -86.4512  -109.7920    -6.1133   110.5496    16.8126
       9    0.2667    1      4.3493   -86.4643  -109.7620    -6.1701   110.6382    16.8406
      10    0.3000    1      4.3333   -86.4706  -109.7468    -6.1996   110.6816    16.8550
      11    0.3333    1      4.2982   -86.4803  -109.7033    -6.3008   110.7764    16.9009
      12    0.3667    1      4.2560   -86.4903  -109.6455    -6.4410   110.8905    16.9634
      13    0.4000    1      4.2338   -86.4974  -109.6198    -6.4982   110.9506    16.9898
      14    0.4333    1      4.1781   -86.5202  -109.5684    -6.5951   111.1017    17.0379
      15    0.4667    1      4.1153   -86.5495  -109.5196    -6.6723   111.2720    17.0797
      16    0.5000    1      4.0548   -86.5850  -109.4914    -6.6800   111.4364    17.0942
      17    0.5333    1      4.0275   -86.6038  -109.4859    -6.6580   111.5107    17.0909
      18    0.5667    1      3.9788   -86.6385  -109.4793    -6.6071   111.6431    17.0805
      19    0.6000    1      3.9450   -86.6619  -109.4726    -6.5792   111.7349    17.0762
      20    0.6333    1      3.9330   -86.6697  -109.4690    -6.5735   111.7677    17.0764
      21    0.6667    1      3.9123   -86.6822  -109.4595    -6.5751   111.8241    17.0811
      22    0.7000    1      3.9048   -86.6830  -109.4462    -6.6105   111.8447    17.0964
      23    0.7333    1      3.9030   -86.6793  -109.4326    -6.6557   111.8495    17.1144
      24    0.7667    1      3.9024   -86.6783  -109.4286    -6.6691   111.8511    17.1197
      25    0.8000    1      3.8956   -86.6825  -109.4259    -6.6683   111.8696    17.1208
      26    0.8333    1      3.8835   -86.6938  -109.4312    -6.6307   111.9026    17.1085
      27    0.8667    1      3.8565   -86.7151  -109.4323    -6.5854   111.9763    17.0963
      28    0.9000    1      3.8427   -86.7251  -109.4304    -6.5705   112.0140    17.0932
      29    0.9333    1      3.8211   -86.7410  -109.4279    -6.5461   112.0730    17.0881
      30    0.9667    1      3.8070   -86.7508  -109.4249    -6.5346   112.1115    17.0865
      31    1.0000    1      3.8011   -86.7549  -109.4235    -6.5305   112.1276    17.0861
      32    1.0333    1      3.7936   -86.7597  -109.4208    -6.5284   112.1481    17.0868
      33    1.0667    1      3.7890   -86.7612  -109.4154    -6.5404   112.1605    17.0924
      34    1.1000    1      3.7862   -86.7577  -109.4003    -6.5897   112.1682    17.1122
      35    1.1333    1      3.7865   -86.7533  -109.3891    -6.6295   112.1674    17.1277
      36    1.1667    1      3.7871   -86.7415  -109.3587    -6.7380   112.1656    17.1698
      37    1.2000    1      3.7810   -86.7286  -109.3107    -6.8978   112.1823    17.2333
      38    1.2333    1      3.7768   -86.7220  -109.2835    -6.9867   112.1940    17.2688
      39    1.2667    1      3.7648   -86.7137  -109.2351    -7.1385   112.2266    17.3301
      40    1.3000    1      3.7514   -86.7086  -109.1918    -7.2695   112.2632    17.3836
      41    1.3333    1      3.7497   -86.7032  -109.1730    -7.3326   112.2679    17.4084
      42    1.3667    1      3.7726   -86.6766  -109.1474    -7.4567   112.2053    17.4516
      43    1.4000    1      3.7970   -86.6463  -109.1140    -7.6096   112.1386    17.5057
      44    1.4333    1      3.7930   -86.6350  -109.0721    -7.7488   112.1496    17.5601
      45    1.4667    1      3.7851   -86.6351  -109.0547    -7.7970   112.1711    17.5803
      46    1.5000    1      3.7748   -86.6343  -109.0294    -7.8691   112.1994    17.6101
      47    1.5333    1      3.7681   -86.6305  -109.0030    -7.9502   112.2177    17.6427
      48    1.5667    1      3.7715   -86.6237  -108.9905    -7.9984   112.2084    17.6605
      49    1.6000    1      3.7835   -86.6057  -108.9638    -8.1081   112.1756    17.7001
      50    1.6333    1      3.7944   -86.5893  -108.9390    -8.2094   112.1458    17.7366
      51    1.6667    1      3.7950   -86.5776  -108.9045    -8.3283   112.1442    17.7820
      52    1.7000    1      3.7923   -86.5755  -108.8922    -8.3668   112.1514    17.7972
      53    1.7333    1      3.7786   -86.5833  -108.8843    -8.3737   112.1889    17.8027
      54    1.7667    1      3.7585   -86.6011  -108.8926    -8.3156   112.2439    17.7846
      55    1.8000    1      3.7497   -86.6085  -108.8948    -8.2948   112.2680    17.7785
      56    1.8333    1      3.7310   -86.6212  -108.8905    -8.2822   112.3191    17.7776
      57    1.8667    1      3.7050   -86.6347  -108.8713    -8.3093   112.3903    17.7934
      58    1.9000    1      3.6791   -86.6412  -108.8313    -8.4083   112.4612    17.8367
      59    1.9333    1      3.6696   -86.6401  -108.8054    -8.4827   112.4872    17.8671
      60    1.9667    1      3.6642   -86.6326  -108.7697    -8.5969   112.5019    17.9118
      61    2.0000    1      3.6723   -86.6255  -108.7665    -8.6199   112.4796    17.9188
      62    2.0333    1      3.6778   -86.6224  -108.7699    -8.6165   112.4645    17.9163
      63    2.0667    1      3.6878   -86.6139  -108.7667    -8.6418   112.4374    17.9239
      64    2.1000    1      3.6888   -86.6058  -108.7435    -8.7224   112.4346    17.9543
      65    2.1333    1      3.6860   -86.6032  -108.7290    -8.7676   112.4421    17.9721
      66    2.1667    1      3.6817   -86.5953  -108.6933    -8.8826   112.4540    18.0167
      67    2.2000    1      3.6806   -86.5829  -108.6508    -9.0252   112.4571    18.0710
      68    2.2333    1      3.6739   -86.5768  -108.6145    -9.1385   112.4752    18.1153
      69    2.2667    1      3.6675   -86.5774  -108.6008    -9.1753   112.4929    18.1306
      70    2.3000    1      3.6557   -86.5845  -108.5950    -9.1777   112.5252    18.1340
      71    2.3333    1      3.6510   -86.5914  -108.6064    -9.1325   112.5380    18.1179
      72    2.3667    1      3.6474   -86.5946  -108.6077    -9.1230   112.5480    18.1151
      73    2.4000    1      3.6369   -86.5994  -108.5980    -9.1406   112.5766    18.1240
      74    2.4333    1      3.6291   -86.6037  -108.5925    -9.1477   112.5981    18.1284
      75    2.4667    1      3.6262   -86.6038  -108.5861    -9.1652   112.6059    18.1356
      76    2.5000    1      3.6260   -86.6023  -108.5805    -9.1838   112.6067    18.1427
      77    2.5333    1      3.6197   -86.5988  -108.5533    -9.2666   112.6238    18.1753
      78    2.5667    1      3.6021   -86.6004  -108.5149    -9.3705   112.6722    18.2184
      79    2.6000    1      3.5790   -86.6106  -108.4912    -9.4169   112.7354    18.2409
      80    2.6333    1      3.5697   -86.6167  -108.4885    -9.4127   112.7609    18.2413
      81    2.6667    1      3.5657   -86.6191  -108.4863    -9.4143   112.7718    18.2427
      82    2.7000    1      3.5662   -86.6182  -108.4847    -9.4203   112.7704    18.2449
      83    2.7333    1      3.5659   -86.6182  -108.4840    -9.4224   112.7713    18.2457
      84    2.7667    1      3.5666   -86.6178  -108.4843    -9.4224   112.7694    18.2456
      85    2.8000    1      3.5827   -86.6070  -108.4887    -9.4308   112.7252    18.2453
      86    2.8333    1      3.5927   -86.6005  -108.4918    -9.4348   112.6979    18.2446
      87    2.8667    1      3.6113   -86.5890  -108.5000    -9.4342   112.6467    18.2404
      88    2.9000    1      3.6327   -86.5768  -108.5125    -9.4226   112.5881    18.2314
      89    2.9333    1      3.6442   -86.5689  -108.5150    -9.4309   112.5568    18.2321
      90    2.9667    1      3.6712   -86.5506  -108.5211    -9.4491   112.4826    18.2332
      91    3.0000    1      3.6943   -86.5342  -108.5234    -9.4743   112.4195    18.2378
      92    3.0333    1      3.7149   -86.5194  -108.5250    -9.4985   112.3631    18.2426
      93    3.0667    1      3.7229   -86.5137  -108.5259    -9.5067   112.3412    18.2440
      94    3.1000    1      3.7298   -86.5085  -108.5254    -9.5183   112.3224    18.2470
      95    3.1333    1      3.7312   -86.5076  -108.5261    -9.5180   112.3184    18.2465
      96    3.1667    1      3.7322   -86.5075  -108.5279    -9.5132   112.3158    18.2445
      97    3.2000    1      3.7306   -86.5093  -108.5301    -9.5036   112.3203    18.2413
      98    3.2333    1      3.7293   -86.5114  -108.5338    -9.4894   112.3237    18.2362
      99    3.2667    1      3.7306   -86.5121  -108.5395    -9.4721   112.3203    18.2294
     100    3.3000    1      3.7297   -86.5133  -108.5414    -9.4646   112.3226    18.2268
     101    3.3333    1      3.7310   -86.5121  -108.5405    -9.4695   112.3191    18.2283
     102    3.3667    1      3.7344   -86.5079  -108.5349    -9.4929   112.3098    18.2364
     103    3.4000    1      3.7382   -86.5046  -108.5333    -9.5037   112.2994    18.2397
     104    3.4333    1      3.7397   -86.5029  -108.5311    -9.5134   112.2953    18.2431
     105    3.4667    1      3.7391   -86.5030  -108.5299    -9.5165   112.2970    18.2443
     106    3.5000    1      3.7446   -86.4993  -108.5313    -9.5196   112.2818    18.2444
     107    3.5333    1      3.7506   -86.4953  -108.5328    -9.5231   112.2655    18.2444
     108    3.5667    1      3.7612   -86.4882  -108.5350    -9.5308   112.2366    18.2451
     109    3.6000    1      3.7656   -86.4859  -108.5384    -9.5255   112.2244    18.2422
     110    3.6333    1      3.7655   -86.4862  -108.5391    -9.5230   112.2247    18.2413
     111    3.6667    1      3.7655   -86.4865  -108.5402    -9.5193   112.2248    18.2399
     112    3.7000    1      3.7684   -86.4848  -108.5417    -9.5185   112.2169    18.2390
     113    3.7333    1      3.7689   -86.4847  -108.5424    -9.5168   112.2154    18.2383
     114    3.7667    1      3.7680   -86.4856  -108.5434    -9.5124   112.2178    18.2368
     115    3.8000    1      3.7680   -86.4866  -108.5468    -9.5007   112.2178    18.2324
     116    3.8333    1      3.7713   -86.4854  -108.5509    -9.4919   112.2088    18.2284
     117    3.8667    1      3.7737   -86.4836  -108.5507    -9.4957   112.2024    18.2294
     118    3.9000    1      3.7773   -86.4806  -108.5497    -9.5044   112.1925    18.2319
     119    3.9333    1      3.7800   -86.4793  -108.5519    -9.5008   112.1851    18.2300
     120    3.9667    1      3.7806   -86.4811  -108.5596    -9.4759   112.1836    18.2205
     121    4.0000    1      3.7803   -86.4820  -108.5620    -9.4674   112.1843    18.2173
     122    4.0333    1      3.7830   -86.4810  -108.5651    -9.4607   112.1770    18.2143
     123    4.0667    1      3.7910   -86.4750  -108.5646    -9.4738   112.1551    18.2175
     124    4.1000    1      3.7938   -86.4726  -108.5637    -9.4808   112.1474    18.2196
     125    4.1333    1      3.7963   -86.4703  -108.5621    -9.4898   112.1405    18.2224
     126    4.1667    1      3.7939   -86.4714  -108.5597    -9.4942   112.1473    18.2246
     127    4.2000    1      3.7927   -86.4718  -108.5582    -9.4975   112.1503    18.2261
     128    4.2333    1      3.7911   -86.4734  -108.5595    -9.4910   112.1549    18.2240
     129    4.2667    1      3.7843   -86.4782  -108.5588    -9.4839   112.1734    18.2227
     130    4.3000    1      3.7830   -86.4798  -108.5610    -9.4746   112.1769    18.2195
     131    4.3333    1      3.7851   -86.4784  -108.5618    -9.4750   112.1711    18.2192
     132    4.3667    1      3.7933   -86.4742  -108.5678    -9.4663   112.1488    18.2142
     133    4.4000    1      3.8064   -86.4674  -108.5776    -9.4522   112.1129    18.2062
     134    4.4333    1      3.8148   -86.4631  -108.5838    -9.4432   112.0900    18.2011
     135    4.4667    1      3.8251   -86.4599  -108.5983    -9.4092   112.0619    18.1862
     136    4.5000    1      3.8279   -86.4615  -108.6105    -9.3720   112.0544    18.1716
     137    4.5333    1      3.8314   -86.4641  -108.6279    -9.3187   112.0448    18.1508
     138    4.5667    1      3.8337   -86.4658  -108.6394    -9.2834   112.0384    18.1370
     139    4.6000    1      3.8389   -86.4687  -108.6615    -9.2164   112.0243    18.1106
     140    4.6333    1      3.8421   -86.4653  -108.6584    -9.2315   112.0154    18.1156
     141    4.6667    1      3.8501   -86.4519  -108.6332    -9.3274   111.9936    18.1502
     142    4.7000    1      3.8551   -86.4424  -108.6133    -9.4011   111.9802    18.1771
     143    4.7333    1      3.8733   -86.4157  -108.5679    -9.5789   111.9304    18.2404
     144    4.7667    1      3.9208   -86.3727  -108.5386    -9.7428   111.8009    18.2925
     145    4.8000    1      3.9501   -86.3479  -108.5258    -9.8258   111.7211    18.3179
     146    4.8333    1      4.0331   -86.2837  -108.5095    -9.9939   111.4953    18.3647
     147    4.8667    1      4.1275   -86.2159  -108.5063   -10.1326   111.2390    18.3986
     148    4.9000    1      4.2078   -86.1617  -108.5143   -10.2139   111.0212    18.4141
     149    4.9333    1      4.2377   -86.1418  -108.5179   -10.2421   110.9403    18.4191
     150    4.9667    1      4.2872   -86.1105  -108.5298   -10.2691   110.8061    18.4202
     151    5.0000    1      4.3227   -86.0877  -108.5366   -10.2935   110.7101    18.4230
     152    5.0333    1      4.3441   -86.0743  -108.5416   -10.3053   110.6524    18.4236
     153    5.0667    1      4.3699   -86.0566  -108.5420   -10.3382   110.5825    18.4313
     154    5.1000    1      4.3717   -86.0558  -108.5436   -10.3352   110.5777    18.4298
     155    5.1333    1      4.3801   -86.0526  -108.5532   -10.3150   110.5550    18.4208
     156    5.1667    1      4.3881   -86.0481  -108.5569   -10.3132   110.5336    18.4188
     157    5.2000    1      4.3938   -86.0461  -108.5639   -10.2978   110.5182    18.4120
     158    5.2333    1      4.4245   -86.0331  -108.5940   -10.2401   110.4352    18.3851
     159    5.2667    1      4.4484   -86.0211  -108.6106   -10.2172   110.3707    18.3724
     160    5.3000    1      4.4985   -85.9951  -108.6408   -10.1839   110.2357    18.3514
     161    5.3333    1      4.5732   -85.9579  -108.6915   -10.1157   110.0344    18.3133
     162    5.3667    1      4.6327   -85.9263  -108.7237   -10.0878   109.8744    18.2930
     163    5.4000    1      4.7567   -85.8561  -108.7721   -10.0898   109.5414    18.2737
     164    5.4333    1      4.8855   -85.7861  -108.8304   -10.0643   109.1964    18.2442
     165    5.4667    1      5.0309   -85.7145  -108.9195    -9.9582   108.8076    18.1826
     166    5.5000    1      5.1134   -85.6759  -108.9757    -9.8790   108.5875    18.1409
     167    5.5333    1      5.3032   -85.5922  -109.1184    -9.6518   108.0821    18.0288
     168    5.5667    1      5.5149   -85.5007  -109.2748    -9.4040   107.5205    17.9074
     169    5.6000    1      5.6232   -85.4528  -109.3481    -9.2980   107.2338    17.8537
     170    5.6333    1      5.8293   -85.3625  -109.4836    -9.1071   106.6897    17.7565
     171    5.6667    1      6.0413   -85.2727  -109.6253    -8.8998   106.1318    17.6538
     172    5.7000    1      6.1495   -85.2290  -109.7018    -8.7792   105.8476    17.5963
     173    5.7333    1      6.3717   -85.1498  -109.8872    -8.4360   105.2655    17.4425
     174    5.7667    1      6.6083   -85.0763  -110.1083    -7.9879   104.6479    17.2480
     175    5.8000    1      6.8222   -85.0176  -110.3221    -7.5321   104.0909    17.0531
     176    5.8333    1      6.9165   -84.9967  -110.4279    -7.2908   103.8458    16.9517
     177    5.8667    1      7.0982   -84.9610  -110.6382    -6.8008   103.3745    16.7464
     178    5.9000    1      7.2998   -84.9238  -110.8675    -6.2649   102.8530    16.5216
     179    5.9333    1      7.3952   -84.9089  -110.9795    -5.9969   102.6066    16.4094
     180    5.9667    1      7.5529   -84.8921  -111.1801    -5.4981   102.1999    16.2018
     181    6.0000    1      7.7061   -84.8823  -111.3840    -4.9773   101.8055    15.9854
     182    6.0333    1      7.8523   -84.8819  -111.5935    -4.4228   101.4297    15.7554
     183    6.0667    1      7.9217   -84.8830  -111.6931    -4.1570   101.2515    15.6449
     184    6.1000    1      8.0774   -84.8637  -111.8586    -3.7598   100.8525    15.4767
     185    6.1333    1      8.2453   -84.8129  -111.9613    -3.5951   100.4226    15.4016
     186    6.1667    1      8.3292   -84.7824  -111.9994    -3.5586   100.2083    15.3828
     187    6.2000    1      8.5069   -84.7188  -112.0797    -3.4810    99.7545    15.3433
     188    6.2333    1      8.7353   -84.6471  -112.2007    -3.3143    99.1725    15.2664
     189    6.2667    1      8.9318   -84.6010  -112.3353    -3.0598    98.6729    15.1561
     190    6.3000    1      9.0248   -84.5836  -112.4070    -2.9094    98.4367    15.0919
     191    6.3333    1      9.2188   -84.5478  -112.5538    -2.6028    97.9447    14.9611
     192    6.3667    1      9.4387   -84.5059  -112.7106    -2.2846    97.3880    14.8252
     193    6.4000    1      9.5616   -84.4780  -112.7857    -2.1495    97.0772    14.7670
     194    6.4333    1      9.8190   -84.4157  -112.9290    -1.9129    96.4274    14.6648
     195    6.4667    1     10.0637   -84.3640  -113.0737    -1.6514    95.8108    14.5535
     196    6.5000    1     10.2745   -84.3384  -113.2315    -1.3011    95.2806    14.4066
     197    6.5333    1     10.3870   -84.3304  -113.3244    -1.0801    94.9977    14.3142
     198    6.5667    1     10.6337   -84.3132  -113.5218    -0.6123    94.3786    14.1187
     199    6.6000    1     10.8579   -84.3009  -113.6994    -0.1863    93.8166    13.9407
     200    6.6333    1     10.9424   -84.2948  -113.7616    -0.0413    93.6051    13.8801
     201    6.6667    1     11.0578   -84.2731  -113.8203     0.0597    93.3161    13.8380
     202    6.7000    1     11.1504   -84.2395  -113.8363     0.0253    93.0845    13.8527
     203    6.7333    1     11.2379   -84.2044  -113.8445    -0.0326    92.8658    13.8773
     204    6.7667    1     11.2908   -84.1846  -113.8517    -0.0587    92.7334    13.8885
     205    6.8000    1     11.3988   -84.1503  -113.8769    -0.0718    92.4638    13.8948
     206    6.8333    1     11.4982   -84.1267  -113.9144    -0.0303    92.2154    13.8783
     207    6.8667    1     11.5443   -84.1204  -113.9402     0.0207    92.1005    13.8574
     208    6.9000    1     11.6231   -84.1186  -114.0000     0.1675    91.9038    13.7967
     209    6.9333    1     11.6910   -84.1322  -114.0789     0.3971    91.7343    13.7011
     210    6.9667    1     11.7557   -84.1459  -114.1538     0.6166    91.5730    13.6095
     211    7.0000    1     11.7805   -84.1519  -114.1838     0.7057    91.5111    13.5724
     212    7.0333    1     11.8140   -84.1525  -114.2103     0.7735    91.4278    13.5442
     213    7.0667    1     11.8366   -84.1410  -114.2071     0.7393    91.3713    13.5589
     214    7.1000    1     11.8521   -84.1359  -114.2097     0.7343    91.3328    13.5613
     215    7.1333    1     11.8834   -84.1344  -114.2308     0.7838    91.2545    13.5409
     216    7.1667    1     11.8864   -84.1385  -114.2404     0.8173    91.2472    13.5268
     217    7.2000    1     11.8569   -84.1346  -114.2111     0.7350    91.3206    13.5610
     218    7.2333    1     11.8255   -84.1268  -114.1732     0.6221    91.3990    13.6081
     219    7.2667    1     11.7323   -84.1009  -114.0539     0.2632    91.6314    13.7578
     220    7.3000    1     11.6110   -84.0593  -113.8791    -0.2714    91.9339    13.9804
     221    7.3333    1     11.5541   -84.0315  -113.7790    -0.5866    92.0759    14.1115
     222    7.3667    1     11.4679   -83.9662  -113.5764    -1.2454    92.2911    14.3849
     223    7.4000    1     11.3910   -83.9104  -113.3932    -1.8345    92.4832    14.6282
     224    7.4333    1     11.3406   -83.8871  -113.2978    -2.1282    92.6092    14.7490
     225    7.4667    1     11.2017   -83.8384  -113.0605    -2.8391    92.9562    15.0402
     226    7.5000    1     11.0190   -83.7865  -112.7581    -3.7237    93.4133    15.4003
     227    7.5333    1     10.8159   -83.7379  -112.4212    -4.6906    93.9218    15.7912
     228    7.5667    1     10.7132   -83.7211  -112.2622    -5.1340    94.1791    15.9694
     229    7.6000    1     10.4748   -83.7064  -111.9393    -5.9942    94.7774    16.3133
     230    7.6333    1     10.2087   -83.7118  -111.6159    -6.8145    95.4459    16.6392
     231    7.6667    1     10.0774   -83.7201  -111.4645    -7.1873    95.7763    16.7868
     232    7.7000    1      9.7956   -83.7493  -111.1568    -7.9212    96.4865    17.0765
     233    7.7333    1      9.5008   -83.7980  -110.8720    -8.5578    97.2309    17.3275
     234    7.7667    1      9.2035   -83.8572  -110.5968    -9.1511    97.9835    17.5615
     235    7.8000    1      9.0616   -83.8875  -110.4649    -9.4329    98.3433    17.6726
     236    7.8333    1      8.7776   -83.9527  -110.2024    -9.9854    99.0650    17.8908
     237    7.8667    1      8.4817   -84.0278  -109.9348   -10.5347    99.8188    18.1082
     238    7.9000    1      8.3293   -84.0685  -109.7961   -10.8174   100.2079    18.2203
     239    7.9333    1      8.0537   -84.1470  -109.5500   -11.3082   100.9132    18.4155
     240    7.9667    1      7.7921   -84.2294  -109.3325   -11.7193   101.5845    18.5809
     241    8.0000    1      7.5519   -84.3117  -109.1491   -12.0429   102.2024    18.7135
     242    8.0333    1      7.4516   -84.3485  -109.0794   -12.1559   102.4610    18.7609
     243    8.0667    1      7.2706   -84.4173  -108.9597   -12.3395   102.9285    18.8395
     244    8.1000    1      7.1329   -84.4717  -108.8734   -12.4636   103.2847    18.8940
     245    8.1333    1      7.0241   -84.5157  -108.8076   -12.5541   103.5666    18.9346
     246    8.1667    1      6.9746   -84.5360  -108.7779   -12.5940   103.6950    18.9528
     247    8.2000    1      6.8883   -84.5688  -108.7122   -12.7057   103.9190    19.0000
     248    8.2333    1      6.8121   -84.5971  -108.6482   -12.8223   104.1171    19.0483
     249    8.2667    1      6.7822   -84.6076  -108.6199   -12.8774   104.1948    19.0708
     250    8.3000    1      6.7184   -84.6305  -108.5605   -12.9921   104.3609    19.1177
     251    8.3333    1      6.6485   -84.6583  -108.5079   -13.0795   104.5431    19.1551
     252    8.3667    1      6.6123   -84.6723  -108.4787   -13.1307   104.6373    19.1767
     253    8.4000    1      6.5443   -84.6960  -108.4079   -13.2746   104.8146    19.2347
     254    8.4333    1      6.4666   -84.7237  -108.3280   -13.4355   105.0175    19.2997
     255    8.4667    1      6.4238   -84.7389  -108.2830   -13.5271   105.1293    19.3366
     256    8.5000    1      6.3422   -84.7675  -108.1919   -13.7167   105.3428    19.4124
     257    8.5333    1      6.2708   -84.7921  -108.1082   -13.8942   105.5298    19.4829
     258    8.5667    1      6.2217   -84.8110  -108.0607   -13.9860   105.6583    19.5205
     259    8.6000    1      6.2076   -84.8176  -108.0537   -13.9924   105.6954    19.5242
     260    8.6333    1      6.2035   -84.8207  -108.0587   -13.9732   105.7059    19.5176
     261    8.6667    1      6.2370   -84.8036  -108.0666   -13.9839   105.6183    19.5184
     262    8.7000    1      6.2672   -84.7885  -108.0756   -13.9881   105.5390    19.5171
     263    8.7333    1      6.3411   -84.7527  -108.1031   -13.9815   105.3455    19.5081
     264    8.7667    1      6.4164   -84.7208  -108.1564   -13.8988   105.1487    19.4717
     265    8.8000    1      6.4825   -84.6942  -108.2101   -13.8055   104.9760    19.4324
     266    8.8333    1      6.5126   -84.6821  -108.2338   -13.7652   104.8973    19.4153
     267    8.8667    1      6.5683   -84.6576  -108.2658   -13.7255   104.7521    19.3964
     268    8.9000    1      6.6050   -84.6390  -108.2722   -13.7437   104.6562    19.4000
     269    8.9333    1      6.6159   -84.6332  -108.2721   -13.7549   104.6279    19.4032
     270    8.9667    1      6.6175   -84.6318  -108.2687   -13.7666   104.6238    19.4073
     271    9.0000    1      6.6181   -84.6329  -108.2770   -13.7423   104.6221    19.3985
     272    9.0333    1      6.6173   -84.6352  -108.2881   -13.7084   104.6243    19.3863
     273    9.0667    1      6.6154   -84.6369  -108.2915   -13.6962   104.6293    19.3820
     274    9.1000    1      6.6137   -84.6376  -108.2909   -13.6965   104.6336    19.3823
     275    9.1333    1      6.6116   -84.6385  -108.2895   -13.6984   104.6391    19.3831
     276    9.1667    1      6.6084   -84.6407  -108.2924   -13.6866   104.6474    19.3791
     277    9.2000    1      6.5890   -84.6523  -108.2992   -13.6468   104.6980    19.3662
     278    9.2333    1      6.5541   -84.6709  -108.2978   -13.6154   104.7892    19.3576
     279    9.2667    1      6.5205   -84.6852  -108.2760   -13.6467   104.8767    19.3718
     280    9.3000    1      6.5109   -84.6880  -108.2624   -13.6777   104.9019    19.3838
     281    9.3333    1      6.4980   -84.6892  -108.2292   -13.7640   104.9355    19.4161
     282    9.3667    1      6.4854   -84.6907  -108.1984   -13.8432   104.9685    19.4458
     283    9.4000    1      6.4814   -84.6914  -108.1900   -13.8643   104.9789    19.4537
     284    9.4333    1      6.4766   -84.6917  -108.1766   -13.8994   104.9915    19.4668
     285    9.4667    1      6.4791   -84.6898  -108.1735   -13.9114   104.9849    19.4710
     286    9.5000    1      6.4809   -84.6888  -108.1733   -13.9137   104.9802    19.4716
     287    9.5333    1      6.4854   -84.6867  -108.1752   -13.9126   104.9684    19.4709
     288    9.5667    1      6.4869   -84.6856  -108.1735   -13.9191   104.9646    19.4731
     289    9.6000    1      6.4849   -84.6866  -108.1735   -13.9173   104.9697    19.4726
     290    9.6333    1      6.4848   -84.6867  -108.1737   -13.9165   104.9699    19.4723
     291    9.6667    1      6.4801   -84.6885  -108.1692   -13.9250   104.9823    19.4758
     292    9.7000    1      6.4756   -84.6893  -108.1594   -13.9498   104.9939    19.4851
     293    9.7333    1      6.4781   -84.6877  -108.1581   -13.9563   104.9875    19.4872
     294    9.7667    1      6.4781   -84.6877  -108.1581   -13.9563   104.9875    19.4872
     295    9.8000    1      6.4781   -84.6877  -108.1581   -13.9563   104.9875    19.4872
     296    9.8333    1      6.4771   -84.6882  -108.1577   -13.9563   104.9901    19.4873
     297    9.8667    1      6.4771   -84.6882  -108.1577   -13.9563   104.9901    19.4873
     298    9.9000    1      6.4784   -84.6878  -108.1596   -13.9522   104.9867    19.4857
     299    9.9333    1      6.4786   -84.6877  -108.1600   -13.9512   104.9861    19.4854
     300    9.9667    1      6.4786   -84.6877  -108.1600   -13.9512   104.9861    19.4854
     301   10.0000    1      6.4815   -84.6862  -108.1599   -13.9544   104.9787    19.4863
     302   10.0333    1      6.4818   -84.6863  -108.1613   -13.9503   104.9779    19.4848
     303   10.0667    1      6.4827   -84.6871  -108.1688   -13.9289   104.9756    19.4770
     304   10.1000    1      6.4835   -84.6871  -108.1720   -13.9204   104.9733    19.4738
     305   10.1333    1      6.4859   -84.6862  -108.1738   -13.9171   104.9672    19.4725
     306   10.1667    1      6.4867   -84.6857  -108.1733   -13.9195   104.9650    19.4732
     307   10.2000    1      6.4843   -84.6867  -108.1719   -13.9214   104.9713    19.4741
     308   10.2333    1      6.4828   -84.6877  -108.1731   -13.9161   104.9752    19.4724
     309   10.2667    1      6.4822   -84.6882  -108.1737   -13.9138   104.9769    19.4716
     310   10.3000    1      6.4843   -84.6868  -108.1726   -13.9192   104.9713    19.4733
     311   10.3333    1      6.4850   -84.6862  -108.1708   -13.9252   104.9695    19.4754
     312   10.3667    1      6.4808   -84.6882  -108.1696   -13.9247   104.9804    19.4756
     313   10.4000    1      6.4776   -84.6903  -108.1714   -13.9159   104.9889    19.4727
     314   10.4333    1      6.4773   -84.6904  -108.1715   -13.9155   104.9896    19.4726
     315   10.4667    1      6.4779   -84.6896  -108.1686   -13.9246   104.9881    19.4758
     316   10.5000    1      6.4753   -84.6911  -108.1689   -13.9212   104.9948    19.4748
     317   10.5333    1      6.4736   -84.6922  -108.1704   -13.9150   104.9993    19.4727
     318   10.5667    1      6.4720   -84.6928  -108.1684   -13.9193   105.0034    19.4744
     319   10.6000    1      6.4677   -84.6947  -108.1662   -13.9217   105.0147    19.4756
     320   10.6333    1      6.4618   -84.6981  -108.1675   -13.9116   105.0301    19.4725
     321   10.6667    1      6.4570   -84.7006  -108.1668   -13.9090   105.0425    19.4719
     322   10.7000    1      6.4512   -84.7036  -108.1662   -13.9048   105.0578    19.4709
     323   10.7333    1      6.4480   -84.7051  -108.1644   -13.9069   105.0661    19.4719
     324   10.7667    1      6.4483   -84.7051  -108.1657   -13.9034   105.0653    19.4707
     325   10.8000    1      6.4463   -84.7061  -108.1653   -13.9026   105.0705    19.4705
     326   10.8333    1      6.4433   -84.7076  -108.1646   -13.9016   105.0784    19.4704
     327   10.8667    1      6.4377   -84.7106  -108.1640   -13.8977   105.0930    19.4695
     328   10.9000    1      6.4346   -84.7120  -108.1622   -13.8998   105.1012    19.4705
     329   10.9333    1      6.4296   -84.7146  -108.1615   -13.8968   105.1143    19.4699
     330   10.9667    1      6.4215   -84.7184  -108.1582   -13.8986   105.1355    19.4712
     331   11.0000    1      6.4139   -84.7211  -108.1500   -13.9153   105.1554    19.4779
     332   11.0333    1      6.4135   -84.7210  -108.1485   -13.9193   105.1562    19.4794
     333   11.0667    1      6.4137   -84.7206  -108.1468   -13.9247   105.1558    19.4813
     334   11.1000    1      6.4144   -84.7199  -108.1450   -13.9309   105.1538    19.4835
     335   11.1333    1      6.4144   -84.7199  -108.1450   -13.9309   105.1538    19.4835
     336   11.1667    1      6.4126   -84.7210  -108.1452   -13.9283   105.1586    19.4827
     337   11.2000    1      6.4131   -84.7204  -108.1437   -13.9335   105.1573    19.4845
     338   11.2333    1      6.4128   -84.7204  -108.1422   -13.9376   105.1582    19.4860
     339   11.2667    1      6.4114   -84.7208  -108.1406   -13.9409   105.1617    19.4873
     340   11.3000    1      6.4106   -84.7212  -108.1405   -13.9405   105.1638    19.4872
     341   11.3333    1      6.4109   -84.7208  -108.1387   -13.9460   105.1632    19.4892
     342   11.3667    1      6.4109   -84.7208  -108.1387   -13.9460   105.1632    19.4892
     343   11.4000    1      6.4099   -84.7213  -108.1384   -13.9459   105.1657    19.4893
     344   11.4333    1      6.4091   -84.7218  -108.1387   -13.9441   105.1678    19.4887
     345   11.4667    1      6.4088   -84.7217  -108.1373   -13.9482   105.1687    19.4902
     346   11.5000    1      6.4087   -84.7218  -108.1375   -13.9475   105.1688    19.4899
     347   11.5333    1      6.4095   -84.7213  -108.1372   -13.9493   105.1667    19.4905
     348   11.5667    1      6.4090   -84.7216  -108.1372   -13.9486   105.1680    19.4903
     349   11.6000    1      6.4088   -84.7217  -108.1373   -13.9482   105.1687    19.4902
     350   11.6333    1      6.4124   -84.7203  -108.1407   -13.9417   105.1591    19.4875
     351   11.6667    1      6.4142   -84.7194  -108.1409   -13.9429   105.1544    19.4878
     352   11.7000    1      6.4134   -84.7199  -108.1412   -13.9411   105.1565    19.4873
     353   11.7333    1      6.4130   -84.7204  -108.1430   -13.9355   105.1577    19.4852
     354   11.7667    1      6.4164   -84.7190  -108.1456   -13.9311   105.1486    19.4834
     355   11.8000    1      6.4162   -84.7202  -108.1519   -13.9120   105.1493    19.4765
     356   11.8333    1      6.4166   -84.7204  -108.1547   -13.9042   105.1483    19.4736
     357   11.8667    1      6.4168   -84.7202  -108.1543   -13.9057   105.1476    19.4742
     358   11.9000    1      6.4127   -84.7222  -108.1526   -13.9065   105.1584    19.4748
     359   11.9333    1      6.4130   -84.7223  -108.1543   -13.9017   105.1576    19.4731
     360   11.9667    1      6.4119   -84.7235  -108.1574   -13.8912   105.1606    19.4694
     361   12.0000    1      6.4127   -84.7222  -108.1526   -13.9065   105.1584    19.4748
     362   12.0333    1      6.4141   -84.7220  -108.1562   -13.8969   105.1548    19.4712
     363   12.0667    1      6.4141   -84.7220  -108.1562   -13.8969   105.1548    19.4712
     364   12.1000    1      6.4140   -84.7218  -108.1544   -13.9025   105.1550    19.4733
     365   12.1333    1      6.4140   -84.7218  -108.1544   -13.9025   105.1550    19.4733
     366   12.1667    1      6.4136   -84.7222  -108.1557   -13.8980   105.1561    19.4717
     367   12.2000    1      6.4117   -84.7227  -108.1525   -13.9057   105.1610    19.4746
     368   12.2333    1      6.4110   -84.7226  -108.1495   -13.9139   105.1628    19.4776
     369   12.2667    1      6.4105   -84.7226  -108.1479   -13.9183   105.1641    19.4793
     370   12.3000    1      6.4102   -84.7225  -108.1464   -13.9224   105.1650    19.4808
     371   12.3333    1      6.4064   -84.7238  -108.1419   -13.9320   105.1749    19.4846
     372   12.3667    1      6.4017   -84.7264  -108.1424   -13.9256   105.1872    19.4826
     373   12.4000    1      6.3974   -84.7290  -108.1438   -13.9171   105.1983    19.4800
     374   12.4333    1      6.3826   -84.7366  -108.1415   -13.9091   105.2369    19.4784
     375   12.4667    1      6.3679   -84.7448  -108.1426   -13.8908   105.2754    19.4730
     376   12.5000    1      6.3533   -84.7526  -108.1414   -13.8793   105.3136    19.4702
     377   12.5333    1      6.3473   -84.7559  -108.1413   -13.8737   105.3294    19.4687
     378   12.5667    1      6.3382   -84.7607  -108.1404   -13.8668   105.3533    19.4670
     379   12.6000    1      6.3337   -84.7631  -108.1399   -13.8638   105.3651    19.4663
     380   12.6333    1      6.3347   -84.7625  -108.1396   -13.8658   105.3624    19.4669
     381   12.6667    1      6.3329   -84.7624  -108.1335   -13.8821   105.3671    19.4730
     382   12.7000    1      6.3311   -84.7634  -108.1337   -13.8797   105.3717    19.4723
     383   12.7333    1      6.3311   -84.7634  -108.1337   -13.8797   105.3717    19.4723
     384   12.7667    1      6.3302   -84.7639  -108.1334   -13.8797   105.3742    19.4723
     385   12.8000    1      6.3264   -84.7658  -108.1326   -13.8782   105.3841    19.4722
     386   12.8333    1      6.3166   -84.7713  -108.1332   -13.8664   105.4098    19.4688
     387   12.8667    1      6.3092   -84.7754  -108.1336   -13.8576   105.4291    19.4663
     388   12.9000    1      6.3013   -84.7799  -108.1348   -13.8461   105.4497    19.4628
     389   12.9333    1      6.2966   -84.7824  -108.1340   -13.8434   105.4620    19.4623
     390   12.9667    1      6.2947   -84.7834  -108.1336   -13.8426   105.4672    19.4622
     391   13.0000    1      6.2899   -84.7862  -108.1346   -13.8347   105.4796    19.4597
     392   13.0333    1      6.2845   -84.7893  -108.1355   -13.8266   105.4939    19.4573
     393   13.0667    1      6.2728   -84.7957  -108.1355   -13.8145   105.5244    19.4540
     394   13.1000    1      6.2639   -84.8005  -108.1346   -13.8082   105.5478    19.4525
     395   13.1333    1      6.2493   -84.8089  -108.1366   -13.7870   105.5861    19.4462
     396   13.1667    1      6.2347   -84.8155  -108.1284   -13.7965   105.6242    19.4510
     397   13.2000    1      6.2266   -84.8187  -108.1213   -13.8096   105.6454    19.4565
     398   13.2333    1      6.2142   -84.8238  -108.1111   -13.8273   105.6780    19.4640
     399   13.2667    1      6.2071   -84.8283  -108.1140   -13.8111   105.6967    19.4588
     400   13.3000    1      6.1992   -84.8322  -108.1113   -13.8111   105.7174    19.4596
     401   13.3333    1      6.1976   -84.8328  -108.1098   -13.8140   105.7215    19.4608
     402   13.3667    1      6.2006   -84.8307  -108.1074   -13.8244   105.7136    19.4642
     403   13.4000    1      6.2007   -84.8278  -108.0908   -13.8741   105.7134    19.4822
     404   13.4333    1      6.1960   -84.8272  -108.0721   -13.9252   105.7257    19.5010
     405   13.4667    1      6.1696   -84.8289  -107.9965   -14.1241   105.7949    19.5751
     406   13.5000    1      6.1160   -84.8415  -107.8932   -14.3769   105.9355    19.6709
     407   13.5333    1      6.0468   -84.8629  -107.7874   -14.6205   106.1173    19.7647
     408   13.5667    1      6.0127   -84.8748  -107.7431   -14.7170   106.2069    19.8025
     409   13.6000    1      5.9543   -84.8981  -107.6836   -14.8332   106.3605    19.8497
     410   13.6333    1      5.9169   -84.9155  -107.6620   -14.8591   106.4589    19.8627
     411   13.6667    1      5.8862   -84.9299  -107.6439   -14.8810   106.5398    19.8736
     412   13.7000    1      5.8727   -84.9356  -107.6319   -14.9026   106.5752    19.8827
     413   13.7333    1      5.8509   -84.9418  -107.5917   -14.9992   106.6329    19.9192
     414   13.7667    1      5.8419   -84.9419  -107.5590   -15.0864   106.6564    19.9511
     415   13.8000    1      5.8413   -84.9423  -107.5598   -15.0835   106.6581    19.9501
     416   13.8333    1      5.8465   -84.9434  -107.5862   -15.0110   106.6444    19.9239
     417   13.8667    1      5.8679   -84.9394  -107.6390   -14.8767   106.5881    19.8740
     418   13.9000    1      5.8815   -84.9354  -107.6621   -14.8223   106.5523    19.8532
     419   13.9333    1      5.9025   -84.9283  -107.6923   -14.7546   106.4969    19.8270
     420   13.9667    1      5.9168   -84.9212  -107.6982   -14.7516   106.4593    19.8244
     421   14.0000    1      5.9237   -84.9168  -107.6948   -14.7687   106.4410    19.8298
     422   14.0333    1      5.9240   -84.9169  -107.6963   -14.7646   106.4402    19.8283
     423   14.0667    1      5.9211   -84.9187  -107.6974   -14.7585   106.4478    19.8264
     424   14.1000    1      5.9181   -84.9202  -107.6960   -14.7595   106.4559    19.8271
     425   14.1333    1      5.9168   -84.9207  -107.6954   -14.7600   106.4591    19.8274
     426   14.1667    1      5.9085   -84.9257  -107.6972   -14.7461   106.4812    19.8233
     427   14.2000    1      5.8962   -84.9329  -107.6997   -14.7261   106.5135    19.8175
     428   14.2333    1      5.8882   -84.9378  -107.7021   -14.7108   106.5347    19.8128
     429   14.2667    1      5.8860   -84.9392  -107.7033   -14.7050   106.5404    19.8110
     430   14.3000    1      5.8803   -84.9423  -107.7025   -14.7014   106.5554    19.8103
     431   14.3333    1      5.8783   -84.9433  -107.7021   -14.7005   106.5605    19.8102
     432   14.3667    1      5.8797   -84.9428  -107.7033   -14.6983   106.5570    19.8093
     433   14.4000    1      5.8804   -84.9427  -107.7057   -14.6920   106.5550    19.8069
     434   14.4333    1      5.8788   -84.9438  -107.7066   -14.6876   106.5592    19.8055
     435   14.4667    1      5.8748   -84.9457  -107.7048   -14.6889   106.5699    19.8064
     436   14.5000    1      5.8749   -84.9459  -107.7061   -14.6850   106.5696    19.8050
     437   14.5333    1      5.8742   -84.9462  -107.7058   -14.6853   106.5714    19.8052
     438   14.5667    1      5.8755   -84.9452  -107.7037   -14.6927   106.5681    19.8077
     439   14.6000    1      5.8753   -84.9452  -107.7032   -14.6940   106.5686    19.8082
     440   14.6333    1      5.8734   -84.9462  -107.7025   -14.6944   106.5735    19.8085
     441   14.6667    1      5.8664   -84.9502  -107.7030   -14.6855   106.5920    19.8061
     442   14.7000    1      5.8618   -84.9527  -107.7025   -14.6821   106.6042    19.8054
     443   14.7333    1      5.8517   -84.9582  -107.7013   -14.6754   106.6306    19.8040
     444   14.7667    1      5.8434   -84.9628  -107.7009   -14.6681   106.6527    19.8023
     445   14.8000    1      5.8417   -84.9636  -107.7003   -14.6681   106.6570    19.8025
     446   14.8333    1      5.8417   -84.9636  -107.7003   -14.6681   106.6570    19.8025
     447   14.8667    1      5.8431   -84.9626  -107.6988   -14.6740   106.6533    19.8044
     448   14.9000    1      5.8431   -84.9626  -107.6988   -14.6740   106.6533    19.8044
     449   14.9333    1      5.8439   -84.9622  -107.6987   -14.6750   106.6513    19.8047
     450   14.9667    1      5.8458   -84.9612  -107.6993   -14.6752   106.6463    19.8046
     451   15.0000    1      5.8527   -84.9581  -107.7045   -14.6668   106.6281    19.8009
     452   15.0333    1      5.8591   -84.9559  -107.7132   -14.6477   106.6112    19.7934
     453   15.0667    1      5.8600   -84.9559  -107.7161   -14.6399   106.6089    19.7905
     454   15.1000    1      5.8590   -84.9573  -107.7218   -14.6222   106.6115    19.7843
     455   15.1333    1      5.8598   -84.9568  -107.7215   -14.6239   106.6093    19.7848
     456   15.1667    1      5.8600   -84.9566  -107.7213   -14.6246   106.6087    19.7850
     457   15.2000    1      5.8592   -84.9573  -107.7223   -14.6207   106.6110    19.7837
     458   15.2333    1      5.8591   -84.9579  -107.7255   -14.6110   106.6113    19.7803
     459   15.2667    1      5.8609   -84.9570  -107.7267   -14.6095   106.6065    19.7796
     460   15.3000    1      5.8620   -84.9566  -107.7281   -14.6064   106.6036    19.7784
     461   15.3333    1      5.8625   -84.9565  -107.7296   -14.6027   106.6021    19.7770
     462   15.3667    1      5.8620   -84.9571  -107.7313   -14.5969   106.6034    19.7749
     463   15.4000    1      5.8630   -84.9566  -107.7314   -14.5976   106.6008    19.7751
     464   15.4333    1      5.8653   -84.9556  -107.7333   -14.5944   106.5949    19.7737
     465   15.4667    1      5.8652   -84.9558  -107.7344   -14.5909   106.5952    19.7725
     466   15.5000    1      5.8658   -84.9557  -107.7355   -14.5883   106.5936    19.7715
     467   15.5333    1      5.8705   -84.9540  -107.7417   -14.5749   106.5811    19.7662
     468   15.5667    1      5.8792   -84.9508  -107.7522   -14.5526   106.5583    19.7574
     469   15.6000    1      5.8885   -84.9473  -107.7632   -14.5295   106.5338    19.7481
     470   15.6333    1      5.8908   -84.9463  -107.7648   -14.5269   106.5278    19.7470
     471   15.6667    1      5.8877   -84.9479  -107.7640   -14.5262   106.5360    19.7471
     472   15.7000    1      5.8884   -84.9475  -107.7640   -14.5270   106.5341    19.7473
     473   15.7333    1      5.8905   -84.9465  -107.7649   -14.5266   106.5284    19.7469
     474   15.7667    1      5.8905   -84.9465  -107.7649   -14.5266   106.5284    19.7469
     475   15.8000    1      5.8887   -84.9470  -107.7620   -14.5332   106.5333    19.7495
     476   15.8333    1      5.8898   -84.9465  -107.7625   -14.5331   106.5302    19.7493
     477   15.8667    1      5.8922   -84.9449  -107.7613   -14.5390   106.5241    19.7511
     478   15.9000    1      5.9000   -84.9398  -107.7565   -14.5613   106.5035    19.7583
     479   15.9333    1      5.9108   -84.9333  -107.7535   -14.5815   106.4751    19.7644
     480   15.9667    1      5.9159   -84.9302  -107.7524   -14.5900   106.4616    19.7669
     481   16.0000    1      5.9214   -84.9272  -107.7525   -14.5952   106.4472    19.7682
     482   16.0333    1      5.9209   -84.9274  -107.7524   -14.5951   106.4485    19.7682
     483   16.0667    1      5.9192   -84.9282  -107.7516   -14.5957   106.4528    19.7686
     484   16.1000    1      5.9181   -84.9288  -107.7512   -14.5959   106.4559    19.7688
     485   16.1333    1      5.9170   -84.9291  -107.7494   -14.6000   106.4586    19.7704
     486   16.1667    1      5.9156   -84.9295  -107.7469   -14.6059   106.4625    19.7726
     487   16.2000    1      5.9142   -84.9296  -107.7424   -14.6178   106.4661    19.7770
     488   16.2333    1      5.9171   -84.9262  -107.7313   -14.6539   106.4585    19.7896
     489   16.2667    1      5.9223   -84.9226  -107.7269   -14.6722   106.4447    19.7956
     490   16.3000    1      5.9231   -84.9221  -107.7263   -14.6749   106.4427    19.7964
     491   16.3333    1      5.9229   -84.9221  -107.7259   -14.6758   106.4431    19.7968
     492   16.3667    1      5.9227   -84.9220  -107.7242   -14.6807   106.4438    19.7985
     493   16.4000    1      5.9227   -84.9220  -107.7242   -14.6807   106.4438    19.7985
     494   16.4333    1      5.9231   -84.9217  -107.7242   -14.6812   106.4426    19.7987
     495   16.4667    1      5.9225   -84.9218  -107.7227   -14.6849   106.4441    19.8001
     496   16.5000    1      5.9210   -84.9219  -107.7173   -14.6992   106.4483    19.8053
     497   16.5333    1      5.9197   -84.9198  -107.6999   -14.7497   106.4516    19.8234
     498   16.5667    1      5.9179   -84.9191  -107.6882   -14.7823   106.4564    19.8352
     499   16.6000    1      5.9119   -84.9202  -107.6740   -14.8183   106.4722    19.8487
     500   16.6333    1      5.9113   -84.9203  -107.6727   -14.8217   106.4736    19.8499
     501   16.6667    1      5.9106   -84.9207  -107.6726   -14.8213   106.4756    19.8499
     502   16.7000    1      5.9106   -84.9207  -107.6726   -14.8213   106.4756    19.8499
     503   16.7333    1      5.9090   -84.9216  -107.6728   -14.8191   106.4797    19.8492
     504   16.7667    1      5.9090   -84.9216  -107.6728   -14.8191   106.4797    19.8492
     505   16.8000    1      5.9102   -84.9211  -107.6739   -14.8167   106.4767    19.8483
     506   16.8333    1      5.9095   -84.9218  -107.6757   -14.8107   106.4785    19.8462
     507   16.8667    1      5.9076   -84.9227  -107.6744   -14.8126   106.4835    19.8471
     508   16.9000    1      5.9076   -84.9227  -107.6744   -14.8126   106.4835    19.8471
     509   16.9333    1      5.9086   -84.9224  -107.6762   -14.8083   106.4809    19.8454
     510   16.9667    1      5.9092   -84.9223  -107.6779   -14.8042   106.4793    19.8439
     511   17.0000    1      5.9092   -84.9223  -107.6779   -14.8042   106.4793    19.8439
     512   17.0333    1      5.9084   -84.9228  -107.6782   -14.8024   106.4814    19.8434
     513   17.0667    1      5.9073   -84.9233  -107.6771   -14.8044   106.4843    19.8442
     514   17.1000    1      5.9087   -84.9225  -107.6772   -14.8057   106.4805    19.8445
     515   17.1333    1      5.9092   -84.9222  -107.6771   -14.8063   106.4792    19.8447
     516   17.1667    1      5.9077   -84.9228  -107.6757   -14.8090   106.4832    19.8458
     517   17.2000    1      5.9115   -84.9206  -107.6753   -14.8140   106.4733    19.8472
     518   17.2333    1      5.9142   -84.9189  -107.6737   -14.8215   106.4662    19.8496
     519   17.2667    1      5.9149   -84.9180  -107.6702   -14.8327   106.4643    19.8535
     520   17.3000    1      5.9111   -84.9194  -107.6660   -14.8413   106.4741    19.8569
     521   17.3333    1      5.9127   -84.9173  -107.6581   -14.8661   106.4701    19.8656
     522   17.3667    1      5.9120   -84.9173  -107.6554   -14.8735   106.4720    19.8683
     523   17.4000    1      5.9120   -84.9172  -107.6550   -14.8746   106.4719    19.8687
     524   17.4333    1      5.9104   -84.9183  -107.6563   -14.8692   106.4761    19.8669
     525   17.4667    1      5.9029   -84.9222  -107.6543   -14.8675   106.4958    19.8671
     526   17.5000    1      5.9008   -84.9233  -107.6537   -14.8669   106.5014    19.8671
     527   17.5333    1      5.9008   -84.9235  -107.6553   -14.8623   106.5014    19.8654
     528   17.5667    1      5.9032   -84.9217  -107.6524   -14.8734   106.4951    19.8691
     529   17.6000    1      5.9040   -84.9207  -107.6483   -14.8863   106.4930    19.8737
     530   17.6333    1      5.9012   -84.9213  -107.6425   -14.9006   106.5002    19.8790
     531   17.6667    1      5.8947   -84.9247  -107.6409   -14.8986   106.5174    19.8790
     532   17.7000    1      5.8902   -84.9264  -107.6356   -14.9096   106.5293    19.8834
     533   17.7333    1      5.8766   -84.9296  -107.6068   -14.9810   106.5650    19.9101
     534   17.7667    1      5.8602   -84.9324  -107.5640   -15.0905   106.6082    19.9506
     535   17.8000    1      5.8469   -84.9334  -107.5203   -15.2057   106.6434    19.9928
     536   17.8333    1      5.8405   -84.9334  -107.4958   -15.2712   106.6602    20.0167
     537   17.8667    1      5.8299   -84.9311  -107.4386   -15.4284   106.6883    20.0733
     538   17.9000    1      5.8060   -84.9319  -107.3496   -15.6653   106.7511    20.1593
     539   17.9333    1      5.7780   -84.9387  -107.2842   -15.8281   106.8250    20.2194
     540   17.9667    1      5.6849   -84.9676  -107.1083   -16.2466   107.0707    20.3757
     541   18.0000    1      5.5486   -85.0153  -106.8745   -16.7867   107.4312    20.5784
     542   18.0333    1      5.3865   -85.0737  -106.5808   -17.4692   107.8611    20.8318
     543   18.0667    1      5.3018   -85.1058  -106.4279   -17.8221   108.0860    20.9623
     544   18.1000    1      5.1332   -85.1736  -106.1329   -18.4932   108.5348    21.2102
     545   18.1333    1      4.9797   -85.2407  -105.8908   -19.0257   108.9443    21.4083
     546   18.1667    1      4.9073   -85.2747  -105.7966   -19.2197   109.1380    21.4825
     547   18.2000    1      4.7620   -85.3469  -105.6484   -19.4937   109.5272    21.5930
     548   18.2333    1      4.6165   -85.4237  -105.5485   -19.6313   109.9181    21.6591
     549   18.2667    1      4.4615   -85.5093  -105.4843   -19.6593   110.3353    21.6913
     550   18.3000    1      4.3797   -85.5562  -105.4674   -19.6257   110.5561    21.6928
     551   18.3333    1      4.2154   -85.6519  -105.4431   -19.5298   111.0005    21.6877
     552   18.3667    1      4.0556   -85.7469  -105.4260   -19.4163   111.4342    21.6774
     553   18.4000    1      3.9784   -85.7928  -105.4116   -19.3779   111.6441    21.6784
     554   18.4333    1      3.8506   -85.8684  -105.3732   -19.3549   111.9924    21.6941
     555   18.4667    1      3.7323   -85.9375  -105.3175   -19.3903   112.3154    21.7281
     556   18.5000    1      3.6790   -85.9684  -105.2857   -19.4250   112.4613    21.7498
     557   18.5333    1      3.5868   -86.0208  -105.2132   -19.5346   112.7140    21.8039
     558   18.5667    1      3.5048   -86.0657  -105.1222   -19.7072   112.9391    21.8769
     559   18.6000    1      3.4213   -86.1113  -105.0197   -19.9105   113.1687    21.9603
     560   18.6333    1      3.3830   -86.1322  -104.9692   -20.0135   113.2743    22.0018
     561   18.6667    1      3.3200   -86.1674  -104.8960   -20.1549   113.4479    22.0609
     562   18.7000    1      3.2821   -86.1905  -104.8788   -20.1637   113.5525    22.0720
     563   18.7333    1      3.2714   -86.1979  -104.8873   -20.1281   113.5821    22.0628
     564   18.7667    1      3.2579   -86.2081  -104.9092   -20.0518   113.6194    22.0411
     565   18.8000    1      3.2414   -86.2190  -104.9147   -20.0188   113.6648    22.0340
     566   18.8333    1      3.2265   -86.2286  -104.9141   -20.0046   113.7060    22.0327
     567   18.8667    1      3.2244   -86.2300  -104.9140   -20.0025   113.7120    22.0325
     568   18.9000    1      3.2238   -86.2303  -104.9138   -20.0026   113.7135    22.0326
     569   18.9333    1      3.2240   -86.2303  -104.9154   -19.9984   113.7129    22.0313
     570   18.9667    1      3.2238   -86.2303  -104.9138   -20.0026   113.7135    22.0326
     571   19.0000    1      3.2251   -86.2296  -104.9154   -19.9996   113.7098    22.0314
     572   19.0333    1      3.2247   -86.2301  -104.9184   -19.9904   113.7111    22.0285
     573   19.0667    1      3.2177   -86.2347  -104.9198   -19.9791   113.7304    22.0264
     574   19.1000    1      3.2144   -86.2368  -104.9197   -19.9759   113.7395    22.0261
     575   19.1333    1      3.2065   -86.2421  -104.9223   -19.9600   113.7612    22.0227
     576   19.1667    1      3.1982   -86.2479  -104.9284   -19.9337   113.7843    22.0160
     577   19.2000    1      3.1932   -86.2512  -104.9296   -19.9250   113.7981    22.0143
     578   19.2333    1      3.1808   -86.2591  -104.9273   -19.9184   113.8324    22.0150
     579   19.2667    1      3.1651   -86.2696  -104.9327   -19.8861   113.8758    22.0080
     580   19.3000    1      3.1428   -86.2843  -104.9351   -19.8553   113.9377    22.0031
     581   19.3333    1      3.1286   -86.2938  -104.9382   -19.8312   113.9769    21.9985
     582   19.3667    1      3.0950   -86.3161  -104.9433   -19.7805   114.0699    21.9897
     583   19.4000    1      3.0517   -86.3450  -104.9492   -19.7164   114.1903    21.9790
     584   19.4333    1      3.0259   -86.3624  -104.9557   -19.6698   114.2616    21.9699
     585   19.4667    1      2.9738   -86.3976  -104.9648   -19.5868   114.4064    21.9552
     586   19.5000    1      2.9163   -86.4360  -104.9662   -19.5192   114.5665    21.9471
     587   19.5333    1      2.8522   -86.4784  -104.9615   -19.4618   114.7448    21.9441
     588   19.5667    1      2.8156   -86.5029  -104.9598   -19.4259   114.8470    21.9415
     589   19.6000    1      2.7332   -86.5582  -104.9548   -19.3479   115.0770    21.9370
     590   19.6333    1      2.6323   -86.6270  -104.9531   -19.2385   115.3594    21.9275
     591   19.6667    1      2.5735   -86.6674  -104.9529   -19.1719   115.5242    21.9214
     592   19.7000    1      2.4421   -86.7585  -104.9508   -19.0262   115.8933    21.9097
     593   19.7333    1      2.2970   -86.8606  -104.9482   -18.8634   116.3023    21.8976
     594   19.7667    1      2.1587   -86.9587  -104.9400   -18.7222   116.6936    21.8921
     595   19.8000    1      2.0934   -87.0055  -104.9358   -18.6559   116.8787    21.8901
     596   19.8333    1      1.9691   -87.0959  -104.9323   -18.5143   117.2321    21.8823
     597   19.8667    1      1.8438   -87.1877  -104.9253   -18.3798   117.5893    21.8783
     598   19.9000    1      1.7787   -87.2359  -104.9211   -18.3106   117.7757    21.8770
     599   19.9333    1      1.6397   -87.3398  -104.9119   -18.1616   118.1741    21.8750
     600   19.9667    1      1.4857   -87.4562  -104.8982   -18.0039   118.6173    21.8771
     601   20.0000    1      1.3987   -87.5224  -104.8876   -17.9219   118.8685    21.8816
     602   20.0333    1      1.2141   -87.6653  -104.8689   -17.7327   119.4033    21.8883
     603   20.0667    1      1.0009   -87.8321  -104.8343   -17.5474   120.0250    21.9112
     604   20.1000    1      0.7604   -88.0247  -104.7965   -17.3266   120.7307    21.9386
     605   20.1333    1      0.6318   -88.1291  -104.7728   -17.2156   121.1101    21.9580
     606   20.1667    1      0.3657   -88.3488  -104.7187   -16.9936   121.9000    22.0067
     607   20.2000    1      0.0962   -88.5759  -104.6539   -16.7887   122.7071    22.0713
     608   20.2333    1     -0.0334   -88.6872  -104.6222   -16.6878   123.0975    22.1047
     609   20.2667    1     -0.2794   -88.9004  -104.5494   -16.5292   123.8437    22.1853
     610   20.3000    1     -0.5081   -89.0998  -104.4610   -16.4408   124.5435    22.2879
     611   20.3333    1     -0.7213   -89.2896  -104.3782   -16.3527   125.2006    22.3887
     612   20.3667    1     -0.8162   -89.3766  -104.3471   -16.2914   125.4949    22.4284
     613   20.4000    1     -0.9981   -89.5472  -104.2940   -16.1475   126.0620    22.4998
     614   20.4333    1     -1.1594   -89.6997  -104.2386   -16.0421   126.5684    22.5753
     615   20.4667    1     -1.3124   -89.8447  -104.1766   -15.9700   127.0513    22.6608
     616   20.5000    1     -1.3903   -89.9201  -104.1478   -15.9220   127.2987    22.7022
     617   20.5333    1     -1.5454   -90.0737  -104.0978   -15.7967   127.7929    22.7780
     618   20.5667    1     -1.7033   -90.2329  -104.0463   -15.6654   128.2997    22.8589
     619   20.6000    1     -1.7883   -90.3197  -104.0179   -15.5941   128.5742    22.9045
     620   20.6333    1     -1.9543   -90.4911  -103.9606   -15.4567   129.1126    22.9986
     621   20.6667    1     -2.1243   -90.6679  -103.8920   -15.3439   129.6683    23.1114
     622   20.7000    1     -2.2056   -90.7526  -103.8552   -15.3018   129.9356    23.1719
     623   20.7333    1     -2.3541   -90.9096  -103.7883   -15.2193   130.4265    23.2848
     624   20.7667    1     -2.4809   -91.0433  -103.7215   -15.1801   130.8484    23.3969
     625   20.8000    1     -2.5968   -91.1620  -103.6411   -15.2125   131.2363    23.5270
     626   20.8333    1     -2.6476   -91.2149  -103.6069   -15.2215   131.4072    23.5836
     627   20.8667    1     -2.7362   -91.3097  -103.5541   -15.2112   131.7062    23.6750
     628   20.9000    1     -2.7954   -91.3719  -103.5131   -15.2250   131.9065    23.7446
     629   20.9333    1     -2.8116   -91.3871  -103.4947   -15.2555   131.9616    23.7732
     630   20.9667    1     -2.8296   -91.4020  -103.4671   -15.3159   132.0225    23.8142
     631   21.0000    1     -2.8368   -91.4061  -103.4492   -15.3659   132.0471    23.8395
     632   21.0333    1     -2.8355   -91.4076  -103.4607   -15.3258   132.0427    23.8242
     633   21.0667    1     -2.8309   -91.4079  -103.4825   -15.2552   132.0271    23.7946
     634   21.1000    1     -2.8162   -91.4064  -103.5442   -15.0591   131.9769    23.7098
     635   21.1333    1     -2.7980   -91.3969  -103.5913   -14.9255   131.9152    23.6429
     636   21.1667    1     -2.7867   -91.3878  -103.6094   -14.8845   131.8768    23.6161
     637   21.2000    1     -2.7581   -91.3647  -103.6542   -14.7847   131.7800    23.5497
     638   21.2333    1     -2.7296   -91.3471  -103.7174   -14.6149   131.6836    23.4590
     639   21.2667    1     -2.7065   -91.3400  -103.7926   -14.3867   131.6058    23.3535
     640   21.3000    1     -2.6966   -91.3367  -103.8235   -14.2937   131.5723    23.3099
     641   21.3333    1     -2.6796   -91.3284  -103.8677   -14.1676   131.5148    23.2468
     642   21.3667    1     -2.6619   -91.3171  -103.9040   -14.0727   131.4554    23.1942
     643   21.4000    1     -2.6522   -91.3102  -103.9219   -14.0286   131.4225    23.1681
     644   21.4333    1     -2.6303   -91.2951  -103.9627   -13.9266   131.3491    23.1087
     645   21.4667    1     -2.6058   -91.2811  -104.0181   -13.7760   131.2666    23.0290
     646   21.5000    1     -2.5930   -91.2759  -104.0533   -13.6730   131.2237    22.9786
     647   21.5333    1     -2.5700   -91.2723  -104.1347   -13.4187   131.1465    22.8630
     648   21.5667    1     -2.5576   -91.2799  -104.2080   -13.1683   131.1050    22.7594
     649   21.6000    1     -2.5534   -91.2902  -104.2565   -12.9924   131.0909    22.6910
     650   21.6333    1     -2.5522   -91.2940  -104.2729   -12.9320   131.0869    22.6676
     651   21.6667    1     -2.5505   -91.2977  -104.2909   -12.8667   131.0810    22.6419
     652   21.7000    1     -2.5505   -91.2995  -104.2963   -12.8458   131.0811    22.6343
     653   21.7333    1     -2.5508   -91.3000  -104.2967   -12.8438   131.0820    22.6339
     654   21.7667    1     -2.5482   -91.2961  -104.2949   -12.8572   131.0733    22.6361
     655   21.8000    1     -2.5431   -91.2908  -104.2984   -12.8566   131.0562    22.6307
     656   21.8333    1     -2.5393   -91.2857  -104.2976   -12.8691   131.0435    22.6314
     657   21.8667    1     -2.5378   -91.2836  -104.2969   -12.8756   131.0385    22.6322
     658   21.9000    1     -2.5368   -91.2831  -104.2991   -12.8694   131.0353    22.6290
     659   21.9333    1     -2.5386   -91.2855  -104.2995   -12.8633   131.0414    22.6286
     660   21.9667    1     -2.5384   -91.2852  -104.2993   -12.8647   131.0406    22.6289
     661   22.0000    1     -2.5348   -91.2804  -104.2987   -12.8761   131.0286    22.6294
     662   22.0333    1     -2.5287   -91.2750  -104.3057   -12.8644   131.0083    22.6189
     663   22.0667    1     -2.5178   -91.2655  -104.3189   -12.8408   130.9717    22.5992
     664   22.1000    1     -2.5092   -91.2577  -104.3284   -12.8255   130.9429    22.5849
     665   22.1333    1     -2.4824   -91.2316  -104.3521   -12.8014   130.8534    22.5491
     666   22.1667    1     -2.4446   -91.1973  -104.3925   -12.7399   130.7274    22.4888
     667   22.2000    1     -2.4238   -91.1790  -104.4166   -12.6989   130.6579    22.4531
     668   22.2333    1     -2.3798   -91.1418  -104.4714   -12.5974   130.5116    22.3726
     669   22.2667    1     -2.3348   -91.1054  -104.5311   -12.4789   130.3626    22.2856
     670   22.3000    1     -2.2954   -91.0756  -104.5893   -12.3525   130.2319    22.2011
     671   22.3333    1     -2.2786   -91.0632  -104.6149   -12.2954   130.1764    22.1642
     672   22.3667    1     -2.2471   -91.0405  -104.6638   -12.1848   130.0724    22.0936
     673   22.4000    1     -2.2229   -91.0230  -104.7012   -12.1005   129.9925    22.0397
     674   22.4333    1     -2.2142   -91.0165  -104.7139   -12.0732   129.9638    22.0214
     675   22.4667    1     -2.2057   -91.0109  -104.7286   -12.0372   129.9358    22.0002
     676   22.5000    1     -2.2070   -91.0149  -104.7355   -12.0076   129.9401    21.9904
     677   22.5333    1     -2.2093   -91.0202  -104.7427   -11.9738   129.9478    21.9800
     678   22.5667    1     -2.2098   -91.0219  -104.7459   -11.9605   129.9494    21.9755
     679   22.6000    1     -2.2086   -91.0231  -104.7533   -11.9345   129.9456    21.9647
     680   22.6333    1     -2.2077   -91.0258  -104.7646   -11.8932   129.9425    21.9485
     681   22.6667    1     -2.2064   -91.0261  -104.7703   -11.8741   129.9383    21.9401
     682   22.7000    1     -2.2004   -91.0241  -104.7859   -11.8286   129.9186    21.9177
     683   22.7333    1     -2.1909   -91.0189  -104.8056   -11.7761   129.8870    21.8892
     684   22.7667    1     -2.1806   -91.0138  -104.8277   -11.7162   129.8532    21.8574
     685   22.8000    1     -2.1761   -91.0118  -104.8380   -11.6876   129.8384    21.8425
     686   22.8333    1     -2.1674   -91.0089  -104.8610   -11.6200   129.8098    21.8093
     687   22.8667    1     -2.1579   -91.0065  -104.8878   -11.5396   129.7786    21.7705
     688   22.9000    1     -2.1536   -91.0064  -104.9025   -11.4929   129.7646    21.7490
     689   22.9333    1     -2.1484   -91.0106  -104.9326   -11.3890   129.7475    21.7052
     690   22.9667    1     -2.1452   -91.0186  -104.9662   -11.2657   129.7370    21.6558
     691   23.0000    1     -2.1445   -91.0229  -104.9808   -11.2104   129.7345    21.6342
     692   23.0333    1     -2.1420   -91.0293  -105.0071   -11.1139   129.7263    21.5955
     693   23.0667    1     -2.1404   -91.0353  -105.0289   -11.0324   129.7210    21.5631
     694   23.1000    1     -2.1395   -91.0433  -105.0538   -10.9369   129.7180    21.5260
     695   23.1333    1     -2.1394   -91.0476  -105.0659   -10.8895   129.7177    21.5079
     696   23.1667    1     -2.1405   -91.0589  -105.0925   -10.7818   129.7214    21.4679
     697   23.2000    1     -2.1415   -91.0693  -105.1167   -10.6835   129.7247    21.4313
     698   23.2333    1     -2.1410   -91.0758  -105.1355   -10.6101   129.7230    21.4028
     699   23.2667    1     -2.1398   -91.0763  -105.1408   -10.5921   129.7193    21.3948
     700   23.3000    1     -2.1386   -91.0752  -105.1421   -10.5905   129.7152    21.3931
     701   23.3333    1     -2.1403   -91.0770  -105.1409   -10.5908   129.7210    21.3948
     702   23.3667    1     -2.1405   -91.0768  -105.1398   -10.5944   129.7215    21.3963
     703   23.4000    1     -2.1398   -91.0760  -105.1402   -10.5948   129.7190    21.3958
     704   23.4333    1     -2.1402   -91.0768  -105.1409   -10.5909   129.7204    21.3947
     705   23.4667    1     -2.1396   -91.0761  -105.1411   -10.5918   129.7184    21.3945
     706   23.5000    1     -2.1394   -91.0760  -105.1413   -10.5913   129.7180    21.3942
     707   23.5333    1     -2.1397   -91.0762  -105.1409   -10.5922   129.7188    21.3947
     708   23.5667    1     -2.1394   -91.0765  -105.1428   -10.5854   129.7179    21.3919
     709   23.6000    1     -2.1403   -91.0788  -105.1459   -10.5710   129.7206    21.3871
     710   23.6333    1     -2.1386   -91.0810  -105.1572   -10.5306   129.7153    21.3702
     711   23.6667    1     -2.1391   -91.0866  -105.1705   -10.4766   129.7168    21.3499
     712   23.7000    1     -2.1407   -91.0903  -105.1746   -10.4559   129.7221    21.3434
     713   23.7333    1     -2.1449   -91.0969  -105.1776   -10.4327   129.7360    21.3383
     714   23.7667    1     -2.1470   -91.1020  -105.1841   -10.4015   129.7427    21.3282
     715   23.8000    1     -2.1466   -91.1029  -105.1877   -10.3881   129.7416    21.3227
     716   23.8333    1     -2.1449   -91.1029  -105.1935   -10.3695   129.7359    21.3140
     717   23.8667    1     -2.1455   -91.1050  -105.1968   -10.3547   129.7380    21.3089
     718   23.9000    1     -2.1481   -91.1098  -105.2007   -10.3323   129.7464    21.3026
     719   23.9333    1     -2.1487   -91.1122  -105.2048   -10.3144   129.7484    21.2962
     720   23.9667    1     -2.1487   -91.1155  -105.2133   -10.2808   129.7484    21.2833
     721   24.0000    1     -2.1465   -91.1194  -105.2305   -10.2179   129.7413    21.2571
     722   24.0333    1     -2.1435   -91.1279  -105.2621   -10.0991   129.7313    21.2085
     723   24.0667    1     -2.1417   -91.1331  -105.2811   -10.0279   129.7255    21.1793
     724   24.1000    1     -2.1374   -91.1453  -105.3259    -9.8596   129.7112    21.1101
     725   24.1333    1     -2.1332   -91.1594  -105.3742    -9.6761   129.6975    21.0349
     726   24.1667    1     -2.1315   -91.1673  -105.3987    -9.5813   129.6921    20.9965
     727   24.2000    1     -2.1287   -91.1806  -105.4401    -9.4213   129.6827    20.9313
     728   24.2333    1     -2.1265   -91.1905  -105.4709    -9.3020   129.6753    20.8825
     729   24.2667    1     -2.1247   -91.1941  -105.4850    -9.2495   129.6694    20.8602
     730   24.3000    1     -2.1223   -91.2030  -105.5136    -9.1392   129.6617    20.8147
     731   24.3333    1     -2.1211   -91.2126  -105.5397    -9.0358   129.6578    20.7729
     732   24.3667    1     -2.1216   -91.2239  -105.5647    -8.9319   129.6595    20.7323
     733   24.4000    1     -2.1230   -91.2305  -105.5757    -8.8830   129.6640    20.7141
     734   24.4333    1     -2.1278   -91.2440  -105.5924    -8.8009   129.6797    20.6858
     735   24.4667    1     -2.1324   -91.2548  -105.6032    -8.7436   129.6950    20.6672
     736   24.5000    1     -2.1336   -91.2570  -105.6048    -8.7336   129.6986    20.6642
     737   24.5333    1     -2.1318   -91.2545  -105.6044    -8.7404   129.6928    20.6653
     738   24.5667    1     -2.1324   -91.2547  -105.6028    -8.7450   129.6950    20.6677
     739   24.6000    1     -2.1353   -91.2576  -105.6006    -8.7461   129.7045    20.6708
     740   24.6333    1     -2.1356   -91.2573  -105.5992    -8.7510   129.7054    20.6729
     741   24.6667    1     -2.1348   -91.2568  -105.6005    -8.7483   129.7027    20.6711
     742   24.7000    1     -2.1341   -91.2558  -105.6004    -8.7504   129.7003    20.6713
     743   24.7333    1     -2.1317   -91.2535  -105.6024    -8.7490   129.6924    20.6686
     744   24.7667    1     -2.1311   -91.2531  -105.6032    -8.7472   129.6908    20.6674
     745   24.8000    1     -2.1329   -91.2553  -105.6027    -8.7443   129.6966    20.6679
     746   24.8333    1     -2.1325   -91.2560  -105.6054    -8.7340   129.6953    20.6634
     747   24.8667    1     -2.1323   -91.2559  -105.6061    -8.7319   129.6944    20.6624
     748   24.9000    1     -2.1343   -91.2577  -105.6043    -8.7340   129.7009    20.6650
     749   24.9333    1     -2.1351   -91.2587  -105.6039    -8.7330   129.7037    20.6653
     750   24.9667    1     -2.1354   -91.2589  -105.6035    -8.7339   129.7045    20.6659
     751   25.0000    1     -2.1358   -91.2582  -105.6007    -8.7443   129.7061    20.6705
     752   25.0333    1     -2.1415   -91.2632  -105.5949    -8.7523   129.7247    20.6787
     753   25.0667    1     -2.1528   -91.2759  -105.5895    -8.7430   129.7619    20.6851
     754   25.1000    1     -2.1610   -91.2855  -105.5867    -8.7314   129.7888    20.6878
     755   25.1333    1     -2.1810   -91.3089  -105.5792    -8.7059   129.8545    20.6956
     756   25.1667    1     -2.2088   -91.3377  -105.5603    -8.7055   129.9460    20.7206
     757   25.2000    1     -2.2263   -91.3551  -105.5465    -8.7129   130.0038    20.7395
     758   25.2333    1     -2.2645   -91.3939  -105.5184    -8.7203   130.1297    20.7774
     759   25.2667    1     -2.3003   -91.4307  -105.4923    -8.7260   130.2481    20.8129
     760   25.3000    1     -2.3263   -91.4597  -105.4782    -8.7098   130.3344    20.8308
     761   25.3333    1     -2.3348   -91.4705  -105.4767    -8.6916   130.3624    20.8315
     762   25.3667    1     -2.3409   -91.4797  -105.4788    -8.6650   130.3827    20.8266
     763   25.4000    1     -2.3369   -91.4743  -105.4787    -8.6771   130.3695    20.8277
     764   25.4333    1     -2.3343   -91.4714  -105.4800    -8.6789   130.3609    20.8260
     765   25.4667    1     -2.3302   -91.4679  -105.4849    -8.6705   130.3471    20.8187
     766   25.5000    1     -2.3277   -91.4655  -105.4871    -8.6687   130.3390    20.8157
     767   25.5333    1     -2.3260   -91.4644  -105.4896    -8.6630   130.3334    20.8118
     768   25.5667    1     -2.3202   -91.4620  -105.5020    -8.6283   130.3142    20.7925
     769   25.6000    1     -2.3127   -91.4619  -105.5244    -8.5561   130.2894    20.7567
     770   25.6333    1     -2.2906   -91.4521  -105.5695    -8.4321   130.2161    20.6864
     771   25.6667    1     -2.2733   -91.4414  -105.5978    -8.3636   130.1591    20.6430
     772   25.7000    1     -2.2334   -91.4144  -105.6574    -8.2298   130.0273    20.5526
     773   25.7333    1     -2.1853   -91.3791  -105.7227    -8.0957   129.8688    20.4552
     774   25.7667    1     -2.1581   -91.3577  -105.7564    -8.0335   129.7792    20.4058
     775   25.8000    1     -2.1007   -91.3133  -105.8279    -7.8995   129.5910    20.3011
     776   25.8333    1     -2.0482   -91.2781  -105.9041    -7.7316   129.4191    20.1876
     777   25.8667    1     -1.9987   -91.2492  -105.9844    -7.5370   129.2573    20.0665
     778   25.9000    1     -1.9803   -91.2382  -106.0133    -7.4686   129.1974    20.0232
     779   25.9333    1     -1.9512   -91.2214  -106.0604    -7.3545   129.1023    19.9523
     780   25.9667    1     -1.9177   -91.2091  -106.1287    -7.1634   128.9934    19.8466
     781   26.0000    1     -1.8974   -91.1998  -106.1659    -7.0650   128.9274    19.7897
     782   26.0333    1     -1.8490   -91.1751  -106.2487    -6.8549   128.7705    19.6643
     783   26.0667    1     -1.7962   -91.1547  -106.3510    -6.5740   128.5996    19.5065
     784   26.1000    1     -1.7350   -91.1318  -106.4696    -6.2477   128.4019    19.3237
     785   26.1333    1     -1.7013   -91.1153  -106.5264    -6.1036   128.2933    19.2379
     786   26.1667    1     -1.6251   -91.0742  -106.6455    -5.8165   128.0483    19.0606
     787   26.2000    1     -1.5467   -91.0330  -106.7684    -5.5187   127.7971    18.8782
     788   26.2333    1     -1.5109   -91.0173  -106.8294    -5.3608   127.6828    18.7860
     789   26.2667    1     -1.4413   -90.9857  -106.9448    -5.0670   127.4609    18.6129
     790   26.3000    1     -1.3906   -90.9615  -107.0258    -4.8656   127.2995    18.4924
     791   26.3333    1     -1.3729   -90.9547  -107.0567    -4.7836   127.2433    18.4455
     792   26.3667    1     -1.3498   -90.9412  -107.0885    -4.7137   127.1701    18.4000
     793   26.4000    1     -1.3463   -90.9254  -107.0681    -4.8126   127.1588    18.4392
     794   26.4333    1     -1.3589   -90.9218  -107.0303    -4.9393   127.1989    18.5013
     795   26.4667    1     -1.3666   -90.9244  -107.0160    -4.9782   127.2233    18.5230
     796   26.5000    1     -1.3925   -90.9430  -106.9867    -5.0294   127.3055    18.5626
     797   26.5333    1     -1.4181   -90.9714  -106.9759    -5.0005   127.3871    18.5685
     798   26.5667    1     -1.4302   -90.9855  -106.9720    -4.9818   127.4256    18.5692
     799   26.6000    1     -1.4527   -91.0137  -106.9685    -4.9307   127.4972    18.5637
     800   26.6333    1     -1.4702   -91.0326  -106.9599    -4.9157   127.5530    18.5699
     801   26.6667    1     -1.4770   -91.0367  -106.9508    -4.9353   127.5745    18.5830
     802   26.7000    1     -1.4798   -91.0380  -106.9462    -4.9471   127.5835    18.5900
     803   26.7333    1     -1.4821   -91.0410  -106.9462    -4.9405   127.5907    18.5888
     804   26.7667    1     -1.4690   -91.0242  -106.9474    -4.9738   127.5491    18.5934
     805   26.8000    1     -1.4561   -91.0050  -106.9439    -5.0272   127.5080    18.6067
     806   26.8333    1     -1.4522   -91.0001  -106.9446    -5.0357   127.4956    18.6075
     807   26.8667    1     -1.4409   -90.9854  -106.9455    -5.0654   127.4594    18.6119
     808   26.9000    1     -1.4239   -90.9619  -106.9438    -5.1225   127.4054    18.6238
     809   26.9333    1     -1.4199   -90.9563  -106.9432    -5.1366   127.3928    18.6269
     810   26.9667    1     -1.4240   -90.9618  -106.9434    -5.1240   127.4056    18.6245
     811   27.0000    1     -1.4258   -90.9630  -106.9412    -5.1282   127.4115    18.6275
     812   27.0333    1     -1.4236   -90.9590  -106.9392    -5.1434   127.4044    18.6323
     813   27.0667    1     -1.4246   -90.9575  -106.9337    -5.1641   127.4077    18.6417
     814   27.1000    1     -1.4303   -90.9640  -106.9316    -5.1563   127.4258    18.6425
     815   27.1333    1     -1.4335   -90.9740  -106.9425    -5.0998   127.4361    18.6211
     816   27.1667    1     -1.4342   -90.9772  -106.9468    -5.0796   127.4381    18.6131
     817   27.2000    1     -1.4346   -90.9779  -106.9472    -5.0764   127.4393    18.6120
     818   27.2333    1     -1.4324   -90.9740  -106.9453    -5.0910   127.4325    18.6166
     819   27.2667    1     -1.4308   -90.9712  -106.9440    -5.1016   127.4274    18.6199
     820   27.3000    1     -1.4311   -90.9674  -106.9362    -5.1345   127.4282    18.6339
     821   27.3333    1     -1.4326   -90.9638  -106.9257    -5.1752   127.4330    18.6520
     822   27.3667    1     -1.4275   -90.9522  -106.9166    -5.2296   127.4167    18.6712
     823   27.4000    1     -1.4261   -90.9475  -106.9112    -5.2567   127.4124    18.6815
     824   27.4333    1     -1.4282   -90.9445  -106.9002    -5.2978   127.4190    18.7002
     825   27.4667    1     -1.4303   -90.9423  -106.8907    -5.3325   127.4259    18.7163
     826   27.5000    1     -1.4291   -90.9379  -106.8853    -5.3591   127.4219    18.7265
     827   27.5333    1     -1.4258   -90.9279  -106.8745    -5.4150   127.4116    18.7475
     828   27.5667    1     -1.4211   -90.9182  -106.8680    -5.4567   127.3965    18.7615
     829   27.6000    1     -1.4104   -90.9021  -106.8642    -5.5038   127.3624    18.7735
     830   27.6333    1     -1.4033   -90.8914  -106.8614    -5.5361   127.3399    18.7819
     831   27.6667    1     -1.3828   -90.8593  -106.8514    -5.6377   127.2746    18.8096
     832   27.7000    1     -1.3577   -90.8206  -106.8397    -5.7585   127.1950    18.8421
     833   27.7333    1     -1.3452   -90.7998  -106.8307    -5.8320   127.1554    18.8637
     834   27.7667    1     -1.3145   -90.7493  -106.8091    -6.0090   127.0579    18.9153
     835   27.8000    1     -1.2717   -90.6814  -106.7824    -6.2390   126.9227    18.9802
     836   27.8333    1     -1.2205   -90.6040  -106.7562    -6.4871   126.7609    19.0465
     837   27.8667    1     -1.1938   -90.5671  -106.7494    -6.5873   126.6765    19.0692
     838   27.9000    1     -1.1453   -90.5022  -106.7400    -6.7550   126.5237    19.1045
     839   27.9333    1     -1.1098   -90.4501  -106.7220    -6.9215   126.4123    19.1482
     840   27.9667    1     -1.0914   -90.4261  -106.7193    -6.9806   126.3543    19.1597
     841   28.0000    1     -1.0566   -90.3842  -106.7205    -7.0654   126.2453    19.1710
     842   28.0333    1     -1.0309   -90.3556  -106.7265    -7.1073   126.1648    19.1710
     843   28.0667    1     -1.0173   -90.3400  -106.7286    -7.1338   126.1222    19.1728
     844   28.1000    1     -1.0158   -90.3392  -106.7309    -7.1281   126.1174    19.1695
     845   28.1333    1     -1.0180   -90.3415  -106.7302    -7.1256   126.1242    19.1699
     846   28.1667    1     -1.0217   -90.3444  -106.7266    -7.1306   126.1358    19.1743
     847   28.2000    1     -1.0223   -90.3447  -106.7255    -7.1335   126.1379    19.1759
     848   28.2333    1     -1.0202   -90.3425  -106.7263    -7.1354   126.1312    19.1753
     849   28.2667    1     -1.0182   -90.3405  -106.7273    -7.1368   126.1248    19.1745
     850   28.3000    1     -1.0179   -90.3398  -106.7265    -7.1405   126.1240    19.1759
     851   28.3333    1     -1.0189   -90.3392  -106.7226    -7.1539   126.1271    19.1819
     852   28.3667    1     -1.0151   -90.3315  -106.7155    -7.1921   126.1153    19.1948
     853   28.4000    1     -1.0143   -90.3277  -106.7094    -7.2192   126.1126    19.2051
     854   28.4333    1     -1.0153   -90.3266  -106.7040    -7.2381   126.1160    19.2134
     855   28.4667    1     -1.0184   -90.3249  -106.6921    -7.2787   126.1254    19.2316
     856   28.5000    1     -1.0143   -90.3214  -106.6951    -7.2767   126.1127    19.2282
     857   28.5333    1     -1.0127   -90.3205  -106.6976    -7.2708   126.1077    19.2248
     858   28.5667    1     -1.0128   -90.3129  -106.6803    -7.3403   126.1080    19.2527
     859   28.6000    1     -1.0188   -90.3091  -106.6552    -7.4258   126.1268    19.2908
     860   28.6333    1     -1.0272   -90.3000  -106.6115    -7.5802   126.1531    19.3580
     861   28.6667    1     -1.0305   -90.2908  -106.5811    -7.6937   126.1635    19.4054
     862   28.7000    1     -1.0368   -90.2680  -106.5104    -7.9599   126.1832    19.5153
     863   28.7333    1     -1.0466   -90.2509  -106.4419    -8.2073   126.2139    19.6196
     864   28.7667    1     -1.0506   -90.2430  -106.4117    -8.3172   126.2264    19.6656
     865   28.8000    1     -1.0544   -90.2279  -106.3638    -8.4965   126.2384    19.7387
     866   28.8333    1     -1.0517   -90.2161  -106.3428    -8.5857   126.2298    19.7718
     867   28.8667    1     -1.0473   -90.2097  -106.3398    -8.6083   126.2159    19.7777
     868   28.9000    1     -1.0458   -90.2089  -106.3422    -8.6027   126.2112    19.7746
     869   28.9333    1     -1.0477   -90.2120  -106.3444    -8.5892   126.2172    19.7705
     870   28.9667    1     -1.0507   -90.2150  -106.3430    -8.5876   126.2267    19.7719
     871   29.0000    1     -1.0538   -90.2165  -106.3375    -8.6012   126.2366    19.7794
     872   29.0333    1     -1.0624   -90.2211  -106.3240    -8.6335   126.2634    19.7977
     873   29.0667    1     -1.0723   -90.2300  -106.3170    -8.6369   126.2945    19.8057
     874   29.1000    1     -1.0898   -90.2472  -106.3085    -8.6279   126.3493    19.8139
     875   29.1333    1     -1.1007   -90.2582  -106.3039    -8.6195   126.3836    19.8179
     876   29.1667    1     -1.1271   -90.2852  -106.2933    -8.5966   126.4667    19.8269
     877   29.2000    1     -1.1586   -90.3161  -106.2773    -8.5823   126.5656    19.8427
     878   29.2333    1     -1.1792   -90.3362  -106.2665    -8.5744   126.6305    19.8537
     879   29.2667    1     -1.2206   -90.3800  -106.2524    -8.5276   126.7610    19.8639
     880   29.3000    1     -1.2608   -90.4224  -106.2377    -8.4854   126.8880    19.8754
     881   29.3333    1     -1.3045   -90.4672  -106.2182    -8.4532   127.0264    19.8936
     882   29.3667    1     -1.3280   -90.4927  -106.2107    -8.4235   127.1010    19.8987
     883   29.4000    1     -1.3703   -90.5395  -106.1990    -8.3627   127.2350    19.9050
     884   29.4333    1     -1.4122   -90.5777  -106.1677    -8.3807   127.3683    19.9427
     885   29.4667    1     -1.4310   -90.5957  -106.1557    -8.3805   127.4279    19.9563
     886   29.5000    1     -1.4621   -90.6260  -106.1364    -8.3777   127.5270    19.9781
     887   29.5333    1     -1.4813   -90.6432  -106.1210    -8.3900   127.5882    19.9972
     888   29.5667    1     -1.4908   -90.6500  -106.1092    -8.4130   127.6185    20.0134
     889   29.6000    1     -1.5120   -90.6652  -106.0828    -8.4639   127.6863    20.0494
     890   29.6333    1     -1.5237   -90.6765  -106.0753    -8.4640   127.7236    20.0582
     891   29.6667    1     -1.5316   -90.6864  -106.0753    -8.4430   127.7491    20.0559
     892   29.7000    1     -1.5343   -90.6888  -106.0731    -8.4450   127.7575    20.0587
     893   29.7333    1     -1.5355   -90.6883  -106.0684    -8.4608   127.7613    20.0658
     894   29.7667    1     -1.5366   -90.6856  -106.0587    -8.4970   127.7649    20.0810
     895   29.8000    1     -1.5401   -90.6861  -106.0496    -8.5245   127.7761    20.0945
     896   29.8333    1     -1.5485   -90.6866  -106.0263    -8.5965   127.8028    20.1293
     897   29.8667    1     -1.5575   -90.6856  -105.9971    -8.6905   127.8316    20.1732
     898   29.9000    1     -1.5733   -90.6899  -105.9603    -8.7968   127.8823    20.2271
     899   29.9333    1     -1.5823   -90.6927  -105.9401    -8.8548   127.9110    20.2568
     900   29.9667    1     -1.5987   -90.6929  -105.8911    -9.0082   127.9639    20.3296
     901   30.0000    1     -1.6135   -90.6921  -105.8439    -9.1582   128.0113    20.3998
     902   30.0333    1     -1.6267   -90.6920  -105.8034    -9.2855   128.0535    20.4597
     903   30.0667    1     -1.6303   -90.6897  -105.7868    -9.3426   128.0650    20.4847
     904   30.1000    1     -1.6360   -90.6872  -105.7625    -9.4240   128.0835    20.5210
     905   30.1333    1     -1.6377   -90.6873  -105.7578    -9.4384   128.0888    20.5278
     906   30.1667    1     -1.6384   -90.6879  -105.7571    -9.4395   128.0910    20.5288
     907   30.2000    1     -1.6383   -90.6878  -105.7569    -9.4404   128.0909    20.5291
     908   30.2333    1     -1.6391   -90.6866  -105.7515    -9.4596   128.0934    20.5372
     909   30.2667    1     -1.6399   -90.6854  -105.7462    -9.4791   128.0958    20.5453
     910   30.3000    1     -1.6435   -90.6855  -105.7350    -9.5138   128.1075    20.5617
     911   30.3333    1     -1.6470   -90.6848  -105.7224    -9.5548   128.1189    20.5804
     912   30.3667    1     -1.6520   -90.6809  -105.6970    -9.6427   128.1348    20.6184
     913   30.4000    1     -1.6580   -90.6799  -105.6753    -9.7131   128.1541    20.6504
     914   30.4333    1     -1.6710   -90.6741  -105.6194    -9.9007   128.1959    20.7331
     915   30.4667    1     -1.6818   -90.6605  -105.5489   -10.1499   128.2307    20.8376
     916   30.5000    1     -1.6875   -90.6514  -105.5064   -10.3019   128.2489    20.9003
     917   30.5333    1     -1.6998   -90.6322  -105.4137   -10.6319   128.2884    21.0360
     918   30.5667    1     -1.7149   -90.6102  -105.3018   -11.0277   128.3370    21.1981
     919   30.6000    1     -1.7303   -90.5857  -105.1777   -11.4658   128.3869    21.3753
     920   30.6333    1     -1.7369   -90.5706  -105.1102   -11.7077   128.4080    21.4709
     921   30.6667    1     -1.7508   -90.5392  -104.9643   -12.2266   128.4529    21.6745
     922   30.7000    1     -1.7648   -90.5127  -104.8278   -12.7057   128.4981    21.8618
     923   30.7333    1     -1.7707   -90.5010  -104.7672   -12.9181   128.5170    21.9439
     924   30.7667    1     -1.7811   -90.4821  -104.6635   -13.2789   128.5507    22.0832
     925   30.8000    1     -1.7870   -90.4650  -104.5812   -13.5688   128.5697    22.1924
     926   30.8333    1     -1.7916   -90.4489  -104.5054   -13.8359   128.5848    22.2918
     927   30.8667    1     -1.7935   -90.4400  -104.4659   -13.9763   128.5907    22.3433
     928   30.9000    1     -1.8016   -90.4260  -104.3802   -14.2698   128.6172    22.4542
     929   30.9333    1     -1.8151   -90.4155  -104.2832   -14.5919   128.6607    22.5788
     930   30.9667    1     -1.8208   -90.4087  -104.2324   -14.7626   128.6791    22.6434
     931   31.0000    1     -1.8331   -90.3962  -104.1283   -15.1104   128.7188    22.7749
     932   31.0333    1     -1.8517   -90.3930  -104.0306   -15.4201   128.7792    22.8978
     933   31.0667    1     -1.8632   -90.3945  -103.9833   -15.5643   128.8166    22.9573
     934   31.1000    1     -1.8868   -90.3987  -103.8896   -15.8480   128.8931    23.0746
     935   31.1333    1     -1.9106   -90.4029  -103.7928   -16.1411   128.9703    23.1949
     936   31.1667    1     -1.9345   -90.4071  -103.6931   -16.4432   129.0480    23.3177
     937   31.2000    1     -1.9445   -90.4079  -103.6460   -16.5881   129.0807    23.3752
     938   31.2333    1     -1.9598   -90.4037  -103.5476   -16.9010   129.1305    23.4934
     939   31.2667    1     -1.9716   -90.3972  -103.4532   -17.2053   129.1689    23.6049
     940   31.3000    1     -1.9763   -90.3936  -103.4102   -17.3451   129.1841    23.6553
     941   31.3333    1     -1.9846   -90.3876  -103.3331   -17.5945   129.2114    23.7448
     942   31.3667    1     -1.9916   -90.3825  -103.2675   -17.8067   129.2342    23.8205
     943   31.4000    1     -1.9935   -90.3782  -103.2337   -17.9187   129.2402    23.8587
     944   31.4333    1     -1.9955   -90.3677  -103.1657   -18.1472   129.2467    23.9348
     945   31.4667    1     -1.9902   -90.3479  -103.0863   -18.4271   129.2297    24.0207
     946   31.5000    1     -1.9798   -90.3205  -102.9918   -18.7656   129.1956    24.1202
     947   31.5333    1     -1.9731   -90.3049  -102.9408   -18.9493   129.1739    24.1730
     948   31.5667    1     -1.9599   -90.2739  -102.8345   -19.3286   129.1310    24.2817
     949   31.6000    1     -1.9486   -90.2459  -102.7279   -19.7030   129.0940    24.3895
     950   31.6333    1     -1.9354   -90.2193  -102.6391   -20.0192   129.0511    24.4766
     951   31.6667    1     -1.9271   -90.2062  -102.6067   -20.1399   129.0241    24.5069
     952   31.7000    1     -1.9132   -90.1838  -102.5478   -20.3569   128.9788    24.5620
     953   31.7333    1     -1.8991   -90.1650  -102.5146   -20.4892   128.9329    24.5906
     954   31.7667    1     -1.8843   -90.1499  -102.5147   -20.5135   128.8849    24.5854
     955   31.8000    1     -1.8773   -90.1436  -102.5212   -20.5042   128.8623    24.5766
     956   31.8333    1     -1.8635   -90.1315  -102.5370   -20.4759   128.8175    24.5562
     957   31.8667    1     -1.8456   -90.1155  -102.5541   -20.4500   128.7594    24.5332
     958   31.9000    1     -1.8350   -90.1061  -102.5646   -20.4337   128.7253    24.5193
     959   31.9333    1     -1.8124   -90.0875  -102.5986   -20.3609   128.6519    24.4779
     960   31.9667    1     -1.7881   -90.0695  -102.6490   -20.2373   128.5734    24.4195
     961   32.0000    1     -1.7754   -90.0609  -102.6819   -20.1512   128.5323    24.3824
     962   32.0333    1     -1.7490   -90.0461  -102.7694   -19.9100   128.4471    24.2856
     963   32.0667    1     -1.7207   -90.0323  -102.8759   -19.6088   128.3558    24.1682
     964   32.1000    1     -1.6927   -90.0199  -102.9855   -19.2960   128.2657    24.0469
     965   32.1333    1     -1.6789   -90.0136  -103.0370   -19.1501   128.2211    23.9894
     966   32.1667    1     -1.6563   -90.0054  -103.1327   -18.8721   128.1485    23.8828
     967   32.2000    1     -1.6320   -89.9956  -103.2266   -18.6028   128.0706    23.7770
     968   32.2333    1     -1.6219   -89.9920  -103.2680   -18.4829   128.0380    23.7303
     969   32.2667    1     -1.6061   -89.9868  -103.3331   -18.2932   127.9875    23.6566
     970   32.3000    1     -1.5962   -89.9804  -103.3558   -18.2351   127.9556    23.6299
     971   32.3333    1     -1.5889   -89.9729  -103.3560   -18.2472   127.9323    23.6280
     972   32.3667    1     -1.5763   -89.9588  -103.3489   -18.2933   127.8921    23.6331
     973   32.4000    1     -1.5558   -89.9378  -103.3499   -18.3265   127.8262    23.6277
     974   32.4333    1     -1.5271   -89.9087  -103.3515   -18.3714   127.7344    23.6198
     975   32.4667    1     -1.5090   -89.8910  -103.3560   -18.3880   127.6767    23.6113
     976   32.5000    1     -1.4703   -89.8522  -103.3595   -18.4439   127.5531    23.5996
     977   32.5333    1     -1.4337   -89.8154  -103.3610   -18.5025   127.4366    23.5906
     978   32.5667    1     -1.3949   -89.7765  -103.3616   -18.5671   127.3132    23.5823
     979   32.6000    1     -1.3783   -89.7593  -103.3584   -18.6061   127.2603    23.5824
     980   32.6333    1     -1.3523   -89.7321  -103.3508   -18.6756   127.1778    23.5854
     981   32.6667    1     -1.3319   -89.7120  -103.3525   -18.7045   127.1132    23.5797
     982   32.7000    1     -1.3279   -89.7067  -103.3434   -18.7411   127.1006    23.5885
     983   32.7333    1     -1.3299   -89.7040  -103.3133   -18.8364   127.1067    23.6205
     984   32.7667    1     -1.3313   -89.7017  -103.2892   -18.9129   127.1112    23.6460
     985   32.8000    1     -1.3302   -89.6986  -103.2756   -18.9592   127.1077    23.6600
     986   32.8333    1     -1.3294   -89.6965  -103.2668   -18.9895   127.1054    23.6691
     987   32.8667    1     -1.3302   -89.6993  -103.2807   -18.9427   127.1078    23.6547
     988   32.9000    1     -1.3312   -89.7008  -103.2837   -18.9311   127.1110    23.6517
     989   32.9333    1     -1.3321   -89.7025  -103.2887   -18.9133   127.1139    23.6467
     990   32.9667    1     -1.3297   -89.7029  -103.3074   -18.8562   127.1063    23.6267
     991   33.0000    1     -1.3320   -89.7066  -103.3172   -18.8203   127.1133    23.6168
     992   33.0333    1     -1.3352   -89.7107  -103.3223   -18.7979   127.1237    23.6121
     993   33.0667    1     -1.3357   -89.7126  -103.3318   -18.7659   127.1254    23.6022
     994   33.1000    1     -1.3300   -89.7087  -103.3435   -18.7373   127.1071    23.5888
     995   33.1333    1     -1.3263   -89.7072  -103.3574   -18.6977   127.0954    23.5734
     996   33.1667    1     -1.3269   -89.7084  -103.3608   -18.6857   127.0975    23.5700
     997   33.2000    1     -1.3264   -89.7084  -103.3648   -18.6736   127.0957    23.5657
     998   33.2333    1     -1.3290   -89.7108  -103.3636   -18.6730   127.1039    23.5674
     999   33.2667    1     -1.3316   -89.7136  -103.3646   -18.6651   127.1123    23.5668
    1000   33.3000    1     -1.3373   -89.7206  -103.3734   -18.6267   127.1302    23.5586
    1001   33.3333    1     -1.3415   -89.7275  -103.3900   -18.5649   127.1435    23.5418
    1002   33.3667    1     -1.3436   -89.7352  -103.4251   -18.4455   127.1503    23.5049
    1003   33.4000    1     -1.3434   -89.7385  -103.4465   -18.3752   127.1497    23.4820
    1004   33.4333    1     -1.3452   -89.7455  -103.4786   -18.2662   127.1552    23.4480
    1005   33.4667    1     -1.3441   -89.7463  -103.4896   -18.2314   127.1519    23.4360
    1006   33.5000    1     -1.3428   -89.7450  -103.4899   -18.2329   127.1478    23.4355
    1007   33.5333    1     -1.3457   -89.7471  -103.4850   -18.2441   127.1569    23.4412
    1008   33.5667    1     -1.3491   -89.7505  -103.4845   -18.2396   127.1678    23.4424
    1009   33.6000    1     -1.3488   -89.7502  -103.4848   -18.2393   127.1668    23.4420
    1010   33.6333    1     -1.3508   -89.7527  -103.4876   -18.2266   127.1733    23.4394
    1011   33.6667    1     -1.3521   -89.7541  -103.4882   -18.2223   127.1771    23.4389
    1012   33.7000    1     -1.3520   -89.7537  -103.4865   -18.2282   127.1769    23.4408
    1013   33.7333    1     -1.3524   -89.7537  -103.4841   -18.2355   127.1782    23.4434
    1014   33.7667    1     -1.3541   -89.7551  -103.4822   -18.2386   127.1837    23.4457
    1015   33.8000    1     -1.3519   -89.7530  -103.4829   -18.2404   127.1765    23.4446
    1016   33.8333    1     -1.3509   -89.7517  -103.4809   -18.2485   127.1735    23.4466
    1017   33.8667    1     -1.3493   -89.7497  -103.4782   -18.2602   127.1685    23.4492
    1018   33.9000    1     -1.3447   -89.7460  -103.4842   -18.2482   127.1538    23.4419
    1019   33.9333    1     -1.3395   -89.7416  -103.4895   -18.2397   127.1373    23.4353
    1020   33.9667    1     -1.3370   -89.7398  -103.4936   -18.2306   127.1292    23.4304
    1021   34.0000    1     -1.3364   -89.7414  -103.5069   -18.1875   127.1275    23.4161
    1022   34.0333    1     -1.3359   -89.7468  -103.5422   -18.0712   127.1257    23.3778
    1023   34.0667    1     -1.3375   -89.7532  -103.5698   -17.9768   127.1309    23.3483
    1024   34.1000    1     -1.3378   -89.7652  -103.6376   -17.7504   127.1318    23.2744
    1025   34.1333    1     -1.3295   -89.7661  -103.6896   -17.5913   127.1055    23.2161
    1026   34.1667    1     -1.3193   -89.7609  -103.7186   -17.5121   127.0731    23.1825
    1027   34.2000    1     -1.3165   -89.7589  -103.7226   -17.5038   127.0644    23.1777
    1028   34.2333    1     -1.3166   -89.7586  -103.7207   -17.5099   127.0647    23.1798
    1029   34.2667    1     -1.3196   -89.7611  -103.7174   -17.5155   127.0742    23.1838
    1030   34.3000    1     -1.3205   -89.7618  -103.7163   -17.5177   127.0770    23.1852
    1031   34.3333    1     -1.3195   -89.7613  -103.7191   -17.5102   127.0740    23.1820
    1032   34.3667    1     -1.3202   -89.7622  -103.7203   -17.5048   127.0762    23.1808
    1033   34.4000    1     -1.3224   -89.7645  -103.7207   -17.4997   127.0831    23.1807
    1034   34.4333    1     -1.3234   -89.7656  -103.7212   -17.4961   127.0862    23.1802
    1035   34.4667    1     -1.3226   -89.7666  -103.7313   -17.4637   127.0836    23.1690
    1036   34.5000    1     -1.3201   -89.7680  -103.7523   -17.3976   127.0759    23.1453
    1037   34.5333    1     -1.3168   -89.7673  -103.7669   -17.3545   127.0654    23.1287
    1038   34.5667    1     -1.3157   -89.7670  -103.7714   -17.3414   127.0619    23.1235
    1039   34.6000    1     -1.3157   -89.7683  -103.7784   -17.3180   127.0619    23.1158
    1040   34.6333    1     -1.3175   -89.7712  -103.7845   -17.2941   127.0674    23.1091
    1041   34.6667    1     -1.3184   -89.7762  -103.8061   -17.2199   127.0704    23.0852
    1042   34.7000    1     -1.3107   -89.7698  -103.8138   -17.2079   127.0461    23.0756
    1043   34.7333    1     -1.2947   -89.7521  -103.8060   -17.2624   126.9955    23.0820
    1044   34.7667    1     -1.2816   -89.7388  -103.8065   -17.2842   126.9539    23.0796
    1045   34.8000    1     -1.2515   -89.7094  -103.8125   -17.3174   126.8588    23.0688
    1046   34.8333    1     -1.2345   -89.6934  -103.8191   -17.3257   126.8049    23.0593
    1047   34.8667    1     -1.2306   -89.6909  -103.8271   -17.3058   126.7926    23.0499
    1048   34.9000    1     -1.2329   -89.6958  -103.8412   -17.2546   126.7998    23.0346
    1049   34.9333    1     -1.2443   -89.7090  -103.8495   -17.2062   126.8361    23.0268
    1050   34.9667    1     -1.2577   -89.7221  -103.8471   -17.1906   126.8784    23.0313
    1051   35.0000    1     -1.2650   -89.7294  -103.8464   -17.1797   126.9013    23.0329
    1052   35.0333    1     -1.2777   -89.7420  -103.8446   -17.1633   126.9416    23.0367
    1053   35.0667    1     -1.2894   -89.7529  -103.8394   -17.1598   126.9787    23.0441
    1054   35.1000    1     -1.2982   -89.7611  -103.8353   -17.1578   127.0065    23.0498
    1055   35.1333    1     -1.3021   -89.7645  -103.8326   -17.1599   127.0186    23.0534
    1056   35.1667    1     -1.3111   -89.7710  -103.8178   -17.1936   127.0474    23.0712
    1057   35.2000    1     -1.3191   -89.7727  -103.7835   -17.2946   127.0727    23.1105
    1058   35.2333    1     -1.3217   -89.7714  -103.7620   -17.3622   127.0809    23.1348
    1059   35.2667    1     -1.3213   -89.7633  -103.7200   -17.5039   127.0797    23.1813
    1060   35.3000    1     -1.3203   -89.7566  -103.6885   -17.6112   127.0764    23.2159
    1061   35.3333    1     -1.3203   -89.7544  -103.6763   -17.6517   127.0764    23.2292
    1062   35.3667    1     -1.3255   -89.7565  -103.6587   -17.7015   127.0929    23.2494
    1063   35.4000    1     -1.3356   -89.7651  -103.6492   -17.7153   127.1251    23.2614
    1064   35.4333    1     -1.3498   -89.7791  -103.6472   -17.6973   127.1699    23.2659
    1065   35.4667    1     -1.3570   -89.7856  -103.6423   -17.7007   127.1928    23.2724
    1066   35.5000    1     -1.3713   -89.7970  -103.6249   -17.7339   127.2382    23.2939
    1067   35.5333    1     -1.3873   -89.8082  -103.5959   -17.8023   127.2891    23.3283
    1068   35.5667    1     -1.3955   -89.8139  -103.5812   -17.8369   127.3152    23.3457
    1069   35.6000    1     -1.4114   -89.8270  -103.5639   -17.8669   127.3655    23.3675
    1070   35.6333    1     -1.4295   -89.8451  -103.5617   -17.8422   127.4232    23.3730
    1071   35.6667    1     -1.4480   -89.8641  -103.5621   -17.8078   127.4822    23.3758
    1072   35.7000    1     -1.4580   -89.8739  -103.5595   -17.7989   127.5139    23.3805
    1073   35.7333    1     -1.4774   -89.8935  -103.5579   -17.7698   127.5758    23.3858
    1074   35.7667    1     -1.4955   -89.9121  -103.5577   -17.7377   127.6336    23.3892
    1075   35.8000    1     -1.5050   -89.9217  -103.5566   -17.7244   127.6640    23.3922
    1076   35.8333    1     -1.5246   -89.9411  -103.5524   -17.7034   127.7265    23.4004
    1077   35.8667    1     -1.5436   -89.9603  -103.5491   -17.6802   127.7874    23.4076
    1078   35.9000    1     -1.5590   -89.9761  -103.5487   -17.6537   127.8366    23.4110
    1079   35.9333    1     -1.5676   -89.9849  -103.5484   -17.6392   127.8639    23.4129
    1080   35.9667    1     -1.5840   -90.0006  -103.5407   -17.6353   127.9167    23.4246
    1081   36.0000    1     -1.6004   -90.0147  -103.5241   -17.6614   127.9693    23.4461
    1082   36.0333    1     -1.6093   -90.0225  -103.5161   -17.6723   127.9977    23.4567
    1083   36.0667    1     -1.6297   -90.0416  -103.5042   -17.6752   128.0632    23.4739
    1084   36.1000    1     -1.6477   -90.0580  -103.4911   -17.6866   128.1209    23.4920
    1085   36.1333    1     -1.6558   -90.0656  -103.4863   -17.6884   128.1469    23.4991
    1086   36.1667    1     -1.6694   -90.0781  -103.4768   -17.6953   128.1906    23.5123
    1087   36.2000    1     -1.6749   -90.0819  -103.4658   -17.7224   128.2084    23.5257
    1088   36.2333    1     -1.6716   -90.0774  -103.4606   -17.7464   128.1977    23.5308
    1089   36.2667    1     -1.6705   -90.0760  -103.4592   -17.7529   128.1941    23.5321
    1090   36.3000    1     -1.6699   -90.0760  -103.4623   -17.7434   128.1924    23.5285
    1091   36.3333    1     -1.6701   -90.0766  -103.4644   -17.7360   128.1931    23.5263
    1092   36.3667    1     -1.6699   -90.0774  -103.4705   -17.7159   128.1922    23.5195
    1093   36.4000    1     -1.6697   -90.0776  -103.4725   -17.7094   128.1915    23.5172
    1094   36.4333    1     -1.6692   -90.0790  -103.4827   -17.6757   128.1900    23.5057
    1095   36.4667    1     -1.6694   -90.0815  -103.4946   -17.6349   128.1908    23.4925
    1096   36.5000    1     -1.6696   -90.0826  -103.4999   -17.6167   128.1912    23.4867
    1097   36.5333    1     -1.6697   -90.0854  -103.5143   -17.5678   128.1916    23.4707
    1098   36.5667    1     -1.6687   -90.0891  -103.5395   -17.4839   128.1885    23.4423
    1099   36.6000    1     -1.6676   -90.0926  -103.5640   -17.4025   128.1848    23.4145
    1100   36.6333    1     -1.6678   -90.0940  -103.5700   -17.3818   128.1855    23.4079
    1101   36.6667    1     -1.6665   -90.0935  -103.5747   -17.3682   128.1815    23.4024
    1102   36.7000    1     -1.6653   -90.0922  -103.5746   -17.3707   128.1775    23.4022
    1103   36.7333    1     -1.6661   -90.0929  -103.5737   -17.3724   128.1803    23.4034
    1104   36.7667    1     -1.6688   -90.0959  -103.5745   -17.3647   128.1889    23.4031
    1105   36.8000    1     -1.6702   -90.0970  -103.5727   -17.3683   128.1933    23.4054
    1106   36.8333    1     -1.6711   -90.0975  -103.5700   -17.3755   128.1963    23.4085
    1107   36.8667    1     -1.6724   -90.0987  -103.5693   -17.3757   128.2005    23.4096
    1108   36.9000    1     -1.6759   -90.1042  -103.5789   -17.3366   128.2116    23.3995
    1109   36.9333    1     -1.6774   -90.1105  -103.6026   -17.2525   128.2166    23.3729
    1110   36.9667    1     -1.6768   -90.1121  -103.6144   -17.2137   128.2146    23.3595
    1111   37.0000    1     -1.6759   -90.1151  -103.6344   -17.1470   128.2117    23.3367
    1112   37.0333    1     -1.6724   -90.1156  -103.6558   -17.0804   128.2003    23.3117
    1113   37.0667    1     -1.6685   -90.1140  -103.6687   -17.0434   128.1879    23.2963
    1114   37.1000    1     -1.6674   -90.1139  -103.6741   -17.0269   128.1843    23.2899
    1115   37.1333    1     -1.6810   -90.1271  -103.6676   -17.0236   128.2281    23.2998
    1116   37.1667    1     -1.6970   -90.1423  -103.6583   -17.0253   128.2796    23.3133
    1117   37.2000    1     -1.7024   -90.1448  -103.6426   -17.0689   128.2968    23.3322
    1118   37.2333    1     -1.7036   -90.1393  -103.6080   -17.1850   128.3007    23.3718
    1119   37.2667    1     -1.6964   -90.1292  -103.5957   -17.2409   128.2776    23.3844
    1120   37.3000    1     -1.6935   -90.1271  -103.6005   -17.2297   128.2682    23.3783
    1121   37.3333    1     -1.6799   -90.1140  -103.6074   -17.2318   128.2246    23.3680
    1122   37.3667    1     -1.6569   -90.0912  -103.6148   -17.2492   128.1507    23.3553
    1123   37.4000    1     -1.6340   -90.0695  -103.6277   -17.2480   128.0770    23.3365
    1124   37.4333    1     -1.6205   -90.0567  -103.6349   -17.2486   128.0338    23.3259
    1125   37.4667    1     -1.5844   -90.0215  -103.6496   -17.2656   127.9178    23.3029
    1126   37.5000    1     -1.5501   -89.9857  -103.6497   -17.3283   127.8082    23.2968
    1127   37.5333    1     -1.5349   -89.9709  -103.6556   -17.3362   127.7593    23.2875
    1128   37.5667    1     -1.5062   -89.9427  -103.6638   -17.3607   127.6677    23.2733
    1129   37.6000    1     -1.4761   -89.9117  -103.6647   -17.4123   127.5717    23.2672
    1130   37.6333    1     -1.4540   -89.8885  -103.6627   -17.4591   127.5013    23.2658
    1131   37.6667    1     -1.4446   -89.8797  -103.6671   -17.4611   127.4714    23.2593
    1132   37.7000    1     -1.4243   -89.8618  -103.6836   -17.4424   127.4066    23.2377
    1133   37.7333    1     -1.4113   -89.8525  -103.7053   -17.3926   127.3652    23.2115
    1134   37.7667    1     -1.4100   -89.8543  -103.7220   -17.3385   127.3612    23.1927
    1135   37.8000    1     -1.4062   -89.8605  -103.7756   -17.1646   127.3493    23.1322
    1136   37.8333    1     -1.4030   -89.8641  -103.8114   -17.0490   127.3391    23.0914
    1137   37.8667    1     -1.4033   -89.8654  -103.8164   -17.0316   127.3400    23.0858
    1138   37.9000    1     -1.4037   -89.8654  -103.8143   -17.0380   127.3413    23.0882
    1139   37.9333    1     -1.4059   -89.8667  -103.8097   -17.0498   127.3480    23.0938
    1140   37.9667    1     -1.4044   -89.8641  -103.8046   -17.0697   127.3432    23.0992
    1141   38.0000    1     -1.4039   -89.8629  -103.8008   -17.0833   127.3418    23.1034
    1142   38.0333    1     -1.4009   -89.8551  -103.7762   -17.1722   127.3322    23.1307
    1143   38.0667    1     -1.3848   -89.8282  -103.7211   -17.3870   127.2811    23.1898
    1144   38.1000    1     -1.3507   -89.7784  -103.6381   -17.7261   127.1728    23.2760
    1145   38.1333    1     -1.3302   -89.7494  -103.5910   -17.9190   127.1077    23.3240
    1146   38.1667    1     -1.2857   -89.6883  -103.4926   -18.3219   126.9669    23.4225
    1147   38.2000    1     -1.2352   -89.6253  -103.4115   -18.6739   126.8071    23.4995
    1148   38.2333    1     -1.2054   -89.5921  -103.3860   -18.8068   126.7132    23.5209
    1149   38.2667    1     -1.1398   -89.5239  -103.3575   -19.0076   126.5066    23.5389
    1150   38.3000    1     -1.0708   -89.4550  -103.3423   -19.1690   126.2899    23.5426
    1151   38.3333    1     -1.0348   -89.4199  -103.3388   -19.2379   126.1770    23.5399
    1152   38.3667    1     -0.9678   -89.3565  -103.3425   -19.3330   125.9673    23.5249
    1153   38.4000    1     -0.9238   -89.3179  -103.3659   -19.3274   125.8298    23.4939
    1154   38.4333    1     -0.9060   -89.3050  -103.3946   -19.2636   125.7743    23.4619
    1155   38.4667    1     -0.9059   -89.3070  -103.4100   -19.2145   125.7741    23.4463
    1156   38.5000    1     -0.9195   -89.3251  -103.4477   -19.0719   125.8165    23.4098
    1157   38.5333    1     -0.9377   -89.3492  -103.4953   -18.8895   125.8734    23.3635
    1158   38.5667    1     -0.9466   -89.3613  -103.5201   -18.7951   125.9010    23.3391
    1159   38.6000    1     -0.9707   -89.3907  -103.5625   -18.6189   125.9763    23.2985
    1160   38.6333    1     -1.0035   -89.4271  -103.5935   -18.4643   126.0789    23.2707
    1161   38.6667    1     -1.0357   -89.4606  -103.6086   -18.3620   126.1797    23.2594
    1162   38.7000    1     -1.0506   -89.4753  -103.6097   -18.3335   126.2264    23.2604
    1163   38.7333    1     -1.0795   -89.5023  -103.6024   -18.3095   126.3170    23.2724
    1164   38.7667    1     -1.1069   -89.5286  -103.5988   -18.2752   126.4031    23.2802
    1165   38.8000    1     -1.1175   -89.5391  -103.5993   -18.2557   126.4363    23.2813
    1166   38.8333    1     -1.1335   -89.5545  -103.5973   -18.2355   126.4867    23.2859
    1167   38.8667    1     -1.1424   -89.5642  -103.6032   -18.2011   126.5146    23.2809
    1168   38.9000    1     -1.1425   -89.5689  -103.6313   -18.1084   126.5151    23.2509
    1169   38.9333    1     -1.1423   -89.5723  -103.6527   -18.0383   126.5145    23.2279
    1170   38.9667    1     -1.1439   -89.5821  -103.7021   -17.8725   126.5193    23.1749
    1171   39.0000    1     -1.1405   -89.5881  -103.7563   -17.6988   126.5088    23.1156
    1172   39.0333    1     -1.1372   -89.5900  -103.7865   -17.6043   126.4983    23.0822
    1173   39.0667    1     -1.1344   -89.5977  -103.8452   -17.4138   126.4897    23.0175
    1174   39.1000    1     -1.1395   -89.6127  -103.8999   -17.2225   126.5055    22.9577
    1175   39.1333    1     -1.1435   -89.6214  -103.9254   -17.1300   126.5181    22.9298
    1176   39.1667    1     -1.1513   -89.6378  -103.9706   -16.9648   126.5428    22.8803
    1177   39.2000    1     -1.1574   -89.6528  -104.0169   -16.7980   126.5620    22.8289
    1178   39.2333    1     -1.1619   -89.6682  -104.0721   -16.6035   126.5762    22.7668
    1179   39.2667    1     -1.1645   -89.6770  -104.1036   -16.4925   126.5841    22.7312
    1180   39.3000    1     -1.1725   -89.7012  -104.1817   -16.2122   126.6094    22.6423
    1181   39.3333    1     -1.1853   -89.7307  -104.2595   -15.9229   126.6497    22.5530
    1182   39.3667    1     -1.1929   -89.7459  -104.2934   -15.7924   126.6738    22.5139
    1183   39.4000    1     -1.2132   -89.7792  -104.3490   -15.5631   126.7377    22.4498
    1184   39.4333    1     -1.2349   -89.8083  -104.3778   -15.4223   126.8063    22.4170
    1185   39.4667    1     -1.2502   -89.8284  -104.3957   -15.3310   126.8546    22.3965
    1186   39.5000    1     -1.2565   -89.8374  -104.4063   -15.2822   126.8744    22.3842
    1187   39.5333    1     -1.2681   -89.8555  -104.4312   -15.1729   126.9112    22.3549
    1188   39.5667    1     -1.2772   -89.8715  -104.4586   -15.0599   126.9398    22.3222
    1189   39.6000    1     -1.2802   -89.8786  -104.4751   -14.9963   126.9494    22.3024
    1190   39.6333    1     -1.2845   -89.8936  -104.5187   -14.8354   126.9629    22.2495
    1191   39.6667    1     -1.2862   -89.9074  -104.5675   -14.6603   126.9686    22.1897
    1192   39.7000    1     -1.2891   -89.9208  -104.6089   -14.5087   126.9777    22.1387
    1193   39.7333    1     -1.2916   -89.9274  -104.6247   -14.4479   126.9856    22.1191
    1194   39.7667    1     -1.2978   -89.9398  -104.6474   -14.3552   127.0052    22.0910
    1195   39.8000    1     -1.3046   -89.9506  -104.6614   -14.2921   127.0266    22.0737
    1196   39.8333    1     -1.3093   -89.9567  -104.6654   -14.2686   127.0416    22.0689
    1197   39.8667    1     -1.3191   -89.9683  -104.6694   -14.2345   127.0726    22.0640
    1198   39.9000    1     -1.3309   -89.9811  -104.6695   -14.2104   127.1100    22.0642
    1199   39.9333    1     -1.3451   -89.9956  -104.6663   -14.1931   127.1550    22.0686
    1200   39.9667    1     -1.3523   -90.0031  -104.6651   -14.1827   127.1778    22.0702
    1201   40.0000    1     -1.3638   -90.0152  -104.6638   -14.1640   127.2143    22.0721
    1202   40.0333    1     -1.3723   -90.0250  -104.6661   -14.1385   127.2413    22.0694
    1203   40.0667    1     -1.3753   -90.0286  -104.6671   -14.1290   127.2510    22.0683
    1204   40.1000    1     -1.3811   -90.0352  -104.6685   -14.1122   127.2692    22.0667
    1205   40.1333    1     -1.3863   -90.0416  -104.6710   -14.0926   127.2859    22.0636
    1206   40.1667    1     -1.3896   -90.0462  -104.6750   -14.0714   127.2963    22.0586
    1207   40.2000    1     -1.3911   -90.0481  -104.6758   -14.0655   127.3012    22.0576
    1208   40.2333    1     -1.3946   -90.0520  -104.6761   -14.0571   127.3123    22.0573
    1209   40.2667    1     -1.4003   -90.0579  -104.6751   -14.0491   127.3302    22.0587
    1210   40.3000    1     -1.4029   -90.0606  -104.6747   -14.0453   127.3385    22.0593
    1211   40.3333    1     -1.4080   -90.0660  -104.6738   -14.0379   127.3549    22.0605
    1212   40.3667    1     -1.4132   -90.0712  -104.6720   -14.0337   127.3714    22.0629
    1213   40.4000    1     -1.4170   -90.0752  -104.6714   -14.0280   127.3835    22.0638
    1214   40.4333    1     -1.4178   -90.0760  -104.6711   -14.0274   127.3861    22.0642
    1215   40.4667    1     -1.4168   -90.0752  -104.6720   -14.0264   127.3829    22.0631
    1216   40.5000    1     -1.4166   -90.0749  -104.6720   -14.0267   127.3823    22.0630
    1217   40.5333    1     -1.4176   -90.0758  -104.6715   -14.0265   127.3853    22.0637
    1218   40.5667    1     -1.4184   -90.0767  -104.6713   -14.0255   127.3880    22.0640
    1219   40.6000    1     -1.4184   -90.0764  -104.6702   -14.0294   127.3881    22.0654
    1220   40.6333    1     -1.4177   -90.0754  -104.6696   -14.0334   127.3856    22.0662
    1221   40.6667    1     -1.4184   -90.0762  -104.6695   -14.0319   127.3878    22.0662
    1222   40.7000    1     -1.4191   -90.0769  -104.6694   -14.0311   127.3900    22.0664
    1223   40.7333    1     -1.4183   -90.0766  -104.6715   -14.0252   127.3876    22.0638
    1224   40.7667    1     -1.4183   -90.0766  -104.6715   -14.0252   127.3876    22.0638
    1225   40.8000    1     -1.4198   -90.0779  -104.6700   -14.0273   127.3923    22.0656
    1226   40.8333    1     -1.4208   -90.0790  -104.6701   -14.0249   127.3957    22.0656
    1227   40.8667    1     -1.4210   -90.0791  -104.6699   -14.0252   127.3960    22.0658
    1228   40.9000    1     -1.4214   -90.0796  -104.6700   -14.0241   127.3976    22.0657
    1229   40.9333    1     -1.4219   -90.0799  -104.6689   -14.0269   127.3991    22.0671
    1230   40.9667    1     -1.4219   -90.0799  -104.6689   -14.0269   127.3991    22.0671
    1231   41.0000    1     -1.4226   -90.0806  -104.6688   -14.0261   127.4012    22.0673
    1232   41.0333    1     -1.4232   -90.0807  -104.6668   -14.0317   127.4031    22.0697
    1233   41.0667    1     -1.4240   -90.0813  -104.6655   -14.0347   127.4057    22.0714
    1234   41.1000    1     -1.4243   -90.0820  -104.6667   -14.0298   127.4067    22.0699
    1235   41.1333    1     -1.4263   -90.0840  -104.6663   -14.0274   127.4129    22.0705
    1236   41.1667    1     -1.4290   -90.0865  -104.6649   -14.0269   127.4215    22.0724
    1237   41.2000    1     -1.4294   -90.0873  -104.6657   -14.0229   127.4230    22.0713
    1238   41.2333    1     -1.4296   -90.0874  -104.6655   -14.0232   127.4235    22.0716
    1239   41.2667    1     -1.4296   -90.0874  -104.6655   -14.0232   127.4235    22.0716
    1240   41.3000    1     -1.4296   -90.0874  -104.6655   -14.0232   127.4235    22.0716
    1241   41.3333    1     -1.4297   -90.0875  -104.6653   -14.0236   127.4240    22.0718
    1242   41.3667    1     -1.4296   -90.0874  -104.6655   -14.0232   127.4235    22.0716
    1243   41.4000    1     -1.4288   -90.0868  -104.6667   -14.0208   127.4210    22.0701
    1244   41.4333    1     -1.4284   -90.0867  -104.6677   -14.0179   127.4197    22.0688
    1245   41.4667    1     -1.4280   -90.0862  -104.6675   -14.0194   127.4185    22.0690
    1246   41.5000    1     -1.4272   -90.0851  -104.6667   -14.0239   127.4159    22.0700
    1247   41.5333    1     -1.4266   -90.0845  -104.6668   -14.0247   127.4140    22.0698
    1248   41.5667    1     -1.4259   -90.0840  -104.6680   -14.0221   127.4117    22.0683
    1249   41.6000    1     -1.4232   -90.0809  -104.6675   -14.0294   127.4031    22.0689
    1250   41.6333    1     -1.4216   -90.0792  -104.6677   -14.0319   127.3981    22.0686
    1251   41.6667    1     -1.4208   -90.0787  -104.6690   -14.0289   127.3956    22.0669
    1252   41.7000    1     -1.4201   -90.0779  -104.6690   -14.0304   127.3932    22.0669
    1253   41.7333    1     -1.4176   -90.0753  -104.6694   -14.0340   127.3852    22.0663
    1254   41.7667    1     -1.4158   -90.0736  -104.6706   -14.0334   127.3795    22.0647
    1255   41.8000    1     -1.4150   -90.0728  -104.6707   -14.0348   127.3771    22.0647
    1256   41.8333    1     -1.4135   -90.0712  -104.6706   -14.0383   127.3724    22.0648
    1257   41.8667    1     -1.4144   -90.0722  -104.6708   -14.0355   127.3753    22.0645
    1258   41.9000    1     -1.4149   -90.0731  -104.6723   -14.0291   127.3767    22.0626
    1259   41.9333    1     -1.4139   -90.0720  -104.6723   -14.0314   127.3735    22.0626
    1260   41.9667    1     -1.4105   -90.0687  -104.6737   -14.0333   127.3627    22.0608
    1261   42.0000    1     -1.4067   -90.0648  -104.6746   -14.0380   127.3507    22.0596
    1262   42.0333    1     -1.4052   -90.0633  -104.6749   -14.0398   127.3461    22.0591
    1263   42.0667    1     -1.4031   -90.0610  -104.6754   -14.0425   127.3392    22.0584
    1264   42.1000    1     -1.4007   -90.0586  -104.6761   -14.0449   127.3315    22.0575
    1265   42.1333    1     -1.3995   -90.0576  -104.6772   -14.0434   127.3278    22.0561
    1266   42.1667    1     -1.3981   -90.0562  -104.6775   -14.0451   127.3235    22.0557
    1267   42.2000    1     -1.3977   -90.0555  -104.6767   -14.0486   127.3221    22.0566
    1268   42.2333    1     -1.3970   -90.0551  -104.6780   -14.0455   127.3198    22.0549
    1269   42.2667    1     -1.3964   -90.0545  -104.6783   -14.0456   127.3181    22.0546
    1270   42.3000    1     -1.3970   -90.0551  -104.6782   -14.0449   127.3199    22.0547
    1271   42.3333    1     -1.3972   -90.0553  -104.6780   -14.0452   127.3204    22.0550
    1272   42.3667    1     -1.3973   -90.0557  -104.6792   -14.0406   127.3208    22.0534
    1273   42.4000    1     -1.3977   -90.0561  -104.6790   -14.0406   127.3220    22.0537
    1274   42.4333    1     -1.3981   -90.0565  -104.6792   -14.0391   127.3232    22.0535
    1275   42.4667    1     -1.3983   -90.0568  -104.6793   -14.0382   127.3239    22.0533
    1276   42.5000    1     -1.3986   -90.0572  -104.6795   -14.0367   127.3250    22.0531
    1277   42.5333    1     -1.3988   -90.0575  -104.6798   -14.0355   127.3255    22.0527
    1278   42.5667    1     -1.4000   -90.0585  -104.6787   -14.0368   127.3293    22.0541
    1279   42.6000    1     -1.4006   -90.0591  -104.6786   -14.0361   127.3312    22.0543
    1280   42.6333    1     -1.4006   -90.0591  -104.6786   -14.0361   127.3312    22.0543
    1281   42.6667    1     -1.4012   -90.0600  -104.6794   -14.0319   127.3332    22.0533
    1282   42.7000    1     -1.4034   -90.0624  -104.6791   -14.0285   127.3403    22.0538
    1283   42.7333    1     -1.4053   -90.0640  -104.6779   -14.0291   127.3461    22.0553
    1284   42.7667    1     -1.4115   -90.0706  -104.6767   -14.0204   127.3659    22.0569
    1285   42.8000    1     -1.4189   -90.0783  -104.6755   -14.0097   127.3895    22.0587
    1286   42.8333    1     -1.4223   -90.0818  -104.6746   -14.0058   127.4004    22.0599
    1287   42.8667    1     -1.4260   -90.0859  -104.6747   -13.9978   127.4121    22.0598
    1288   42.9000    1     -1.4268   -90.0868  -104.6748   -13.9958   127.4145    22.0597
    1289   42.9333    1     -1.4269   -90.0870  -104.6751   -13.9946   127.4149    22.0594
    1290   42.9667    1     -1.4269   -90.0870  -104.6751   -13.9946   127.4149    22.0594
    1291   43.0000    1     -1.4269   -90.0867  -104.6741   -13.9980   127.4150    22.0606
    1292   43.0333    1     -1.4277   -90.0876  -104.6738   -13.9975   127.4176    22.0610
    1293   43.0667    1     -1.4277   -90.0876  -104.6738   -13.9975   127.4176    22.0610
    1294   43.1000    1     -1.4271   -90.0869  -104.6739   -13.9983   127.4155    22.0608
    1295   43.1333    1     -1.4277   -90.0876  -104.6738   -13.9975   127.4176    22.0610
    1296   43.1667    1     -1.4282   -90.0881  -104.6738   -13.9963   127.4192    22.0610
    1297   43.2000    1     -1.4298   -90.0897  -104.6735   -13.9944   127.4241    22.0615
    1298   43.2333    1     -1.4327   -90.0928  -104.6731   -13.9897   127.4334    22.0620
    1299   43.2667    1     -1.4369   -90.0972  -104.6723   -13.9840   127.4467    22.0631
    1300   43.3000    1     -1.4394   -90.0998  -104.6719   -13.9803   127.4546    22.0637
    1301   43.3333    1     -1.4431   -90.1037  -104.6712   -13.9752   127.4665    22.0647
    1302   43.3667    1     -1.4433   -90.1039  -104.6710   -13.9754   127.4671    22.0649
    1303   43.4000    1     -1.4423   -90.1029  -104.6714   -13.9761   127.4639    22.0644
    1304   43.4333    1     -1.4423   -90.1029  -104.6714   -13.9761   127.4639    22.0644
    1305   43.4667    1     -1.4430   -90.1036  -104.6710   -13.9757   127.4663    22.0649
    1306   43.5000    1     -1.4430   -90.1036  -104.6710   -13.9757   127.4663    22.0649
    1307   43.5333    1     -1.4425   -90.1030  -104.6710   -13.9769   127.4647    22.0649
    1308   43.5667    1     -1.4407   -90.1012  -104.6713   -13.9797   127.4590    22.0645
    1309   43.6000    1     -1.4407   -90.1012  -104.6713   -13.9797   127.4590    22.0645
    1310   43.6333    1     -1.4412   -90.1016  -104.6712   -13.9791   127.4603    22.0647
    1311   43.6667    1     -1.4410   -90.1015  -104.6714   -13.9788   127.4598    22.0644
    1312   43.7000    1     -1.4408   -90.1013  -104.6714   -13.9791   127.4592    22.0644
    1313   43.7333    1     -1.4409   -90.1012  -104.6711   -13.9801   127.4594    22.0648
    1314   43.7667    1     -1.4408   -90.1011  -104.6708   -13.9813   127.4591    22.0651
    1315   43.8000    1     -1.4408   -90.1011  -104.6708   -13.9811   127.4591    22.0651
    1316   43.8333    1     -1.4403   -90.1008  -104.6717   -13.9789   127.4576    22.0639
    1317   43.8667    1     -1.4409   -90.1022  -104.6746   -13.9673   127.4594    22.0603
    1318   43.9000    1     -1.4406   -90.1021  -104.6755   -13.9648   127.4585    22.0591
    1319   43.9333    1     -1.4396   -90.1014  -104.6767   -13.9626   127.4555    22.0576
    1320   43.9667    1     -1.4394   -90.1015  -104.6778   -13.9588   127.4548    22.0561
    1321   44.0000    1     -1.4396   -90.1016  -104.6776   -13.9591   127.4553    22.0564
    1322   44.0333    1     -1.4396   -90.1015  -104.6775   -13.9597   127.4553    22.0566
    1323   44.0667    1     -1.4376   -90.0998  -104.6791   -13.9582   127.4491    22.0545
    1324   44.1000    1     -1.4364   -90.0985  -104.6792   -13.9602   127.4452    22.0543
    1325   44.1333    1     -1.4331   -90.0954  -104.6809   -13.9608   127.4347    22.0521
    1326   44.1667    1     -1.4316   -90.0938  -104.6812   -13.9628   127.4299    22.0516
    1327   44.2000    1     -1.4312   -90.0931  -104.6802   -13.9673   127.4285    22.0529
    1328   44.2333    1     -1.4310   -90.0929  -104.6804   -13.9669   127.4280    22.0526
    1329   44.2667    1     -1.4312   -90.0931  -104.6804   -13.9667   127.4285    22.0527
    1330   44.3000    1     -1.4298   -90.0917  -104.6805   -13.9689   127.4243    22.0525
    1331   44.3333    1     -1.4290   -90.0909  -104.6809   -13.9694   127.4217    22.0520
    1332   44.3667    1     -1.4283   -90.0901  -104.6812   -13.9698   127.4193    22.0516
    1333   44.4000    1     -1.4279   -90.0899  -104.6821   -13.9675   127.4180    22.0505
    1334   44.4333    1     -1.4272   -90.0892  -104.6819   -13.9695   127.4161    22.0507
    1335   44.4667    1     -1.4260   -90.0880  -104.6823   -13.9704   127.4122    22.0501
    1336   44.5000    1     -1.4263   -90.0883  -104.6824   -13.9696   127.4131    22.0501
    1337   44.5333    1     -1.4274   -90.0893  -104.6820   -13.9689   127.4164    22.0506
    1338   44.5667    1     -1.4275   -90.0894  -104.6818   -13.9692   127.4168    22.0508
    1339   44.6000    1     -1.4274   -90.0893  -104.6817   -13.9699   127.4166    22.0510
    1340   44.6333    1     -1.4282   -90.0902  -104.6818   -13.9678   127.4192    22.0508
    1341   44.6667    1     -1.4286   -90.0904  -104.6809   -13.9702   127.4202    22.0520
    1342   44.7000    1     -1.4289   -90.0908  -104.6811   -13.9687   127.4213    22.0517
    1343   44.7333    1     -1.4293   -90.0914  -104.6817   -13.9660   127.4226    22.0510
    1344   44.7667    1     -1.4298   -90.0919  -104.6816   -13.9654   127.4241    22.0512
    1345   44.8000    1     -1.4293   -90.0914  -104.6817   -13.9659   127.4227    22.0510
    1346   44.8333    1     -1.4291   -90.0912  -104.6817   -13.9662   127.4219    22.0510
    1347   44.8667    1     -1.4291   -90.0912  -104.6817   -13.9662   127.4221    22.0510
    1348   44.9000    1     -1.4299   -90.0920  -104.6814   -13.9657   127.4246    22.0514
    1349   44.9333    1     -1.4302   -90.0920  -104.6804   -13.9689   127.4254    22.0527
    1350   44.9667    1     -1.4298   -90.0916  -104.6806   -13.9688   127.4242    22.0524
    1351   45.0000    1     -1.4298   -90.0916  -104.6806   -13.9688   127.4242    22.0524
    1352   45.0333    1     -1.4298   -90.0914  -104.6796   -13.9722   127.4243    22.0536
    1353   45.0667    1     -1.4293   -90.0911  -104.6806   -13.9700   127.4225    22.0524
    1354   45.1000    1     -1.4298   -90.0916  -104.6806   -13.9688   127.4242    22.0524
    1355   45.1333    1     -1.4296   -90.0915  -104.6808   -13.9684   127.4237    22.0522
    1356   45.1667    1     -1.4287   -90.0906  -104.6810   -13.9695   127.4208    22.0519
    1357   45.2000    1     -1.4290   -90.0908  -104.6809   -13.9693   127.4215    22.0519
    1358   45.2333    1     -1.4291   -90.0909  -104.6808   -13.9696   127.4220    22.0522
    1359   45.2667    1     -1.4291   -90.0909  -104.6808   -13.9696   127.4220    22.0522
    1360   45.3000    1     -1.4291   -90.0909  -104.6808   -13.9696   127.4220    22.0522
    1361   45.3333    1     -1.4291   -90.0909  -104.6808   -13.9696   127.4220    22.0522
    1362   45.3667    1     -1.4291   -90.0909  -104.6808   -13.9696   127.4220    22.0522
    1363   45.4000    1     -1.4290   -90.0908  -104.6809   -13.9693   127.4215    22.0519
    1364   45.4333    1     -1.4296   -90.0915  -104.6808   -13.9684   127.4237    22.0522
    1365   45.4667    1     -1.4298   -90.0917  -104.6806   -13.9688   127.4242    22.0524
    1366   45.5000    1     -1.4294   -90.0912  -104.6807   -13.9693   127.4228    22.0523
    1367   45.5333    1     -1.4291   -90.0909  -104.6808   -13.9696   127.4220    22.0522
    1368   45.5667    1     -1.4298   -90.0916  -104.6806   -13.9688   127.4242    22.0524
    1369   45.6000    1     -1.4298   -90.0916  -104.6806   -13.9688   127.4242    22.0524
    1370   45.6333    1     -1.4292   -90.0907  -104.6798   -13.9730   127.4221    22.0534
    1371   45.6667    1     -1.4290   -90.0908  -104.6809   -13.9693   127.4215    22.0519
    1372   45.7000    1     -1.4298   -90.0916  -104.6806   -13.9688   127.4242    22.0524
    1373   45.7333    1     -1.4295   -90.0914  -104.6807   -13.9691   127.4234    22.0523
    1374   45.7667    1     -1.4291   -90.0909  -104.6808   -13.9696   127.4220    22.0522
    1375   45.8000    1     -1.4287   -90.0905  -104.6808   -13.9702   127.4207    22.0521
    1376   45.8333    1     -1.4281   -90.0898  -104.6807   -13.9719   127.4189    22.0523
    1377   45.8667    1     -1.4284   -90.0906  -104.6827   -13.9642   127.4196    22.0497
    1378   45.9000    1     -1.4285   -90.0908  -104.6827   -13.9640   127.4202    22.0497
    1379   45.9333    1     -1.4266   -90.0888  -104.6831   -13.9664   127.4140    22.0492
    1380   45.9667    1     -1.4253   -90.0874  -104.6832   -13.9687   127.4097    22.0489
    1381   46.0000    1     -1.4236   -90.0856  -104.6833   -13.9718   127.4045    22.0488
    1382   46.0333    1     -1.4232   -90.0851  -104.6834   -13.9723   127.4031    22.0487
    1383   46.0667    1     -1.4234   -90.0854  -104.6834   -13.9721   127.4038    22.0487
    1384   46.1000    1     -1.4228   -90.0847  -104.6834   -13.9733   127.4020    22.0487
    1385   46.1333    1     -1.4197   -90.0820  -104.6860   -13.9703   127.3921    22.0453
    1386   46.1667    1     -1.4156   -90.0783  -104.6887   -13.9690   127.3791    22.0418
    1387   46.2000    1     -1.4134   -90.0763  -104.6901   -13.9684   127.3721    22.0399
    1388   46.2333    1     -1.4098   -90.0741  -104.6967   -13.9522   127.3607    22.0315
    1389   46.2667    1     -1.4063   -90.0728  -104.7065   -13.9245   127.3495    22.0190
    1390   46.3000    1     -1.4038   -90.0715  -104.7120   -13.9100   127.3414    22.0119
    1391   46.3333    1     -1.3985   -90.0692  -104.7248   -13.8748   127.3245    21.9955
    1392   46.3667    1     -1.3906   -90.0638  -104.7372   -13.8468   127.2994    21.9796
    1393   46.4000    1     -1.3856   -90.0597  -104.7421   -13.8392   127.2837    21.9732
    1394   46.4333    1     -1.3685   -90.0444  -104.7547   -13.8295   127.2294    21.9570
    1395   46.4667    1     -1.3368   -90.0173  -104.7825   -13.7951   127.1287    21.9214
    1396   46.5000    1     -1.2906   -89.9774  -104.8210   -13.7518   126.9825    21.8721
    1397   46.5333    1     -1.2619   -89.9523  -104.8436   -13.7297   126.8915    21.8435
    1398   46.5667    1     -1.1963   -89.8951  -104.8941   -13.6825   126.6846    21.7797
    1399   46.6000    1     -1.1196   -89.8277  -104.9494   -13.6402   126.4430    21.7107
    1400   46.6333    1     -1.0348   -89.7543  -105.0126   -13.5853   126.1768    21.6328
    1401   46.6667    1     -0.9897   -89.7149  -105.0436   -13.5650   126.0359    21.5951
    1402   46.7000    1     -0.9037   -89.6366  -105.0896   -13.5722   125.7672    21.5404
    1403   46.7333    1     -0.8190   -89.5569  -105.1220   -13.6232   125.5037    21.5036
    1404   46.7667    1     -0.7757   -89.5171  -105.1412   -13.6393   125.3692    21.4816
    1405   46.8000    1     -0.7035   -89.4513  -105.1737   -13.6643   125.1455    21.4449
    1406   46.8333    1     -0.6443   -89.4009  -105.2127   -13.6406   124.9627    21.3998
    1407   46.8667    1     -0.6212   -89.3837  -105.2371   -13.5991   124.8913    21.3709
    1408   46.9000    1     -0.5874   -89.3687  -105.3119   -13.4016   124.7871    21.2798
    1409   46.9333    1     -0.5747   -89.3843  -105.4191   -13.0490   124.7481    21.1456
    1410   46.9667    1     -0.5739   -89.4191  -105.5480   -12.5938   124.7458    20.9807
    1411   47.0000    1     -0.5755   -89.4389  -105.6117   -12.3636   124.7506    20.8979
    1412   47.0333    1     -0.5810   -89.4764  -105.7201   -11.9639   124.7675    20.7550
    1413   47.0667    1     -0.5881   -89.5011  -105.7770   -11.7441   124.7895    20.6784
    1414   47.1000    1     -0.5919   -89.5053  -105.7778   -11.7336   124.8012    20.6768
    1415   47.1333    1     -0.5969   -89.5011  -105.7470   -11.8347   124.8164    20.7170
    1416   47.1667    1     -0.5924   -89.4843  -105.7066   -11.9896   124.8025    20.7712
    1417   47.2000    1     -0.5856   -89.4725  -105.6906   -12.0607   124.7818    20.7933
    1418   47.2333    1     -0.5598   -89.4410  -105.6750   -12.1682   124.7021    20.8170
    1419   47.2667    1     -0.5206   -89.3990  -105.6701   -12.2636   124.5818    20.8285
    1420   47.3000    1     -0.4699   -89.3445  -105.6622   -12.3913   124.4261    20.8452
    1421   47.3333    1     -0.4372   -89.3115  -105.6639   -12.4487   124.3257    20.8469
    1422   47.3667    1     -0.3736   -89.2510  -105.6786   -12.5196   124.1312    20.8359
    1423   47.4000    1     -0.3155   -89.1940  -105.6846   -12.6096   123.9538    20.8355
    1424   47.4333    1     -0.2828   -89.1631  -105.6914   -12.6477   123.8541    20.8309
    1425   47.4667    1     -0.2746   -89.1566  -105.6976   -12.6412   123.8292    20.8240
    1426   47.5000    1     -0.2720   -89.1565  -105.7066   -12.6145   123.8214    20.8129
    1427   47.5333    1     -0.2782   -89.1607  -105.6995   -12.6278   123.8402    20.8212
    1428   47.5667    1     -0.2822   -89.1578  -105.6742   -12.7092   123.8523    20.8529
    1429   47.6000    1     -0.2997   -89.1521  -105.5885   -12.9767   123.9056    20.9592
    1430   47.6333    1     -0.3296   -89.1584  -105.4995   -13.2314   123.9969    21.0676
    1431   47.6667    1     -0.3614   -89.1750  -105.4416   -13.3739   124.0939    21.1367
    1432   47.7000    1     -0.3766   -89.1846  -105.4202   -13.4201   124.1403    21.1619
    1433   47.7333    1     -0.3979   -89.1957  -105.3801   -13.5195   124.2057    21.2097
    1434   47.7667    1     -0.4131   -89.2096  -105.3755   -13.5074   124.2521    21.2142
    1435   47.8000    1     -0.4174   -89.2163  -105.3849   -13.4669   124.2651    21.2022
    1436   47.8333    1     -0.4191   -89.2266  -105.4182   -13.3477   124.2704    21.1606
    1437   47.8667    1     -0.4253   -89.2443  -105.4621   -13.1828   124.2893    21.1051
    1438   47.9000    1     -0.4328   -89.2585  -105.4872   -13.0806   124.3124    21.0728
    1439   47.9333    1     -0.4487   -89.2860  -105.5298   -12.9008   124.3610    21.0173
    1440   47.9667    1     -0.4458   -89.3022  -105.5993   -12.6610   124.3522    20.9290
    1441   48.0000    1     -0.4212   -89.3058  -105.7014   -12.3466   124.2768    20.8005
    1442   48.0333    1     -0.4025   -89.3004  -105.7491   -12.2135   124.2197    20.7411
    1443   48.0667    1     -0.3573   -89.2803  -105.8390   -11.9815   124.0813    20.6303
    1444   48.1000    1     -0.2991   -89.2517  -105.9429   -11.7237   123.9040    20.5027
    1445   48.1333    1     -0.2666   -89.2288  -105.9776   -11.6635   123.8048    20.4624
    1446   48.1667    1     -0.2009   -89.1722  -106.0117   -11.6698   123.6049    20.4285
    1447   48.2000    1     -0.1329   -89.1124  -106.0412   -11.6962   123.3986    20.4013
    1448   48.2333    1     -0.0663   -89.0543  -106.0705   -11.7200   123.1970    20.3745
    1449   48.2667    1     -0.0328   -89.0229  -106.0771   -11.7605   123.0958    20.3717
    1450   48.3000    1      0.0342   -88.9556  -106.0737   -11.8990   122.8937    20.3876
    1451   48.3333    1      0.1020   -88.8832  -106.0528   -12.0987   122.6895    20.4259
    1452   48.3667    1      0.1350   -88.8478  -106.0409   -12.2013   122.5904    20.4466
    1453   48.4000    1      0.2011   -88.7798  -106.0257   -12.3750   122.3919    20.4766
    1454   48.4333    1      0.2514   -88.7323  -106.0282   -12.4568   122.2413    20.4815
    1455   48.4667    1      0.2843   -88.7059  -106.0468   -12.4515   122.1429    20.4635
    1456   48.5000    1      0.2970   -88.6984  -106.0636   -12.4160   122.1050    20.4445
    1457   48.5333    1      0.3165   -88.6907  -106.1039   -12.3112   122.0468    20.3970
    1458   48.5667    1      0.3220   -88.6978  -106.1488   -12.1651   122.0304    20.3412
    1459   48.6000    1      0.3150   -88.7159  -106.1900   -12.0093   122.0513    20.2877
    1460   48.6333    1      0.3100   -88.7268  -106.2121   -11.9230   122.0662    20.2586
    1461   48.6667    1      0.2995   -88.7507  -106.2607   -11.7338   122.0976    20.1943
    1462   48.7000    1      0.2932   -88.7710  -106.3097   -11.5499   122.1164    20.1298
    1463   48.7333    1      0.2934   -88.7783  -106.3354   -11.4599   122.1157    20.0966
    1464   48.7667    1      0.2935   -88.7880  -106.3683   -11.3436   122.1156    20.0536
    1465   48.8000    1      0.2841   -88.7984  -106.3726   -11.3112   122.1436    20.0462
    1466   48.8333    1      0.2771   -88.8048  -106.3712   -11.3030   122.1646    20.0465
    1467   48.8667    1      0.2589   -88.8225  -106.3713   -11.2685   122.2190    20.0426
    1468   48.9000    1      0.2324   -88.8517  -106.3822   -11.1803   122.2982    20.0230
    1469   48.9333    1      0.2085   -88.8833  -106.4088   -11.0403   122.3699    19.9828
    1470   48.9667    1      0.1974   -88.8981  -106.4215   -10.9738   122.4030    19.9635
    1471   49.0000    1      0.1791   -88.9214  -106.4380   -10.8798   122.4580    19.9376
    1472   49.0333    1      0.1764   -88.9270  -106.4475   -10.8406   122.4661    19.9244
    1473   49.0667    1      0.1776   -88.9267  -106.4502   -10.8331   122.4624    19.9210
    1474   49.1000    1      0.1733   -88.9298  -106.4467   -10.8376   122.4753    19.9248
    1475   49.1333    1      0.1684   -88.9331  -106.4417   -10.8460   122.4900    19.9304
    1476   49.1667    1      0.1680   -88.9336  -106.4419   -10.8446   122.4911    19.9300
    1477   49.2000    1      0.1644   -88.9357  -106.4373   -10.8542   122.5021    19.9354
    1478   49.2333    1      0.1565   -88.9406  -106.4275   -10.8739   122.5259    19.9467
    1479   49.2667    1      0.1501   -88.9457  -106.4237   -10.8752   122.5451    19.9504
    1480   49.3000    1      0.1464   -88.9495  -106.4241   -10.8666   122.5561    19.9491
    1481   49.3333    1      0.1384   -88.9581  -106.4263   -10.8436   122.5800    19.9445
    1482   49.3667    1      0.1292   -88.9683  -106.4295   -10.8141   122.6077    19.9381
    1483   49.4000    1      0.1270   -88.9723  -106.4350   -10.7902   122.6144    19.9303
    1484   49.4333    1      0.1212   -88.9817  -106.4464   -10.7378   122.6319    19.9137
    1485   49.4667    1      0.1119   -88.9944  -106.4575   -10.6802   122.6596    19.8968
    1486   49.5000    1      0.1007   -89.0092  -106.4686   -10.6181   122.6934    19.8792
    1487   49.5333    1      0.0954   -89.0163  -106.4739   -10.5885   122.7094    19.8709
    1488   49.5667    1      0.0843   -89.0329  -106.4909   -10.5056   122.7427    19.8453
    1489   49.6000    1      0.0722   -89.0526  -106.5142   -10.3975   122.7790    19.8109
    1490   49.6333    1      0.0666   -89.0622  -106.5258   -10.3439   122.7962    19.7937
    1491   49.6667    1      0.0604   -89.0777  -106.5538   -10.2300   122.8147    19.7539
    1492   49.7000    1      0.0585   -89.0911  -106.5882   -10.1010   122.8205    19.7062
    1493   49.7333    1      0.0628   -89.0973  -106.6197    -9.9943   122.8076    19.6637
    1494   49.7667    1      0.0678   -89.0967  -106.6333    -9.9550   122.7923    19.6463
    1495   49.8000    1      0.0764   -89.0969  -106.6596    -9.8758   122.7666    19.6120
    1496   49.8333    1      0.0909   -89.0860  -106.6712    -9.8628   122.7228    19.5996
    1497   49.8667    1      0.1025   -89.0771  -106.6795    -9.8555   122.6881    19.5911
    1498   49.9000    1      0.1293   -89.0604  -106.7107    -9.7953   122.6076    19.5548
    1499   49.9333    1      0.1546   -89.0506  -106.7573    -9.6752   122.5315    19.4965
    1500   49.9667    1      0.1782   -89.0455  -106.8120    -9.5222   122.4606    19.4266
    1501   50.0000    1      0.1860   -89.0456  -106.8350    -9.4532   122.4373    19.3965
    1502   50.0333    1      0.1949   -89.0505  -106.8747    -9.3250   122.4106    19.3432
    1503   50.0667    1      0.1997   -89.0561  -106.9043    -9.2257   122.3962    19.3029
    1504   50.1000    1      0.2036   -89.0578  -106.9202    -9.1748   122.3846    19.2815
    1505   50.1333    1      0.2039   -89.0599  -106.9271    -9.1501   122.3835    19.2718
    1506   50.1667    1      0.2047   -89.0612  -106.9331    -9.1292   122.3811    19.2634
    1507   50.2000    1      0.2036   -89.0624  -106.9329    -9.1275   122.3846    19.2633
    1508   50.2333    1      0.1988   -89.0685  -106.9366    -9.1043   122.3988    19.2567
    1509   50.2667    1      0.1972   -89.0734  -106.9455    -9.0682   122.4038    19.2437
    1510   50.3000    1      0.1994   -89.0753  -106.9569    -9.0305   122.3972    19.2281
    1511   50.3333    1      0.2001   -89.0761  -106.9612    -9.0157   122.3949    19.2221
    1512   50.3667    1      0.2042   -89.0745  -106.9684    -8.9974   122.3827    19.2131
    1513   50.4000    1      0.2059   -89.0742  -106.9724    -8.9861   122.3776    19.2079
    1514   50.4333    1      0.2062   -89.0743  -106.9738    -8.9817   122.3766    19.2061
    1515   50.4667    1      0.2063   -89.0749  -106.9755    -8.9753   122.3764    19.2036
    1516   50.5000    1      0.2091   -89.0737  -106.9801    -8.9640   122.3680    19.1979
    1517   50.5333    1      0.2130   -89.0722  -106.9868    -8.9471   122.3565    19.1895
    1518   50.5667    1      0.2135   -89.0738  -106.9929    -8.9257   122.3548    19.1810
    1519   50.6000    1      0.2128   -89.0786  -107.0038    -8.8837   122.3570    19.1652
    1520   50.6333    1      0.2098   -89.0862  -107.0162    -8.8314   122.3660    19.1465
    1521   50.6667    1      0.2076   -89.0910  -107.0233    -8.8006   122.3724    19.1357
    1522   50.7000    1      0.2052   -89.0991  -107.0385    -8.7390   122.3796    19.1131
    1523   50.7333    1      0.2091   -89.0984  -107.0472    -8.7144   122.3681    19.1017
    1524   50.7667    1      0.2114   -89.0963  -107.0479    -8.7164   122.3613    19.1014
    1525   50.8000    1      0.2101   -89.0977  -107.0482    -8.7127   122.3650    19.1006
    1526   50.8333    1      0.2043   -89.1049  -107.0515    -8.6885   122.3824    19.0941
    1527   50.8667    1      0.1969   -89.1136  -107.0543    -8.6628   122.4046    19.0878
    1528   50.9000    1      0.1935   -89.1166  -107.0531    -8.6602   122.4147    19.0884
    1529   50.9333    1      0.1841   -89.1266  -107.0536    -8.6389   122.4429    19.0848
    1530   50.9667    1      0.1660   -89.1453  -107.0532    -8.6024   122.4974    19.0796
    1531   51.0000    1      0.1340   -89.1754  -107.0446    -8.5677   122.5935    19.0820
    1532   51.0333    1      0.1134   -89.1947  -107.0390    -8.5456   122.6551    19.0836
    1533   51.0667    1      0.0621   -89.2415  -107.0201    -8.5080   122.8095    19.0947
    1534   51.1000    1      0.0005   -89.2998  -107.0022    -8.4440   122.9953    19.1012
    1535   51.1333    1     -0.0735   -89.3693  -106.9781    -8.3762   123.2187    19.1131
    1536   51.1667    1     -0.1162   -89.4110  -106.9672    -8.3245   123.3482    19.1153
    1537   51.2000    1     -0.1997   -89.4982  -106.9592    -8.1717   123.6013    19.1000
    1538   51.2333    1     -0.2910   -89.5943  -106.9496    -8.0046   123.8790    19.0840
    1539   51.2667    1     -0.3357   -89.6404  -106.9409    -7.9368   124.0156    19.0821
    1540   51.3000    1     -0.4221   -89.7283  -106.9203    -7.8189   124.2796    19.0839
    1541   51.3333    1     -0.4949   -89.8066  -106.9110    -7.6858   124.5029    19.0729
    1542   51.3667    1     -0.5272   -89.8421  -106.9082    -7.6209   124.6019    19.0658
    1543   51.4000    1     -0.5849   -89.9031  -106.8964    -7.5308   124.7796    19.0638
    1544   51.4333    1     -0.6224   -89.9450  -106.8933    -7.4532   124.8950    19.0550
    1545   51.4667    1     -0.6387   -89.9657  -106.8978    -7.3964   124.9453    19.0421
    1546   51.5000    1     -0.6395   -89.9683  -106.9015    -7.3797   124.9477    19.0359
    1547   51.5333    1     -0.6269   -89.9596  -106.9152    -7.3559   124.9091    19.0190
    1548   51.5667    1     -0.5772   -89.9294  -106.9783    -7.2255   124.7558    18.9378
    1549   51.6000    1     -0.5422   -89.9044  -107.0137    -7.1693   124.6480    18.8950
    1550   51.6333    1     -0.4517   -89.8368  -107.0969    -7.0566   124.3704    18.7983
    1551   51.6667    1     -0.3451   -89.7661  -107.2130    -6.8504   124.0443    18.6565
    1552   51.7000    1     -0.2899   -89.7337  -107.2817    -6.7092   123.8759    18.5698
    1553   51.7333    1     -0.1775   -89.6735  -107.4317    -6.3802   123.5340    18.3778
    1554   51.7667    1     -0.0719   -89.6242  -107.5852    -6.0190   123.2139    18.1776
    1555   51.8000    1      0.0164   -89.5884  -107.7223    -5.6803   122.9474    17.9961
    1556   51.8333    1      0.0457   -89.5804  -107.7755    -5.5368   122.8591    17.9233
    1557   51.8667    1      0.0747   -89.5878  -107.8596    -5.2676   122.7716    17.7995
    1558   51.9000    1      0.0774   -89.6079  -107.9074    -5.0810   122.7635    17.7219
    1559   51.9333    1      0.0690   -89.6201  -107.9129    -5.0384   122.7887    17.7086
    1560   51.9667    1      0.0628   -89.6252  -107.9087    -5.0404   122.8076    17.7125
    1561   52.0000    1      0.0453   -89.6349  -107.8880    -5.0820   122.8602    17.7381
    1562   52.0333    1      0.0289   -89.6344  -107.8485    -5.2023   122.9097    17.7953
    1563   52.0667    1      0.0195   -89.6369  -107.8315    -5.2483   122.9380    17.8187
    1564   52.1000    1     -0.0012   -89.6514  -107.8130    -5.2733   123.0002    17.8392
    1565   52.1333    1     -0.0216   -89.6663  -107.7956    -5.2943   123.0620    17.8580
    1566   52.1667    1     -0.0302   -89.6721  -107.7873    -5.3073   123.0879    17.8675
    1567   52.2000    1     -0.0457   -89.6857  -107.7788    -5.3041   123.1348    17.8740
    1568   52.2333    1     -0.0709   -89.7109  -107.7712    -5.2738   123.2108    17.8743
    1569   52.2667    1     -0.1039   -89.7498  -107.7731    -5.1852   123.3107    17.8548
    1570   52.3000    1     -0.1323   -89.7745  -107.7567    -5.1821   123.3967    17.8680
    1571   52.3333    1     -0.2216   -89.8469  -107.6925    -5.2230   123.6680    17.9311
    1572   52.3667    1     -0.3357   -89.9337  -107.5971    -5.3278   124.0154    18.0347
    1573   52.4000    1     -0.4711   -90.0140  -107.4332    -5.6571   124.4299    18.2439
    1574   52.4333    1     -0.5391   -90.0488  -107.3378    -5.8747   124.6386    18.3711
    1575   52.4667    1     -0.6549   -90.0998  -107.1545    -6.3281   124.9953    18.6226
    1576   52.5000    1     -0.7722   -90.1429  -106.9442    -6.8834   125.3584    18.9173
    1577   52.5333    1     -0.8280   -90.1651  -106.8458    -7.1396   125.5315    19.0545
    1578   52.5667    1     -0.9307   -90.2049  -106.6579    -7.6357   125.8514    19.3175
    1579   52.6000    1     -1.0249   -90.2405  -106.4787    -8.1152   126.1458    19.5689
    1580   52.6333    1     -1.0671   -90.2566  -106.3972    -8.3339   126.2780    19.6831
    1581   52.6667    1     -1.1267   -90.2666  -106.2486    -8.7734   126.4654    19.8958
    1582   52.7000    1     -1.1401   -90.2392  -106.1396    -9.1670   126.5074    20.0584
    1583   52.7333    1     -1.1043   -90.1693  -106.0668    -9.5346   126.3948    20.1762
    1584   52.7667    1     -1.0767   -90.1225  -106.0268    -9.7531   126.3082    20.2416
    1585   52.8000    1     -1.0145   -90.0209  -105.9430   -10.2157   126.1133    20.3766
    1586   52.8333    1     -0.9476   -89.9242  -105.8816   -10.5969   125.9043    20.4768
    1587   52.8667    1     -0.9185   -89.8819  -105.8528   -10.7689   125.8132    20.5226
    1588   52.9000    1     -0.8601   -89.7914  -105.7738   -11.1890   125.6313    20.6421
    1589   52.9333    1     -0.8035   -89.7016  -105.6846   -11.6365   125.4555    20.7721
    1590   52.9667    1     -0.7802   -89.6617  -105.6364   -11.8608   125.3832    20.8401
    1591   53.0000    1     -0.7486   -89.5932  -105.5193   -12.3486   125.2851    20.9990
    1592   53.0333    1     -0.7224   -89.5316  -105.3998   -12.8289   125.2041    21.1571
    1593   53.0667    1     -0.6920   -89.4754  -105.3096   -13.2080   125.1102    21.2747
    1594   53.1000    1     -0.6792   -89.4520  -105.2717   -13.3667   125.0705    21.3236
    1595   53.1333    1     -0.6430   -89.4026  -105.2244   -13.6021   124.9586    21.3853
    1596   53.1667    1     -0.5925   -89.3609  -105.2617   -13.5675   124.8029    21.3421
    1597   53.2000    1     -0.5416   -89.3189  -105.2986   -13.5347   124.6463    21.2997
    1598   53.2333    1     -0.5175   -89.2973  -105.3092   -13.5432   124.5721    21.2883
    1599   53.2667    1     -0.4714   -89.2536  -105.3196   -13.5932   124.4307    21.2788
    1600   53.3000    1     -0.4380   -89.2136  -105.2933   -13.7467   124.3282    21.3138
    1601   53.3333    1     -0.4212   -89.1933  -105.2788   -13.8280   124.2767    21.3329
    1602   53.3667    1     -0.3848   -89.1543  -105.2668   -13.9358   124.1654    21.3500
    1603   53.4000    1     -0.3370   -89.1093  -105.2752   -13.9939   124.0193    21.3431
    1604   53.4333    1     -0.3051   -89.0808  -105.2867   -14.0122   123.9220    21.3315
    1605   53.4667    1     -0.2323   -89.0188  -105.3240   -14.0150   123.7003    21.2917
    1606   53.5000    1     -0.1653   -88.9552  -105.3286   -14.1184   123.4971    21.2913
    1607   53.5333    1     -0.1230   -88.9149  -105.3299   -14.1883   123.3687    21.2930
    1608   53.5667    1     -0.1075   -88.9016  -105.3364   -14.1936   123.3217    21.2865
    1609   53.6000    1     -0.0777   -88.8749  -105.3439   -14.2201   123.2316    21.2798
    1610   53.6333    1     -0.0451   -88.8426  -105.3383   -14.2957   123.1330    21.2891
    1611   53.6667    1     -0.0347   -88.8328  -105.3386   -14.3130   123.1016    21.2896
    1612   53.7000    1     -0.0307   -88.8292  -105.3399   -14.3156   123.0893    21.2884
    1613   53.7333    1     -0.0403   -88.8370  -105.3341   -14.3185   123.1184    21.2945
    1614   53.7667    1     -0.0502   -88.8432  -105.3198   -14.3496   123.1483    21.3107
    1615   53.8000    1     -0.0584   -88.8487  -105.3102   -14.3679   123.1731    21.3215
    1616   53.8333    1     -0.0746   -88.8616  -105.2988   -14.3784   123.2222    21.3338
    1617   53.8667    1     -0.0861   -88.8716  -105.2951   -14.3709   123.2569    21.3373
    1618   53.9000    1     -0.0879   -88.8725  -105.2915   -14.3799   123.2624    21.3414
    1619   53.9333    1     -0.0913   -88.8741  -105.2843   -14.3986   123.2726    21.3498
    1620   53.9667    1     -0.0963   -88.8743  -105.2643   -14.4574   123.2877    21.3731
    1621   54.0000    1     -0.0918   -88.8657  -105.2451   -14.5302   123.2741    21.3961
    1622   54.0333    1     -0.0905   -88.8632  -105.2395   -14.5512   123.2703    21.4028
    1623   54.0667    1     -0.0891   -88.8599  -105.2307   -14.5832   123.2659    21.4132
    1624   54.1000    1     -0.0755   -88.8456  -105.2244   -14.6279   123.2248    21.4215
    1625   54.1333    1     -0.0671   -88.8362  -105.2176   -14.6653   123.1995    21.4301
    1626   54.1667    1     -0.0556   -88.8236  -105.2098   -14.7111   123.1647    21.4400
    1627   54.2000    1     -0.0455   -88.8152  -105.2147   -14.7121   123.1341    21.4349
    1628   54.2333    1     -0.0427   -88.8129  -105.2164   -14.7110   123.1255    21.4331
    1629   54.2667    1     -0.0488   -88.8186  -105.2160   -14.7019   123.1441    21.4331
    1630   54.3000    1     -0.0621   -88.8307  -105.2140   -14.6859   123.1844    21.4346
    1631   54.3333    1     -0.0762   -88.8432  -105.2109   -14.6724   123.2268    21.4374
    1632   54.3667    1     -0.0849   -88.8508  -105.2074   -14.6689   123.2534    21.4409
    1633   54.4000    1     -0.1085   -88.8708  -105.1968   -14.6641   123.3248    21.4519
    1634   54.4333    1     -0.1413   -88.8981  -105.1798   -14.6649   123.4240    21.4699
    1635   54.4667    1     -0.1727   -88.9242  -105.1628   -14.6677   123.5195    21.4880
    1636   54.5000    1     -0.1872   -88.9352  -105.1500   -14.6858   123.5635    21.5023
    1637   54.5333    1     -0.2166   -88.9557  -105.1156   -14.7510   123.6527    21.5412
    1638   54.5667    1     -0.2418   -88.9688  -105.0660   -14.8746   123.7293    21.5981
    1639   54.6000    1     -0.2520   -88.9729  -105.0399   -14.9448   123.7605    21.6283
    1640   54.6333    1     -0.2754   -88.9850  -104.9932   -15.0616   123.8315    21.6818
    1641   54.6667    1     -0.3017   -89.0004  -104.9474   -15.1702   123.9117    21.7342
    1642   54.7000    1     -0.3119   -89.0057  -104.9266   -15.2224   123.9429    21.7580
    1643   54.7333    1     -0.3314   -89.0172  -104.8930   -15.3020   124.0022    21.7965
    1644   54.7667    1     -0.3539   -89.0340  -104.8699   -15.3406   124.0711    21.8228
    1645   54.8000    1     -0.3794   -89.0530  -104.8438   -15.3840   124.1491    21.8524
    1646   54.8333    1     -0.3950   -89.0643  -104.8268   -15.4142   124.1965    21.8717
    1647   54.8667    1     -0.4428   -89.0978  -104.7669   -15.5325   124.3431    21.9402
    1648   54.9000    1     -0.4988   -89.1363  -104.6918   -15.6879   124.5146    22.0265
    1649   54.9333    1     -0.5266   -89.1559  -104.6559   -15.7599   124.6002    22.0678
    1650   54.9667    1     -0.5846   -89.2000  -104.5967   -15.8581   124.7786    22.1363
    1651   55.0000    1     -0.6412   -89.2460  -104.5518   -15.9104   124.9530    22.1887
    1652   55.0333    1     -0.6920   -89.2865  -104.5063   -15.9742   125.1101    22.2420
    1653   55.0667    1     -0.7159   -89.3057  -104.4853   -16.0029   125.1841    22.2668
    1654   55.1000    1     -0.7564   -89.3376  -104.4467   -16.0619   125.3094    22.3123
    1655   55.1333    1     -0.7780   -89.3544  -104.4243   -16.0991   125.3762    22.3387
    1656   55.1667    1     -0.7854   -89.3608  -104.4199   -16.1008   125.3992    22.3440
    1657   55.2000    1     -0.7935   -89.3695  -104.4237   -16.0740   125.4244    22.3401
    1658   55.2333    1     -0.7944   -89.3717  -104.4298   -16.0516   125.4274    22.3331
    1659   55.2667    1     -0.7866   -89.3645  -104.4321   -16.0576   125.4030    22.3301
    1660   55.3000    1     -0.7816   -89.3597  -104.4330   -16.0634   125.3875    22.3289
    1661   55.3333    1     -0.7728   -89.3510  -104.4331   -16.0788   125.3601    22.3285
    1662   55.3667    1     -0.7696   -89.3480  -104.4335   -16.0830   125.3505    22.3279
    1663   55.4000    1     -0.7694   -89.3479  -104.4337   -16.0827   125.3499    22.3277
    1664   55.4333    1     -0.7683   -89.3467  -104.4336   -16.0851   125.3462    22.3278
    1665   55.4667    1     -0.7657   -89.3446  -104.4359   -16.0818   125.3382    22.3250
    1666   55.5000    1     -0.7643   -89.3433  -104.4363   -16.0829   125.3340    22.3245
    1667   55.5333    1     -0.7588   -89.3382  -104.4376   -16.0882   125.3169    22.3228
    1668   55.5667    1     -0.7542   -89.3350  -104.4444   -16.0735   125.3026    22.3149
    1669   55.6000    1     -0.7548   -89.3370  -104.4513   -16.0490   125.3044    22.3069
    1670   55.6333    1     -0.7530   -89.3372  -104.4610   -16.0196   125.2987    22.2958
    1671   55.6667    1     -0.7507   -89.3357  -104.4650   -16.0103   125.2918    22.2912
    1672   55.7000    1     -0.7485   -89.3344  -104.4689   -16.0010   125.2849    22.2866
    1673   55.7333    1     -0.7492   -89.3351  -104.4689   -15.9997   125.2871    22.2866
    1674   55.7667    1     -0.7492   -89.3353  -104.4700   -15.9961   125.2870    22.2854
    1675   55.8000    1     -0.7491   -89.3354  -104.4711   -15.9925   125.2869    22.2842
    1676   55.8333    1     -0.7493   -89.3363  -104.4746   -15.9805   125.2874    22.2801
    1677   55.8667    1     -0.7502   -89.3374  -104.4757   -15.9753   125.2901    22.2789
    1678   55.9000    1     -0.7514   -89.3387  -104.4759   -15.9722   125.2940    22.2787
    1679   55.9333    1     -0.7492   -89.3365  -104.4757   -15.9768   125.2872    22.2789
    1680   55.9667    1     -0.7484   -89.3361  -104.4780   -15.9705   125.2847    22.2762
    1681   56.0000    1     -0.7500   -89.3376  -104.4774   -15.9698   125.2896    22.2770
    1682   56.0333    1     -0.7522   -89.3391  -104.4742   -15.9765   125.2964    22.2807
    1683   56.0667    1     -0.7533   -89.3395  -104.4713   -15.9847   125.2997    22.2841
    1684   56.1000    1     -0.7533   -89.3390  -104.4687   -15.9934   125.2997    22.2871
    1685   56.1333    1     -0.7519   -89.3372  -104.4663   -16.0038   125.2954    22.2897
    1686   56.1667    1     -0.7464   -89.3319  -104.4669   -16.0113   125.2784    22.2888
    1687   56.2000    1     -0.7413   -89.3273  -104.4688   -16.0141   125.2626    22.2865
    1688   56.2333    1     -0.7343   -89.3204  -104.4692   -16.0248   125.2409    22.2857
    1689   56.2667    1     -0.7301   -89.3164  -104.4694   -16.0317   125.2280    22.2855
    1690   56.3000    1     -0.7302   -89.3165  -104.4695   -16.0311   125.2282    22.2853
    1691   56.3333    1     -0.7359   -89.3217  -104.4676   -16.0276   125.2459    22.2877
    1692   56.3667    1     -0.7463   -89.3321  -104.4687   -16.0058   125.2780    22.2868
    1693   56.4000    1     -0.7465   -89.3331  -104.4728   -15.9915   125.2786    22.2821
    1694   56.4333    1     -0.7462   -89.3329  -104.4728   -15.9918   125.2778    22.2821
    1695   56.4667    1     -0.7522   -89.3386  -104.4718   -15.9849   125.2963    22.2835
    1696   56.5000    1     -0.7580   -89.3439  -104.4700   -15.9807   125.3143    22.2858
    1697   56.5333    1     -0.7628   -89.3486  -104.4694   -15.9741   125.3292    22.2866
    1698   56.5667    1     -0.7664   -89.3520  -104.4691   -15.9689   125.3403    22.2871
    1699   56.6000    1     -0.7723   -89.3573  -104.4665   -15.9672   125.3587    22.2902
    1700   56.6333    1     -0.7766   -89.3590  -104.4539   -16.0019   125.3721    22.3048
    1701   56.6667    1     -0.7783   -89.3586  -104.4435   -16.0341   125.3774    22.3169
    1702   56.7000    1     -0.7862   -89.3629  -104.4264   -16.0776   125.4019    22.3367
    1703   56.7333    1     -0.7974   -89.3718  -104.4153   -16.0951   125.4366    22.3498
    1704   56.7667    1     -0.8174   -89.3857  -104.3866   -16.1568   125.4986    22.3836
    1705   56.8000    1     -0.8296   -89.3939  -104.3673   -16.2001   125.5367    22.4062
    1706   56.8333    1     -0.8564   -89.4127  -104.3283   -16.2840   125.6201    22.4520
    1707   56.8667    1     -0.8785   -89.4301  -104.3063   -16.3192   125.6886    22.4783
    1708   56.9000    1     -0.8887   -89.4395  -104.3023   -16.3146   125.7204    22.4834
    1709   56.9333    1     -0.9087   -89.4596  -104.3033   -16.2757   125.7830    22.4835
    1710   56.9667    1     -0.9313   -89.4819  -104.3021   -16.2395   125.8533    22.4862
    1711   57.0000    1     -0.9543   -89.5022  -104.2890   -16.2428   125.9251    22.5026
    1712   57.0333    1     -0.9624   -89.5092  -104.2831   -16.2484   125.9504    22.5099
    1713   57.0667    1     -0.9667   -89.5136  -104.2839   -16.2382   125.9637    22.5093
    1714   57.1000    1     -0.9542   -89.5044  -104.2998   -16.2064   125.9249    22.4903
    1715   57.1333    1     -0.9438   -89.4956  -104.3082   -16.1968   125.8922    22.4800
    1716   57.1667    1     -0.9182   -89.4739  -104.3270   -16.1788   125.8126    22.4570
    1717   57.2000    1     -0.8953   -89.4550  -104.3468   -16.1528   125.7410    22.4330
    1718   57.2333    1     -0.8839   -89.4452  -104.3544   -16.1475   125.7056    22.4237
    1719   57.2667    1     -0.8672   -89.4322  -104.3720   -16.1177   125.6536    22.4027
    1720   57.3000    1     -0.8590   -89.4256  -104.3800   -16.1055   125.6279    22.3932
    1721   57.3333    1     -0.8547   -89.4223  -104.3849   -16.0965   125.6147    22.3873
    1722   57.3667    1     -0.8526   -89.4220  -104.3936   -16.0709   125.6082    22.3773
    1723   57.4000    1     -0.8508   -89.4254  -104.4186   -15.9895   125.6027    22.3484
    1724   57.4333    1     -0.8493   -89.4284  -104.4408   -15.9173   125.5978    22.3228
    1725   57.4667    1     -0.8505   -89.4297  -104.4413   -15.9135   125.6016    22.3223
    1726   57.5000    1     -0.8487   -89.4273  -104.4381   -15.9275   125.5960    22.3259
    1727   57.5333    1     -0.8395   -89.4177  -104.4361   -15.9508   125.5673    22.3279
    1728   57.5667    1     -0.8269   -89.4065  -104.4424   -15.9516   125.5283    22.3200
    1729   57.6000    1     -0.8206   -89.4002  -104.4419   -15.9646   125.5088    22.3204
    1730   57.6333    1     -0.8049   -89.3842  -104.4400   -15.9989   125.4600    22.3219
    1731   57.6667    1     -0.7890   -89.3695  -104.4451   -16.0097   125.4106    22.3154
    1732   57.7000    1     -0.7823   -89.3632  -104.4468   -16.0160   125.3897    22.3132
    1733   57.7333    1     -0.7749   -89.3561  -104.4479   -16.0251   125.3668    22.3116
    1734   57.7667    1     -0.7764   -89.3573  -104.4464   -16.0275   125.3714    22.3134
    1735   57.8000    1     -0.7821   -89.3628  -104.4456   -16.0203   125.3891    22.3146
    1736   57.8333    1     -0.7843   -89.3653  -104.4472   -16.0110   125.3960    22.3128
    1737   57.8667    1     -0.7892   -89.3701  -104.4471   -16.0027   125.4112    22.3131
    1738   57.9000    1     -0.8001   -89.3810  -104.4477   -15.9812   125.4450    22.3128
    1739   57.9333    1     -0.8090   -89.3891  -104.4442   -15.9775   125.4727    22.3173
    1740   57.9667    1     -0.8291   -89.4051  -104.4250   -16.0066   125.5352    22.3402
    1741   58.0000    1     -0.8522   -89.4197  -104.3843   -16.1028   125.6068    22.3878
    1742   58.0333    1     -0.8630   -89.4258  -104.3615   -16.1605   125.6404    22.4144
    1743   58.0667    1     -0.8833   -89.4355  -104.3095   -16.2998   125.7036    22.4748
    1744   58.1000    1     -0.9018   -89.4444  -104.2613   -16.4292   125.7612    22.5307
    1745   58.1333    1     -0.9192   -89.4518  -104.2112   -16.5669   125.8155    22.5886
    1746   58.1667    1     -0.9376   -89.4614  -104.1663   -16.6849   125.8729    22.6404
    1747   58.2000    1     -0.9462   -89.4670  -104.1508   -16.7217   125.8997    22.6585
    1748   58.2333    1     -0.9628   -89.4787  -104.1260   -16.7757   125.9516    22.6877
    1749   58.2667    1     -0.9699   -89.4846  -104.1193   -16.7857   125.9739    22.6958
    1750   58.3000    1     -0.9830   -89.4970  -104.1165   -16.7722   126.0148    22.7001
    1751   58.3333    1     -0.9927   -89.5078  -104.1225   -16.7350   126.0450    22.6941
    1752   58.3667    1     -1.0017   -89.5179  -104.1282   -16.7001   126.0734    22.6886
    1753   58.4000    1     -1.0059   -89.5224  -104.1299   -16.6869   126.0864    22.6870
    1754   58.4333    1     -1.0153   -89.5317  -104.1299   -16.6706   126.1157    22.6879
    1755   58.4667    1     -1.0311   -89.5478  -104.1309   -16.6392   126.1652    22.6880
    1756   58.5000    1     -1.0381   -89.5550  -104.1315   -16.6247   126.1874    22.6880
    1757   58.5333    1     -1.0546   -89.5730  -104.1390   -16.5699   126.2391    22.6809
    1758   58.5667    1     -1.0743   -89.5945  -104.1477   -16.5056   126.3007    22.6728
    1759   58.6000    1     -1.0865   -89.6068  -104.1479   -16.4831   126.3389    22.6736
    1760   58.6333    1     -1.0895   -89.6104  -104.1503   -16.4696   126.3485    22.6711
    1761   58.6667    1     -1.0923   -89.6174  -104.1713   -16.3935   126.3573    22.6474
    1762   58.7000    1     -1.0889   -89.6228  -104.2146   -16.2527   126.3466    22.5975
    1763   58.7333    1     -1.0865   -89.6252  -104.2384   -16.1762   126.3390    22.5699
    1764   58.7667    1     -1.0830   -89.6296  -104.2767   -16.0524   126.3279    22.5255
    1765   58.8000    1     -1.0824   -89.6337  -104.2989   -15.9779   126.3262    22.4997
    1766   58.8333    1     -1.0766   -89.6304  -104.3113   -15.9460   126.3081    22.4849
    1767   58.8667    1     -1.0723   -89.6278  -104.3197   -15.9255   126.2945    22.4749
    1768   58.9000    1     -1.0618   -89.6243  -104.3538   -15.8281   126.2616    22.4345
    1769   58.9333    1     -1.0425   -89.6141  -104.3981   -15.7123   126.2010    22.3817
    1770   58.9667    1     -1.0129   -89.5912  -104.4315   -15.6527   126.1084    22.3411
    1771   59.0000    1     -0.9999   -89.5796  -104.4389   -15.6511   126.0677    22.3318
    1772   59.0333    1     -0.9825   -89.5607  -104.4331   -15.7029   126.0133    22.3377
    1773   59.0667    1     -0.9709   -89.5435  -104.4077   -15.8104   125.9770    22.3667
    1774   59.1000    1     -0.9660   -89.5360  -104.3959   -15.8598   125.9615    22.3802
    1775   59.1333    1     -0.9512   -89.5183  -104.3824   -15.9325   125.9153    22.3951
    1776   59.1667    1     -0.9379   -89.4969  -104.3433   -16.0887   125.8740    22.4394
    1777   59.2000    1     -0.9357   -89.4881  -104.3109   -16.2021   125.8671    22.4764
    1778   59.2333    1     -0.9344   -89.4680  -104.2165   -16.5221   125.8630    22.5836
    1779   59.2667    1     -0.9414   -89.4487  -104.0786   -16.9712   125.8850    22.7388
    1780   59.3000    1     -0.9520   -89.4344  -103.9417   -17.4078   125.9179    22.8908
    1781   59.3333    1     -0.9546   -89.4256  -103.8768   -17.6176   125.9259    22.9617
    1782   59.3667    1     -0.9668   -89.4184  -103.7624   -17.9731   125.9643    23.0865
    1783   59.4000    1     -0.9969   -89.4319  -103.6655   -18.2404   126.0582    23.1937
    1784   59.4333    1     -1.0310   -89.4538  -103.5941   -18.4171   126.1651    23.2741
    1785   59.4667    1     -1.0529   -89.4712  -103.5689   -18.4629   126.2337    23.3039
    1786   59.5000    1     -1.1098   -89.5213  -103.5342   -18.4819   126.4123    23.3492
    1787   59.5333    1     -1.1699   -89.5739  -103.4942   -18.5123   126.6014    23.4011
    1788   59.5667    1     -1.1953   -89.5955  -103.4727   -18.5402   126.6814    23.4281
    1789   59.6000    1     -1.2439   -89.6361  -103.4254   -18.6138   126.8348    23.4865
    1790   59.6333    1     -1.2811   -89.6664  -103.3838   -18.6875   126.9523    23.5371
    1791   59.6667    1     -1.2945   -89.6775  -103.3697   -18.7112   126.9946    23.5544
    1792   59.7000    1     -1.3080   -89.6910  -103.3705   -18.6859   127.0373    23.5561
    1793   59.7333    1     -1.3041   -89.6899  -103.3880   -18.6349   127.0250    23.5369
    1794   59.7667    1     -1.2898   -89.6799  -103.4147   -18.5714   126.9799    23.5061
    1795   59.8000    1     -1.2793   -89.6725  -103.4342   -18.5252   126.9465    23.4835
    1796   59.8333    1     -1.2499   -89.6509  -103.4816   -18.4190   126.8536    23.4280
    1797   59.8667    1     -1.2139   -89.6256  -103.5463   -18.2672   126.7399    23.3530
    1798   59.9000    1     -1.1977   -89.6169  -103.5910   -18.1473   126.6889    23.3025
    1799   59.9333    1     -1.1669   -89.6061  -103.7088   -17.8107   126.5919    23.1709
    1800   59.9667    1     -1.1430   -89.6092  -103.8616   -17.3442   126.5167    23.0005
    1801   60.0000    1     -1.1227   -89.6241  -104.0497   -16.7493   126.4529    22.7882
    1802   60.0333    1     -1.1105   -89.6314  -104.1490   -16.4361   126.4145    22.6744
    1803   60.0667    1     -1.0797   -89.6494  -104.3854   -15.6874   126.3177    22.3987
    1804   60.1000    1     -1.0443   -89.6708  -104.6404   -14.8740   126.2068    22.0936
    1805   60.1333    1     -1.0240   -89.6804  -104.7686   -14.4667   126.1430    21.9374
    1806   60.1667    1     -0.9858   -89.7011  -105.0075   -13.7007   126.0234    21.6408
    1807   60.2000    1     -0.9608   -89.7279  -105.2036   -13.0528   125.9455    21.3919
    1808   60.2333    1     -0.9550   -89.7619  -105.3450   -12.5562   125.9272    21.2081
    1809   60.2667    1     -0.9562   -89.7783  -105.3962   -12.3685   125.9310    21.1405
    1810   60.3000    1     -0.9602   -89.8024  -105.4621   -12.1205   125.9436    21.0524
    1811   60.3333    1     -0.9731   -89.8296  -105.5053   -11.9356   125.9839    20.9930
    1812   60.3667    1     -0.9839   -89.8458  -105.5197   -11.8604   126.0176    20.9724
    1813   60.4000    1     -1.0079   -89.8794  -105.5433   -11.7227   126.0926    20.9376
    1814   60.4333    1     -1.0169   -89.8979  -105.5703   -11.6040   126.1208    20.8997
    1815   60.4667    1     -1.0152   -89.9011  -105.5860   -11.5495   126.1156    20.8784
    1816   60.5000    1     -1.0111   -89.9074  -105.6197   -11.4336   126.1027    20.8326
    1817   60.5333    1     -1.0090   -89.9128  -105.6437   -11.3496   126.0960    20.7998
    1818   60.5667    1     -1.0042   -89.9122  -105.6580   -11.3067   126.0812    20.7807
    1819   60.6000    1     -1.0027   -89.9107  -105.6587   -11.3075   126.0764    20.7799
    1820   60.6333    1     -0.9959   -89.9038  -105.6607   -11.3149   126.0550    20.7781
    1821   60.6667    1     -0.9892   -89.8975  -105.6640   -11.3172   126.0342    20.7746
    1822   60.7000    1     -0.9882   -89.8977  -105.6679   -11.3049   126.0312    20.7693
    1823   60.7333    1     -0.9906   -89.9057  -105.6845   -11.2383   126.0385    20.7460
    1824   60.7667    1     -0.9969   -89.9258  -105.7242   -11.0768   126.0583    20.6899
    1825   60.8000    1     -1.0000   -89.9502  -105.7864   -10.8377   126.0681    20.6023
    1826   60.8333    1     -0.9997   -89.9614  -105.8203   -10.7115   126.0671    20.5545
    1827   60.8667    1     -0.9950   -89.9796  -105.8883   -10.4663   126.0523    20.4587
    1828   60.9000    1     -0.9893   -89.9926  -105.9435   -10.2704   126.0345    20.3806
    1829   60.9333    1     -0.9881   -89.9981  -105.9629   -10.1998   126.0306    20.3530
    1830   60.9667    1     -0.9867   -90.0009  -105.9751   -10.1567   126.0264    20.3357
    1831   61.0000    1     -0.9772   -89.9880  -105.9690   -10.2015   125.9967    20.3464
    1832   61.0333    1     -0.9622   -89.9706  -105.9677   -10.2402   125.9499    20.3513
    1833   61.0667    1     -0.9541   -89.9623  -105.9701   -10.2492   125.9245    20.3494
    1834   61.1000    1     -0.9400   -89.9475  -105.9729   -10.2704   125.8805    20.3482
    1835   61.1333    1     -0.9342   -89.9411  -105.9733   -10.2819   125.8624    20.3487
    1836   61.1667    1     -0.9343   -89.9416  -105.9743   -10.2778   125.8626    20.3472
    1837   61.2000    1     -0.9358   -89.9441  -105.9766   -10.2658   125.8674    20.3437
    1838   61.2333    1     -0.9354   -89.9435  -105.9761   -10.2684   125.8661    20.3444
    1839   61.2667    1     -0.9364   -89.9441  -105.9747   -10.2716   125.8693    20.3463
    1840   61.3000    1     -0.9397   -89.9475  -105.9737   -10.2679   125.8797    20.3471
    1841   61.3333    1     -0.9389   -89.9470  -105.9749   -10.2653   125.8771    20.3455
    1842   61.3667    1     -0.9394   -89.9474  -105.9745   -10.2656   125.8786    20.3459
    1843   61.4000    1     -0.9404   -89.9484  -105.9742   -10.2644   125.8818    20.3462
    1844   61.4333    1     -0.9414   -89.9492  -105.9735   -10.2650   125.8847    20.3470
    1845   61.4667    1     -0.9426   -89.9507  -105.9736   -10.2617   125.8885    20.3466
    1846   61.5000    1     -0.9429   -89.9512  -105.9742   -10.2589   125.8896    20.3457
    1847   61.5333    1     -0.9456   -89.9540  -105.9737   -10.2547   125.8978    20.3458
    1848   61.5667    1     -0.9480   -89.9573  -105.9751   -10.2439   125.9054    20.3433
    1849   61.6000    1     -0.9494   -89.9590  -105.9755   -10.2396   125.9098    20.3426
    1850   61.6333    1     -0.9504   -89.9598  -105.9747   -10.2401   125.9130    20.3435
    1851   61.6667    1     -0.9530   -89.9620  -105.9727   -10.2419   125.9210    20.3459
    1852   61.7000    1     -0.9575   -89.9662  -105.9700   -10.2420   125.9352    20.3489
    1853   61.7333    1     -0.9601   -89.9683  -105.9678   -10.2444   125.9433    20.3515
    1854   61.7667    1     -0.9645   -89.9729  -105.9668   -10.2383   125.9569    20.3521
    1855   61.8000    1     -0.9706   -89.9788  -105.9643   -10.2342   125.9759    20.3545
    1856   61.8333    1     -0.9763   -89.9845  -105.9619   -10.2301   125.9939    20.3567
    1857   61.8667    1     -0.9767   -89.9847  -105.9614   -10.2313   125.9951    20.3574
    1858   61.9000    1     -0.9760   -89.9838  -105.9612   -10.2338   125.9928    20.3579
    1859   61.9333    1     -0.9764   -89.9838  -105.9598   -10.2382   125.9940    20.3599
    1860   61.9667    1     -0.9763   -89.9835  -105.9594   -10.2398   125.9938    20.3604
    1861   62.0000    1     -0.9767   -89.9834  -105.9576   -10.2458   125.9952    20.3630
    1862   62.0333    1     -0.9801   -89.9869  -105.9565   -10.2419   126.0059    20.3638
    1863   62.0667    1     -0.9821   -89.9876  -105.9523   -10.2534   126.0119    20.3694
    1864   62.1000    1     -0.9812   -89.9859  -105.9506   -10.2620   126.0091    20.3721
    1865   62.1333    1     -0.9794   -89.9818  -105.9444   -10.2892   126.0036    20.3813
    1866   62.1667    1     -0.9751   -89.9763  -105.9426   -10.3060   125.9901    20.3848
    1867   62.2000    1     -0.9733   -89.9741  -105.9422   -10.3116   125.9845    20.3857
    1868   62.2333    1     -0.9709   -89.9707  -105.9402   -10.3245   125.9771    20.3890
    1869   62.2667    1     -0.9725   -89.9708  -105.9354   -10.3389   125.9820    20.3955
    1870   62.3000    1     -0.9760   -89.9744  -105.9345   -10.3345   125.9929    20.3962
    1871   62.3333    1     -0.9758   -89.9743  -105.9347   -10.3341   125.9923    20.3959
    1872   62.3667    1     -0.9740   -89.9746  -105.9413   -10.3133   125.9867    20.3868
    1873   62.4000    1     -0.9757   -89.9823  -105.9576   -10.2478   125.9920    20.3631
    1874   62.4333    1     -0.9756   -89.9866  -105.9701   -10.2008   125.9916    20.3451
    1875   62.4667    1     -0.9735   -89.9934  -105.9956   -10.1087   125.9852    20.3087
    1876   62.5000    1     -0.9691   -89.9939  -106.0110   -10.0606   125.9713    20.2874
    1877   62.5333    1     -0.9681   -89.9946  -106.0163   -10.0428   125.9681    20.2800
    1878   62.5667    1     -0.9674   -89.9937  -106.0159   -10.0455   125.9661    20.2806
    1879   62.6000    1     -0.9632   -89.9896  -106.0177   -10.0483   125.9530    20.2789
    1880   62.6333    1     -0.9601   -89.9873  -106.0211   -10.0426   125.9432    20.2746
    1881   62.6667    1     -0.9594   -89.9869  -106.0221   -10.0403   125.9410    20.2733
    1882   62.7000    1     -0.9587   -89.9863  -106.0225   -10.0403   125.9390    20.2729
    1883   62.7333    1     -0.9569   -89.9847  -106.0239   -10.0392   125.9331    20.2712
    1884   62.7667    1     -0.9549   -89.9829  -106.0249   -10.0398   125.9271    20.2702
    1885   62.8000    1     -0.9557   -89.9837  -106.0248   -10.0383   125.9296    20.2702
    1886   62.8333    1     -0.9569   -89.9848  -106.0244   -10.0375   125.9331    20.2706
    1887   62.8667    1     -0.9562   -89.9839  -106.0238   -10.0410   125.9311    20.2715
    1888   62.9000    1     -0.9563   -89.9836  -106.0228   -10.0446   125.9313    20.2729
    1889   62.9333    1     -0.9588   -89.9857  -106.0205   -10.0478   125.9393    20.2758
    1890   62.9667    1     -0.9622   -89.9888  -106.0187   -10.0469   125.9497    20.2777
    1891   63.0000    1     -0.9624   -89.9891  -106.0189   -10.0456   125.9503    20.2773
    1892   63.0333    1     -0.9605   -89.9874  -106.0199   -10.0463   125.9445    20.2763
    1893   63.0667    1     -0.9605   -89.9864  -106.0171   -10.0566   125.9446    20.2803
    1894   63.1000    1     -0.9614   -89.9853  -106.0112   -10.0772   125.9474    20.2887
    1895   63.1333    1     -0.9613   -89.9844  -106.0093   -10.0847   125.9470    20.2915
    1896   63.1667    1     -0.9616   -89.9850  -106.0101   -10.0810   125.9478    20.2903
    1897   63.2000    1     -0.9619   -89.9857  -106.0108   -10.0775   125.9488    20.2891
    1898   63.2333    1     -0.9615   -89.9848  -106.0097   -10.0826   125.9476    20.2908
    1899   63.2667    1     -0.9622   -89.9856  -106.0098   -10.0808   125.9497    20.2906
    1900   63.3000    1     -0.9644   -89.9878  -106.0088   -10.0793   125.9568    20.2915
    1901   63.3333    1     -0.9684   -89.9923  -106.0090   -10.0697   125.9691    20.2904
    1902   63.3667    1     -0.9695   -89.9943  -106.0107   -10.0607   125.9727    20.2878
    1903   63.4000    1     -0.9688   -89.9943  -106.0133   -10.0526   125.9703    20.2842
    1904   63.4333    1     -0.9666   -89.9921  -106.0138   -10.0554   125.9635    20.2838
    1905   63.4667    1     -0.9655   -89.9911  -106.0148   -10.0543   125.9600    20.2827
    1906   63.5000    1     -0.9626   -89.9892  -106.0184   -10.0471   125.9512    20.2780
    1907   63.5333    1     -0.9616   -89.9885  -106.0197   -10.0446   125.9478    20.2764
    1908   63.5667    1     -0.9620   -89.9891  -106.0198   -10.0429   125.9493    20.2761
    1909   63.6000    1     -0.9623   -89.9892  -106.0196   -10.0434   125.9499    20.2764
    1910   63.6333    1     -0.9614   -89.9886  -106.0203   -10.0425   125.9474    20.2755
    1911   63.6667    1     -0.9640   -89.9911  -106.0195   -10.0399   125.9554    20.2762
    1912   63.7000    1     -0.9652   -89.9926  -106.0198   -10.0359   125.9591    20.2754
    1913   63.7333    1     -0.9663   -89.9946  -106.0218   -10.0259   125.9625    20.2724
    1914   63.7667    1     -0.9657   -89.9956  -106.0265   -10.0094   125.9608    20.2657
    1915   63.8000    1     -0.9652   -89.9966  -106.0306    -9.9947   125.9592    20.2598
    1916   63.8333    1     -0.9657   -89.9977  -106.0322    -9.9875   125.9609    20.2573
    1917   63.8667    1     -0.9674   -89.9997  -106.0326    -9.9825   125.9659    20.2565
    1918   63.9000    1     -0.9694   -90.0018  -106.0320    -9.9798   125.9723    20.2568
    1919   63.9333    1     -0.9695   -90.0020  -106.0322    -9.9789   125.9726    20.2565
    1920   63.9667    1     -0.9685   -90.0007  -106.0317    -9.9833   125.9695    20.2576
    1921   64.0000    1     -0.9691   -90.0016  -106.0325    -9.9787   125.9713    20.2562
    1922   64.0333    1     -0.9699   -90.0028  -106.0331    -9.9746   125.9738    20.2551
    1923   64.0667    1     -0.9689   -90.0018  -106.0335    -9.9752   125.9709    20.2547
    1924   64.1000    1     -0.9686   -90.0015  -106.0338    -9.9750   125.9696    20.2544
    1925   64.1333    1     -0.9706   -90.0035  -106.0330    -9.9737   125.9759    20.2552
    1926   64.1667    1     -0.9708   -90.0037  -106.0329    -9.9735   125.9767    20.2553
    1927   64.2000    1     -0.9701   -90.0029  -106.0327    -9.9755   125.9746    20.2556
    1928   64.2333    1     -0.9710   -90.0032  -106.0309    -9.9806   125.9772    20.2581
    1929   64.2667    1     -0.9718   -90.0039  -106.0303    -9.9811   125.9798    20.2589
    1930   64.3000    1     -0.9752   -90.0073  -106.0291    -9.9778   125.9903    20.2598
    1931   64.3333    1     -0.9778   -90.0093  -106.0264    -9.9821   125.9984    20.2632
    1932   64.3667    1     -0.9798   -90.0113  -106.0255    -9.9810   126.0049    20.2641
    1933   64.4000    1     -0.9798   -90.0110  -106.0249    -9.9834   126.0049    20.2651
    1934   64.4333    1     -0.9780   -90.0090  -106.0251    -9.9868   125.9991    20.2651
    1935   64.4667    1     -0.9759   -90.0061  -106.0237    -9.9969   125.9925    20.2676
    1936   64.5000    1     -0.9747   -90.0051  -106.0247    -9.9959   125.9887    20.2664
    1937   64.5333    1     -0.9727   -90.0033  -106.0257    -9.9964   125.9827    20.2654
    1938   64.5667    1     -0.9736   -90.0038  -106.0245    -9.9991   125.9853    20.2669
    1939   64.6000    1     -0.9742   -90.0036  -106.0222   -10.0065   125.9872    20.2701
    1940   64.6333    1     -0.9746   -90.0041  -106.0222   -10.0057   125.9884    20.2701
    1941   64.6667    1     -0.9762   -90.0048  -106.0190   -10.0138   125.9937    20.2743
    1942   64.7000    1     -0.9783   -90.0060  -106.0156   -10.0219   126.0002    20.2788
    1943   64.7333    1     -0.9799   -90.0070  -106.0135   -10.0264   126.0052    20.2816
    1944   64.7667    1     -0.9803   -90.0075  -106.0134   -10.0256   126.0065    20.2815
    1945   64.8000    1     -0.9796   -90.0067  -106.0135   -10.0272   126.0042    20.2816
    1946   64.8333    1     -0.9805   -90.0073  -106.0124   -10.0292   126.0070    20.2830
    1947   64.8667    1     -0.9807   -90.0076  -106.0126   -10.0280   126.0076    20.2826
    1948   64.9000    1     -0.9805   -90.0074  -106.0127   -10.0283   126.0070    20.2826
    1949   64.9333    1     -0.9785   -90.0053  -106.0133   -10.0304   126.0007    20.2821
    1950   64.9667    1     -0.9770   -90.0032  -106.0120   -10.0386   125.9960    20.2843
    1951   65.0000    1     -0.9766   -90.0025  -106.0114   -10.0420   125.9948    20.2853
    1952   65.0333    1     -0.9774   -90.0029  -106.0100   -10.0456   125.9973    20.2872
    1953   65.0667    1     -0.9784   -90.0032  -106.0076   -10.0522   126.0004    20.2904
    1954   65.1000    1     -0.9788   -90.0028  -106.0054   -10.0598   126.0015    20.2935
    1955   65.1333    1     -0.9796   -90.0032  -106.0039   -10.0635   126.0043    20.2955
    1956   65.1667    1     -0.9808   -90.0040  -106.0023   -10.0670   126.0078    20.2976
    1957   65.2000    1     -0.9804   -90.0032  -106.0014   -10.0713   126.0066    20.2989
    1958   65.2333    1     -0.9802   -90.0030  -106.0015   -10.0715   126.0060    20.2989
    1959   65.2667    1     -0.9808   -90.0033  -106.0005   -10.0739   126.0078    20.3002
    1960   65.3000    1     -0.9800   -90.0026  -106.0007   -10.0747   126.0055    20.3000
    1961   65.3333    1     -0.9802   -90.0027  -106.0005   -10.0752   126.0062    20.3004
    1962   65.3667    1     -0.9800   -90.0026  -106.0007   -10.0747   126.0055    20.3001
    1963   65.4000    1     -0.9800   -90.0027  -106.0012   -10.0730   126.0055    20.2994
    1964   65.4333    1     -0.9800   -90.0028  -106.0015   -10.0719   126.0053    20.2989
    1965   65.4667    1     -0.9796   -90.0022  -106.0013   -10.0735   126.0041    20.2993
    1966   65.5000    1     -0.9785   -90.0006  -106.0001   -10.0803   126.0008    20.3012
    1967   65.5333    1     -0.9780   -89.9996  -105.9990   -10.0858   125.9992    20.3029
    1968   65.5667    1     -0.9786   -90.0004  -105.9993   -10.0832   126.0010    20.3023
    1969   65.6000    1     -0.9820   -90.0038  -105.9981   -10.0801   126.0116    20.3034
    1970   65.6333    1     -0.9849   -90.0066  -105.9964   -10.0799   126.0208    20.3053
    1971   65.6667    1     -0.9860   -90.0078  -105.9965   -10.0771   126.0242    20.3049
    1972   65.7000    1     -0.9843   -90.0058  -105.9963   -10.0817   126.0188    20.3055
    1973   65.7333    1     -0.9817   -90.0038  -105.9990   -10.0775   126.0108    20.3022
    1974   65.7667    1     -0.9822   -90.0043  -105.9989   -10.0768   126.0123    20.3023
    1975   65.8000    1     -0.9829   -90.0048  -105.9980   -10.0784   126.0144    20.3033
    1976   65.8333    1     -0.9837   -90.0060  -105.9989   -10.0734   126.0169    20.3019
    1977   65.8667    1     -0.9856   -90.0073  -105.9965   -10.0781   126.0229    20.3050
    1978   65.9000    1     -0.9870   -90.0086  -105.9957   -10.0779   126.0273    20.3059
    1979   65.9333    1     -0.9887   -90.0104  -105.9955   -10.0750   126.0325    20.3058
    1980   65.9667    1     -0.9893   -90.0112  -105.9956   -10.0732   126.0345    20.3056
    1981   66.0000    1     -0.9899   -90.0120  -105.9960   -10.0704   126.0364    20.3049
    1982   66.0333    1     -0.9920   -90.0144  -105.9960   -10.0657   126.0429    20.3045
    1983   66.0667    1     -0.9910   -90.0135  -105.9966   -10.0655   126.0399    20.3038
    1984   66.1000    1     -0.9889   -90.0115  -105.9976   -10.0663   126.0333    20.3027
    1985   66.1333    1     -0.9883   -90.0113  -105.9990   -10.0624   126.0313    20.3008
    1986   66.1667    1     -0.9887   -90.0110  -105.9969   -10.0693   126.0326    20.3037
    1987   66.2000    1     -0.9897   -90.0128  -105.9987   -10.0604   126.0357    20.3010
    1988   66.2333    1     -0.9895   -90.0126  -105.9989   -10.0600   126.0351    20.3007
    1989   66.2667    1     -0.9894   -90.0122  -105.9982   -10.0631   126.0347    20.3018
    1990   66.3000    1     -0.9888   -90.0118  -105.9991   -10.0610   126.0328    20.3006
    1991   66.3333    1     -0.9883   -90.0113  -105.9990   -10.0624   126.0313    20.3008
    1992   66.3667    1     -0.9877   -90.0109  -105.9999   -10.0602   126.0294    20.2996
    1993   66.4000    1     -0.9880   -90.0116  -106.0009   -10.0559   126.0304    20.2981
    1994   66.4333    1     -0.9886   -90.0126  -106.0017   -10.0513   126.0323    20.2968
    1995   66.4667    1     -0.9883   -90.0124  -106.0019   -10.0515   126.0315    20.2967
    1996   66.5000    1     -0.9877   -90.0117  -106.0020   -10.0524   126.0294    20.2966
    1997   66.5333    1     -0.9867   -90.0106  -106.0023   -10.0536   126.0263    20.2964
    1998   66.5667    1     -0.9863   -90.0102  -106.0023   -10.0544   126.0250    20.2964
    1999   66.6000    1     -0.9863   -90.0102  -106.0023   -10.0544   126.0250    20.2964
    2000   66.6333    1     -0.9867   -90.0103  -106.0010   -10.0582   126.0265    20.2982
    2001   66.6667    1     -0.9858   -90.0093  -106.0013   -10.0593   126.0236    20.2980
    2002   66.7000    1     -0.9857   -90.0093  -106.0014   -10.0592   126.0234    20.2979
    2003   66.7333    1     -0.9867   -90.0105  -106.0015   -10.0563   126.0265    20.2974
    2004   66.7667    1     -0.9856   -90.0094  -106.0023   -10.0562   126.0230    20.2966
    2005   66.8000    1     -0.9840   -90.0077  -106.0027   -10.0583   126.0178    20.2964
    2006   66.8333    1     -0.9842   -90.0080  -106.0026   -10.0581   126.0186    20.2965
    2007   66.8667    1     -0.9842   -90.0076  -106.0017   -10.0616   126.0186    20.2978
    2008   66.9000    1     -0.9844   -90.0079  -106.0017   -10.0611   126.0192    20.2978
    2009   66.9333    1     -0.9854   -90.0088  -106.0014   -10.0598   126.0222    20.2979
    2010   66.9667    1     -0.9850   -90.0083  -106.0009   -10.0625   126.0211    20.2987
    2011   67.0000    1     -0.9824   -90.0054  -106.0010   -10.0683   126.0130    20.2992
    2012   67.0333    1     -0.9822   -90.0052  -106.0012   -10.0678   126.0124    20.2989
    2013   67.0667    1     -0.9822   -90.0056  -106.0023   -10.0638   126.0123    20.2973
    2014   67.1000    1     -0.9832   -90.0065  -106.0019   -10.0632   126.0153    20.2977
    2015   67.1333    1     -0.9827   -90.0061  -106.0022   -10.0629   126.0139    20.2973
    2016   67.1667    1     -0.9825   -90.0060  -106.0025   -10.0624   126.0132    20.2970
    2017   67.2000    1     -0.9810   -90.0046  -106.0031   -10.0633   126.0087    20.2963
    2018   67.2333    1     -0.9812   -90.0051  -106.0040   -10.0595   126.0093    20.2950
    2019   67.2667    1     -0.9819   -90.0058  -106.0039   -10.0585   126.0113    20.2951
    2020   67.3000    1     -0.9822   -90.0056  -106.0026   -10.0627   126.0122    20.2968
    2021   67.3333    1     -0.9817   -90.0051  -106.0025   -10.0641   126.0107    20.2971
    2022   67.3667    1     -0.9817   -90.0051  -106.0025   -10.0641   126.0107    20.2971
    2023   67.4000    1     -0.9820   -90.0051  -106.0015   -10.0673   126.0118    20.2986
    2024   67.4333    1     -0.9818   -90.0052  -106.0027   -10.0634   126.0109    20.2969
    2025   67.4667    1     -0.9825   -90.0060  -106.0025   -10.0624   126.0132    20.2970
    2026   67.5000    1     -0.9825   -90.0060  -106.0025   -10.0624   126.0132    20.2970
    2027   67.5333    1     -0.9816   -90.0054  -106.0035   -10.0604   126.0105    20.2956
    2028   67.5667    1     -0.9811   -90.0050  -106.0041   -10.0594   126.0088    20.2949
    2029   67.6000    1     -0.9829   -90.0066  -106.0027   -10.0604   126.0146    20.2965
    2030   67.6333    1     -0.9840   -90.0075  -106.0022   -10.0600   126.0178    20.2970
    2031   67.6667    1     -0.9856   -90.0093  -106.0020   -10.0571   126.0230    20.2970
    2032   67.7000    1     -0.9844   -90.0079  -106.0019   -10.0604   126.0192    20.2975
    2033   67.7333    1     -0.9829   -90.0067  -106.0031   -10.0591   126.0145    20.2960
    2034   67.7667    1     -0.9798   -90.0036  -106.0044   -10.0613   126.0049    20.2948
    2035   67.8000    1     -0.9786   -90.0028  -106.0059   -10.0583   126.0009    20.2928
    2036   67.8333    1     -0.9791   -90.0033  -106.0057   -10.0580   126.0025    20.2930
    2037   67.8667    1     -0.9799   -90.0044  -106.0063   -10.0539   126.0050    20.2920
    2038   67.9000    1     -0.9798   -90.0047  -106.0073   -10.0502   126.0048    20.2906
    2039   67.9333    1     -0.9789   -90.0038  -106.0076   -10.0509   126.0021    20.2902
    2040   67.9667    1     -0.9789   -90.0038  -106.0076   -10.0509   126.0021    20.2902
    2041   68.0000    1     -0.9797   -90.0041  -106.0061   -10.0551   126.0044    20.2923
    2042   68.0333    1     -0.9803   -90.0049  -106.0065   -10.0523   126.0063    20.2916
    2043   68.0667    1     -0.9813   -90.0058  -106.0057   -10.0528   126.0094    20.2925
    2044   68.1000    1     -0.9817   -90.0058  -106.0044   -10.0567   126.0108    20.2943
    2045   68.1333    1     -0.9813   -90.0058  -106.0057   -10.0528   126.0094    20.2925
    2046   68.1667    1     -0.9811   -90.0056  -106.0060   -10.0524   126.0088    20.2922
    2047   68.2000    1     -0.9814   -90.0063  -106.0069   -10.0481   126.0098    20.2908
    2048   68.2333    1     -0.9817   -90.0070  -106.0080   -10.0435   126.0106    20.2892
    2049   68.2667    1     -0.9795   -90.0058  -106.0114   -10.0352   126.0039    20.2846
    2050   68.3000    1     -0.9809   -90.0082  -106.0135   -10.0240   126.0082    20.2813
    2051   68.3333    1     -0.9811   -90.0087  -106.0144   -10.0204   126.0088    20.2800
    2052   68.3667    1     -0.9809   -90.0085  -106.0146   -10.0199   126.0082    20.2797
    2053   68.4000    1     -0.9814   -90.0090  -106.0142   -10.0201   126.0099    20.2801
    2054   68.4333    1     -0.9812   -90.0091  -106.0151   -10.0172   126.0092    20.2789
    2055   68.4667    1     -0.9818   -90.0092  -106.0138   -10.0210   126.0109    20.2807
    2056   68.5000    1     -0.9818   -90.0092  -106.0138   -10.0210   126.0109    20.2807
    2057   68.5333    1     -0.9812   -90.0091  -106.0151   -10.0172   126.0092    20.2789
    2058   68.5667    1     -0.9817   -90.0096  -106.0152   -10.0158   126.0106    20.2786
    2059   68.6000    1     -0.9806   -90.0086  -106.0157   -10.0164   126.0071    20.2781
    2060   68.6333    1     -0.9802   -90.0082  -106.0159   -10.0167   126.0061    20.2780
    2061   68.6667    1     -0.9804   -90.0081  -106.0150   -10.0196   126.0067    20.2793
    2062   68.7000    1     -0.9793   -90.0074  -106.0163   -10.0171   126.0034    20.2776
    2063   68.7333    1     -0.9788   -90.0083  -106.0204   -10.0025   126.0018    20.2717
    2064   68.7667    1     -0.9788   -90.0083  -106.0204   -10.0025   126.0018    20.2717
    2065   68.8000    1     -0.9788   -90.0080  -106.0195   -10.0060   126.0018    20.2730
    2066   68.8333    1     -0.9786   -90.0077  -106.0196   -10.0061   126.0010    20.2729
    2067   68.8667    1     -0.9793   -90.0085  -106.0195   -10.0051   126.0033    20.2730
    2068   68.9000    1     -0.9796   -90.0088  -106.0193   -10.0050   126.0041    20.2731
    2069   68.9333    1     -0.9793   -90.0085  -106.0195   -10.0051   126.0033    20.2730
    2070   68.9667    1     -0.9780   -90.0073  -106.0202   -10.0055   125.9991    20.2723
    2071   69.0000    1     -0.9778   -90.0071  -106.0204   -10.0050   125.9985    20.2720
    2072   69.0333    1     -0.9782   -90.0076  -106.0204   -10.0042   125.9998    20.2719
    2073   69.0667    1     -0.9777   -90.0072  -106.0207   -10.0039   125.9983    20.2715
    2074   69.1000    1     -0.9776   -90.0067  -106.0200   -10.0071   125.9979    20.2726
    2075   69.1333    1     -0.9776   -90.0067  -106.0200   -10.0071   125.9979    20.2726
    2076   69.1667    1     -0.9771   -90.0062  -106.0199   -10.0085   125.9965    20.2729
    2077   69.2000    1     -0.9771   -90.0062  -106.0199   -10.0085   125.9965    20.2729
    2078   69.2333    1     -0.9775   -90.0065  -106.0196   -10.0087   125.9977    20.2732
    2079   69.2667    1     -0.9770   -90.0064  -106.0209   -10.0049   125.9960    20.2714
    2080   69.3000    1     -0.9773   -90.0065  -106.0201   -10.0072   125.9971    20.2725
    2081   69.3333    1     -0.9757   -90.0054  -106.0224   -10.0023   125.9919    20.2695
    2082   69.3667    1     -0.9749   -90.0048  -106.0230   -10.0016   125.9895    20.2688
    2083   69.4000    1     -0.9737   -90.0036  -106.0235   -10.0023   125.9857    20.2682
    2084   69.4333    1     -0.9739   -90.0038  -106.0233   -10.0028   125.9864    20.2686
    2085   69.4667    1     -0.9739   -90.0038  -106.0233   -10.0028   125.9864    20.2686
    2086   69.5000    1     -0.9747   -90.0045  -106.0228   -10.0029   125.9889    20.2691
    2087   69.5333    1     -0.9748   -90.0043  -106.0219   -10.0060   125.9893    20.2704
    2088   69.5667    1     -0.9756   -90.0049  -106.0212   -10.0069   125.9916    20.2712
    2089   69.6000    1     -0.9759   -90.0051  -106.0210   -10.0073   125.9925    20.2715
    2090   69.6333    1     -0.9761   -90.0054  -106.0208   -10.0071   125.9933    20.2717
    2091   69.6667    1     -0.9747   -90.0042  -106.0222   -10.0054   125.9887    20.2700
    2092   69.7000    1     -0.9742   -90.0033  -106.0211   -10.0104   125.9872    20.2716
    2093   69.7333    1     -0.9732   -90.0023  -106.0214   -10.0115   125.9841    20.2714
    2094   69.7667    1     -0.9734   -90.0026  -106.0217   -10.0103   125.9847    20.2711
    2095   69.8000    1     -0.9729   -90.0022  -106.0220   -10.0100   125.9833    20.2706
    2096   69.8333    1     -0.9730   -90.0021  -106.0214   -10.0120   125.9837    20.2715
    2097   69.8667    1     -0.9719   -90.0010  -106.0220   -10.0125   125.9800    20.2709
    2098   69.9000    1     -0.9706   -89.9996  -106.0221   -10.0149   125.9762    20.2710
    2099   69.9333    1     -0.9702   -89.9994  -106.0228   -10.0130   125.9747    20.2700
    2100   69.9667    1     -0.9697   -90.0003  -106.0269    -9.9988   125.9733    20.2643
    2101   70.0000    1     -0.9707   -90.0012  -106.0261    -9.9993   125.9765    20.2651
    2102   70.0333    1     -0.9713   -90.0022  -106.0270    -9.9947   125.9783    20.2638
    2103   70.0667    1     -0.9706   -90.0025  -106.0300    -9.9849   125.9761    20.2596
    2104   70.1000    1     -0.9686   -90.0013  -106.0331    -9.9777   125.9699    20.2555
    2105   70.1333    1     -0.9658   -90.0000  -106.0384    -9.9638   125.9610    20.2483
    2106   70.1667    1     -0.9646   -90.0006  -106.0436    -9.9469   125.9573    20.2411
    2107   70.2000    1     -0.9628   -90.0032  -106.0566    -9.9017   125.9515    20.2226
    2108   70.2333    1     -0.9606   -90.0076  -106.0752    -9.8355   125.9448    20.1958
    2109   70.2667    1     -0.9627   -90.0143  -106.0872    -9.7853   125.9512    20.1779
    2110   70.3000    1     -0.9644   -90.0177  -106.0910    -9.7667   125.9567    20.1720
    2111   70.3333    1     -0.9655   -90.0201  -106.0943    -9.7515   125.9600    20.1668
    2112   70.3667    1     -0.9639   -90.0202  -106.0994    -9.7356   125.9552    20.1598
    2113   70.4000    1     -0.9638   -90.0219  -106.1041    -9.7177   125.9549    20.1528
    2114   70.4333    1     -0.9651   -90.0294  -106.1207    -9.6517   125.9588    20.1283
    2115   70.4667    1     -0.9635   -90.0342  -106.1381    -9.5884   125.9540    20.1029
    2116   70.5000    1     -0.9630   -90.0389  -106.1527    -9.5340   125.9522    20.0816
    2117   70.5333    1     -0.9639   -90.0416  -106.1570    -9.5152   125.9551    20.0750
    2118   70.5667    1     -0.9657   -90.0439  -106.1577    -9.5085   125.9607    20.0736
    2119   70.6000    1     -0.9656   -90.0430  -106.1553    -9.5178   125.9605    20.0771
    2120   70.6333    1     -0.9650   -90.0426  -106.1562    -9.5157   125.9586    20.0759
    2121   70.6667    1     -0.9658   -90.0435  -106.1562    -9.5140   125.9610    20.0757
    2122   70.7000    1     -0.9651   -90.0420  -106.1542    -9.5230   125.9589    20.0788
    2123   70.7333    1     -0.9645   -90.0411  -106.1538    -9.5261   125.9570    20.0796
    2124   70.7667    1     -0.9630   -90.0399  -106.1550    -9.5248   125.9524    20.0781
    2125   70.8000    1     -0.9595   -90.0355  -106.1540    -9.5366   125.9414    20.0804
    2126   70.8333    1     -0.9525   -90.0279  -106.1550    -9.5492   125.9196    20.0807
    2127   70.8667    1     -0.9482   -90.0230  -106.1550    -9.5592   125.9062    20.0817
    2128   70.9000    1     -0.9365   -90.0104  -106.1570    -9.5781   125.8696    20.0813
    2129   70.9333    1     -0.9165   -89.9889  -106.1602    -9.6118   125.8073    20.0813
    2130   70.9667    1     -0.9023   -89.9737  -106.1629    -9.6341   125.7629    20.0806
    2131   71.0000    1     -0.8654   -89.9351  -106.1713    -9.6864   125.6480    20.0770
    2132   71.0333    1     -0.8204   -89.8877  -106.1802    -9.7543   125.5080    20.0743
    2133   71.0667    1     -0.7977   -89.8639  -106.1845    -9.7888   125.4375    20.0732
    2134   71.1000    1     -0.7564   -89.8218  -106.1954    -9.8398   125.3095    20.0669
    2135   71.1333    1     -0.7258   -89.7926  -106.2084    -9.8585   125.2147    20.0550
    2136   71.1667    1     -0.7041   -89.7723  -106.2191    -9.8665   125.1473    20.0447
    2137   71.2000    1     -0.6963   -89.7648  -106.2222    -9.8719   125.1233    20.0419
    2138   71.2333    1     -0.6880   -89.7568  -106.2255    -9.8779   125.0976    20.0391
    2139   71.2667    1     -0.6894   -89.7583  -106.2254    -9.8752   125.1019    20.0389
    2140   71.3000    1     -0.6903   -89.7590  -106.2244    -9.8769   125.1047    20.0401
    2141   71.3333    1     -0.6909   -89.7597  -106.2243    -9.8758   125.1067    20.0401
    2142   71.3667    1     -0.6895   -89.7585  -106.2255    -9.8744   125.1024    20.0387
    2143   71.4000    1     -0.6883   -89.7567  -106.2242    -9.8823   125.0985    20.0410
    2144   71.4333    1     -0.6865   -89.7545  -106.2236    -9.8883   125.0932    20.0422
    2145   71.4667    1     -0.6837   -89.7501  -106.2200    -9.9080   125.0843    20.0480
    2146   71.5000    1     -0.6825   -89.7483  -106.2184    -9.9167   125.0807    20.0506
    2147   71.5333    1     -0.6826   -89.7484  -106.2185    -9.9160   125.0809    20.0504
    2148   71.5667    1     -0.6818   -89.7474  -106.2185    -9.9181   125.0784    20.0506
    2149   71.6000    1     -0.6797   -89.7454  -106.2188    -9.9211   125.0721    20.0506
    2150   71.6333    1     -0.6780   -89.7438  -106.2198    -9.9213   125.0666    20.0495
    2151   71.6667    1     -0.6777   -89.7431  -106.2188    -9.9258   125.0658    20.0511
    2152   71.7000    1     -0.6769   -89.7422  -106.2187    -9.9279   125.0635    20.0514
    2153   71.7333    1     -0.6796   -89.7443  -106.2162    -9.9312   125.0717    20.0543
    2154   71.7667    1     -0.6808   -89.7447  -106.2138    -9.9379   125.0754    20.0576
    2155   71.8000    1     -0.6820   -89.7431  -106.2053    -9.9670   125.0793    20.0695
    2156   71.8333    1     -0.6804   -89.7392  -106.1996    -9.9921   125.0742    20.0780
    2157   71.8667    1     -0.6772   -89.7356  -106.1990   -10.0010   125.0644    20.0795
    2158   71.9000    1     -0.6763   -89.7351  -106.2006    -9.9971   125.0614    20.0774
    2159   71.9333    1     -0.6777   -89.7365  -106.2001    -9.9961   125.0658    20.0779
    2160   71.9667    1     -0.6808   -89.7397  -106.1998    -9.9903   125.0754    20.0776
    2161   72.0000    1     -0.6842   -89.7436  -106.2001    -9.9819   125.0858    20.0764
    2162   72.0333    1     -0.6965   -89.7556  -106.1957    -9.9713   125.1240    20.0800
    2163   72.0667    1     -0.7152   -89.7748  -106.1917    -9.9453   125.1818    20.0816
    2164   72.1000    1     -0.7303   -89.7913  -106.1912    -9.9137   125.2285    20.0788
    2165   72.1333    1     -0.7338   -89.7953  -106.1916    -9.9045   125.2393    20.0775
    2166   72.1667    1     -0.7339   -89.7958  -106.1928    -9.8999   125.2396    20.0758
    2167   72.2000    1     -0.7322   -89.7945  -106.1944    -9.8975   125.2344    20.0739
    2168   72.2333    1     -0.7331   -89.7968  -106.1977    -9.8829   125.2374    20.0689
    2169   72.2667    1     -0.7341   -89.7990  -106.2008    -9.8691   125.2404    20.0642
    2170   72.3000    1     -0.7351   -89.8036  -106.2106    -9.8300   125.2433    20.0499
    2171   72.3333    1     -0.7348   -89.8099  -106.2287    -9.7620   125.2426    20.0237
    2172   72.3667    1     -0.7366   -89.8158  -106.2397    -9.7163   125.2481    20.0073
    2173   72.4000    1     -0.7457   -89.8346  -106.2635    -9.6059   125.2761    19.9706
    2174   72.4333    1     -0.7656   -89.8639  -106.2824    -9.4892   125.3380    19.9382
    2175   72.4667    1     -0.7800   -89.8830  -106.2903    -9.4266   125.3827    19.9231
    2176   72.5000    1     -0.8090   -89.9201  -106.3020    -9.3156   125.4726    19.8985
    2177   72.5333    1     -0.8358   -89.9536  -106.3104    -9.2220   125.5557    19.8793
    2178   72.5667    1     -0.8573   -89.9830  -106.3233    -9.1227   125.6227    19.8545
    2179   72.6000    1     -0.8655   -89.9976  -106.3366    -9.0522   125.6483    19.8324
    2180   72.6333    1     -0.8748   -90.0237  -106.3765    -8.8763   125.6771    19.7700
    2181   72.6667    1     -0.8787   -90.0515  -106.4354    -8.6383   125.6894    19.6797
    2182   72.7000    1     -0.8787   -90.0661  -106.4716    -8.4969   125.6895    19.6244
    2183   72.7333    1     -0.8718   -90.0895  -106.5488    -8.2113   125.6679    19.5078
    2184   72.7667    1     -0.8590   -90.1068  -106.6263    -7.9372   125.6280    19.3915
    2185   72.8000    1     -0.8549   -90.1145  -106.6558    -7.8303   125.6153    19.3467
    2186   72.8333    1     -0.8510   -90.1250  -106.6911    -7.6997   125.6033    19.2924
    2187   72.8667    1     -0.8504   -90.1281  -106.7003    -7.6649   125.6012    19.2782
    2188   72.9000    1     -0.8459   -90.1265  -106.7088    -7.6423   125.5874    19.2664
    2189   72.9333    1     -0.8412   -90.1239  -106.7156    -7.6265   125.5727    19.2572
    2190   72.9667    1     -0.8266   -90.1137  -106.7320    -7.5973   125.5273    19.2364
    2191   73.0000    1     -0.8028   -90.0918  -106.7460    -7.6000   125.4535    19.2227
    2192   73.0333    1     -0.7828   -90.0724  -106.7554    -7.6114   125.3912    19.2148
    2193   73.0667    1     -0.7255   -90.0150  -106.7774    -7.6630   125.2137    19.2002
    2194   73.1000    1     -0.6578   -89.9470  -106.8020    -7.7286   125.0044    19.1853
    2195   73.1333    1     -0.5912   -89.8865  -106.8399    -7.7378   124.7990    19.1495
    2196   73.1667    1     -0.5610   -89.8640  -106.8685    -7.6968   124.7061    19.1156
    2197   73.2000    1     -0.5003   -89.8252  -106.9409    -7.5562   124.5193    19.0247
    2198   73.2333    1     -0.4268   -89.7755  -107.0203    -7.4171   124.2940    18.9277
    2199   73.2667    1     -0.3823   -89.7444  -107.0658    -7.3429   124.1577    18.8733
    2200   73.3000    1     -0.2800   -89.6698  -107.1607    -7.2093   123.8456    18.7640
    2201   73.3333    1     -0.1736   -89.5989  -107.2723    -7.0179   123.5222    18.6310
    2202   73.3667    1     -0.0828   -89.5510  -107.3949    -6.7466   123.2470    18.4754
    2203   73.4000    1     -0.0429   -89.5336  -107.4561    -6.5981   123.1262    18.3957
    2204   73.4333    1      0.0362   -89.5007  -107.5795    -6.2944   122.8875    18.2341
    2205   73.4667    1      0.1076   -89.4648  -107.6752    -6.0813   122.6726    18.1132
    2206   73.5000    1      0.1349   -89.4444  -107.6966    -6.0598   122.5907    18.0912
    2207   73.5333    1      0.1711   -89.3986  -107.6834    -6.1950   122.4819    18.1281
    2208   73.5667    1      0.1935   -89.3534  -107.6366    -6.4294   122.4147    18.2113
    2209   73.6000    1      0.1957   -89.3343  -107.5984    -6.5836   122.4082    18.2719
    2210   73.6333    1      0.1920   -89.3315  -107.5828    -6.6363   122.4193    18.2947
    2211   73.6667    1      0.1838   -89.3336  -107.5672    -6.6786   122.4438    18.3154
    2212   73.7000    1      0.1728   -89.3417  -107.5583    -6.6883   122.4770    18.3247
    2213   73.7333    1      0.1710   -89.3429  -107.5565    -6.6916   122.4823    18.3269
    2214   73.7667    1      0.1753   -89.3390  -107.5584    -6.6939   122.4694    18.3257
    2215   73.8000    1      0.1983   -89.3209  -107.5740    -6.6846   122.4004    18.3109
    2216   73.8333    1      0.2295   -89.2853  -107.5695    -6.7713   122.3070    18.3305
    2217   73.8667    1      0.2439   -89.2684  -107.5661    -6.8164   122.2640    18.3416
    2218   73.9000    1      0.2773   -89.2346  -107.5708    -6.8722   122.1639    18.3478
    2219   73.9333    1      0.3105   -89.2040  -107.5821    -6.9009   122.0648    18.3436
    2220   73.9667    1      0.3246   -89.1914  -107.5879    -6.9097   122.0225    18.3405
    2221   74.0000    1      0.3463   -89.1731  -107.5992    -6.9136   121.9578    18.3320
    2222   74.0333    1      0.3579   -89.1589  -107.5944    -6.9570   121.9232    18.3437
    2223   74.0667    1      0.3611   -89.1541  -107.5911    -6.9767   121.9137    18.3501
    2224   74.1000    1      0.3747   -89.1439  -107.6012    -6.9674   121.8731    18.3401
    2225   74.1333    1      0.3990   -89.1286  -107.6255    -6.9263   121.8009    18.3127
    2226   74.1667    1      0.4097   -89.1290  -107.6535    -6.8421   121.7689    18.2744
    2227   74.2000    1      0.4125   -89.1339  -107.6718    -6.7776   121.7607    18.2475
    2228   74.2333    1      0.4157   -89.1453  -107.7065    -6.6505   121.7510    18.1955
    2229   74.2667    1      0.4143   -89.1530  -107.7209    -6.5916   121.7553    18.1728
    2230   74.3000    1      0.4133   -89.1561  -107.7260    -6.5701   121.7581    18.1646
    2231   74.3333    1      0.4138   -89.1594  -107.7347    -6.5374   121.7566    18.1514
    2232   74.3667    1      0.4221   -89.1548  -107.7445    -6.5174   121.7320    18.1396
    2233   74.4000    1      0.4373   -89.1507  -107.7721    -6.4436   121.6869    18.1034
    2234   74.4333    1      0.4502   -89.1476  -107.7965    -6.3772   121.6485    18.0710
    2235   74.4667    1      0.4945   -89.1300  -107.8638    -6.2130   121.5167    17.9855
    2236   74.5000    1      0.5400   -89.1123  -107.9329    -6.0441   121.3819    17.8977
    2237   74.5333    1      0.5550   -89.1159  -107.9766    -5.9064   121.3372    17.8359
    2238   74.5667    1      0.5584   -89.1168  -107.9865    -5.8752   121.3274    17.8219
    2239   74.6000    1      0.5700   -89.1060  -107.9899    -5.8875   121.2929    17.8217
    2240   74.6333    1      0.5778   -89.0979  -107.9904    -5.9028   121.2698    17.8245
    2241   74.6667    1      0.5804   -89.0973  -107.9952    -5.8899   121.2622    17.8182
    2242   74.7000    1      0.5861   -89.1025  -108.0201    -5.8050   121.2453    17.7816
    2243   74.7333    1      0.5943   -89.1092  -108.0542    -5.6896   121.2209    17.7316
    2244   74.7667    1      0.5981   -89.1118  -108.0686    -5.6413   121.2098    17.7105
    2245   74.8000    1      0.5919   -89.1221  -108.0769    -5.5949   121.2281    17.6944
    2246   74.8333    1      0.5922   -89.1198  -108.0726    -5.6127   121.2270    17.7015
    2247   74.8667    1      0.5966   -89.1134  -108.0687    -5.6376   121.2143    17.7097
    2248   74.9000    1      0.6108   -89.0999  -108.0724    -5.6549   121.1720    17.7104
    2249   74.9333    1      0.6433   -89.0768  -108.0972    -5.6291   121.0761    17.6862
    2250   74.9667    1      0.6943   -89.0431  -108.1417    -5.5673   120.9253    17.6395
    2251   75.0000    1      0.7271   -89.0213  -108.1696    -5.5297   120.8288    17.6107
    2252   75.0333    1      0.7914   -88.9782  -108.2232    -5.4607   120.6394    17.5561
    2253   75.0667    1      0.8571   -88.9308  -108.2698    -5.4216   120.4461    17.5134
    2254   75.1000    1      0.9070   -88.8897  -108.2934    -5.4375   120.2998    17.4997
    2255   75.1333    1      0.9279   -88.8676  -108.2924    -5.4864   120.2386    17.5110
    2256   75.1667    1      0.9660   -88.8235  -108.2817    -5.6094   120.1269    17.5453
    2257   75.2000    1      0.9944   -88.7920  -108.2763    -5.6906   120.0439    17.5667
    2258   75.2333    1      1.0033   -88.7824  -108.2754    -5.7130   120.0178    17.5721
    2259   75.2667    1      1.0133   -88.7717  -108.2741    -5.7389   119.9888    17.5786
    2260   75.3000    1      1.0157   -88.7640  -108.2622    -5.7898   119.9817    17.5981
    2261   75.3333    1      1.0157   -88.7609  -108.2554    -5.8163   119.9816    17.6087
    2262   75.3667    1      1.0095   -88.7640  -108.2480    -5.8316   119.9996    17.6172
    2263   75.4000    1      1.0079   -88.7647  -108.2461    -5.8357   120.0043    17.6195
    2264   75.4333    1      1.0190   -88.7537  -108.2465    -5.8574   119.9720    17.6238
    2265   75.4667    1      1.0300   -88.7459  -108.2543    -5.8506   119.9398    17.6168
    2266   75.5000    1      1.0627   -88.7287  -108.2904    -5.7797   119.8444    17.5757
    2267   75.5333    1      1.0717   -88.7184  -108.2877    -5.8091   119.8182    17.5840
    2268   75.5667    1      1.0654   -88.7203  -108.2777    -5.8345   119.8364    17.5966
    2269   75.6000    1      1.0361   -88.7339  -108.2409    -5.9146   119.9222    17.6400
    2270   75.6333    1      1.0181   -88.7282  -108.1861    -6.0876   119.9745    17.7161
    2271   75.6667    1      1.0073   -88.7035  -108.1028    -6.3837   120.0062    17.8382
    2272   75.7000    1      1.0069   -88.6879  -108.0648    -6.5275   120.0074    17.8954
    2273   75.7333    1      0.9948   -88.6727  -107.9994    -6.7511   120.0427    17.9886
    2274   75.7667    1      0.9798   -88.6635  -107.9404    -6.9433   120.0866    18.0704
    2275   75.8000    1      0.9768   -88.6569  -107.9168    -7.0262   120.0952    18.1042
    2276   75.8333    1      0.9606   -88.6585  -107.8806    -7.1294   120.1429    18.1513
    2277   75.8667    1      0.9305   -88.6655  -107.8234    -7.2837   120.2310    18.2241
    2278   75.9000    1      0.9206   -88.6573  -107.7779    -7.4344   120.2600    18.2871
    2279   75.9333    1      0.9204   -88.6519  -107.7637    -7.4872   120.2605    18.3078
    2280   75.9667    1      0.9092   -88.6510  -107.7329    -7.5796   120.2934    18.3485
    2281   76.0000    1      0.9104   -88.6437  -107.7173    -7.6400   120.2900    18.3716
    2282   76.0333    1      0.9129   -88.6426  -107.7208    -7.6322   120.2825    18.3675
    2283   76.0667    1      0.9127   -88.6493  -107.7374    -7.5698   120.2832    18.3432
    2284   76.1000    1      0.9192   -88.6490  -107.7532    -7.5236   120.2640    18.3226
    2285   76.1333    1      0.9226   -88.6487  -107.7613    -7.5006   120.2540    18.3122
    2286   76.1667    1      0.9185   -88.6532  -107.7621    -7.4893   120.2662    18.3094
    2287   76.2000    1      0.9014   -88.6665  -107.7529    -7.4892   120.3163    18.3164
    2288   76.2333    1      0.8579   -88.6917  -107.7069    -7.5741   120.4439    18.3674
    2289   76.2667    1      0.8239   -88.7101  -107.6673    -7.6536   120.5438    18.4126
    2290   76.3000    1      0.7387   -88.7616  -107.5806    -7.8059   120.7944    18.5079
    2291   76.3333    1      0.6526   -88.8270  -107.5262    -7.8349   121.0486    18.5563
    2292   76.3667    1      0.5454   -88.9198  -107.4851    -7.7696   121.3657    18.5781
    2293   76.4000    1      0.4915   -88.9658  -107.4617    -7.7460   121.5258    18.5931
    2294   76.4333    1      0.3733   -89.0687  -107.4132    -7.6818   121.8772    18.6221
    2295   76.4667    1      0.2407   -89.1899  -107.3691    -7.5670   122.2733    18.6397
    2296   76.5000    1      0.1744   -89.2526  -107.3505    -7.4948   122.4720    18.6433
    2297   76.5333    1      0.0527   -89.3663  -107.3092    -7.3861   122.8380    18.6606
    2298   76.5667    1      0.0021   -89.4128  -107.2895    -7.3498   122.9904    18.6717
    2299   76.6000    1     -0.0845   -89.4960  -107.2622    -7.2609   123.2521    18.6809
    2300   76.6333    1     -0.0871   -89.5000  -107.2649    -7.2446   123.2601    18.6758
    2301   76.6667    1     -0.0502   -89.4735  -107.2981    -7.1991   123.1485    18.6388
    2302   76.7000    1      0.0503   -89.4049  -107.3953    -7.0476   122.8451    18.5278
    2303   76.7333    1      0.1205   -89.3611  -107.4718    -6.9082   122.6338    18.4376
    2304   76.7667    1      0.2909   -89.2638  -107.6726    -6.5071   122.1233    18.1961
    2305   76.8000    1      0.4696   -89.1686  -107.8912    -6.0515   121.5906    17.9319
    2306   76.8333    1      0.6149   -89.1013  -108.0849    -5.6148   121.1599    17.6925
    2307   76.8667    1      0.6774   -89.0701  -108.1616    -5.4517   120.9753    17.6001
    2308   76.9000    1      0.7800   -89.0172  -108.2817    -5.2063   120.6728    17.4580
    2309   76.9333    1      0.8402   -88.9903  -108.3599    -5.0310   120.4958    17.3624
    2310   76.9667    1      0.8556   -88.9854  -108.3840    -4.9697   120.4505    17.3313
    2311   77.0000    1      0.8704   -88.9833  -108.4124    -4.8904   120.4071    17.2931
    2312   77.0333    1      0.8689   -88.9883  -108.4196    -4.8584   120.4114    17.2807
    2313   77.0667    1      0.8686   -88.9913  -108.4252    -4.8355   120.4124    17.2715
    2314   77.1000    1      0.8651   -89.0003  -108.4364    -4.7835   120.4226    17.2518
    2315   77.1333    1      0.8572   -89.0106  -108.4403    -4.7502   120.4459    17.2414
    2316   77.1667    1      0.8432   -89.0235  -108.4365    -4.7346   120.4869    17.2407
    2317   77.2000    1      0.8311   -89.0322  -108.4277    -4.7422   120.5225    17.2487
    2318   77.2333    1      0.8000   -89.0546  -108.4056    -4.7606   120.6139    17.2689
    2319   77.2667    1      0.7764   -89.0714  -108.3882    -4.7767   120.6834    17.2851
    2320   77.3000    1      0.7600   -89.0840  -108.3780    -4.7805   120.7316    17.2933
    2321   77.3333    1      0.7254   -89.1110  -108.3572    -4.7855   120.8336    17.3097
    2322   77.3667    1      0.6954   -89.1298  -108.3294    -4.8283   120.9221    17.3397
    2323   77.4000    1      0.6816   -89.1321  -108.3033    -4.9012   120.9628    17.3752
    2324   77.4333    1      0.6780   -89.1309  -108.2924    -4.9362   120.9737    17.3909
    2325   77.4667    1      0.6845   -89.1170  -108.2781    -5.0078   120.9544    17.4173
    2326   77.5000    1      0.6960   -89.1022  -108.2729    -5.0543   120.9204    17.4313
    2327   77.5333    1      0.7023   -89.0942  -108.2700    -5.0797   120.9020    17.4390
    2328   77.5667    1      0.7123   -89.0798  -108.2621    -5.1333   120.8724    17.4566
    2329   77.6000    1      0.7205   -89.0678  -108.2550    -5.1796   120.8482    17.4719
    2330   77.6333    1      0.7349   -89.0516  -108.2530    -5.2194   120.8058    17.4820
    2331   77.6667    1      0.7424   -89.0433  -108.2524    -5.2383   120.7837    17.4865
    2332   77.7000    1      0.7439   -89.0379  -108.2442    -5.2741   120.7790    17.5003
    2333   77.7333    1      0.7323   -89.0296  -108.1997    -5.4234   120.8133    17.5655
    2334   77.7667    1      0.7245   -89.0236  -108.1687    -5.5278   120.8365    17.6109
    2335   77.8000    1      0.7174   -89.0148  -108.1329    -5.6524   120.8574    17.6641
    2336   77.8333    1      0.7211   -89.0081  -108.1268    -5.6842   120.8464    17.6753
    2337   77.8667    1      0.7162   -89.0163  -108.1334    -5.6478   120.8609    17.6627
    2338   77.9000    1      0.7124   -89.0202  -108.1332    -5.6402   120.8721    17.6613
    2339   77.9333    1      0.7099   -89.0156  -108.1174    -5.6966   120.8795    17.6850
    2340   77.9667    1      0.7055   -89.0147  -108.1051    -5.7351   120.8923    17.7023
    2341   78.0000    1      0.7048   -89.0164  -108.1072    -5.7252   120.8944    17.6987
    2342   78.0333    1      0.7128   -89.0108  -108.1135    -5.7183   120.8707    17.6925
    2343   78.0667    1      0.7240   -88.9989  -108.1133    -5.7435   120.8377    17.6979
    2344   78.1000    1      0.7341   -88.9876  -108.1115    -5.7722   120.8079    17.7052
    2345   78.1333    1      0.7390   -88.9815  -108.1092    -5.7918   120.7937    17.7111
    2346   78.1667    1      0.7525   -88.9639  -108.1015    -5.8512   120.7538    17.7292
    2347   78.2000    1      0.7732   -88.9409  -108.0982    -5.9084   120.6930    17.7435
    2348   78.2333    1      0.7824   -88.9304  -108.0962    -5.9359   120.6658    17.7507
    2349   78.2667    1      0.7957   -88.9128  -108.0874    -5.9986   120.6268    17.7703
    2350   78.3000    1      0.8084   -88.8929  -108.0720    -6.0850   120.5894    17.7996
    2351   78.3333    1      0.8146   -88.8796  -108.0564    -6.1585   120.5710    17.8264
    2352   78.3667    1      0.8159   -88.8741  -108.0469    -6.1981   120.5672    17.8416
    2353   78.4000    1      0.8103   -88.8746  -108.0344    -6.2341   120.5839    17.8583
    2354   78.4333    1      0.8042   -88.8807  -108.0340    -6.2228   120.6017    17.8563
    2355   78.4667    1      0.8037   -88.8838  -108.0400    -6.1985   120.6032    17.8469
    2356   78.5000    1      0.8016   -88.8910  -108.0517    -6.1490   120.6092    17.8280
    2357   78.5333    1      0.8033   -88.8918  -108.0574    -6.1307   120.6044    17.8200
    2358   78.5667    1      0.8046   -88.8880  -108.0520    -6.1545   120.6004    17.8289
    2359   78.6000    1      0.7977   -88.8853  -108.0294    -6.2268   120.6207    17.8606
    2360   78.6333    1      0.7863   -88.8858  -108.0032    -6.3032   120.6544    17.8958
    2361   78.6667    1      0.7795   -88.8841  -107.9831    -6.3662   120.6742    17.9237
    2362   78.7000    1      0.7667   -88.8767  -107.9347    -6.5247   120.7122    17.9921
    2363   78.7333    1      0.7570   -88.8659  -107.8857    -6.6920   120.7405    18.0625
    2364   78.7667    1      0.7587   -88.8502  -107.8524    -6.8225   120.7356    18.1134
    2365   78.8000    1      0.7588   -88.8438  -107.8373    -6.8801   120.7351    18.1361
    2366   78.8333    1      0.7610   -88.8409  -107.8354    -6.8918   120.7288    18.1399
    2367   78.8667    1      0.7700   -88.8321  -107.8365    -6.9064   120.7022    18.1418
    2368   78.9000    1      0.7776   -88.8245  -107.8368    -6.9211   120.6798    18.1445
    2369   78.9333    1      0.7808   -88.8222  -107.8390    -6.9194   120.6705    18.1425
    2370   78.9667    1      0.7942   -88.8134  -107.8506    -6.9030   120.6310    18.1304
    2371   79.0000    1      0.8134   -88.7987  -107.8623    -6.8982   120.5747    18.1205
    2372   79.0333    1      0.8211   -88.7922  -107.8654    -6.9023   120.5520    18.1189
    2373   79.0667    1      0.8337   -88.7836  -107.8754    -6.8904   120.5149    18.1090
    2374   79.1000    1      0.8523   -88.7739  -107.8976    -6.8446   120.4604    18.0833
    2375   79.1333    1      0.8560   -88.7727  -107.9038    -6.8286   120.4495    18.0754
    2376   79.1667    1      0.8588   -88.7735  -107.9126    -6.8012   120.4413    18.0634
    2377   79.2000    1      0.8601   -88.7819  -107.9358    -6.7157   120.4375    18.0291
    2378   79.2333    1      0.8548   -88.7953  -107.9552    -6.6308   120.4529    17.9976
    2379   79.2667    1      0.8499   -88.8049  -107.9661    -6.5791   120.4674    17.9791
    2380   79.3000    1      0.8313   -88.8324  -107.9863    -6.4629   120.5220    17.9407
    2381   79.3333    1      0.8120   -88.8620  -108.0092    -6.3347   120.5789    17.8977
    2382   79.3667    1      0.7822   -88.9018  -108.0304    -6.1900   120.6664    17.8524
    2383   79.4000    1      0.7593   -88.9295  -108.0397    -6.1053   120.7338    17.8281
    2384   79.4333    1      0.7102   -88.9889  -108.0585    -5.9265   120.8784    17.7772
    2385   79.4667    1      0.6612   -89.0451  -108.0691    -5.7786   121.0230    17.7386
    2386   79.5000    1      0.6369   -89.0709  -108.0693    -5.7242   121.0950    17.7271
    2387   79.5333    1      0.5924   -89.1136  -108.0594    -5.6647   121.2267    17.7224
    2388   79.5667    1      0.5564   -89.1453  -108.0448    -5.6422   121.3333    17.7289
    2389   79.6000    1      0.5445   -89.1569  -108.0423    -5.6254   121.3686    17.7274
    2390   79.6333    1      0.5297   -89.1698  -108.0358    -5.6179   121.4124    17.7308
    2391   79.6667    1      0.5169   -89.1833  -108.0352    -5.5917   121.4504    17.7259
    2392   79.7000    1      0.5024   -89.1976  -108.0326    -5.5693   121.4934    17.7232
    2393   79.7333    1      0.4921   -89.2073  -108.0297    -5.5579   121.5239    17.7232
    2394   79.7667    1      0.4710   -89.2315  -108.0326    -5.4985   121.5865    17.7085
    2395   79.8000    1      0.4529   -89.2511  -108.0327    -5.4574   121.6404    17.7000
    2396   79.8333    1      0.4312   -89.2794  -108.0429    -5.3675   121.7049    17.6733
    2397   79.8667    1      0.4100   -89.3062  -108.0506    -5.2881   121.7682    17.6506
    2398   79.9000    1      0.3442   -89.3896  -108.0738    -5.0429   121.9642    17.5807
    2399   79.9333    1      0.2626   -89.4908  -108.0951    -4.7649   122.2078    17.5046
    2400   79.9667    1      0.2286   -89.5354  -108.1077    -4.6322   122.3096    17.4659
    2401   80.0000    1      0.1772   -89.6084  -108.1366    -4.3897   122.4638    17.3902
    2402   80.0333    1      0.1589   -89.6538  -108.1843    -4.1489   122.5186    17.2992
    2403   80.0667    1      0.1612   -89.6676  -108.2161    -4.0234   122.5116    17.2461
    2404   80.1000    1      0.1707   -89.6903  -108.2800    -3.7822   122.4832    17.1414
    2405   80.1333    1      0.1792   -89.7079  -108.3313    -3.5896   122.4577    17.0571
    2406   80.1667    1      0.1643   -89.7367  -108.3527    -3.4629   122.5024    17.0111
    2407   80.2000    1      0.1439   -89.7564  -108.3450    -3.4433   122.5635    17.0124
    2408   80.2333    1      0.0877   -89.7963  -108.2967    -3.5024   122.7325    17.0637
    2409   80.2667    1      0.0281   -89.8288  -108.2269    -3.6427   122.9120    17.1510
    2410   80.3000    1      0.0049   -89.8442  -108.2046    -3.6769   122.9819    17.1766
    2411   80.3333    1     -0.0244   -89.8700  -108.1881    -3.6709   123.0703    17.1884
    2412   80.3667    1     -0.0247   -89.8714  -108.1900    -3.6620   123.0712    17.1848
    2413   80.4000    1     -0.0011   -89.8550  -108.2114    -3.6326   123.0002    17.1610
    2414   80.4333    1      0.0070   -89.8507  -108.2212    -3.6126   122.9756    17.1486
    2415   80.4667    1      0.0189   -89.8508  -108.2474    -3.5330   122.9396    17.1096
    2416   80.5000    1      0.0197   -89.8588  -108.2638    -3.4661   122.9373    17.0811
    2417   80.5333    1      0.0151   -89.8636  -108.2627    -3.4589   122.9511    17.0803
    2418   80.5667    1     -0.0089   -89.8891  -108.2570    -3.4207   123.0237    17.0759
    2419   80.6000    1     -0.0666   -89.9509  -108.2438    -3.3259   123.1980    17.0644
    2420   80.6333    1     -0.1428   -90.0300  -108.2206    -3.2234   123.4286    17.0590
    2421   80.6667    1     -0.1807   -90.0674  -108.2051    -3.1886   123.5437    17.0634
    2422   80.7000    1     -0.2510   -90.1414  -108.1835    -3.0916   123.7572    17.0582
    2423   80.7333    1     -0.3155   -90.2227  -108.1858    -2.9057   123.9537    17.0126
    2424   80.7667    1     -0.3431   -90.2662  -108.2013    -2.7621   124.0380    16.9658
    2425   80.8000    1     -0.3733   -90.3442  -108.2685    -2.3837   124.1305    16.8198
    2426   80.8333    1     -0.3731   -90.3942  -108.3516    -2.0179   124.1298    16.6624
    2427   80.8667    1     -0.3628   -90.4048  -108.3903    -1.8759   124.0984    16.5957
    2428   80.9000    1     -0.3150   -90.3916  -108.4679    -1.6684   123.9523    16.4814
    2429   80.9333    1     -0.2339   -90.3424  -108.5556    -1.5115   123.7052    16.3725
    2430   80.9667    1     -0.1582   -90.2945  -108.6332    -1.3829   123.4754    16.2794
    2431   81.0000    1     -0.1294   -90.2812  -108.6702    -1.3002   123.3879    16.2295
    2432   81.0333    1     -0.0757   -90.2653  -108.7526    -1.0858   123.2254    16.1106
    2433   81.0667    1      0.0008   -90.2477  -108.8762    -0.7510   122.9943    15.9288
    2434   81.1000    1      0.0432   -90.2386  -108.9449    -0.5634   122.8664    15.8274
    2435   81.1333    1      0.1541   -90.2026  -109.1034    -0.1660   122.5329    15.6035
    2436   81.1667    1      0.2915   -90.1478  -109.2803     0.2425   122.1216    15.3645
    2437   81.2000    1      0.4228   -90.0935  -109.4429     0.6072   121.7299    15.1491
    2438   81.2333    1      0.4885   -90.0616  -109.5160     0.7535   121.5348    15.0580
    2439   81.2667    1      0.6066   -89.9787  -109.6095     0.8443   121.1845    14.9711
    2440   81.3000    1      0.7015   -89.8731  -109.6270     0.6571   120.9041    15.0166
    2441   81.3333    1      0.7950   -89.7706  -109.6441     0.4768   120.6288    15.0600
    2442   81.3667    1      0.8503   -89.7173  -109.6643     0.4170   120.4662    15.0654
    2443   81.4000    1      0.9566   -89.6232  -109.7138     0.3522   120.1544    15.0544
    2444   81.4333    1      1.0295   -89.5718  -109.7662     0.3921   119.9413    15.0107
    2445   81.4667    1      1.0540   -89.5582  -109.7892     0.4296   119.8698    14.9858
    2446   81.5000    1      1.0737   -89.5653  -109.8345     0.5793   119.8122    14.9136
    2447   81.5333    1      1.0665   -89.5964  -109.8676     0.7467   119.8333    14.8432
    2448   81.5667    1      1.0560   -89.6159  -109.8778     0.8207   119.8639    14.8146
    2449   81.6000    1      1.0276   -89.6547  -109.8850     0.9295   119.9467    14.7770
    2450   81.6333    1      1.0048   -89.6906  -109.8971     1.0462   120.0135    14.7340
    2451   81.6667    1      0.9838   -89.7364  -109.9262     1.2355   120.0748    14.6584
    2452   81.7000    1      0.9748   -89.7663  -109.9529     1.3825   120.1012    14.5969
    2453   81.7333    1      0.9533   -89.8398  -110.0182     1.7427   120.1641    14.4455
    2454   81.7667    1      0.9297   -89.9102  -110.0738     2.0681   120.2332    14.3095
    2455   81.8000    1      0.9231   -89.9350  -110.0959     2.1905   120.2527    14.2574
    2456   81.8333    1      0.9204   -89.9716  -110.1397     2.4041   120.2606    14.1632
    2457   81.8667    1      0.9181   -89.9986  -110.1713     2.5598   120.2674    14.0944
    2458   81.9000    1      0.9195   -90.0074  -110.1851     2.6208   120.2632    14.0666
    2459   81.9333    1      0.9169   -90.0181  -110.1946     2.6735   120.2709    14.0439
    2460   81.9667    1      0.8966   -90.0249  -110.1699     2.6161   120.3303    14.0768
    2461   82.0000    1      0.8718   -90.0322  -110.1385     2.5400   120.4029    14.1195
    2462   82.0333    1      0.8581   -90.0359  -110.1205     2.4951   120.4432    14.1445
    2463   82.0667    1      0.8232   -90.0311  -110.0558     2.2922   120.5458    14.2477
    2464   82.1000    1      0.7815   -90.0175  -109.9674     1.9984   120.6686    14.3938
    2465   82.1333    1      0.7578   -90.0169  -109.9264     1.8755   120.7381    14.4572
    2466   82.1667    1      0.7094   -90.0410  -109.8760     1.7806   120.8810    14.5175
    2467   82.2000    1      0.6774   -90.0741  -109.8658     1.8263   120.9752    14.5091
    2468   82.2333    1      0.6556   -90.0968  -109.8588     1.8574   121.0397    14.5035
    2469   82.2667    1      0.6446   -90.1083  -109.8553     1.8733   121.0723    14.5006
    2470   82.3000    1      0.6172   -90.1295  -109.8367     1.8665   121.1531    14.5140
    2471   82.3333    1      0.6008   -90.1367  -109.8180     1.8273   121.2018    14.5378
    2472   82.3667    1      0.5964   -90.1414  -109.8168     1.8347   121.2146    14.5361
    2473   82.4000    1      0.5770   -90.1710  -109.8229     1.9212   121.2723    14.5050
    2474   82.4333    1      0.5498   -90.2089  -109.8264     2.0190   121.3528    14.4717
    2475   82.4667    1      0.5040   -90.2469  -109.7978     2.0212   121.4887    14.4886
    2476   82.5000    1      0.4780   -90.2603  -109.7706     1.9705   121.5658    14.5215
    2477   82.5333    1      0.4368   -90.2411  -109.6733     1.6352   121.6883    14.6876
    2478   82.5667    1      0.4046   -90.1563  -109.4991     0.9185   121.7842    15.0191
    2479   82.6000    1      0.3968   -90.0282  -109.2996     0.0293   121.8072    15.4135
    2480   82.6333    1      0.4033   -89.9557  -109.2022    -0.4258   121.7880    15.6093
    2481   82.6667    1      0.4401   -89.8034  -109.0329    -1.2731   121.6784    15.9599
    2482   82.7000    1      0.5087   -89.6245  -108.8697    -2.1558   121.4747    16.3076
    2483   82.7333    1      0.5595   -89.5278  -108.8035    -2.5648   121.3240    16.4591
    2484   82.7667    1      0.7056   -89.2996  -108.6878    -3.4026   120.8921    16.7489
    2485   82.8000    1      0.8910   -89.0334  -108.5611    -4.3449   120.3467    17.0625
    2486   82.8333    1      1.1006   -88.7608  -108.4478    -5.2503   119.7337    17.3484
    2487   82.8667    1      1.2252   -88.6062  -108.3839    -5.7578   119.3712    17.5051
    2488   82.9000    1      1.4702   -88.3043  -108.2347    -6.8101   118.6618    17.8329
    2489   82.9333    1      1.7233   -87.9968  -108.0472    -7.9708   117.9341    18.1974
    2490   82.9667    1      1.8496   -87.8439  -107.9359    -8.5942   117.5729    18.3949
    2491   83.0000    1      2.0745   -87.5735  -107.7053    -9.7830   116.9325    18.7736
    2492   83.0333    1      2.2863   -87.3234  -107.4522   -10.9834   116.3325    19.1560
    2493   83.0667    1      2.3729   -87.2171  -107.3155   -11.5721   116.0882    19.3470
    2494   83.1000    1      2.5150   -87.0335  -107.0203   -12.7490   115.6884    19.7336
    2495   83.1333    1      2.6131   -86.8987  -106.7429   -13.7765   115.4131    20.0736
    2496   83.1667    1      2.6534   -86.8226  -106.5059   -14.5790   115.3002    20.3456
    2497   83.2000    1      2.6541   -86.8054  -106.4142   -14.8665   115.2983    20.4460
    2498   83.2333    1      2.6181   -86.8125  -106.3043   -15.1617   115.3991    20.5586
    2499   83.2667    1      2.5271   -86.8720  -106.2605   -15.1786   115.6543    20.5896
    2500   83.3000    1      2.4659   -86.9164  -106.2550   -15.1149   115.8263    20.5847
    2501   83.3333    1      2.3242   -87.0220  -106.2507   -14.9391   116.2255    20.5644
    2502   83.3667    1      2.1536   -87.1479  -106.2274   -14.7803   116.7079    20.5603
    2503   83.4000    1      2.0651   -87.2128  -106.2083   -14.7183   116.9592    20.5662
    2504   83.4333    1      1.8731   -87.3553  -106.1667   -14.5812   117.5058    20.5800
    2505   83.4667    1      1.6914   -87.4938  -106.1330   -14.4282   118.0256    20.5877
    2506   83.5000    1      1.5160   -87.6286  -106.0940   -14.2969   118.5298    20.6035
    2507   83.5333    1      1.4343   -87.6913  -106.0711   -14.2496   118.7655    20.6166
    2508   83.5667    1      1.2923   -87.8020  -106.0342   -14.1554   119.1763    20.6366
    2509   83.6000    1      1.1838   -87.8878  -106.0066   -14.0793   119.4916    20.6517
    2510   83.6333    1      1.1049   -87.9495  -105.9811   -14.0409   119.7212    20.6693
    2511   83.6667    1      1.0742   -87.9731  -105.9683   -14.0351   119.8107    20.6795
    2512   83.7000    1      1.0290   -88.0032  -105.9282   -14.0964   119.9427    20.7194
    2513   83.7333    1      1.0029   -88.0194  -105.8991   -14.1511   120.0190    20.7493
    2514   83.7667    1      0.9931   -88.0262  -105.8909   -14.1629   120.0478    20.7575
    2515   83.8000    1      0.9795   -88.0362  -105.8835   -14.1659   120.0873    20.7641
    2516   83.8333    1      0.9759   -88.0354  -105.8650   -14.2212   120.0979    20.7850
    2517   83.8667    1      0.9780   -88.0323  -105.8588   -14.2447   120.0918    20.7924
    2518   83.9000    1      0.9780   -88.0316  -105.8558   -14.2546   120.0917    20.7959
    2519   83.9333    1      0.9684   -88.0368  -105.8413   -14.2870   120.1200    20.8112
    2520   83.9667    1      0.9560   -88.0456  -105.8321   -14.2979   120.1564    20.8202
    2521   84.0000    1      0.9504   -88.0510  -105.8352   -14.2790   120.1725    20.8158
    2522   84.0333    1      0.9363   -88.0679  -105.8567   -14.1861   120.2138    20.7890
    2523   84.0667    1      0.9156   -88.0909  -105.8798   -14.0776   120.2745    20.7595
    2524   84.1000    1      0.9029   -88.1040  -105.8892   -14.0264   120.3119    20.7468
    2525   84.1333    1      0.8810   -88.1267  -105.9048   -13.9397   120.3761    20.7254
    2526   84.1667    1      0.8695   -88.1420  -105.9286   -13.8427   120.4098    20.6959
    2527   84.2000    1      0.8647   -88.1537  -105.9614   -13.7260   120.4238    20.6566
    2528   84.2333    1      0.8666   -88.1594  -105.9935   -13.6221   120.4183    20.6190
    2529   84.2667    1      0.8767   -88.1700  -106.0773   -13.3589   120.3887    20.5211
    2530   84.3000    1      0.8838   -88.1848  -106.1654   -13.0752   120.3679    20.4167
    2531   84.3333    1      0.8884   -88.1905  -106.2053   -12.9485   120.3543    20.3693
    2532   84.3667    1      0.8971   -88.2030  -106.2866   -12.6885   120.3289    20.2722
    2533   84.4000    1      0.8952   -88.2223  -106.3557   -12.4510   120.3344    20.1872
    2534   84.4333    1      0.8686   -88.2515  -106.3758   -12.3378   120.4124    20.1573
    2535   84.4667    1      0.8447   -88.2683  -106.3575   -12.3599   120.4825    20.1755
    2536   84.5000    1      0.8065   -88.2880  -106.3002   -12.4903   120.5949    20.2390
    2537   84.5333    1      0.7805   -88.2989  -106.2513   -12.6126   120.6714    20.2944
    2538   84.5667    1      0.7719   -88.3022  -106.2337   -12.6581   120.6967    20.3145
    2539   84.6000    1      0.7642   -88.3076  -106.2275   -12.6660   120.7193    20.3207
    2540   84.6333    1      0.7668   -88.3087  -106.2412   -12.6241   120.7116    20.3044
    2541   84.6667    1      0.7828   -88.2987  -106.2588   -12.5910   120.6645    20.2856
    2542   84.7000    1      0.7903   -88.2922  -106.2599   -12.6001   120.6424    20.2856
    2543   84.7333    1      0.8037   -88.2796  -106.2578   -12.6296   120.6032    20.2905
    2544   84.7667    1      0.8200   -88.2680  -106.2700   -12.6157   120.5551    20.2785
    2545   84.8000    1      0.8288   -88.2625  -106.2796   -12.5980   120.5293    20.2683
    2546   84.8333    1      0.8355   -88.2587  -106.2881   -12.5804   120.5097    20.2592
    2547   84.8667    1      0.8288   -88.2590  -106.2657   -12.6453   120.5293    20.2854
    2548   84.9000    1      0.8217   -88.2618  -106.2516   -12.6811   120.5501    20.3014
    2549   84.9333    1      0.8118   -88.2690  -106.2449   -12.6872   120.5794    20.3078
    2550   84.9667    1      0.8093   -88.2721  -106.2482   -12.6718   120.5865    20.3033
    2551   85.0000    1      0.8043   -88.2752  -106.2425   -12.6826   120.6014    20.3094
    2552   85.0333    1      0.7999   -88.2793  -106.2434   -12.6722   120.6142    20.3075
    2553   85.0667    1      0.7876   -88.2908  -106.2447   -12.6472   120.6506    20.3038
    2554   85.1000    1      0.7773   -88.2971  -106.2325   -12.6710   120.6809    20.3168
    2555   85.1333    1      0.7710   -88.3004  -106.2235   -12.6910   120.6993    20.3267
    2556   85.1667    1      0.7526   -88.3111  -106.1996   -12.7411   120.7537    20.3528
    2557   85.2000    1      0.7324   -88.3209  -106.1663   -12.8202   120.8130    20.3900
    2558   85.2333    1      0.7219   -88.3235  -106.1388   -12.8958   120.8440    20.4218
    2559   85.2667    1      0.7208   -88.3226  -106.1312   -12.9196   120.8472    20.4308
    2560   85.3000    1      0.7250   -88.3189  -106.1316   -12.9254   120.8349    20.4311
    2561   85.3333    1      0.7255   -88.3218  -106.1451   -12.8805   120.8333    20.4147
    2562   85.3667    1      0.7230   -88.3241  -106.1448   -12.8773   120.8408    20.4147
    2563   85.4000    1      0.7050   -88.3361  -106.1279   -12.9043   120.8938    20.4323
    2564   85.4333    1      0.6817   -88.3542  -106.1157   -12.9062   120.9626    20.4433
    2565   85.4667    1      0.6623   -88.3709  -106.1121   -12.8856   121.0198    20.4444
    2566   85.5000    1      0.6524   -88.3785  -106.1063   -12.8887   121.0490    20.4499
    2567   85.5333    1      0.6281   -88.3937  -106.0786   -12.9414   121.1209    20.4798
    2568   85.5667    1      0.6035   -88.4104  -106.0551   -12.9795   121.1938    20.5045
    2569   85.6000    1      0.5911   -88.4194  -106.0458   -12.9898   121.2305    20.5138
    2570   85.6333    1      0.5726   -88.4349  -106.0399   -12.9783   121.2853    20.5180
    2571   85.6667    1      0.5625   -88.4438  -106.0389   -12.9648   121.3150    20.5177
    2572   85.7000    1      0.5565   -88.4486  -106.0359   -12.9648   121.3329    20.5205
    2573   85.7333    1      0.5553   -88.4495  -106.0352   -12.9651   121.3364    20.5211
    2574   85.7667    1      0.5534   -88.4503  -106.0313   -12.9750   121.3421    20.5256
    2575   85.8000    1      0.5499   -88.4498  -106.0162   -13.0202   121.3526    20.5434
    2576   85.8333    1      0.5499   -88.4447  -105.9960   -13.0890   121.3524    20.5680
    2577   85.8667    1      0.5489   -88.4437  -105.9884   -13.1131   121.3553    20.5771
    2578   85.9000    1      0.5460   -88.4429  -105.9739   -13.1571   121.3641    20.5943
    2579   85.9333    1      0.5427   -88.4399  -105.9496   -13.2341   121.3738    20.6233
    2580   85.9667    1      0.5409   -88.4367  -105.9300   -13.2972   121.3792    20.6466
    2581   86.0000    1      0.5348   -88.4276  -105.8688   -13.4935   121.3974    20.7194
    2582   86.0333    1      0.5143   -88.4271  -105.7876   -13.7326   121.4581    20.8138
    2583   86.0667    1      0.4993   -88.4314  -105.7474   -13.8424   121.5026    20.8596
    2584   86.1000    1      0.4593   -88.4528  -105.6827   -13.9927   121.6213    20.9312
    2585   86.1333    1      0.4050   -88.4921  -105.6374   -14.0539   121.7831    20.9784
    2586   86.1667    1      0.3497   -88.5353  -105.6052   -14.0696   121.9477    21.0103
    2587   86.2000    1      0.3246   -88.5543  -105.5876   -14.0866   122.0226    21.0284
    2588   86.2333    1      0.2909   -88.5775  -105.5531   -14.1457   122.1232    21.0655
    2589   86.2667    1      0.2785   -88.5854  -105.5374   -14.1775   122.1604    21.0828
    2590   86.3000    1      0.2763   -88.5874  -105.5376   -14.1733   122.1668    21.0824
    2591   86.3333    1      0.2732   -88.5906  -105.5387   -14.1643   122.1762    21.0807
    2592   86.3667    1      0.2764   -88.5883  -105.5418   -14.1593   122.1665    21.0774
    2593   86.4000    1      0.2775   -88.5875  -105.5426   -14.1584   122.1634    21.0766
    2594   86.4333    1      0.2754   -88.5881  -105.5370   -14.1735   122.1695    21.0829
    2595   86.4667    1      0.2698   -88.5903  -105.5236   -14.2093   122.1864    21.0982
    2596   86.5000    1      0.2600   -88.5960  -105.5090   -14.2418   122.2156    21.1145
    2597   86.5333    1      0.2549   -88.5990  -105.5012   -14.2593   122.2310    21.1231
    2598   86.5667    1      0.2482   -88.6020  -105.4875   -14.2941   122.2508    21.1386
    2599   86.6000    1      0.2478   -88.6023  -105.4869   -14.2954   122.2521    21.1393
    2600   86.6333    1      0.2510   -88.5988  -105.4843   -14.3093   122.2425    21.1426
    2601   86.6667    1      0.2562   -88.5909  -105.4706   -14.3639   122.2269    21.1592
    2602   86.7000    1      0.2662   -88.5786  -105.4567   -14.4272   122.1970    21.1764
    2603   86.7333    1      0.2795   -88.5627  -105.4400   -14.5051   122.1573    21.1972
    2604   86.7667    1      0.2834   -88.5565  -105.4275   -14.5533   122.1458    21.2122
    2605   86.8000    1      0.2877   -88.5457  -105.3960   -14.6652   122.1329    21.2491
    2606   86.8333    1      0.2929   -88.5351  -105.3688   -14.7644   122.1173    21.2812
    2607   86.8667    1      0.2925   -88.5322  -105.3535   -14.8143   122.1185    21.2987
    2608   86.9000    1      0.2840   -88.5328  -105.3194   -14.9135   122.1439    21.3374
    2609   86.9333    1      0.2738   -88.5367  -105.2934   -14.9828   122.1745    21.3664
    2610   86.9667    1      0.2751   -88.5327  -105.2800   -15.0293   122.1704    21.3819
    2611   87.0000    1      0.2753   -88.5309  -105.2725   -15.0545   122.1698    21.3905
    2612   87.0333    1      0.2686   -88.5341  -105.2581   -15.0912   122.1900    21.4065
    2613   87.0667    1      0.2642   -88.5372  -105.2542   -15.0967   122.2030    21.4105
    2614   87.1000    1      0.2675   -88.5344  -105.2550   -15.0996   122.1931    21.4099
    2615   87.1333    1      0.2675   -88.5321  -105.2440   -15.1360   122.1932    21.4225
    2616   87.1667    1      0.2663   -88.5329  -105.2422   -15.1400   122.1967    21.4245
    2617   87.2000    1      0.2745   -88.5269  -105.2492   -15.1301   122.1723    21.4171
    2618   87.2333    1      0.2741   -88.5264  -105.2451   -15.1430   122.1735    21.4217
    2619   87.2667    1      0.2670   -88.5315  -105.2383   -15.1537   122.1948    21.4289
    2620   87.3000    1      0.2572   -88.5398  -105.2354   -15.1474   122.2241    21.4316
    2621   87.3333    1      0.2611   -88.5360  -105.2346   -15.1566   122.2123    21.4328
    2622   87.3667    1      0.2631   -88.5331  -105.2295   -15.1768   122.2063    21.4388
    2623   87.4000    1      0.2774   -88.5191  -105.2239   -15.2181   122.1636    21.4460
    2624   87.4333    1      0.2976   -88.5002  -105.2205   -15.2621   122.1034    21.4514
    2625   87.4667    1      0.3024   -88.4951  -105.2170   -15.2814   122.0890    21.4557
    2626   87.5000    1      0.2932   -88.5008  -105.2044   -15.3082   122.1163    21.4694
    2627   87.5333    1      0.2741   -88.5177  -105.2021   -15.2847   122.1735    21.4707
    2628   87.5667    1      0.2641   -88.5265  -105.2010   -15.2721   122.2033    21.4712
    2629   87.6000    1      0.2439   -88.5439  -105.1968   -15.2533   122.2638    21.4746
    2630   87.6333    1      0.2393   -88.5452  -105.1827   -15.2923   122.2774    21.4904
    2631   87.6667    1      0.2574   -88.5235  -105.1557   -15.4103   122.2235    21.5221
    2632   87.7000    1      0.2681   -88.5102  -105.1374   -15.4878   122.1914    21.5435
    2633   87.7333    1      0.2775   -88.4932  -105.0934   -15.6468   122.1634    21.5935
    2634   87.7667    1      0.2534   -88.5069  -105.0518   -15.7445   122.2355    21.6387
    2635   87.8000    1      0.2357   -88.5198  -105.0363   -15.7671   122.2883    21.6552
    2636   87.8333    1      0.1988   -88.5460  -104.9995   -15.8283   122.3990    21.6944
    2637   87.8667    1      0.1715   -88.5628  -104.9579   -15.9208   122.4808    21.7396
    2638   87.9000    1      0.1636   -88.5665  -104.9402   -15.9660   122.5044    21.7590
    2639   87.9333    1      0.1581   -88.5651  -104.9058   -16.0695   122.5209    21.7970
    2640   87.9667    1      0.1505   -88.5626  -104.8549   -16.2232   122.5438    21.8530
    2641   88.0000    1      0.1398   -88.5655  -104.8178   -16.3267   122.5759    21.8934
    2642   88.0333    1      0.1352   -88.5693  -104.8155   -16.3267   122.5899    21.8958
    2643   88.0667    1      0.1318   -88.5735  -104.8222   -16.2999   122.6000    21.8884
    2644   88.1000    1      0.1342   -88.5718  -104.8250   -16.2946   122.5926    21.8854
    2645   88.1333    1      0.1372   -88.5692  -104.8254   -16.2979   122.5837    21.8850
    2646   88.1667    1      0.1419   -88.5649  -104.8251   -16.3065   122.5695    21.8855
    2647   88.2000    1      0.1499   -88.5575  -104.8237   -16.3234   122.5455    21.8872
    2648   88.2333    1      0.1715   -88.5372  -104.8183   -16.3748   122.4808    21.8937
    2649   88.2667    1      0.1879   -88.5221  -104.8158   -16.4087   122.4317    21.8970
    2650   88.3000    1      0.2319   -88.4796  -104.7972   -16.5376   122.2997    21.9186
    2651   88.3333    1      0.2898   -88.4254  -104.7801   -16.6818   122.1266    21.9388
    2652   88.3667    1      0.3160   -88.4020  -104.7778   -16.7292   122.0482    21.9420
    2653   88.4000    1      0.3609   -88.3627  -104.7779   -16.7973   121.9142    21.9433
    2654   88.4333    1      0.4011   -88.3284  -104.7821   -16.8445   121.7945    21.9400
    2655   88.4667    1      0.4381   -88.2977  -104.7908   -16.8724   121.6844    21.9319
    2656   88.5000    1      0.4558   -88.2825  -104.7914   -16.8970   121.6319    21.9319
    2657   88.5333    1      0.4906   -88.2526  -104.7923   -16.9462   121.5283    21.9322
    2658   88.5667    1      0.5178   -88.2299  -104.7969   -16.9719   121.4475    21.9282
    2659   88.6000    1      0.5279   -88.2215  -104.7984   -16.9822   121.4176    21.9271
    2660   88.6333    1      0.5390   -88.2117  -104.7965   -17.0048   121.3847    21.9295
    2661   88.6667    1      0.5452   -88.2076  -104.8037   -16.9910   121.3664    21.9221
    2662   88.7000    1      0.5535   -88.2012  -104.8080   -16.9895   121.3418    21.9178
    2663   88.7333    1      0.5587   -88.1968  -104.8082   -16.9965   121.3265    21.9178
    2664   88.7667    1      0.5665   -88.1909  -104.8131   -16.9927   121.3032    21.9129
    2665   88.8000    1      0.5766   -88.1838  -104.8224   -16.9780   121.2734    21.9035
    2666   88.8333    1      0.5843   -88.1774  -104.8243   -16.9834   121.2505    21.9018
    2667   88.8667    1      0.5935   -88.1674  -104.8105   -17.0406   121.2232    21.9168
    2668   88.9000    1      0.5989   -88.1632  -104.8124   -17.0425   121.2073    21.9150
    2669   88.9333    1      0.6040   -88.1607  -104.8243   -17.0123   121.1922    21.9026
    2670   88.9667    1      0.6051   -88.1596  -104.8236   -17.0162   121.1889    21.9034
    2671   89.0000    1      0.6056   -88.1585  -104.8193   -17.0306   121.1876    21.9080
    2672   89.0333    1      0.6032   -88.1608  -104.8209   -17.0220   121.1945    21.9062
    2673   89.0667    1      0.5985   -88.1651  -104.8229   -17.0086   121.2084    21.9038
    2674   89.1000    1      0.5835   -88.1774  -104.8199   -16.9961   121.2529    21.9064
    2675   89.1333    1      0.5651   -88.1930  -104.8188   -16.9725   121.3075    21.9069
    2676   89.1667    1      0.5504   -88.2058  -104.8199   -16.9471   121.3511    21.9051
    2677   89.2000    1      0.5441   -88.2113  -104.8212   -16.9339   121.3697    21.9035
    2678   89.2333    1      0.5241   -88.2310  -104.8370   -16.8539   121.4289    21.8858
    2679   89.2667    1      0.5013   -88.2551  -104.8638   -16.7345   121.4966    21.8562
    2680   89.3000    1      0.4905   -88.2647  -104.8655   -16.7129   121.5287    21.8540
    2681   89.3333    1      0.4741   -88.2782  -104.8613   -16.7015   121.5774    21.8577
    2682   89.3667    1      0.4568   -88.2939  -104.8659   -16.6609   121.6289    21.8521
    2683   89.4000    1      0.4482   -88.3024  -104.8715   -16.6298   121.6544    21.8457
    2684   89.4333    1      0.4312   -88.3170  -104.8707   -16.6069   121.7049    21.8459
    2685   89.4667    1      0.4161   -88.3296  -104.8678   -16.5932   121.7498    21.8484
    2686   89.5000    1      0.3941   -88.3498  -104.8736   -16.5411   121.8152    21.8413
    2687   89.5333    1      0.3793   -88.3631  -104.8755   -16.5124   121.8594    21.8386
    2688   89.5667    1      0.3475   -88.3894  -104.8661   -16.4937   121.9544    21.8475
    2689   89.6000    1      0.3150   -88.4175  -104.8630   -16.4536   122.0514    21.8496
    2690   89.6333    1      0.2971   -88.4331  -104.8622   -16.4288   122.1047    21.8500
    2691   89.6667    1      0.2538   -88.4704  -104.8558   -16.3821   122.2342    21.8553
    2692   89.7000    1      0.2015   -88.5152  -104.8452   -16.3346   122.3909    21.8652
    2693   89.7333    1      0.1453   -88.5637  -104.8349   -16.2799   122.5595    21.8748
    2694   89.7667    1      0.1174   -88.5877  -104.8289   -16.2552   122.6432    21.8806
    2695   89.8000    1      0.0604   -88.6385  -104.8244   -16.1791   122.8148    21.8840
    2696   89.8333    1      0.0057   -88.6844  -104.8037   -16.1591   122.9795    21.9056
    2697   89.8667    1     -0.0222   -88.7064  -104.7847   -16.1760   123.0639    21.9261
    2698   89.9000    1     -0.0803   -88.7524  -104.7454   -16.2109   123.2395    21.9687
    2699   89.9333    1     -0.1349   -88.7943  -104.7009   -16.2683   123.4046    22.0175
    2700   89.9667    1     -0.1825   -88.8237  -104.6217   -16.4502   123.5490    22.1049
    2701   90.0000    1     -0.2050   -88.8348  -104.5685   -16.5877   123.6173    22.1636
    2702   90.0333    1     -0.2408   -88.8478  -104.4544   -16.9022   123.7264    22.2890
    2703   90.0667    1     -0.2716   -88.8560  -104.3364   -17.2362   123.8200    22.4174
    2704   90.1000    1     -0.2905   -88.8633  -104.2756   -17.4029   123.8775    22.4833
    2705   90.1333    1     -0.3293   -88.8813  -104.1660   -17.6953   123.9959    22.6018
    2706   90.1667    1     -0.3744   -88.9035  -104.0429   -18.0204   124.1336    22.7342
    2707   90.2000    1     -0.4092   -88.9214  -103.9493   -18.2658   124.2402    22.8344
    2708   90.2333    1     -0.4237   -88.9301  -103.9189   -18.3406   124.2844    22.8671
    2709   90.2667    1     -0.4407   -88.9417  -103.8917   -18.4014   124.3364    22.8967
    2710   90.3000    1     -0.4401   -88.9402  -103.8847   -18.4248   124.3346    22.9039
    2711   90.3333    1     -0.4343   -88.9340  -103.8784   -18.4537   124.3171    22.9100
    2712   90.3667    1     -0.4111   -88.9146  -103.8912   -18.4489   124.2458    22.8949
    2713   90.4000    1     -0.3720   -88.8830  -103.9194   -18.4191   124.1263    22.8627
    2714   90.4333    1     -0.3352   -88.8514  -103.9319   -18.4357   124.0139    22.8471
    2715   90.4667    1     -0.3379   -88.8011  -103.5257   -19.7112   124.0221    23.2570
    2716   90.5000    1     -0.3365   -88.7962  -103.4945   -19.8105   124.0179    23.2876
    2717   90.5333    1     -0.3319   -88.7861  -103.4413   -19.9824   124.0039    23.3391
    2718   90.5667    1     -0.3241   -88.7741  -103.3948   -20.1376   123.9800    23.3834
    2719   90.6000    1     -0.3158   -88.7642  -103.3708   -20.2239   123.9546    23.4057
    2720   90.6333    1     -0.2921   -88.7386  -103.3248   -20.3993   123.8824    23.4472
    2721   90.6667    1     -0.2570   -88.7037  -103.2818   -20.5810   123.7756    23.4843
    2722   90.7000    1     -0.2136   -88.6648  -103.2683   -20.6829   123.6437    23.4921
    2723   90.7333    1     -0.1874   -88.6428  -103.2749   -20.6989   123.5640    23.4828
    2724   90.7667    1     -0.1256   -88.5927  -103.3059   -20.6896   123.3766    23.4466
    2725   90.8000    1     -0.0613   -88.5421  -103.3525   -20.6359   123.1820    23.3959
    2726   90.8333    1     -0.0283   -88.5169  -103.3838   -20.5859   123.0820    23.3631
    2727   90.8667    1      0.0395   -88.4675  -103.4677   -20.4230   122.8777    23.2773
    2728   90.9000    1      0.1077   -88.4188  -103.5586   -20.2392   122.6725    23.1852
    2729   90.9333    1      0.1724   -88.3732  -103.6475   -20.0569   122.4781    23.0955
    2730   90.9667    1      0.2026   -88.3540  -103.7080   -19.9134   122.3874    23.0353
    2731   91.0000    1      0.2504   -88.3322  -103.8776   -19.4596   122.2444    22.8678
    2732   91.0333    1      0.2880   -88.3267  -104.0983   -18.8309   122.1320    22.6479
    2733   91.0667    1      0.3235   -88.3250  -104.3161   -18.2031   122.0260    22.4268
    2734   91.1000    1      0.3445   -88.3224  -104.4259   -17.8892   121.9632    22.3138
    2735   91.1333    1      0.3932   -88.3122  -104.6382   -17.2906   121.8179    22.0927
    2736   91.1667    1      0.4492   -88.2943  -104.8287   -16.7682   121.6514    21.8918
    2737   91.2000    1      0.4777   -88.2840  -104.9146   -16.5366   121.5667    21.8005
    2738   91.2333    1      0.5347   -88.2593  -105.0567   -16.1671   121.3976    21.6492
    2739   91.2667    1      0.5953   -88.2264  -105.1668   -15.9048   121.2181    21.5324
    2740   91.3000    1      0.6256   -88.2103  -105.2220   -15.7728   121.1283    21.4736
    2741   91.3333    1      0.6774   -88.1847  -105.3258   -15.5169   120.9752    21.3628
    2742   91.3667    1      0.7068   -88.1744  -105.4048   -15.3059   120.8885    21.2772
    2743   91.4000    1      0.7210   -88.1716  -105.4535   -15.1695   120.8466    21.2238
    2744   91.4333    1      0.7249   -88.1719  -105.4723   -15.1142   120.8351    21.2030
    2745   91.4667    1      0.7270   -88.1790  -105.5172   -14.9712   120.8289    21.1526
    2746   91.5000    1      0.7170   -88.1984  -105.5692   -14.7853   120.8584    21.0923
    2747   91.5333    1      0.7058   -88.2128  -105.5916   -14.6943   120.8914    21.0655
    2748   91.5667    1      0.6844   -88.2407  -105.6347   -14.5185   120.9547    21.0136
    2749   91.6000    1      0.6712   -88.2632  -105.6851   -14.3309   120.9936    20.9538
    2750   91.6333    1      0.6636   -88.2767  -105.7163   -14.2152   121.0160    20.9165
    2751   91.6667    1      0.6622   -88.2803  -105.7269   -14.1780   121.0201    20.9040
    2752   91.7000    1      0.6632   -88.2872  -105.7623   -14.0621   121.0171    20.8628
    2753   91.7333    1      0.6650   -88.2944  -105.8014   -13.9348   121.0118    20.8171
    2754   91.7667    1      0.6672   -88.2969  -105.8209   -13.8735   121.0055    20.7945
    2755   91.8000    1      0.6688   -88.2996  -105.8388   -13.8162   121.0008    20.7735
    2756   91.8333    1      0.6635   -88.3029  -105.8327   -13.8280   121.0164    20.7800
    2757   91.8667    1      0.6601   -88.3057  -105.8317   -13.8258   121.0263    20.7807
    2758   91.9000    1      0.6595   -88.3064  -105.8326   -13.8217   121.0282    20.7796
    2759   91.9333    1      0.6554   -88.3105  -105.8343   -13.8094   121.0403    20.7770
    2760   91.9667    1      0.6397   -88.3228  -105.8264   -13.8101   121.0868    20.7843
    2761   92.0000    1      0.6309   -88.3299  -105.8227   -13.8079   121.1128    20.7874
    2762   92.0333    1      0.6242   -88.3346  -105.8171   -13.8156   121.1325    20.7932
    2763   92.0667    1      0.6187   -88.3375  -105.8084   -13.8357   121.1487    20.8027
    2764   92.1000    1      0.6142   -88.3394  -105.7991   -13.8593   121.1621    20.8132
    2765   92.1333    1      0.6061   -88.3423  -105.7799   -13.9103   121.1861    20.8348
    2766   92.1667    1      0.5998   -88.3438  -105.7617   -13.9605   121.2046    20.8554
    2767   92.2000    1      0.5965   -88.3425  -105.7430   -14.0177   121.2143    20.8770
    2768   92.2333    1      0.5970   -88.3401  -105.7343   -14.0475   121.2129    20.8873
    2769   92.2667    1      0.6003   -88.3346  -105.7224   -14.0922   121.2032    20.9016
    2770   92.3000    1      0.6031   -88.3292  -105.7095   -14.1399   121.1949    20.9171
    2771   92.3333    1      0.6020   -88.3287  -105.7028   -14.1605   121.1982    20.9249
    2772   92.3667    1      0.6020   -88.3287  -105.7027   -14.1605   121.1982    20.9249
    2773   92.4000    1      0.6027   -88.3283  -105.7039   -14.1579   121.1962    20.9237
    2774   92.4333    1      0.6050   -88.3247  -105.6974   -14.1834   121.1891    20.9315
    2775   92.4667    1      0.6072   -88.3214  -105.6910   -14.2080   121.1827    20.9392
    2776   92.5000    1      0.6145   -88.3115  -105.6760   -14.2698   121.1610    20.9576
    2777   92.5333    1      0.6203   -88.3040  -105.6649   -14.3159   121.1441    20.9712
    2778   92.5667    1      0.6227   -88.3008  -105.6604   -14.3347   121.1368    20.9767
    2779   92.6000    1      0.6258   -88.2973  -105.6569   -14.3513   121.1276    20.9811
    2780   92.6333    1      0.6319   -88.2923  -105.6583   -14.3563   121.1098    20.9802
    2781   92.6667    1      0.6356   -88.2888  -105.6578   -14.3642   121.0987    20.9813
    2782   92.7000    1      0.6357   -88.2884  -105.6559   -14.3705   121.0986    20.9835
    2783   92.7333    1      0.6381   -88.2863  -105.6561   -14.3734   121.0915    20.9834
    2784   92.7667    1      0.6391   -88.2854  -105.6566   -14.3737   121.0884    20.9831
    2785   92.8000    1      0.6391   -88.2854  -105.6566   -14.3737   121.0884    20.9831
    2786   92.8333    1      0.6406   -88.2842  -105.6566   -14.3760   121.0841    20.9832
    2787   92.8667    1      0.6454   -88.2796  -105.6553   -14.3881   121.0698    20.9853
    2788   92.9000    1      0.6584   -88.2676  -105.6533   -14.4156   121.0314    20.9891
    2789   92.9333    1      0.6658   -88.2612  -105.6536   -14.4262   121.0096    20.9896
    2790   92.9667    1      0.6792   -88.2498  -105.6556   -14.4412   120.9701    20.9889
    2791   93.0000    1      0.6896   -88.2404  -105.6549   -14.4603   120.9393    20.9910
    2792   93.0333    1      0.6931   -88.2370  -105.6537   -14.4698   120.9289    20.9927
    2793   93.0667    1      0.6958   -88.2347  -105.6540   -14.4731   120.9209    20.9927
    2794   93.1000    1      0.6951   -88.2355  -105.6550   -14.4687   120.9229    20.9915
    2795   93.1333    1      0.6941   -88.2369  -105.6570   -14.4602   120.9261    20.9890
    2796   93.1667    1      0.6921   -88.2389  -105.6581   -14.4536   120.9319    20.9875
    2797   93.2000    1      0.6888   -88.2420  -105.6589   -14.4457   120.9417    20.9862
    2798   93.2333    1      0.6900   -88.2407  -105.6581   -14.4503   120.9380    20.9873
    2799   93.2667    1      0.6923   -88.2391  -105.6599   -14.4480   120.9312    20.9854
    2800   93.3000    1      0.6958   -88.2378  -105.6683   -14.4257   120.9211    20.9761
    2801   93.3333    1      0.6956   -88.2396  -105.6756   -14.4013   120.9217    20.9677
    2802   93.3667    1      0.6966   -88.2398  -105.6809   -14.3856   120.9187    20.9617
    2803   93.4000    1      0.6984   -88.2419  -105.6978   -14.3324   120.9134    20.9423
    2804   93.4333    1      0.7020   -88.2435  -105.7205   -14.2635   120.9026    20.9165
    2805   93.4667    1      0.7081   -88.2468  -105.7601   -14.1419   120.8846    20.8711
    2806   93.5000    1      0.7107   -88.2509  -105.7888   -14.0509   120.8769    20.8379
    2807   93.5333    1      0.7209   -88.2554  -105.8494   -13.8661   120.8469    20.7682
    2808   93.5667    1      0.7384   -88.2541  -105.9117   -13.6867   120.7954    20.6970
    2809   93.6000    1      0.7520   -88.2535  -105.9612   -13.5436   120.7553    20.6403
    2810   93.6333    1      0.7574   -88.2532  -105.9806   -13.4874   120.7394    20.6179
    2811   93.6667    1      0.7703   -88.2480  -106.0071   -13.4199   120.7016    20.5883
    2812   93.7000    1      0.7857   -88.2354  -106.0119   -13.4293   120.6561    20.5850
    2813   93.7333    1      0.7940   -88.2281  -106.0125   -13.4405   120.6317    20.5854
    2814   93.7667    1      0.8058   -88.2181  -106.0145   -13.4532   120.5971    20.5849
    2815   93.8000    1      0.8115   -88.2155  -106.0250   -13.4276   120.5801    20.5733
    2816   93.8333    1      0.8131   -88.2158  -106.0324   -13.4052   120.5755    20.5646
    2817   93.8667    1      0.8189   -88.2158  -106.0540   -13.3425   120.5586    20.5398
    2818   93.9000    1      0.8234   -88.2177  -106.0788   -13.2668   120.5453    20.5109
    2819   93.9333    1      0.8290   -88.2168  -106.0956   -13.2195   120.5289    20.4916
    2820   93.9667    1      0.8315   -88.2160  -106.1020   -13.2023   120.5213    20.4843
    2821   94.0000    1      0.8307   -88.2191  -106.1117   -13.1683   120.5237    20.4725
    2822   94.0333    1      0.8270   -88.2260  -106.1265   -13.1126   120.5346    20.4542
    2823   94.0667    1      0.8238   -88.2375  -106.1622   -12.9868   120.5439    20.4104
    2824   94.1000    1      0.8235   -88.2428  -106.1822   -12.9187   120.5450    20.3861
    2825   94.1333    1      0.8284   -88.2486  -106.2230   -12.7892   120.5306    20.3375
    2826   94.1667    1      0.8368   -88.2490  -106.2549   -12.6951   120.5057    20.3000
    2827   94.2000    1      0.8655   -88.2435  -106.3344   -12.4735   120.4215    20.2078
    2828   94.2333    1      0.9126   -88.2252  -106.4269   -12.2379   120.2833    20.1026
    2829   94.2667    1      0.9776   -88.1926  -106.5243   -12.0152   120.0931    19.9947
    2830   94.3000    1      1.0146   -88.1718  -106.5710   -11.9184   119.9848    19.9443
    2831   94.3333    1      1.0976   -88.1218  -106.6610   -11.7508   119.7424    19.8496
    2832   94.3667    1      1.1901   -88.0625  -106.7454   -11.6173   119.4731    19.7643
    2833   94.4000    1      1.2781   -88.0051  -106.8204   -11.5083   119.2176    19.6903
    2834   94.4333    1      1.3135   -87.9835  -106.8550   -11.4488   119.1150    19.6551
    2835   94.4667    1      1.3626   -87.9529  -106.9007   -11.3743   118.9728    19.6093
    2836   94.5000    1      1.3882   -87.9363  -106.9217   -11.3450   118.8988    19.5890
    2837   94.5333    1      1.3938   -87.9317  -106.9228   -11.3508   118.8825    19.5890
    2838   94.5667    1      1.4015   -87.9244  -106.9205   -11.3711   118.8605    19.5936
    2839   94.6000    1      1.4089   -87.9183  -106.9221   -11.3782   118.8389    19.5935
    2840   94.6333    1      1.4117   -87.9161  -106.9231   -11.3793   118.8309    19.5929
    2841   94.6667    1      1.4075   -87.9190  -106.9203   -11.3818   118.8430    19.5953
    2842   94.7000    1      1.3955   -87.9287  -106.9171   -11.3728   118.8778    19.5965
    2843   94.7333    1      1.3866   -87.9349  -106.9116   -11.3768   118.9035    19.6012
    2844   94.7667    1      1.3840   -87.9369  -106.9105   -11.3764   118.9110    19.6021
    2845   94.8000    1      1.3744   -87.9450  -106.9093   -11.3646   118.9388    19.6013
    2846   94.8333    1      1.3602   -87.9568  -106.9070   -11.3490   118.9797    19.6008
    2847   94.8667    1      1.3512   -87.9639  -106.9040   -11.3442   119.0059    19.6024
    2848   94.9000    1      1.3304   -87.9799  -106.8959   -11.3373   119.0659    19.6077
    2849   94.9333    1      1.3087   -87.9967  -106.8872   -11.3305   119.1289    19.6134
    2850   94.9667    1      1.2881   -88.0141  -106.8844   -11.3057   119.1885    19.6120
    2851   95.0000    1      1.2801   -88.0208  -106.8830   -11.2970   119.2117    19.6119
    2852   95.0333    1      1.2705   -88.0269  -106.8741   -11.3114   119.2398    19.6209
    2853   95.0667    1      1.2755   -88.0190  -106.8617   -11.3623   119.2253    19.6377
    2854   95.1000    1      1.2845   -88.0105  -106.8601   -11.3831   119.1990    19.6419
    2855   95.1333    1      1.3104   -87.9897  -106.8675   -11.4011   119.1239    19.6387
    2856   95.1667    1      1.3468   -87.9634  -106.8883   -11.3904   119.0186    19.6211
    2857   95.2000    1      1.3842   -87.9379  -106.9145   -11.3629   118.9105    19.5971
    2858   95.2333    1      1.3991   -87.9289  -106.9295   -11.3364   118.8674    19.5818
    2859   95.2667    1      1.4276   -87.9136  -106.9641   -11.2653   118.7850    19.5451
    2860   95.3000    1      1.4605   -87.8986  -107.0133   -11.1516   118.6900    19.4911
    2861   95.3333    1      1.4771   -87.8929  -107.0446   -11.0720   118.6419    19.4557
    2862   95.3667    1      1.5067   -87.8896  -107.1235   -10.8503   118.5567    19.3629
    2863   95.4000    1      1.5397   -87.8878  -107.2165   -10.5851   118.4615    19.2526
    2864   95.4333    1      1.5823   -87.8817  -107.3214   -10.2939   118.3389    19.1289
    2865   95.4667    1      1.6051   -87.8787  -107.3774   -10.1377   118.2735    19.0624
    2866   95.5000    1      1.6498   -87.8741  -107.4896    -9.8226   118.1451    18.9285
    2867   95.5333    1      1.6965   -87.8653  -107.5919    -9.5445   118.0111    18.8076
    2868   95.5667    1      1.7221   -87.8571  -107.6367    -9.4310   117.9375    18.7560
    2869   95.6000    1      1.7836   -87.8275  -107.7126    -9.2696   117.7616    18.6741
    2870   95.6333    1      1.8480   -87.7857  -107.7581    -9.2202   117.5776    18.6339
    2871   95.6667    1      1.9199   -87.7311  -107.7834    -9.2535   117.3722    18.6230
    2872   95.7000    1      1.9578   -87.7020  -107.7951    -9.2767   117.2644    18.6196
    2873   95.7333    1      2.0391   -87.6363  -107.8091    -9.3641   117.0329    18.6267
    2874   95.7667    1      2.1176   -87.5721  -107.8185    -9.4616   116.8101    18.6390
    2875   95.8000    1      2.1525   -87.5427  -107.8193    -9.5163   116.7113    18.6489
    2876   95.8333    1      2.2056   -87.4976  -107.8188    -9.6049   116.5606    18.6661
    2877   95.8667    1      2.2427   -87.4673  -107.8215    -9.6557   116.4558    18.6740
    2878   95.9000    1      2.2658   -87.4471  -107.8189    -9.7021   116.3904    18.6845
    2879   95.9333    1      2.2738   -87.4394  -107.8157    -9.7262   116.3678    18.6912
    2880   95.9667    1      2.2757   -87.4358  -107.8091    -9.7516   116.3625    18.7002
    2881   96.0000    1      2.2575   -87.4510  -107.8091    -9.7223   116.4138    18.6946
    2882   96.0333    1      2.2423   -87.4656  -107.8149    -9.6778   116.4570    18.6824
    2883   96.0667    1      2.2103   -87.4991  -107.8361    -9.5526   116.5475    18.6450
    2884   96.1000    1      2.1924   -87.5247  -107.8696    -9.4072   116.5980    18.5955
    2885   96.1333    1      2.1900   -87.5340  -107.8924    -9.3239   116.6048    18.5647
    2886   96.1667    1      2.1926   -87.5442  -107.9309    -9.1942   116.5976    18.5149
    2887   96.2000    1      2.1996   -87.5450  -107.9519    -9.1324   116.5776    18.4893
    2888   96.2333    1      2.2111   -87.5416  -107.9714    -9.0833   116.5452    18.4672
    2889   96.2667    1      2.2169   -87.5391  -107.9792    -9.0658   116.5288    18.4588
    2890   96.3000    1      2.2265   -87.5313  -107.9804    -9.0776   116.5016    18.4604
    2891   96.3333    1      2.2381   -87.5199  -107.9753    -9.1143   116.4688    18.4708
    2892   96.3667    1      2.2462   -87.5123  -107.9731    -9.1356   116.4459    18.4764
    2893   96.4000    1      2.2635   -87.4959  -107.9678    -9.1824   116.3970    18.4890
    2894   96.4333    1      2.2843   -87.4779  -107.9663    -9.2216   116.3383    18.4976
    2895   96.4667    1      2.3022   -87.4644  -107.9714    -9.2334   116.2877    18.4968
    2896   96.5000    1      2.3083   -87.4623  -107.9808    -9.2105   116.2704    18.4863
    2897   96.5333    1      2.3123   -87.4662  -108.0035    -9.1382   116.2591    18.4578
    2898   96.5667    1      2.3088   -87.4687  -108.0022    -9.1371   116.2690    18.4584
    2899   96.6000    1      2.3054   -87.4711  -108.0005    -9.1372   116.2786    18.4594
    2900   96.6333    1      2.3009   -87.4751  -108.0010    -9.1282   116.2915    18.4573
    2901   96.6667    1      2.2953   -87.4803  -108.0025    -9.1138   116.3073    18.4535
    2902   96.7000    1      2.2917   -87.4863  -108.0118    -9.0754   116.3172    18.4400
    2903   96.7333    1      2.2935   -87.4870  -108.0185    -9.0549   116.3123    18.4317
    2904   96.7667    1      2.2957   -87.4927  -108.0421    -8.9765   116.3059    18.4013
    2905   96.8000    1      2.2975   -87.5038  -108.0802    -8.8460   116.3009    18.3512
    2906   96.8333    1      2.3018   -87.5147  -108.1243    -8.6987   116.2887    18.2937
    2907   96.8667    1      2.3058   -87.5171  -108.1416    -8.6447   116.2775    18.2719
    2908   96.9000    1      2.3085   -87.5191  -108.1544    -8.6042   116.2698    18.2557
    2909   96.9333    1      2.3076   -87.5169  -108.1453    -8.6344   116.2724    18.2675
    2910   96.9667    1      2.3050   -87.5153  -108.1340    -8.6697   116.2798    18.2818
    2911   97.0000    1      2.3002   -87.5092  -108.1035    -8.7688   116.2934    18.3210
    2912   97.0333    1      2.3048   -87.4942  -108.0700    -8.8938   116.2804    18.3672
    2913   97.0667    1      2.3087   -87.4853  -108.0529    -8.9600   116.2694    18.3912
    2914   97.1000    1      2.3176   -87.4711  -108.0324    -9.0464   116.2441    18.4213
    2915   97.1333    1      2.3183   -87.4700  -108.0310    -9.0522   116.2421    18.4234
    2916   97.1667    1      2.3157   -87.4723  -108.0311    -9.0476   116.2496    18.4224
    2917   97.2000    1      2.3094   -87.4751  -108.0233    -9.0644   116.2675    18.4306
    2918   97.2333    1      2.3048   -87.4792  -108.0240    -9.0544   116.2804    18.4282
    2919   97.2667    1      2.2863   -87.4902  -108.0096    -9.0742   116.3326    18.4412
    2920   97.3000    1      2.2756   -87.4964  -108.0009    -9.0870   116.3628    18.4492
    2921   97.3333    1      2.2570   -87.5106  -107.9962    -9.0727   116.4155    18.4494
    2922   97.3667    1      2.2357   -87.5281  -107.9946    -9.0432   116.4755    18.4445
    2923   97.4000    1      2.2207   -87.5389  -107.9886    -9.0394   116.5180    18.4476
    2924   97.4333    1      2.1888   -87.5630  -107.9788    -9.0207   116.6084    18.4502
    2925   97.4667    1      2.1514   -87.5922  -107.9702    -8.9881   116.7143    18.4492
    2926   97.5000    1      2.1144   -87.6231  -107.9677    -8.9351   116.8191    18.4405
    2927   97.5333    1      2.0956   -87.6381  -107.9641    -8.9161   116.8725    18.4391
    2928   97.5667    1      2.0606   -87.6659  -107.9567    -8.8832   116.9717    18.4375
    2929   97.6000    1      2.0323   -87.6864  -107.9445    -8.8778   117.0523    18.4443
    2930   97.6333    1      2.0136   -87.6950  -107.9216    -8.9270   117.1055    18.4690
    2931   97.6667    1      2.0107   -87.6943  -107.9120    -8.9557   117.1136    18.4808
    2932   97.7000    1      2.0170   -87.6862  -107.9039    -8.9950   117.0959    18.4938
    2933   97.7333    1      2.0240   -87.6812  -107.9069    -8.9960   117.0760    18.4919
    2934   97.7667    1      2.0257   -87.6797  -107.9068    -8.9993   117.0712    18.4927
    2935   97.8000    1      2.0285   -87.6788  -107.9116    -8.9872   117.0632    18.4872
    2936   97.8333    1      2.0239   -87.6844  -107.9166    -8.9619   117.0763    18.4790
    2937   97.8667    1      2.0202   -87.6883  -107.9185    -8.9490   117.0868    18.4752
    2938   97.9000    1      2.0145   -87.6972  -107.9305    -8.8971   117.1029    18.4573
    2939   97.9333    1      2.0050   -87.7087  -107.9401    -8.8472   117.1299    18.4413
    2940   97.9667    1      1.9942   -87.7187  -107.9418    -8.8225   117.1608    18.4353
    2941   98.0000    1      1.9919   -87.7218  -107.9449    -8.8075   117.1673    18.4304
    2942   98.0333    1      1.9902   -87.7237  -107.9466    -8.7989   117.1719    18.4276
    2943   98.0667    1      1.9934   -87.7262  -107.9622    -8.7492   117.1630    18.4076
    2944   98.1000    1      1.9956   -87.7268  -107.9697    -8.7266   117.1567    18.3983
    2945   98.1333    1      2.0005   -87.7265  -107.9813    -8.6937   117.1427    18.3842
    2946   98.1667    1      2.0004   -87.7323  -107.9983    -8.6335   117.1429    18.3612
    2947   98.2000    1      1.9882   -87.7472  -108.0104    -8.5696   117.1778    18.3407
    2948   98.2333    1      1.9763   -87.7594  -108.0156    -8.5308   117.2115    18.3296
    2949   98.2667    1      1.9441   -87.7908  -108.0244    -8.4435   117.3034    18.3065
    2950   98.3000    1      1.8944   -87.8362  -108.0284    -8.3427   117.4449    18.2839
    2951   98.3333    1      1.8554   -87.8714  -108.0296    -8.2697   117.5562    18.2686
    2952   98.3667    1      1.7595   -87.9571  -108.0281    -8.1045   117.8304    18.2369
    2953   98.4000    1      1.6482   -88.0577  -108.0261    -7.9108   118.1497    18.1999
    2954   98.4333    1      1.5222   -88.1743  -108.0261    -7.6784   118.5121    18.1538
    2955   98.4667    1      1.4552   -88.2379  -108.0283    -7.5448   118.7053    18.1257
    2956   98.5000    1      1.3330   -88.3540  -108.0289    -7.3099   119.0586    18.0786
    2957   98.5333    1      1.2243   -88.4582  -108.0277    -7.1031   119.3738    18.0382
    2958   98.5667    1      1.1828   -88.5028  -108.0382    -6.9822   119.4943    18.0065
    2959   98.6000    1      1.1288   -88.5672  -108.0661    -6.7698   119.6517    17.9435
    2960   98.6333    1      1.1219   -88.5868  -108.0972    -6.6386   119.6717    17.8944
    2961   98.6667    1      1.1340   -88.5801  -108.1101    -6.6143   119.6365    17.8802
    2962   98.7000    1      1.1695   -88.5445  -108.1086    -6.6915   119.5331    17.8970
    2963   98.7333    1      1.2118   -88.4930  -108.0839    -6.8682   119.4102    17.9506
    2964   98.7667    1      1.2432   -88.4549  -108.0652    -7.0003   119.3190    17.9907
    2965   98.8000    1      1.2570   -88.4388  -108.0586    -7.0521   119.2787    18.0058
    2966   98.8333    1      1.2826   -88.4152  -108.0613    -7.0921   119.2047    18.0120
    2967   98.8667    1      1.2854   -88.4161  -108.0705    -7.0632   119.1966    17.9996
    2968   98.9000    1      1.2784   -88.4253  -108.0767    -7.0262   119.2168    17.9877
    2969   98.9333    1      1.2553   -88.4581  -108.1025    -6.8846   119.2838    17.9407
    2970   98.9667    1      1.2273   -88.4937  -108.1232    -6.7518   119.3651    17.8989
    2971   99.0000    1      1.2171   -88.5148  -108.1500    -6.6304   119.3948    17.8549
    2972   99.0333    1      1.2139   -88.5246  -108.1662    -6.5631   119.4041    17.8295
    2973   99.0667    1      1.2040   -88.5485  -108.2004    -6.4139   119.4327    17.7741
    2974   99.1000    1      1.1795   -88.5813  -108.2205    -6.2882   119.5040    17.7336
    2975   99.1333    1      1.1545   -88.6061  -108.2205    -6.2373   119.5767    17.7229
    2976   99.1667    1      1.0793   -88.6717  -108.1981    -6.1685   119.7959    17.7244
    2977   99.2000    1      0.9929   -88.7443  -108.1643    -6.1186   120.0484    17.7384
    2978   99.2333    1      0.8947   -88.8289  -108.1286    -6.0501   120.3360    17.7504
    2979   99.2667    1      0.8381   -88.8784  -108.1088    -6.0062   120.5021    17.7559
    2980   99.3000    1      0.7107   -88.9949  -108.0730    -5.8713   120.8771    17.7549
    2981   99.3333    1      0.5751   -89.1258  -108.0459    -5.6796   121.2778    17.7359
    2982   99.3667    1      0.5145   -89.1852  -108.0339    -5.5914   121.4574    17.7268
    2983   99.4000    1      0.4016   -89.3007  -108.0196    -5.3924   121.7929    17.6967
    2984   99.4333    1      0.3180   -89.3979  -108.0307    -5.1546   122.0424    17.6382
    2985   99.4667    1      0.2566   -89.4701  -108.0390    -4.9773   122.2257    17.5942
    2986   99.5000    1      0.2301   -89.5018  -108.0430    -4.8979   122.3053    17.5742
    2987   99.5333    1      0.1970   -89.5365  -108.0377    -4.8403   122.4044    17.5661
    2988   99.5667    1      0.1861   -89.5448  -108.0297    -4.8466   122.4370    17.5738
    2989   99.6000    1      0.1860   -89.5469  -108.0340    -4.8292   122.4371    17.5668
    2990   99.6333    1      0.1921   -89.5452  -108.0443    -4.8018   122.4190    17.5526
    2991   99.6667    1      0.2066   -89.5352  -108.0572    -4.7844   122.3755    17.5387
    2992   99.7000    1      0.2159   -89.5347  -108.0775    -4.7245   122.3477    17.5098
    2993   99.7333    1      0.2149   -89.5372  -108.0801    -4.7113   122.3507    17.5048
    2994   99.7667    1      0.2165   -89.5405  -108.0904    -4.6734   122.3458    17.4885
    2995   99.8000    1      0.2140   -89.5504  -108.1045    -4.6098   122.3535    17.4635
    2996   99.8333    1      0.2085   -89.5582  -108.1078    -4.5832   122.3698    17.4551
    2997   99.8667    1      0.1908   -89.5768  -108.1048    -4.5529   122.4228    17.4510
    2998   99.9000    1      0.1688   -89.5996  -108.1005    -4.5171   122.4888    17.4466
    2999   99.9333    1      0.1399   -89.6303  -108.0958    -4.4654   122.5757    17.4390
    3000   99.9667    1      0.1243   -89.6471  -108.0937    -4.4359   122.6224    17.4343
    3001  100.0000    1      0.0816   -89.6843  -108.0703    -4.4270   122.7508    17.4511
    3002  100.0333    1      0.0315   -89.7271  -108.0408    -4.4243   122.9017    17.4743
    3003  100.0667    1      0.0085   -89.7466  -108.0267    -4.4249   122.9712    17.4858
    3004  100.1000    1     -0.0346   -89.7696  -107.9737    -4.5357   123.1013    17.5529
    3005  100.1333    1     -0.0862   -89.7910  -107.8974    -4.7210   123.2572    17.6552
    3006  100.1667    1     -0.1143   -89.8052  -107.8605    -4.8021   123.3424    17.7028
    3007  100.2000    1     -0.1710   -89.8324  -107.7827    -4.9800   123.5143    17.8050
    3008  100.2333    1     -0.2286   -89.8582  -107.6991    -5.1789   123.6892    17.9167
    3009  100.2667    1     -0.2800   -89.8839  -107.6288    -5.3377   123.8457    18.0090
    3010  100.3000    1     -0.3050   -89.9011  -107.6041    -5.3762   123.9219    18.0381
    3011  100.3333    1     -0.3464   -89.9108  -107.5240    -5.5994   124.0481    18.1516
    3012  100.3667    1     -0.3800   -89.8913  -107.4002    -6.0179   124.1509    18.3403
    3013  100.4000    1     -0.3921   -89.8806  -107.3472    -6.2019   124.1879    18.4215
    3014  100.4333    1     -0.4303   -89.8881  -107.2669    -6.4308   124.3047    18.5352
    3015  100.4667    1     -0.4555   -89.9018  -107.2331    -6.5051   124.3818    18.5792
    3016  100.5000    1     -0.4749   -89.9249  -107.2342    -6.4531   124.4415    18.5692
    3017  100.5333    1     -0.4808   -89.9342  -107.2396    -6.4170   124.4595    18.5580
    3018  100.5667    1     -0.4806   -89.9458  -107.2654    -6.3139   124.4589    18.5162
    3019  100.6000    1     -0.4766   -89.9484  -107.2809    -6.2613   124.4467    18.4927
    3020  100.6333    1     -0.4772   -89.9487  -107.2801    -6.2627   124.4486    18.4936
    3021  100.6667    1     -0.4749   -89.9471  -107.2823    -6.2598   124.4416    18.4911
    3022  100.7000    1     -0.4613   -89.9363  -107.2934    -6.2485   124.3997    18.4789
    3023  100.7333    1     -0.4473   -89.9246  -107.3034    -6.2426   124.3569    18.4687
    3024  100.7667    1     -0.4343   -89.9111  -107.3070    -6.2604   124.3170    18.4685
    3025  100.8000    1     -0.3878   -89.8658  -107.3259    -6.2980   124.1746    18.4579
    3026  100.8333    1     -0.3473   -89.8170  -107.3213    -6.4145   124.0507    18.4826
    3027  100.8667    1     -0.3299   -89.7909  -107.3079    -6.5100   123.9977    18.5116
    3028  100.9000    1     -0.2755   -89.7334  -107.3180    -6.5995   123.8318    18.5180
    3029  100.9333    1     -0.2052   -89.6673  -107.3480    -6.6466   123.6182    18.4994
    3030  100.9667    1     -0.1447   -89.5973  -107.3431    -6.8072   123.4344    18.5318
    3031  101.0000    1     -0.1151   -89.5629  -107.3396    -6.8890   123.3448    18.5490
    3032  101.0333    1     -0.0629   -89.4905  -107.3055    -7.1417   123.1867    18.6225
    3033  101.0667    1     -0.0141   -89.4224  -107.2703    -7.3880   123.0393    18.6951
    3034  101.1000    1      0.0118   -89.3923  -107.2653    -7.4647   122.9612    18.7122
    3035  101.1333    1      0.0711   -89.3324  -107.2751    -7.5579   122.7825    18.7191
    3036  101.1667    1      0.1373   -89.2582  -107.2666    -7.7349   122.5835    18.7558
    3037  101.2000    1      0.1748   -89.2179  -107.2653    -7.8208   122.4708    18.7711
    3038  101.2333    1      0.2507   -89.1355  -107.2583    -8.0090   122.2436    18.8079
    3039  101.2667    1      0.3376   -89.0314  -107.2221    -8.3270   121.9837    18.8903
    3040  101.3000    1      0.4079   -88.9389  -107.1666    -8.6774   121.7742    18.9929
    3041  101.3333    1      0.4345   -88.8934  -107.1153    -8.9206   121.6951    19.0742
    3042  101.3667    1      0.4630   -88.8034  -106.9398    -9.6194   121.6102    19.3278
    3043  101.4000    1      0.4633   -88.7289  -106.7135   -10.4352   121.6096    19.6353
    3044  101.4333    1      0.4573   -88.6999  -106.6022   -10.8205   121.6273    19.7820
    3045  101.4667    1      0.4517   -88.6349  -106.3650   -11.6458   121.6439    20.0897
    3046  101.5000    1      0.4511   -88.5733  -106.1398   -12.4264   121.6458    20.3749
    3047  101.5333    1      0.4565   -88.5229  -105.9642   -13.0371   121.6298    20.5926
    3048  101.5667    1      0.4634   -88.5004  -105.8994   -13.2694   121.6092    20.6725
    3049  101.6000    1      0.4877   -88.4519  -105.7899   -13.6802   121.5371    20.8075
    3050  101.6333    1      0.5273   -88.3984  -105.7144   -13.9995   121.4193    20.9021
    3051  101.6667    1      0.5416   -88.3827  -105.7019   -14.0646   121.3770    20.9185
    3052  101.7000    1      0.5618   -88.3643  -105.7009   -14.1011   121.3171    20.9221
    3053  101.7333    1      0.5800   -88.3468  -105.6961   -14.1470   121.2632    20.9300
    3054  101.7667    1      0.5627   -88.3635  -105.7008   -14.1028   121.3146    20.9224
    3055  101.8000    1      0.5501   -88.3739  -105.6967   -14.0958   121.3518    20.9256
    3056  101.8333    1      0.5196   -88.3996  -105.6886   -14.0726   121.4424    20.9315
    3057  101.8667    1      0.4762   -88.4436  -105.7094   -13.9316   121.5710    20.9018
    3058  101.9000    1      0.4261   -88.4934  -105.7268   -13.7891   121.7201    20.8749
    3059  101.9333    1      0.3960   -88.5225  -105.7332   -13.7169   121.8097    20.8635
    3060  101.9667    1      0.3347   -88.5836  -105.7524   -13.5477   121.9924    20.8327
    3061  102.0000    1      0.2723   -88.6415  -105.7512   -13.4445   122.1788    20.8263
    3062  102.0333    1      0.2421   -88.6653  -105.7329   -13.4544   122.2693    20.8447
    3063  102.0667    1      0.1825   -88.7108  -105.6900   -13.4971   122.4478    20.8894
    3064  102.1000    1      0.1405   -88.7482  -105.6808   -13.4553   122.5737    20.8956
    3065  102.1333    1      0.1241   -88.7617  -105.6726   -13.4545   122.6230    20.9037
    3066  102.1667    1      0.1204   -88.7635  -105.6655   -13.4722   122.6342    20.9119
    3067  102.2000    1      0.1550   -88.7365  -105.6888   -13.4530   122.5304    20.8876
    3068  102.2333    1      0.1898   -88.7055  -105.6964   -13.4880   122.4259    20.8825
    3069  102.2667    1      0.2104   -88.6855  -105.6940   -13.5320   122.3641    20.8879
    3070  102.3000    1      0.2529   -88.6486  -105.7058   -13.5654   122.2370    20.8789
    3071  102.3333    1      0.3070   -88.5999  -105.7131   -13.6336   122.0752    20.8767
    3072  102.3667    1      0.3668   -88.5436  -105.7088   -13.7500   121.8968    20.8892
    3073  102.4000    1      0.3994   -88.5134  -105.7078   -13.8081   121.7996    20.8942
    3074  102.4333    1      0.4804   -88.4424  -105.7208   -13.9003   121.5586    20.8888
    3075  102.4667    1      0.5185   -88.4109  -105.7345   -13.9174   121.4455    20.8772
    3076  102.5000    1      0.5953   -88.3482  -105.7629   -13.9491   121.2181    20.8534
    3077  102.5333    1      0.6697   -88.2842  -105.7745   -14.0319   120.9981    20.8493
    3078  102.5667    1      0.7236   -88.2373  -105.7791   -14.1042   120.8389    20.8510
    3079  102.6000    1      0.7509   -88.2123  -105.7750   -14.1615   120.7587    20.8592
    3080  102.6333    1      0.7990   -88.1675  -105.7638   -14.2751   120.6169    20.8784
    3081  102.6667    1      0.8450   -88.1247  -105.7513   -14.3890   120.4818    20.8987
    3082  102.7000    1      0.8683   -88.1028  -105.7437   -14.4507   120.4134    20.9104
    3083  102.7333    1      0.9060   -88.0717  -105.7516   -14.4839   120.3027    20.9062
    3084  102.7667    1      0.9384   -88.0452  -105.7582   -14.5126   120.2078    20.9027
    3085  102.8000    1      0.9609   -88.0265  -105.7616   -14.5365   120.1419    20.9017
    3086  102.8333    1      0.9720   -88.0170  -105.7618   -14.5529   120.1093    20.9029
    3087  102.8667    1      1.0023   -87.9912  -105.7628   -14.5964   120.0206    20.9056
    3088  102.9000    1      1.0451   -87.9564  -105.7710   -14.6356   119.8957    20.9019
    3089  102.9333    1      1.0680   -87.9395  -105.7838   -14.6290   119.8290    20.8904
    3090  102.9667    1      1.1059   -87.9131  -105.8116   -14.5962   119.7184    20.8638
    3091  103.0000    1      1.1276   -87.9003  -105.8394   -14.5391   119.6550    20.8352
    3092  103.0333    1      1.1211   -87.9109  -105.8640   -14.4490   119.6741    20.8062
    3093  103.0667    1      1.1104   -87.9204  -105.8659   -14.4263   119.7051    20.8025
    3094  103.1000    1      1.0809   -87.9456  -105.8662   -14.3799   119.7913    20.7981
    3095  103.1333    1      1.0416   -87.9793  -105.8669   -14.3170   119.9059    20.7919
    3096  103.1667    1      0.9979   -88.0163  -105.8642   -14.2579   120.0337    20.7889
    3097  103.2000    1      0.9725   -88.0379  -105.8626   -14.2235   120.1081    20.7872
    3098  103.2333    1      0.9168   -88.0843  -105.8543   -14.1634   120.2710    20.7892
    3099  103.2667    1      0.8707   -88.1237  -105.8508   -14.1020   120.4063    20.7870
    3100  103.3000    1      0.8526   -88.1397  -105.8512   -14.0719   120.4596    20.7840
    3101  103.3333    1      0.8256   -88.1611  -105.8411   -14.0621   120.5389    20.7921
    3102  103.3667    1      0.7953   -88.1840  -105.8242   -14.0697   120.6277    20.8077
    3103  103.4000    1      0.7820   -88.1942  -105.8173   -14.0711   120.6671    20.8140
    3104  103.4333    1      0.7672   -88.2045  -105.8053   -14.0873   120.7104    20.8260
    3105  103.4667    1      0.7909   -88.1847  -105.8101   -14.1095   120.6408    20.8236
    3106  103.5000    1      0.8409   -88.1424  -105.8173   -14.1651   120.4937    20.8218
    3107  103.5333    1      0.8650   -88.1220  -105.8203   -14.1935   120.4229    20.8215
    3108  103.5667    1      0.8819   -88.1104  -105.8343   -14.1742   120.3736    20.8077
    3109  103.6000    1      0.8798   -88.1149  -105.8469   -14.1293   120.3797    20.7927
    3110  103.6333    1      0.8852   -88.1106  -105.8490   -14.1309   120.3637    20.7910
    3111  103.6667    1      0.8976   -88.1022  -105.8597   -14.1153   120.3275    20.7804
    3112  103.7000    1      0.9129   -88.0918  -105.8729   -14.0959   120.2825    20.7671
    3113  103.7333    1      0.9549   -88.0549  -105.8712   -14.1678   120.1594    20.7749
    3114  103.7667    1      0.9960   -88.0210  -105.8785   -14.2082   120.0392    20.7722
    3115  103.8000    1      1.1026   -87.9391  -105.9232   -14.2272   119.7280    20.7358
    3116  103.8333    1      1.2377   -87.8458  -106.0241   -14.1051   119.3348    20.6398
    3117  103.8667    1      1.3192   -87.7935  -106.1005   -13.9798   119.0984    20.5645
    3118  103.9000    1      1.5155   -87.6716  -106.2938   -13.6464   118.5312    20.3740
    3119  103.9333    1      1.7380   -87.5355  -106.5070   -13.2846   117.8921    20.1672
    3120  103.9667    1      1.9743   -87.3912  -106.7175   -12.9486   117.2174    19.9685
    3121  104.0000    1      2.0878   -87.3242  -106.8222   -12.7741   116.8947    19.8697
    3122  104.0333    1      2.2994   -87.1955  -106.9919   -12.5300   116.2957    19.7171
    3123  104.0667    1      2.4894   -87.0719  -107.1003   -12.4520   115.7603    19.6337
    3124  104.1000    1      2.5836   -87.0094  -107.1452   -12.4409   115.4957    19.6032
    3125  104.1333    1      2.7600   -86.8932  -107.2268   -12.4262   115.0021    19.5500
    3126  104.1667    1      2.9678   -86.7655  -107.3516   -12.3125   114.4232    19.4551
    3127  104.2000    1      3.0759   -86.7065  -107.4437   -12.1639   114.1231    19.3743
    3128  104.2333    1      3.3668   -86.5668  -107.7547   -11.5556   113.3188    19.0834
    3129  104.2667    1      3.7000   -86.4262  -108.1537   -10.7097   112.4038    18.6985
    3130  104.3000    1      4.0695   -86.2874  -108.6139    -9.6977   111.3965    18.2466
    3131  104.3333    1      4.2965   -86.2084  -108.8952    -9.0725   110.7811    17.9685
    3132  104.3667    1      4.7577   -86.0645  -109.4679    -7.7752   109.5388    17.3949
    3133  104.4000    1      5.2052   -85.9325  -109.9853    -6.6183   108.3428    16.8795
    3134  104.4333    1      5.4355   -85.8608  -110.2209    -6.1184   107.7309    16.6524
    3135  104.4667    1      5.8575   -85.7369  -110.6417    -5.2237   106.6155    16.2473
    3136  104.5000    1      6.1779   -85.6363  -110.9213    -4.6712   105.7731    15.9920
    3137  104.5333    1      6.4608   -85.5237  -111.0964    -4.4291   105.0326    15.8665
    3138  104.5667    1      6.5504   -85.4821  -111.1350    -4.4105   104.7988    15.8504
    3139  104.6000    1      6.6120   -85.4484  -111.1487    -4.4426   104.6382    15.8574
    3140  104.6333    1      6.5608   -85.4649  -111.1093    -4.5149   104.7717    15.8911
    3141  104.6667    1      6.5170   -85.4866  -111.0940    -4.5115   104.8860    15.8939
    3142  104.7000    1      6.4040   -85.5521  -111.0759    -4.4262   105.1811    15.8710
    3143  104.7333    1      6.2784   -85.6322  -111.0715    -4.2739   105.5097    15.8230
    3144  104.7667    1      6.1549   -85.7183  -111.0813    -4.0710   105.8335    15.7551
    3145  104.8000    1      6.0965   -85.7647  -111.0982    -3.9300   105.9868    15.7050
    3146  104.8333    1      5.9919   -85.8597  -111.1531    -3.5860   106.2617    15.5786
    3147  104.8667    1      5.9157   -85.9569  -111.2523    -3.1163   106.4620    15.3981
    3148  104.9000    1      5.8929   -85.9987  -111.3082    -2.8778   106.5222    15.3043
    3149  104.9333    1      5.8615   -86.0823  -111.4376    -2.3529   106.6048    15.0950
    3150  104.9667    1      5.8380   -86.1712  -111.5836    -1.7707   106.6667    14.8603
    3151  105.0000    1      5.8548   -86.2318  -111.7257    -1.2576   106.6225    14.6480
    3152  105.0333    1      5.8782   -86.2458  -111.7851    -1.0666   106.5609    14.5667
    3153  105.0667    1      5.9326   -86.2348  -111.8393    -0.9428   106.4176    14.5095
    3154  105.1000    1      5.9577   -86.2016  -111.8110    -1.0896   106.3517    14.5671
    3155  105.1333    1      5.9709   -86.1743  -111.7771    -1.2388   106.3170    14.6269
    3156  105.1667    1      6.0048   -86.1141  -111.7074    -1.5543   106.2277    14.7525
    3157  105.2000    1      6.0410   -86.0597  -111.6506    -1.8222   106.1325    14.8581
    3158  105.2333    1      6.0779   -86.0120  -111.6070    -2.0401   106.0356    14.9430
    3159  105.2667    1      6.1011   -85.9899  -111.5950    -2.1189   105.9748    14.9725
    3160  105.3000    1      6.1466   -85.9612  -111.6012    -2.1619   105.8553    14.9851
    3161  105.3333    1      6.2187   -85.9354  -111.6510    -2.0811   105.6661    14.9445
    3162  105.3667    1      6.2588   -85.9255  -111.6875    -2.0030   105.5611    14.9084
    3163  105.4000    1      6.3499   -85.9094  -111.7821    -1.7814   105.3226    14.8085
    3164  105.4333    1      6.4538   -85.8916  -111.8892    -1.5299   105.0509    14.6952
    3165  105.4667    1      6.5061   -85.8843  -111.9454    -1.3938   104.9143    14.6343
    3166  105.5000    1      6.6178   -85.8689  -112.0643    -1.1060   104.6229    14.5055
    3167  105.5333    1      6.7359   -85.8310  -112.1457    -0.9674   104.3154    14.4376
    3168  105.5667    1      6.8665   -85.7794  -112.2158    -0.8883   103.9757    14.3935
    3169  105.6000    1      6.9367   -85.7528  -112.2546    -0.8407   103.7934    14.3678
    3170  105.6333    1      7.0829   -85.6875  -112.3152    -0.8165   103.4143    14.3458
    3171  105.6667    1      7.2453   -85.5932  -112.3381    -0.9551   102.9938    14.3900
    3172  105.7000    1      7.3291   -85.5414  -112.3426    -1.0527   102.7772    14.4238
    3173  105.7333    1      7.5003   -85.4326  -112.3426    -1.2828   102.3355    14.5060
    3174  105.7667    1      7.6495   -85.3388  -112.3410    -1.4852   101.9512    14.5788
    3175  105.8000    1      7.8102   -85.2475  -112.3555    -1.6397   101.5379    14.6317
    3176  105.8333    1      7.8985   -85.1972  -112.3616    -1.7298   101.3112    14.6632
    3177  105.8667    1      8.0378   -85.1047  -112.3420    -1.9770   100.9539    14.7561
    3178  105.9000    1      8.1581   -85.0125  -112.2960    -2.2929   100.6458    14.8784
    3179  105.9333    1      8.2185   -84.9671  -112.2734    -2.4484   100.4911    14.9385
    3180  105.9667    1      8.3323   -84.8829  -112.2311    -2.7372   100.2004    15.0502
    3181  106.0000    1      8.4246   -84.8205  -112.2079    -2.9300    99.9645    15.1240
    3182  106.0333    1      8.5129   -84.7733  -112.2119    -3.0189    99.7393    15.1560
    3183  106.0667    1      8.5475   -84.7562  -112.2163    -3.0435    99.6511    15.1645
    3184  106.1000    1      8.6200   -84.7251  -112.2360    -3.0571    99.4662    15.1669
    3185  106.1333    1      8.6961   -84.6939  -112.2592    -3.0622    99.2723    15.1659
    3186  106.1667    1      8.7535   -84.6616  -112.2562    -3.1384    99.1263    15.1945
    3187  106.2000    1      8.7749   -84.6459  -112.2468    -3.1962    99.0718    15.2171
    3188  106.2333    1      8.8357   -84.6076  -112.2335    -3.3120    98.9172    15.2617
    3189  106.2667    1      8.9066   -84.5699  -112.2334    -3.3920    98.7369    15.2916
    3190  106.3000    1      8.9394   -84.5501  -112.2276    -3.4490    98.6536    15.3135
    3191  106.3333    1      9.0205   -84.4956  -112.1991    -3.6388    98.4477    15.3876
    3192  106.3667    1      9.1071   -84.4256  -112.1386    -3.9447    98.2280    15.5084
    3193  106.4000    1      9.1534   -84.3882  -112.1052    -4.1110    98.1105    15.5741
    3194  106.4333    1      9.2440   -84.3232  -112.0576    -4.3726    97.8809    15.6769
    3195  106.4667    1      9.3304   -84.2729  -112.0395    -4.5261    97.6620    15.7364
    3196  106.5000    1      9.4183   -84.2399  -112.0657    -4.5277    97.4397    15.7351
    3197  106.5333    1      9.4594   -84.2316  -112.0958    -4.4673    97.3356    15.7099
    3198  106.5667    1      9.5155   -84.2278  -112.1553    -4.3206    97.1938    15.6497
    3199  106.6000    1      9.5695   -84.2304  -112.2271    -4.1290    97.0572    15.5714
    3200  106.6333    1      9.6173   -84.2304  -112.2843    -3.9805    96.9365    15.5106
    3201  106.6667    1      9.7033   -84.2376  -112.4025    -3.6587    96.7195    15.3789
    3202  106.7000    1      9.7775   -84.2477  -112.5114    -3.3551    96.5321    15.2545
    3203  106.7333    1      9.8489   -84.2582  -112.6156    -3.0630    96.3521    15.1346
    3204  106.7667    1      9.8933   -84.2629  -112.6754    -2.8981    96.2400    15.0668
    3205  106.8000    1      9.9666   -84.2642  -112.7580    -2.6821    96.0553    14.9776
    3206  106.8333    1     10.0486   -84.2586  -112.8330    -2.5008    95.8488    14.9024
    3207  106.8667    1     10.0996   -84.2536  -112.8759    -2.4010    95.7204    14.8609
    3208  106.9000    1     10.2309   -84.2364  -112.9746    -2.1843    95.3902    14.7707
    3209  106.9333    1     10.3401   -84.2115  -113.0324    -2.0899    95.1158    14.7311
    3210  106.9667    1     10.4490   -84.1792  -113.0724    -2.0578    94.8422    14.7172
    3211  107.0000    1     10.4980   -84.1650  -113.0910    -2.0411    94.7192    14.7101
    3212  107.0333    1     10.5906   -84.1372  -113.1232    -2.0195    94.4866    14.7009
    3213  107.0667    1     10.6976   -84.1001  -113.1485    -2.0364    94.2183    14.7077
    3214  107.1000    1     10.7447   -84.0797  -113.1506    -2.0760    94.1003    14.7240
    3215  107.1333    1     10.8111   -84.0461  -113.1426    -2.1704    93.9339    14.7629
    3216  107.1667    1     10.8570   -84.0271  -113.1458    -2.2042    93.8190    14.7769
    3217  107.2000    1     10.8683   -84.0253  -113.1529    -2.1900    93.7904    14.7711
    3218  107.2333    1     10.8690   -84.0354  -113.1755    -2.1101    93.7888    14.7382
    3219  107.2667    1     10.8547   -84.0624  -113.2193    -1.9386    93.8245    14.6675
    3220  107.3000    1     10.8403   -84.0949  -113.2741    -1.7270    93.8607    14.5802
    3221  107.3333    1     10.8303   -84.1120  -113.3005    -1.6219    93.8856    14.5367
    3222  107.3667    1     10.8041   -84.1413  -113.3363    -1.4659    93.9514    14.4722
    3223  107.4000    1     10.7808   -84.1546  -113.3419    -1.4221    94.0096    14.4541
    3224  107.4333    1     10.7741   -84.1552  -113.3369    -1.4336    94.0264    14.4589
    3225  107.4667    1     10.7758   -84.1510  -113.3298    -1.4611    94.0223    14.4702
    3226  107.5000    1     10.7794   -84.1490  -113.3291    -1.4671    94.0132    14.4727
    3227  107.5333    1     10.7861   -84.1449  -113.3269    -1.4819    93.9964    14.4788
    3228  107.5667    1     10.7900   -84.1426  -113.3259    -1.4896    93.9867    14.4820
    3229  107.6000    1     10.8029   -84.1359  -113.3241    -1.5089    93.9544    14.4900
    3230  107.6333    1     10.8140   -84.1322  -113.3269    -1.5100    93.9267    14.4905
    3231  107.6667    1     10.8172   -84.1317  -113.3288    -1.5064    93.9187    14.4890
    3232  107.7000    1     10.8195   -84.1305  -113.3285    -1.5095    93.9129    14.4903
    3233  107.7333    1     10.8230   -84.1288  -113.3284    -1.5135    93.9040    14.4919
    3234  107.7667    1     10.8349   -84.1231  -113.3278    -1.5278    93.8742    14.4978
    3235  107.8000    1     10.8379   -84.1208  -113.3258    -1.5380    93.8666    14.5021
    3236  107.8333    1     10.8431   -84.1167  -113.3223    -1.5559    93.8537    14.5095
    3237  107.8667    1     10.8496   -84.1116  -113.3178    -1.5786    93.8375    14.5189
    3238  107.9000    1     10.8550   -84.1071  -113.3135    -1.5994    93.8237    14.5275
    3239  107.9333    1     10.8702   -84.0978  -113.3085    -1.6329    93.7857    14.5413
    3240  107.9667    1     10.8820   -84.0926  -113.3087    -1.6438    93.7562    14.5459
    3241  108.0000    1     10.8871   -84.0906  -113.3093    -1.6466    93.7433    14.5470
    3242  108.0333    1     10.8969   -84.0868  -113.3104    -1.6523    93.7189    14.5494
    3243  108.0667    1     10.9034   -84.0840  -113.3108    -1.6575    93.7027    14.5516
    3244  108.1000    1     10.9038   -84.0834  -113.3099    -1.6612    93.7017    14.5531
    3245  108.1333    1     10.9051   -84.0824  -113.3091    -1.6654    93.6985    14.5549
    3246  108.1667    1     10.9081   -84.0800  -113.3069    -1.6764    93.6909    14.5594
    3247  108.2000    1     10.9085   -84.0797  -113.3066    -1.6779    93.6898    14.5600
    3248  108.2333    1     10.9083   -84.0800  -113.3070    -1.6761    93.6905    14.5593
    3249  108.2667    1     10.9085   -84.0797  -113.3066    -1.6779    93.6898    14.5600
    3250  108.3000    1     10.9091   -84.0808  -113.3095    -1.6678    93.6883    14.5559
    3251  108.3333    1     10.9103   -84.0826  -113.3143    -1.6515    93.6855    14.5491
    3252  108.3667    1     10.9109   -84.0825  -113.3146    -1.6512    93.6838    14.5490
    3253  108.4000    1     10.9130   -84.0818  -113.3151    -1.6516    93.6785    14.5492
    3254  108.4333    1     10.9164   -84.0803  -113.3153    -1.6542    93.6700    14.5503
    3255  108.4667    1     10.9201   -84.0790  -113.3160    -1.6554    93.6609    14.5507
    3256  108.5000    1     10.9331   -84.0742  -113.3181    -1.6608    93.6283    14.5530
    3257  108.5333    1     10.9476   -84.0678  -113.3183    -1.6743    93.5919    14.5587
    3258  108.5667    1     10.9626   -84.0605  -113.3171    -1.6934    93.5543    14.5666
    3259  108.6000    1     10.9699   -84.0574  -113.3173    -1.6999    93.5361    14.5693
    3260  108.6333    1     10.9823   -84.0523  -113.3181    -1.7092    93.5050    14.5732
    3261  108.6667    1     10.9866   -84.0505  -113.3185    -1.7120    93.4943    14.5744
    3262  108.7000    1     10.9872   -84.0508  -113.3195    -1.7090    93.4929    14.5731
    3263  108.7333    1     10.9855   -84.0517  -113.3198    -1.7062    93.4972    14.5720
    3264  108.7667    1     10.9850   -84.0523  -113.3206    -1.7027    93.4985    14.5705
    3265  108.8000    1     10.9866   -84.0515  -113.3205    -1.7048    93.4942    14.5714
    3266  108.8333    1     10.9866   -84.0515  -113.3205    -1.7048    93.4942    14.5714
    3267  108.8667    1     10.9848   -84.0530  -113.3220    -1.6978    93.4989    14.5685
    3268  108.9000    1     10.9872   -84.0526  -113.3235    -1.6948    93.4927    14.5673
    3269  108.9333    1     10.9899   -84.0516  -113.3238    -1.6960    93.4862    14.5678
    3270  108.9667    1     10.9995   -84.0483  -113.3257    -1.6988    93.4621    14.5690
    3271  109.0000    1     11.0093   -84.0443  -113.3266    -1.7052    93.4374    14.5717
    3272  109.0333    1     11.0129   -84.0433  -113.3279    -1.7041    93.4284    14.5712
    3273  109.0667    1     11.0137   -84.0432  -113.3285    -1.7029    93.4264    14.5707
    3274  109.1000    1     11.0137   -84.0432  -113.3285    -1.7029    93.4264    14.5707
    3275  109.1333    1     11.0182   -84.0414  -113.3288    -1.7060    93.4152    14.5720
    3276  109.1667    1     11.0204   -84.0409  -113.3296    -1.7051    93.4097    14.5717
    3277  109.2000    1     11.0244   -84.0395  -113.3305    -1.7061    93.3998    14.5721
    3278  109.2333    1     11.0407   -84.0346  -113.3353    -1.7046    93.3590    14.5716
    3279  109.2667    1     11.0575   -84.0290  -113.3392    -1.7070    93.3169    14.5726
    3280  109.3000    1     11.0640   -84.0267  -113.3404    -1.7092    93.3005    14.5736
    3281  109.3333    1     11.0791   -84.0246  -113.3497    -1.6903    93.2630    14.5659
    3282  109.3667    1     11.0876   -84.0288  -113.3663    -1.6387    93.2417    14.5446
    3283  109.4000    1     11.0901   -84.0317  -113.3748    -1.6105    93.2354    14.5329
    3284  109.4333    1     11.0959   -84.0338  -113.3845    -1.5813    93.2208    14.5209
    3285  109.4667    1     11.1009   -84.0319  -113.3851    -1.5840    93.2083    14.5220
    3286  109.5000    1     11.1122   -84.0297  -113.3906    -1.5749    93.1801    14.5183
    3287  109.5333    1     11.1222   -84.0290  -113.3983    -1.5568    93.1550    14.5109
    3288  109.5667    1     11.1474   -84.0294  -113.4221    -1.4954    93.0920    14.4857
    3289  109.6000    1     11.1876   -84.0275  -113.4543    -1.4178    92.9916    14.4538
    3290  109.6333    1     11.2093   -84.0257  -113.4703    -1.3812    92.9371    14.4387
    3291  109.6667    1     11.2484   -84.0201  -113.4936    -1.3345    92.8395    14.4197
    3292  109.7000    1     11.2753   -84.0141  -113.5053    -1.3182    92.7721    14.4131
    3293  109.7333    1     11.2836   -84.0119  -113.5082    -1.3160    92.7514    14.4123
    3294  109.7667    1     11.2906   -84.0098  -113.5101    -1.3157    92.7339    14.4122
    3295  109.8000    1     11.2941   -84.0084  -113.5103    -1.3184    92.7253    14.4134
    3296  109.8333    1     11.2956   -84.0077  -113.5101    -1.3204    92.7216    14.4142
    3297  109.8667    1     11.2956   -84.0077  -113.5101    -1.3204    92.7216    14.4142
    3298  109.9000    1     11.2941   -84.0084  -113.5103    -1.3184    92.7253    14.4134
    3299  109.9333    1     11.2938   -84.0083  -113.5098    -1.3199    92.7259    14.4140
    3300  109.9667    1     11.2956   -84.0073  -113.5092    -1.3237    92.7216    14.4156
    3301  110.0000    1     11.2992   -84.0044  -113.5067    -1.3364    92.7125    14.4209
    3302  110.0333    1     11.2992   -84.0045  -113.5069    -1.3357    92.7125    14.4206
    3303  110.0667    1     11.2999   -84.0047  -113.5078    -1.3331    92.7108    14.4195
    3304  110.1000    1     11.2999   -84.0051  -113.5087    -1.3298    92.7108    14.4181
    3305  110.1333    1     11.3033   -84.0044  -113.5103    -1.3274    92.7023    14.4172
    3306  110.1667    1     11.3173   -83.9991  -113.5118    -1.3355    92.6672    14.4207
    3307  110.2000    1     11.3251   -83.9966  -113.5135    -1.3369    92.6478    14.4213
    3308  110.2333    1     11.3360   -83.9928  -113.5155    -1.3402    92.6206    14.4228
    3309  110.2667    1     11.3480   -83.9891  -113.5183    -1.3413    92.5907    14.4234
    3310  110.3000    1     11.3617   -83.9840  -113.5200    -1.3485    92.5564    14.4265
    3311  110.3333    1     11.3667   -83.9821  -113.5206    -1.3513    92.5439    14.4277
    3312  110.3667    1     11.3738   -83.9798  -113.5220    -1.3528    92.5260    14.4284
    3313  110.4000    1     11.3756   -83.9792  -113.5224    -1.3533    92.5217    14.4286
    3314  110.4333    1     11.3762   -83.9787  -113.5219    -1.3556    92.5200    14.4296
    3315  110.4667    1     11.3776   -83.9785  -113.5227    -1.3539    92.5167    14.4289
    3316  110.5000    1     11.3800   -83.9779  -113.5237    -1.3527    92.5107    14.4284
    3317  110.5333    1     11.3863   -83.9750  -113.5233    -1.3601    92.4949    14.4315
    3318  110.5667    1     11.3885   -83.9743  -113.5236    -1.3611    92.4895    14.4320
    3319  110.6000    1     11.3877   -83.9746  -113.5236    -1.3603    92.4913    14.4317
    3320  110.6333    1     11.3920   -83.9726  -113.5233    -1.3657    92.4806    14.4340
    3321  110.6667    1     11.3921   -83.9720  -113.5222    -1.3697    92.4805    14.4356
    3322  110.7000    1     11.3924   -83.9721  -113.5227    -1.3683    92.4798    14.4350
    3323  110.7333    1     11.3935   -83.9712  -113.5217    -1.3727    92.4770    14.4369
    3324  110.7667    1     11.3918   -83.9719  -113.5217    -1.3712    92.4812    14.4362
    3325  110.8000    1     11.3915   -83.9718  -113.5212    -1.3727    92.4819    14.4368
    3326  110.8333    1     11.3938   -83.9709  -113.5214    -1.3741    92.4761    14.4375
    3327  110.8667    1     11.3946   -83.9710  -113.5223    -1.3716    92.4742    14.4364
    3328  110.9000    1     11.3936   -83.9713  -113.5220    -1.3717    92.4768    14.4365
    3329  110.9333    1     11.3936   -83.9713  -113.5220    -1.3717    92.4768    14.4365
    3330  110.9667    1     11.3953   -83.9705  -113.5219    -1.3739    92.4725    14.4374
    3331  111.0000    1     11.3953   -83.9705  -113.5219    -1.3739    92.4725    14.4374
    3332  111.0333    1     11.3947   -83.9708  -113.5220    -1.3729    92.4740    14.4370
    3333  111.0667    1     11.3934   -83.9717  -113.5228    -1.3688    92.4771    14.4352
    3334  111.1000    1     11.3957   -83.9706  -113.5225    -1.3723    92.4714    14.4367
    3335  111.1333    1     11.3953   -83.9706  -113.5220    -1.3734    92.4725    14.4372
    3336  111.1667    1     11.3921   -83.9724  -113.5231    -1.3666    92.4803    14.4343
    3337  111.2000    1     11.3912   -83.9727  -113.5228    -1.3665    92.4826    14.4343
    3338  111.2333    1     11.3912   -83.9727  -113.5228    -1.3665    92.4826    14.4343
    3339  111.2667    1     11.3926   -83.9725  -113.5237    -1.3649    92.4793    14.4336
    3340  111.3000    1     11.3941   -83.9718  -113.5235    -1.3669    92.4756    14.4345
    3341  111.3333    1     11.3927   -83.9726  -113.5240    -1.3637    92.4789    14.4331
    3342  111.3667    1     11.3929   -83.9724  -113.5238    -1.3648    92.4784    14.4336
    3343  111.4000    1     11.3966   -83.9713  -113.5248    -1.3647    92.4692    14.4336
    3344  111.4333    1     11.3969   -83.9719  -113.5262    -1.3600    92.4684    14.4316
    3345  111.4667    1     11.3982   -83.9724  -113.5283    -1.3534    92.4652    14.4289
    3346  111.5000    1     11.3986   -83.9725  -113.5289    -1.3516    92.4641    14.4282
    3347  111.5333    1     11.3986   -83.9725  -113.5289    -1.3516    92.4641    14.4282
    3348  111.5667    1     11.4010   -83.9737  -113.5335    -1.3372    92.4582    14.4222
    3349  111.6000    1     11.4034   -83.9750  -113.5382    -1.3225    92.4521    14.4161
    3350  111.6333    1     11.4082   -83.9765  -113.5455    -1.3005    92.4401    14.4071
    3351  111.6667    1     11.4194   -83.9750  -113.5521    -1.2875    92.4122    14.4018
    3352  111.7000    1     11.4224   -83.9747  -113.5542    -1.2827    92.4048    14.3998
    3353  111.7333    1     11.4320   -83.9714  -113.5559    -1.2857    92.3807    14.4012
    3354  111.7667    1     11.4583   -83.9628  -113.5610    -1.2922    92.3152    14.4042
    3355  111.8000    1     11.4821   -83.9587  -113.5733    -1.2703    92.2556    14.3954
    3356  111.8333    1     11.4923   -83.9606  -113.5861    -1.2336    92.2302    14.3802
    3357  111.8667    1     11.5195   -83.9671  -113.6225    -1.1272    92.1624    14.3363
    3358  111.9000    1     11.5555   -83.9746  -113.6683    -0.9944    92.0724    14.2815
    3359  111.9333    1     11.5761   -83.9786  -113.6934    -0.9220    92.0211    14.2516
    3360  111.9667    1     11.6316   -83.9768  -113.7364    -0.8178    91.8824    14.2089
    3361  112.0000    1     11.6957   -83.9709  -113.7779    -0.7263    91.7226    14.1717
    3362  112.0333    1     11.7672   -83.9613  -113.8175    -0.6483    91.5444    14.1401
    3363  112.0667    1     11.8014   -83.9563  -113.8355    -0.6143    91.4591    14.1265
    3364  112.1000    1     11.8731   -83.9413  -113.8643    -0.5760    91.2802    14.1116
    3365  112.1333    1     11.9280   -83.9357  -113.8970    -0.5066    91.1436    14.0836
    3366  112.1667    1     11.9534   -83.9347  -113.9154    -0.4626    91.0802    14.0656
    3367  112.2000    1     11.9955   -83.9349  -113.9489    -0.3782    90.9752    14.0311
    3368  112.2333    1     12.0323   -83.9316  -113.9712    -0.3299    90.8835    14.0115
    3369  112.2667    1     12.0424   -83.9287  -113.9736    -0.3306    90.8586    14.0120
    3370  112.3000    1     12.0431   -83.9287  -113.9740    -0.3295    90.8568    14.0115
    3371  112.3333    1     12.0379   -83.9308  -113.9741    -0.3244    90.8697    14.0093
    3372  112.3667    1     12.0345   -83.9331  -113.9758    -0.3150    90.8782    14.0053
    3373  112.4000    1     12.0308   -83.9350  -113.9766    -0.3086    90.8874    14.0025
    3374  112.4333    1     12.0223   -83.9395  -113.9785    -0.2935    90.9086    13.9960
    3375  112.4667    1     12.0032   -83.9487  -113.9813    -0.2656    90.9561    13.9840
    3376  112.5000    1     11.9837   -83.9598  -113.9870    -0.2259    91.0048    13.9670
    3377  112.5333    1     11.9750   -83.9682  -113.9963    -0.1834    91.0264    13.9490
    3378  112.5667    1     11.9600   -83.9925  -114.0304    -0.0423    91.0638    13.8896
    3379  112.6000    1     11.9538   -84.0118  -114.0615     0.0795    91.0792    13.8383
    3380  112.6333    1     11.9552   -84.0170  -114.0723     0.1186    91.0758    13.8219
    3381  112.6667    1     11.9614   -84.0225  -114.0874     0.1689    91.0602    13.8009
    3382  112.7000    1     11.9677   -84.0203  -114.0880     0.1655    91.0446    13.8024
    3383  112.7333    1     11.9708   -84.0175  -114.0852     0.1521    91.0370    13.8081
    3384  112.7667    1     11.9785   -84.0137  -114.0842     0.1409    91.0177    13.8129
    3385  112.8000    1     11.9857   -84.0119  -114.0862     0.1418    90.9998    13.8127
    3386  112.8333    1     11.9822   -84.0124  -114.0847     0.1391    91.0084    13.8138
    3387  112.8667    1     11.9803   -84.0135  -114.0852     0.1431    91.0133    13.8121
    3388  112.9000    1     11.9788   -84.0147  -114.0863     0.1485    91.0169    13.8098
    3389  112.9333    1     11.9797   -84.0142  -114.0860     0.1465    91.0146    13.8106
    3390  112.9667    1     11.9790   -84.0142  -114.0855     0.1454    91.0164    13.8110
    3391  113.0000    1     11.9756   -84.0164  -114.0869     0.1539    91.0249    13.8074
    3392  113.0333    1     11.9771   -84.0157  -114.0868     0.1518    91.0211    13.8083
    3393  113.0667    1     11.9733   -84.0169  -114.0861     0.1531    91.0306    13.8077
    3394  113.1000    1     11.9729   -84.0174  -114.0866     0.1553    91.0316    13.8068
    3395  113.1333    1     11.9751   -84.0160  -114.0858     0.1503    91.0262    13.8089
    3396  113.1667    1     11.9740   -84.0164  -114.0857     0.1508    91.0289    13.8087
    3397  113.2000    1     11.9724   -84.0173  -114.0861     0.1538    91.0329    13.8074
    3398  113.2333    1     11.9713   -84.0176  -114.0858     0.1537    91.0356    13.8075
    3399  113.2667    1     11.9713   -84.0176  -114.0858     0.1537    91.0356    13.8075
    3400  113.3000    1     11.9698   -84.0174  -114.0842     0.1493    91.0394    13.8093
    3401  113.3333    1     11.9676   -84.0181  -114.0839     0.1503    91.0449    13.8088
    3402  113.3667    1     11.9657   -84.0196  -114.0853     0.1570    91.0496    13.8060
    3403  113.4000    1     11.9654   -84.0199  -114.0857     0.1588    91.0502    13.8052
    3404  113.4333    1     11.9654   -84.0199  -114.0857     0.1588    91.0502    13.8052
    3405  113.4667    1     11.9625   -84.0206  -114.0847     0.1579    91.0576    13.8055
    3406  113.5000    1     11.9561   -84.0248  -114.0875     0.1745    91.0736    13.7985
    3407  113.5333    1     11.9483   -84.0317  -114.0943     0.2073    91.0928    13.7845
    3408  113.5667    1     11.9439   -84.0349  -114.0967     0.2206    91.1040    13.7789
    3409  113.6000    1     11.9376   -84.0383  -114.0982     0.2320    91.1195    13.7740
    3410  113.6333    1     11.9332   -84.0398  -114.0975     0.2337    91.1305    13.7732
    3411  113.6667    1     11.9327   -84.0396  -114.0968     0.2315    91.1317    13.7741
    3412  113.7000    1     11.9323   -84.0400  -114.0973     0.2337    91.1328    13.7732
    3413  113.7333    1     11.9323   -84.0395  -114.0964     0.2303    91.1329    13.7746
    3414  113.7667    1     11.9331   -84.0385  -114.0952     0.2249    91.1307    13.7769
    3415  113.8000    1     11.9318   -84.0392  -114.0954     0.2272    91.1341    13.7759
    3416  113.8333    1     11.9294   -84.0406  -114.0961     0.2321    91.1399    13.7738
    3417  113.8667    1     11.9317   -84.0387  -114.0945     0.2238    91.1342    13.7773
    3418  113.9000    1     11.9324   -84.0382  -114.0939     0.2212    91.1326    13.7784
    3419  113.9333    1     11.9295   -84.0387  -114.0928     0.2195    91.1398    13.7791
    3420  113.9667    1     11.9286   -84.0407  -114.0958     0.2315    91.1421    13.7740
    3421  114.0000    1     11.9270   -84.0416  -114.0961     0.2343    91.1459    13.7728
    3422  114.0333    1     11.9270   -84.0416  -114.0961     0.2343    91.1459    13.7728
    3423  114.0667    1     11.9288   -84.0410  -114.0964     0.2338    91.1414    13.7731
    3424  114.1000    1     11.9305   -84.0400  -114.0958     0.2299    91.1374    13.7747
    3425  114.1333    1     11.9310   -84.0401  -114.0963     0.2314    91.1361    13.7741
    3426  114.1667    1     11.9299   -84.0404  -114.0962     0.2319    91.1388    13.7739
    3427  114.2000    1     11.9289   -84.0410  -114.0966     0.2342    91.1413    13.7729
    3428  114.2333    1     11.9271   -84.0422  -114.0974     0.2390    91.1456    13.7709
    3429  114.2667    1     11.9223   -84.0477  -114.1037     0.2672    91.1577    13.7589
    3430  114.3000    1     11.9195   -84.0535  -114.1122     0.3019    91.1647    13.7443
    3431  114.3333    1     11.9304   -84.0511  -114.1162     0.3067    91.1376    13.7425
    3432  114.3667    1     11.9402   -84.0501  -114.1218     0.3181    91.1130    13.7378
    3433  114.4000    1     11.9710   -84.0644  -114.1714     0.4751    91.0363    13.6722
    3434  114.4333    1     11.9776   -84.0813  -114.2068     0.6024    91.0199    13.6187
    3435  114.4667    1     11.9624   -84.0861  -114.2040     0.6063    91.0577    13.6168
    3436  114.5000    1     11.8889   -84.0887  -114.1529     0.4843    91.2410    13.6671
    3437  114.5333    1     11.8214   -84.0865  -114.0971     0.3391    91.4092    13.7272
    3438  114.5667    1     11.7991   -84.0828  -114.0729     0.2698    91.4648    13.7560
