# Posiciones articulares (matriz) del UR5 derecho
# Trial JIGSAWS: Needle_Passing_B003  (3238 frames @ 30 Hz)
# El UR5 permanece ESTATICO: en JIGSAWS el trocar y la camara
# estan fijos, de modo que el fulcro es constante y la misma
# pose se repite en todos los frames (se incluye una fila por
# frame para alinear con los archivos de PSM).
# Fulcro: [0.110112, -0.04358, 0.422241] m
# Distancia al trocar: 0.15 m
# Base del UR5: [0.472911, -0.421284, 0.0] m
# IK del UR5: OK (0.0008 mm)
#  frame      t(s)     q1(deg)    q2(deg)    q3(deg)    q4(deg)    q5(deg)    q6(deg)
       1    0.0000      7.6959   -86.3955   -85.8200   -75.4663   123.0387    51.8673
       2    0.0333      7.6959   -86.3955   -85.8200   -75.4663   123.0387    51.8673
       3    0.0667      7.6959   -86.3955   -85.8200   -75.4663   123.0387    51.8673
       4    0.1000      7.6959   -86.3955   -85.8200   -75.4663   123.0387    51.8673
       5    0.1333      7.6959   -86.3955   -85.8200   -75.4663   123.0387    51.8673
       6    0.1667      7.6959   -86.3955   -85.8200   -75.4663   123.0387    51.8673
       7    0.2000      7.6959   -86.3955   -85.8200   -75.4663   123.0387    51.8673
       8    0.2333      7.6959   -86.3955   -85.8200   -75.4663   123.0387    51.8673
       9    0.2667      7.6959   -86.3955   -85.8200   -75.4663   123.0387    51.8673
      10    0.3000      7.6959   -86.3955   -85.8200   -75.4663   123.0387    51.8673
      11    0.3333      7.6959   -86.3955   -85.8200   -75.4663   123.0387    51.8673
      12    0.3667      7.6959   -86.3955   -85.8200   -75.4663   123.0387    51.8673
      13    0.4000      7.6959   -86.3955   -85.8200   -75.4663   123.0387    51.8673
      14    0.4333      7.6959   -86.3955   -85.8200   -75.4663   123.0387    51.8673
      15    0.4667      7.6959   -86.3955   -85.8200   -75.4663   123.0387    51.8673
      16    0.5000      7.6959   -86.3955   -85.8200   -75.4663   123.0387    51.8673
      17    0.5333      7.6959   -86.3955   -85.8200   -75.4663   123.0387    51.8673
      18    0.5667      7.6959   -86.3955   -85.8200   -75.4663   123.0387    51.8673
      19    0.6000      7.6959   -86.3955   -85.8200   -75.4663   123.0387    51.8673
      20    0.6333      7.6959   -86.3955   -85.8200   -75.4663   123.0387    51.8673
      21    0.6667      7.6959   -86.3955   -85.8200   -75.4663   123.0387    51.8673
      22    0.7000      7.6959   -86.3955   -85.8200   -75.4663   123.0387    51.8673
      23    0.7333      7.6959   -86.3955   -85.8200   -75.4663   123.0387    51.8673
      24    0.7667      7.6959   -86.3955   -85.8200   -75.4663   123.0387    51.8673
      25    0.8000      7.6959   -86.3955   -85.8200   -75.4663   123.0387    51.8673
      26    0.8333      7.6959   -86.3955   -85.8200   -75.4663   123.0387    51.8673
      27    0.8667      7.6959   -86.3955   -85.8200   -75.4663   123.0387    51.8673
      28    0.9000      7.6959   -86.3955   -85.8200   -75.4663   123.0387    51.8673
      29    0.9333      7.6959   -86.3955   -85.8200   -75.4663   123.0387    51.8673
      30    0.9667      7.6959   -86.3955   -85.8200   -75.4663   123.0387    51.8673
      31    1.0000      7.6959   -86.3955   -85.8200   -75.4663   123.0387    51.8673
      32    1.0333      7.6959   -86.3955   -85.8200   -75.4663   123.0387    51.8673
      33    1.0667      7.6959   -86.3955   -85.8200   -75.4663   123.0387    51.8673
      34    1.1000      7.6959   -86.3955   -85.8200   -75.4663   123.0387    51.8673
      35    1.1333      7.6959   -86.3955   -85.8200   -75.4663   123.0387    51.8673
      36    1.1667      7.6959   -86.3955   -85.8200   -75.4663   123.0387    51.8673
      37    1.2000      7.6959   -86.3955   -85.8200   -75.4663   123.0387    51.8673
      38    1.2333      7.6959   -86.3955   -85.8200   -75.4663   123.0387    51.8673
      39    1.2667      7.6959   -86.3955   -85.8200   -75.4663   123.0387    51.8673
      40    1.3000      7.6959   -86.3955   -85.8200   -75.4663   123.0387    51.8673
      41    1.3333      7.6959   -86.3955   -85.8200   -75.4663   123.0387    51.8673
      42    1.3667      7.6959   -86.3955   -85.8200   -75.4663   123.0387    51.8673
      43    1.4000      7.6959   -86.3955   -85.8200   -75.4663   123.0387    51.8673
      44    1.4333      7.6959   -86.3955   -85.8200   -75.4663   123.0387    51.8673
      45    1.4667      7.6959   -86.3955   -85.8200   -75.4663   123.0387    51.8673
      46    1.5000      7.6959   -86.3955   -85.8200   -75.4663   123.0387    51.8673
      47    1.5333      7.6959   -86.3955   -85.8200   -75.4663   123.0387    51.8673
      48    1.5667      7.6959   -86.3955   -85.8200   -75.4663   123.0387    51.8673
      49    1.6000      7.6959   -86.3955   -85.8200   -75.4663   123.0387    51.8673
      50    1.6333      7.6959   -86.3955   -85.8200   -75.4663   123.0387    51.8673
      51    1.6667      7.6959   -86.3955   -85.8200   -75.4663   123.0387    51.8673
      52    1.7000      7.6959   -86.3955   -85.8200   -75.4663   123.0387    51.8673
      53    1.7333      7.6959   -86.3955   -85.8200   -75.4663   123.0387    51.8673
      54    1.7667      7.6959   -86.3955   -85.8200   -75.4663   123.0387    51.8673
      55    1.8000      7.6959   -86.3955   -85.8200   -75.4663   123.0387    51.8673
      56    1.8333      7.6959   -86.3955   -85.8200   -75.4663   123.0387    51.8673
      57    1.8667      7.6959   -86.3955   -85.8200   -75.4663   123.0387    51.8673
      58    1.9000      7.6959   -86.3955   -85.8200   -75.4663   123.0387    51.8673
      59    1.9333      7.6959   -86.3955   -85.8200   -75.4663   123.0387    51.8673
      60    1.9667      7.6959   -86.3955   -85.8200   -75.4663   123.0387    51.8673
      61    2.0000      7.6959   -86.3955   -85.8200   -75.4663   123.0387    51.8673
      62    2.0333      7.6959   -86.3955   -85.8200   -75.4663   123.0387    51.8673
      63    2.0667      7.6959   -86.3955   -85.8200   -75.4663   123.0387    51.8673
      64    2.1000      7.6959   -86.3955   -85.8200   -75.4663   123.0387    51.8673
      65    2.1333      7.6959   -86.3955   -85.8200   -75.4663   123.0387    51.8673
      66    2.1667      7.6959   -86.3955   -85.8200   -75.4663   123.0387    51.8673
      67    2.2000      7.6959   -86.3955   -85.8200   -75.4663   123.0387    51.8673
      68    2.2333      7.6959   -86.3955   -85.8200   -75.4663   123.0387    51.8673
      69    2.2667      7.6959   -86.3955   -85.8200   -75.4663   123.0387    51.8673
      70    2.3000      7.6959   -86.3955   -85.8200   -75.4663   123.0387    51.8673
      71    2.3333      7.6959   -86.3955   -85.8200   -75.4663   123.0387    51.8673
      72    2.3667      7.6959   -86.3955   -85.8200   -75.4663   123.0387    51.8673
      73    2.4000      7.6959   -86.3955   -85.8200   -75.4663   123.0387    51.8673
      74    2.4333      7.6959   -86.3955   -85.8200   -75.4663   123.0387    51.8673
      75    2.4667      7.6959   -86.3955   -85.8200   -75.4663   123.0387    51.8673
      76    2.5000      7.6959   -86.3955   -85.8200   -75.4663   123.0387    51.8673
      77    2.5333      7.6959   -86.3955   -85.8200   -75.4663   123.0387    51.8673
      78    2.5667      7.6959   -86.3955   -85.8200   -75.4663   123.0387    51.8673
      79    2.6000      7.6959   -86.3955   -85.8200   -75.4663   123.0387    51.8673
      80    2.6333      7.6959   -86.3955   -85.8200   -75.4663   123.0387    51.8673
      81    2.6667      7.6959   -86.3955   -85.8200   -75.4663   123.0387    51.8673
      82    2.7000      7.6959   -86.3955   -85.8200   -75.4663   123.0387    51.8673
      83    2.7333      7.6959   -86.3955   -85.8200   -75.4663   123.0387    51.8673
      84    2.7667      7.6959   -86.3955   -85.8200   -75.4663   123.0387    51.8673
      85    2.8000      7.6959   -86.3955   -85.8200   -75.4663   123.0387    51.8673
      86    2.8333      7.6959   -86.3955   -85.8200   -75.4663   123.0387    51.8673
      87    2.8667      7.6959   -86.3955   -85.8200   -75.4663   123.0387    51.8673
      88    2.9000      7.6959   -86.3955   -85.8200   -75.4663   123.0387    51.8673
      89    2.9333      7.6959   -86.3955   -85.8200   -75.4663   123.0387    51.8673
      90    2.9667      7.6959   -86.3955   -85.8200   -75.4663   123.0387    51.8673
      91    3.0000      7.6959   -86.3955   -85.8200   -75.4663   123.0387    51.8673
      92    3.0333      7.6959   -86.3955   -85.8200   -75.4663   123.0387    51.8673
      93    3.0667      7.6959   -86.3955   -85.8200   -75.4663   123.0387    51.8673
      94    3.1000      7.6959   -86.3955   -85.8200   -75.4663   123.0387    51.8673
      95    3.1333      7.6959   -86.3955   -85.8200   -75.4663   123.0387    51.8673
      96    3.1667      7.6959   -86.3955   -85.8200   -75.4663   123.0387    51.8673
      97    3.2000      7.6959   -86.3955   -85.8200   -75.4663   123.0387    51.8673
      98    3.2333      7.6959   -86.3955   -85.8200   -75.4663   123.0387    51.8673
      99    3.2667      7.6959   -86.3955   -85.8200   -75.4663   123.0387    51.8673
     100    3.3000      7.6959   -86.3955   -85.8200   -75.4663   123.0387    51.8673
     101    3.3333      7.6959   -86.3955   -85.8200   -75.4663   123.0387    51.8673
     102    3.3667      7.6959   -86.3955   -85.8200   -75.4663   123.0387    51.8673
     103    3.4000      7.6959   -86.3955   -85.8200   -75.4663   123.0387    51.8673
     104    3.4333      7.6959   -86.3955   -85.8200   -75.4663   123.0387    51.8673
     105    3.4667      7.6959   -86.3955   -85.8200   -75.4663   123.0387    51.8673
     106    3.5000      7.6959   -86.3955   -85.8200   -75.4663   123.0387    51.8673
     107    3.5333      7.6959   -86.3955   -85.8200   -75.4663   123.0387    51.8673
     108    3.5667      7.6959   -86.3955   -85.8200   -75.4663   123.0387    51.8673
     109    3.6000      7.6959   -86.3955   -85.8200   -75.4663   123.0387    51.8673
     110    3.6333      7.6959   -86.3955   -85.8200   -75.4663   123.0387    51.8673
     111    3.6667      7.6959   -86.3955   -85.8200   -75.4663   123.0387    51.8673
     112    3.7000      7.6959   -86.3955   -85.8200   -75.4663   123.0387    51.8673
     113    3.7333      7.6959   -86.3955   -85.8200   -75.4663   123.0387    51.8673
     114    3.7667      7.6959   -86.3955   -85.8200   -75.4663   123.0387    51.8673
     115    3.8000      7.6959   -86.3955   -85.8200   -75.4663   123.0387    51.8673
     116    3.8333      7.6959   -86.3955   -85.8200   -75.4663   123.0387    51.8673
     117    3.8667      7.6959   -86.3955   -85.8200   -75.4663   123.0387    51.8673
     118    3.9000      7.6959   -86.3955   -85.8200   -75.4663   123.0387    51.8673
     119    3.9333      7.6959   -86.3955   -85.8200   -75.4663   123.0387    51.8673
     120    3.9667      7.6959   -86.3955   -85.8200   -75.4663   123.0387    51.8673
     121    4.0000      7.6959   -86.3955   -85.8200   -75.4663   123.0387    51.8673
     122    4.0333      7.6959   -86.3955   -85.8200   -75.4663   123.0387    51.8673
     123    4.0667      7.6959   -86.3955   -85.8200   -75.4663   123.0387    51.8673
     124    4.1000      7.6959   -86.3955   -85.8200   -75.4663   123.0387    51.8673
     125    4.1333      7.6959   -86.3955   -85.8200   -75.4663   123.0387    51.8673
     126    4.1667      7.6959   -86.3955   -85.8200   -75.4663   123.0387    51.8673
     127    4.2000      7.6959   -86.3955   -85.8200   -75.4663   123.0387    51.8673
     128    4.2333      7.6959   -86.3955   -85.8200   -75.4663   123.0387    51.8673
     129    4.2667      7.6959   -86.3955   -85.8200   -75.4663   123.0387    51.8673
     130    4.3000      7.6959   -86.3955   -85.8200   -75.4663   123.0387    51.8673
     131    4.3333      7.6959   -86.3955   -85.8200   -75.4663   123.0387    51.8673
     132    4.3667      7.6959   -86.3955   -85.8200   -75.4663   123.0387    51.8673
     133    4.4000      7.6959   -86.3955   -85.8200   -75.4663   123.0387    51.8673
     134    4.4333      7.6959   -86.3955   -85.8200   -75.4663   123.0387    51.8673
     135    4.4667      7.6959   -86.3955   -85.8200   -75.4663   123.0387    51.8673
     136    4.5000      7.6959   -86.3955   -85.8200   -75.4663   123.0387    51.8673
     137    4.5333      7.6959   -86.3955   -85.8200   -75.4663   123.0387    51.8673
     138    4.5667      7.6959   -86.3955   -85.8200   -75.4663   123.0387    51.8673
     139    4.6000      7.6959   -86.3955   -85.8200   -75.4663   123.0387    51.8673
     140    4.6333      7.6959   -86.3955   -85.8200   -75.4663   123.0387    51.8673
     141    4.6667      7.6959   -86.3955   -85.8200   -75.4663   123.0387    51.8673
     142    4.7000      7.6959   -86.3955   -85.8200   -75.4663   123.0387    51.8673
     143    4.7333      7.6959   -86.3955   -85.8200   -75.4663   123.0387    51.8673
     144    4.7667      7.6959   -86.3955   -85.8200   -75.4663   123.0387    51.8673
     145    4.8000      7.6959   -86.3955   -85.8200   -75.4663   123.0387    51.8673
     146    4.8333      7.6959   -86.3955   -85.8200   -75.4663   123.0387    51.8673
     147    4.8667      7.6959   -86.3955   -85.8200   -75.4663   123.0387    51.8673
     148    4.9000      7.6959   -86.3955   -85.8200   -75.4663   123.0387    51.8673
     149    4.9333      7.6959   -86.3955   -85.8200   -75.4663   123.0387    51.8673
     150    4.9667      7.6959   -86.3955   -85.8200   -75.4663   123.0387    51.8673
     151    5.0000      7.6959   -86.3955   -85.8200   -75.4663   123.0387    51.8673
     152    5.0333      7.6959   -86.3955   -85.8200   -75.4663   123.0387    51.8673
     153    5.0667      7.6959   -86.3955   -85.8200   -75.4663   123.0387    51.8673
     154    5.1000      7.6959   -86.3955   -85.8200   -75.4663   123.0387    51.8673
     155    5.1333      7.6959   -86.3955   -85.8200   -75.4663   123.0387    51.8673
     156    5.1667      7.6959   -86.3955   -85.8200   -75.4663   123.0387    51.8673
     157    5.2000      7.6959   -86.3955   -85.8200   -75.4663   123.0387    51.8673
     158    5.2333      7.6959   -86.3955   -85.8200   -75.4663   123.0387    51.8673
     159    5.2667      7.6959   -86.3955   -85.8200   -75.4663   123.0387    51.8673
     160    5.3000      7.6959   -86.3955   -85.8200   -75.4663   123.0387    51.8673
     161    5.3333      7.6959   -86.3955   -85.8200   -75.4663   123.0387    51.8673
     162    5.3667      7.6959   -86.3955   -85.8200   -75.4663   123.0387    51.8673
     163    5.4000      7.6959   -86.3955   -85.8200   -75.4663   123.0387    51.8673
     164    5.4333      7.6959   -86.3955   -85.8200   -75.4663   123.0387    51.8673
     165    5.4667      7.6959   -86.3955   -85.8200   -75.4663   123.0387    51.8673
     166    5.5000      7.6959   -86.3955   -85.8200   -75.4663   123.0387    51.8673
     167    5.5333      7.6959   -86.3955   -85.8200   -75.4663   123.0387    51.8673
     168    5.5667      7.6959   -86.3955   -85.8200   -75.4663   123.0387    51.8673
     169    5.6000      7.6959   -86.3955   -85.8200   -75.4663   123.0387    51.8673
     170    5.6333      7.6959   -86.3955   -85.8200   -75.4663   123.0387    51.8673
     171    5.6667      7.6959   -86.3955   -85.8200   -75.4663   123.0387    51.8673
     172    5.7000      7.6959   -86.3955   -85.8200   -75.4663   123.0387    51.8673
     173    5.7333      7.6959   -86.3955   -85.8200   -75.4663   123.0387    51.8673
     174    5.7667      7.6959   -86.3955   -85.8200   -75.4663   123.0387    51.8673
     175    5.8000      7.6959   -86.3955   -85.8200   -75.4663   123.0387    51.8673
     176    5.8333      7.6959   -86.3955   -85.8200   -75.4663   123.0387    51.8673
     177    5.8667      7.6959   -86.3955   -85.8200   -75.4663   123.0387    51.8673
     178    5.9000      7.6959   -86.3955   -85.8200   -75.4663   123.0387    51.8673
     179    5.9333      7.6959   -86.3955   -85.8200   -75.4663   123.0387    51.8673
     180    5.9667      7.6959   -86.3955   -85.8200   -75.4663   123.0387    51.8673
     181    6.0000      7.6959   -86.3955   -85.8200   -75.4663   123.0387    51.8673
     182    6.0333      7.6959   -86.3955   -85.8200   -75.4663   123.0387    51.8673
     183    6.0667      7.6959   -86.3955   -85.8200   -75.4663   123.0387    51.8673
     184    6.1000      7.6959   -86.3955   -85.8200   -75.4663   123.0387    51.8673
     185    6.1333      7.6959   -86.3955   -85.8200   -75.4663   123.0387    51.8673
     186    6.1667      7.6959   -86.3955   -85.8200   -75.4663   123.0387    51.8673
     187    6.2000      7.6959   -86.3955   -85.8200   -75.4663   123.0387    51.8673
     188    6.2333      7.6959   -86.3955   -85.8200   -75.4663   123.0387    51.8673
     189    6.2667      7.6959   -86.3955   -85.8200   -75.4663   123.0387    51.8673
     190    6.3000      7.6959   -86.3955   -85.8200   -75.4663   123.0387    51.8673
     191    6.3333      7.6959   -86.3955   -85.8200   -75.4663   123.0387    51.8673
     192    6.3667      7.6959   -86.3955   -85.8200   -75.4663   123.0387    51.8673
     193    6.4000      7.6959   -86.3955   -85.8200   -75.4663   123.0387    51.8673
     194    6.4333      7.6959   -86.3955   -85.8200   -75.4663   123.0387    51.8673
     195    6.4667      7.6959   -86.3955   -85.8200   -75.4663   123.0387    51.8673
     196    6.5000      7.6959   -86.3955   -85.8200   -75.4663   123.0387    51.8673
     197    6.5333      7.6959   -86.3955   -85.8200   -75.4663   123.0387    51.8673
     198    6.5667      7.6959   -86.3955   -85.8200   -75.4663   123.0387    51.8673
     199    6.6000      7.6959   -86.3955   -85.8200   -75.4663   123.0387    51.8673
     200    6.6333      7.6959   -86.3955   -85.8200   -75.4663   123.0387    51.8673
     201    6.6667      7.6959   -86.3955   -85.8200   -75.4663   123.0387    51.8673
     202    6.7000      7.6959   -86.3955   -85.8200   -75.4663   123.0387    51.8673
     203    6.7333      7.6959   -86.3955   -85.8200   -75.4663   123.0387    51.8673
     204    6.7667      7.6959   -86.3955   -85.8200   -75.4663   123.0387    51.8673
     205    6.8000      7.6959   -86.3955   -85.8200   -75.4663   123.0387    51.8673
     206    6.8333      7.6959   -86.3955   -85.8200   -75.4663   123.0387    51.8673
     207    6.8667      7.6959   -86.3955   -85.8200   -75.4663   123.0387    51.8673
     208    6.9000      7.6959   -86.3955   -85.8200   -75.4663   123.0387    51.8673
     209    6.9333      7.6959   -86.3955   -85.8200   -75.4663   123.0387    51.8673
     210    6.9667      7.6959   -86.3955   -85.8200   -75.4663   123.0387    51.8673
     211    7.0000      7.6959   -86.3955   -85.8200   -75.4663   123.0387    51.8673
     212    7.0333      7.6959   -86.3955   -85.8200   -75.4663   123.0387    51.8673
     213    7.0667      7.6959   -86.3955   -85.8200   -75.4663   123.0387    51.8673
     214    7.1000      7.6959   -86.3955   -85.8200   -75.4663   123.0387    51.8673
     215    7.1333      7.6959   -86.3955   -85.8200   -75.4663   123.0387    51.8673
     216    7.1667      7.6959   -86.3955   -85.8200   -75.4663   123.0387    51.8673
     217    7.2000      7.6959   -86.3955   -85.8200   -75.4663   123.0387    51.8673
     218    7.2333      7.6959   -86.3955   -85.8200   -75.4663   123.0387    51.8673
     219    7.2667      7.6959   -86.3955   -85.8200   -75.4663   123.0387    51.8673
     220    7.3000      7.6959   -86.3955   -85.8200   -75.4663   123.0387    51.8673
     221    7.3333      7.6959   -86.3955   -85.8200   -75.4663   123.0387    51.8673
     222    7.3667      7.6959   -86.3955   -85.8200   -75.4663   123.0387    51.8673
     223    7.4000      7.6959   -86.3955   -85.8200   -75.4663   123.0387    51.8673
     224    7.4333      7.6959   -86.3955   -85.8200   -75.4663   123.0387    51.8673
     225    7.4667      7.6959   -86.3955   -85.8200   -75.4663   123.0387    51.8673
     226    7.5000      7.6959   -86.3955   -85.8200   -75.4663   123.0387    51.8673
     227    7.5333      7.6959   -86.3955   -85.8200   -75.4663   123.0387    51.8673
     228    7.5667      7.6959   -86.3955   -85.8200   -75.4663   123.0387    51.8673
     229    7.6000      7.6959   -86.3955   -85.8200   -75.4663   123.0387    51.8673
     230    7.6333      7.6959   -86.3955   -85.8200   -75.4663   123.0387    51.8673
     231    7.6667      7.6959   -86.3955   -85.8200   -75.4663   123.0387    51.8673
     232    7.7000      7.6959   -86.3955   -85.8200   -75.4663   123.0387    51.8673
     233    7.7333      7.6959   -86.3955   -85.8200   -75.4663   123.0387    51.8673
     234    7.7667      7.6959   -86.3955   -85.8200   -75.4663   123.0387    51.8673
     235    7.8000      7.6959   -86.3955   -85.8200   -75.4663   123.0387    51.8673
     236    7.8333      7.6959   -86.3955   -85.8200   -75.4663   123.0387    51.8673
     237    7.8667      7.6959   -86.3955   -85.8200   -75.4663   123.0387    51.8673
     238    7.9000      7.6959   -86.3955   -85.8200   -75.4663   123.0387    51.8673
     239    7.9333      7.6959   -86.3955   -85.8200   -75.4663   123.0387    51.8673
     240    7.9667      7.6959   -86.3955   -85.8200   -75.4663   123.0387    51.8673
     241    8.0000      7.6959   -86.3955   -85.8200   -75.4663   123.0387    51.8673
     242    8.0333      7.6959   -86.3955   -85.8200   -75.4663   123.0387    51.8673
     243    8.0667      7.6959   -86.3955   -85.8200   -75.4663   123.0387    51.8673
     244    8.1000      7.6959   -86.3955   -85.8200   -75.4663   123.0387    51.8673
     245    8.1333      7.6959   -86.3955   -85.8200   -75.4663   123.0387    51.8673
     246    8.1667      7.6959   -86.3955   -85.8200   -75.4663   123.0387    51.8673
     247    8.2000      7.6959   -86.3955   -85.8200   -75.4663   123.0387    51.8673
     248    8.2333      7.6959   -86.3955   -85.8200   -75.4663   123.0387    51.8673
     249    8.2667      7.6959   -86.3955   -85.8200   -75.4663   123.0387    51.8673
     250    8.3000      7.6959   -86.3955   -85.8200   -75.4663   123.0387    51.8673
     251    8.3333      7.6959   -86.3955   -85.8200   -75.4663   123.0387    51.8673
     252    8.3667      7.6959   -86.3955   -85.8200   -75.4663   123.0387    51.8673
     253    8.4000      7.6959   -86.3955   -85.8200   -75.4663   123.0387    51.8673
     254    8.4333      7.6959   -86.3955   -85.8200   -75.4663   123.0387    51.8673
     255    8.4667      7.6959   -86.3955   -85.8200   -75.4663   123.0387    51.8673
     256    8.5000      7.6959   -86.3955   -85.8200   -75.4663   123.0387    51.8673
     257    8.5333      7.6959   -86.3955   -85.8200   -75.4663   123.0387    51.8673
     258    8.5667      7.6959   -86.3955   -85.8200   -75.4663   123.0387    51.8673
     259    8.6000      7.6959   -86.3955   -85.8200   -75.4663   123.0387    51.8673
     260    8.6333      7.6959   -86.3955   -85.8200   -75.4663   123.0387    51.8673
     261    8.6667      7.6959   -86.3955   -85.8200   -75.4663   123.0387    51.8673
     262    8.7000      7.6959   -86.3955   -85.8200   -75.4663   123.0387    51.8673
     263    8.7333      7.6959   -86.3955   -85.8200   -75.4663   123.0387    51.8673
     264    8.7667      7.6959   -86.3955   -85.8200   -75.4663   123.0387    51.8673
     265    8.8000      7.6959   -86.3955   -85.8200   -75.4663   123.0387    51.8673
     266    8.8333      7.6959   -86.3955   -85.8200   -75.4663   123.0387    51.8673
     267    8.8667      7.6959   -86.3955   -85.8200   -75.4663   123.0387    51.8673
     268    8.9000      7.6959   -86.3955   -85.8200   -75.4663   123.0387    51.8673
     269    8.9333      7.6959   -86.3955   -85.8200   -75.4663   123.0387    51.8673
     270    8.9667      7.6959   -86.3955   -85.8200   -75.4663   123.0387    51.8673
     271    9.0000      7.6959   -86.3955   -85.8200   -75.4663   123.0387    51.8673
     272    9.0333      7.6959   -86.3955   -85.8200   -75.4663   123.0387    51.8673
     273    9.0667      7.6959   -86.3955   -85.8200   -75.4663   123.0387    51.8673
     274    9.1000      7.6959   -86.3955   -85.8200   -75.4663   123.0387    51.8673
     275    9.1333      7.6959   -86.3955   -85.8200   -75.4663   123.0387    51.8673
     276    9.1667      7.6959   -86.3955   -85.8200   -75.4663   123.0387    51.8673
     277    9.2000      7.6959   -86.3955   -85.8200   -75.4663   123.0387    51.8673
     278    9.2333      7.6959   -86.3955   -85.8200   -75.4663   123.0387    51.8673
     279    9.2667      7.6959   -86.3955   -85.8200   -75.4663   123.0387    51.8673
     280    9.3000      7.6959   -86.3955   -85.8200   -75.4663   123.0387    51.8673
     281    9.3333      7.6959   -86.3955   -85.8200   -75.4663   123.0387    51.8673
     282    9.3667      7.6959   -86.3955   -85.8200   -75.4663   123.0387    51.8673
     283    9.4000      7.6959   -86.3955   -85.8200   -75.4663   123.0387    51.8673
     284    9.4333      7.6959   -86.3955   -85.8200   -75.4663   123.0387    51.8673
     285    9.4667      7.6959   -86.3955   -85.8200   -75.4663   123.0387    51.8673
     286    9.5000      7.6959   -86.3955   -85.8200   -75.4663   123.0387    51.8673
     287    9.5333      7.6959   -86.3955   -85.8200   -75.4663   123.0387    51.8673
     288    9.5667      7.6959   -86.3955   -85.8200   -75.4663   123.0387    51.8673
     289    9.6000      7.6959   -86.3955   -85.8200   -75.4663   123.0387    51.8673
     290    9.6333      7.6959   -86.3955   -85.8200   -75.4663   123.0387    51.8673
     291    9.6667      7.6959   -86.3955   -85.8200   -75.4663   123.0387    51.8673
     292    9.7000      7.6959   -86.3955   -85.8200   -75.4663   123.0387    51.8673
     293    9.7333      7.6959   -86.3955   -85.8200   -75.4663   123.0387    51.8673
     294    9.7667      7.6959   -86.3955   -85.8200   -75.4663   123.0387    51.8673
     295    9.8000      7.6959   -86.3955   -85.8200   -75.4663   123.0387    51.8673
     296    9.8333      7.6959   -86.3955   -85.8200   -75.4663   123.0387    51.8673
     297    9.8667      7.6959   -86.3955   -85.8200   -75.4663   123.0387    51.8673
     298    9.9000      7.6959   -86.3955   -85.8200   -75.4663   123.0387    51.8673
     299    9.9333      7.6959   -86.3955   -85.8200   -75.4663   123.0387    51.8673
     300    9.9667      7.6959   -86.3955   -85.8200   -75.4663   123.0387    51.8673
     301   10.0000      7.6959   -86.3955   -85.8200   -75.4663   123.0387    51.8673
     302   10.0333      7.6959   -86.3955   -85.8200   -75.4663   123.0387    51.8673
     303   10.0667      7.6959   -86.3955   -85.8200   -75.4663   123.0387    51.8673
     304   10.1000      7.6959   -86.3955   -85.8200   -75.4663   123.0387    51.8673
     305   10.1333      7.6959   -86.3955   -85.8200   -75.4663   123.0387    51.8673
     306   10.1667      7.6959   -86.3955   -85.8200   -75.4663   123.0387    51.8673
     307   10.2000      7.6959   -86.3955   -85.8200   -75.4663   123.0387    51.8673
     308   10.2333      7.6959   -86.3955   -85.8200   -75.4663   123.0387    51.8673
     309   10.2667      7.6959   -86.3955   -85.8200   -75.4663   123.0387    51.8673
     310   10.3000      7.6959   -86.3955   -85.8200   -75.4663   123.0387    51.8673
     311   10.3333      7.6959   -86.3955   -85.8200   -75.4663   123.0387    51.8673
     312   10.3667      7.6959   -86.3955   -85.8200   -75.4663   123.0387    51.8673
     313   10.4000      7.6959   -86.3955   -85.8200   -75.4663   123.0387    51.8673
     314   10.4333      7.6959   -86.3955   -85.8200   -75.4663   123.0387    51.8673
     315   10.4667      7.6959   -86.3955   -85.8200   -75.4663   123.0387    51.8673
     316   10.5000      7.6959   -86.3955   -85.8200   -75.4663   123.0387    51.8673
     317   10.5333      7.6959   -86.3955   -85.8200   -75.4663   123.0387    51.8673
     318   10.5667      7.6959   -86.3955   -85.8200   -75.4663   123.0387    51.8673
     319   10.6000      7.6959   -86.3955   -85.8200   -75.4663   123.0387    51.8673
     320   10.6333      7.6959   -86.3955   -85.8200   -75.4663   123.0387    51.8673
     321   10.6667      7.6959   -86.3955   -85.8200   -75.4663   123.0387    51.8673
     322   10.7000      7.6959   -86.3955   -85.8200   -75.4663   123.0387    51.8673
     323   10.7333      7.6959   -86.3955   -85.8200   -75.4663   123.0387    51.8673
     324   10.7667      7.6959   -86.3955   -85.8200   -75.4663   123.0387    51.8673
     325   10.8000      7.6959   -86.3955   -85.8200   -75.4663   123.0387    51.8673
     326   10.8333      7.6959   -86.3955   -85.8200   -75.4663   123.0387    51.8673
     327   10.8667      7.6959   -86.3955   -85.8200   -75.4663   123.0387    51.8673
     328   10.9000      7.6959   -86.3955   -85.8200   -75.4663   123.0387    51.8673
     329   10.9333      7.6959   -86.3955   -85.8200   -75.4663   123.0387    51.8673
     330   10.9667      7.6959   -86.3955   -85.8200   -75.4663   123.0387    51.8673
     331   11.0000      7.6959   -86.3955   -85.8200   -75.4663   123.0387    51.8673
     332   11.0333      7.6959   -86.3955   -85.8200   -75.4663   123.0387    51.8673
     333   11.0667      7.6959   -86.3955   -85.8200   -75.4663   123.0387    51.8673
     334   11.1000      7.6959   -86.3955   -85.8200   -75.4663   123.0387    51.8673
     335   11.1333      7.6959   -86.3955   -85.8200   -75.4663   123.0387    51.8673
     336   11.1667      7.6959   -86.3955   -85.8200   -75.4663   123.0387    51.8673
     337   11.2000      7.6959   -86.3955   -85.8200   -75.4663   123.0387    51.8673
     338   11.2333      7.6959   -86.3955   -85.8200   -75.4663   123.0387    51.8673
     339   11.2667      7.6959   -86.3955   -85.8200   -75.4663   123.0387    51.8673
     340   11.3000      7.6959   -86.3955   -85.8200   -75.4663   123.0387    51.8673
     341   11.3333      7.6959   -86.3955   -85.8200   -75.4663   123.0387    51.8673
     342   11.3667      7.6959   -86.3955   -85.8200   -75.4663   123.0387    51.8673
     343   11.4000      7.6959   -86.3955   -85.8200   -75.4663   123.0387    51.8673
     344   11.4333      7.6959   -86.3955   -85.8200   -75.4663   123.0387    51.8673
     345   11.4667      7.6959   -86.3955   -85.8200   -75.4663   123.0387    51.8673
     346   11.5000      7.6959   -86.3955   -85.8200   -75.4663   123.0387    51.8673
     347   11.5333      7.6959   -86.3955   -85.8200   -75.4663   123.0387    51.8673
     348   11.5667      7.6959   -86.3955   -85.8200   -75.4663   123.0387    51.8673
     349   11.6000      7.6959   -86.3955   -85.8200   -75.4663   123.0387    51.8673
     350   11.6333      7.6959   -86.3955   -85.8200   -75.4663   123.0387    51.8673
     351   11.6667      7.6959   -86.3955   -85.8200   -75.4663   123.0387    51.8673
     352   11.7000      7.6959   -86.3955   -85.8200   -75.4663   123.0387    51.8673
     353   11.7333      7.6959   -86.3955   -85.8200   -75.4663   123.0387    51.8673
     354   11.7667      7.6959   -86.3955   -85.8200   -75.4663   123.0387    51.8673
     355   11.8000      7.6959   -86.3955   -85.8200   -75.4663   123.0387    51.8673
     356   11.8333      7.6959   -86.3955   -85.8200   -75.4663   123.0387    51.8673
     357   11.8667      7.6959   -86.3955   -85.8200   -75.4663   123.0387    51.8673
     358   11.9000      7.6959   -86.3955   -85.8200   -75.4663   123.0387    51.8673
     359   11.9333      7.6959   -86.3955   -85.8200   -75.4663   123.0387    51.8673
     360   11.9667      7.6959   -86.3955   -85.8200   -75.4663   123.0387    51.8673
     361   12.0000      7.6959   -86.3955   -85.8200   -75.4663   123.0387    51.8673
     362   12.0333      7.6959   -86.3955   -85.8200   -75.4663   123.0387    51.8673
     363   12.0667      7.6959   -86.3955   -85.8200   -75.4663   123.0387    51.8673
     364   12.1000      7.6959   -86.3955   -85.8200   -75.4663   123.0387    51.8673
     365   12.1333      7.6959   -86.3955   -85.8200   -75.4663   123.0387    51.8673
     366   12.1667      7.6959   -86.3955   -85.8200   -75.4663   123.0387    51.8673
     367   12.2000      7.6959   -86.3955   -85.8200   -75.4663   123.0387    51.8673
     368   12.2333      7.6959   -86.3955   -85.8200   -75.4663   123.0387    51.8673
     369   12.2667      7.6959   -86.3955   -85.8200   -75.4663   123.0387    51.8673
     370   12.3000      7.6959   -86.3955   -85.8200   -75.4663   123.0387    51.8673
     371   12.3333      7.6959   -86.3955   -85.8200   -75.4663   123.0387    51.8673
     372   12.3667      7.6959   -86.3955   -85.8200   -75.4663   123.0387    51.8673
     373   12.4000      7.6959   -86.3955   -85.8200   -75.4663   123.0387    51.8673
     374   12.4333      7.6959   -86.3955   -85.8200   -75.4663   123.0387    51.8673
     375   12.4667      7.6959   -86.3955   -85.8200   -75.4663   123.0387    51.8673
     376   12.5000      7.6959   -86.3955   -85.8200   -75.4663   123.0387    51.8673
     377   12.5333      7.6959   -86.3955   -85.8200   -75.4663   123.0387    51.8673
     378   12.5667      7.6959   -86.3955   -85.8200   -75.4663   123.0387    51.8673
     379   12.6000      7.6959   -86.3955   -85.8200   -75.4663   123.0387    51.8673
     380   12.6333      7.6959   -86.3955   -85.8200   -75.4663   123.0387    51.8673
     381   12.6667      7.6959   -86.3955   -85.8200   -75.4663   123.0387    51.8673
     382   12.7000      7.6959   -86.3955   -85.8200   -75.4663   123.0387    51.8673
     383   12.7333      7.6959   -86.3955   -85.8200   -75.4663   123.0387    51.8673
     384   12.7667      7.6959   -86.3955   -85.8200   -75.4663   123.0387    51.8673
     385   12.8000      7.6959   -86.3955   -85.8200   -75.4663   123.0387    51.8673
     386   12.8333      7.6959   -86.3955   -85.8200   -75.4663   123.0387    51.8673
     387   12.8667      7.6959   -86.3955   -85.8200   -75.4663   123.0387    51.8673
     388   12.9000      7.6959   -86.3955   -85.8200   -75.4663   123.0387    51.8673
     389   12.9333      7.6959   -86.3955   -85.8200   -75.4663   123.0387    51.8673
     390   12.9667      7.6959   -86.3955   -85.8200   -75.4663   123.0387    51.8673
     391   13.0000      7.6959   -86.3955   -85.8200   -75.4663   123.0387    51.8673
     392   13.0333      7.6959   -86.3955   -85.8200   -75.4663   123.0387    51.8673
     393   13.0667      7.6959   -86.3955   -85.8200   -75.4663   123.0387    51.8673
     394   13.1000      7.6959   -86.3955   -85.8200   -75.4663   123.0387    51.8673
     395   13.1333      7.6959   -86.3955   -85.8200   -75.4663   123.0387    51.8673
     396   13.1667      7.6959   -86.3955   -85.8200   -75.4663   123.0387    51.8673
     397   13.2000      7.6959   -86.3955   -85.8200   -75.4663   123.0387    51.8673
     398   13.2333      7.6959   -86.3955   -85.8200   -75.4663   123.0387    51.8673
     399   13.2667      7.6959   -86.3955   -85.8200   -75.4663   123.0387    51.8673
     400   13.3000      7.6959   -86.3955   -85.8200   -75.4663   123.0387    51.8673
     401   13.3333      7.6959   -86.3955   -85.8200   -75.4663   123.0387    51.8673
     402   13.3667      7.6959   -86.3955   -85.8200   -75.4663   123.0387    51.8673
     403   13.4000      7.6959   -86.3955   -85.8200   -75.4663   123.0387    51.8673
     404   13.4333      7.6959   -86.3955   -85.8200   -75.4663   123.0387    51.8673
     405   13.4667      7.6959   -86.3955   -85.8200   -75.4663   123.0387    51.8673
     406   13.5000      7.6959   -86.3955   -85.8200   -75.4663   123.0387    51.8673
     407   13.5333      7.6959   -86.3955   -85.8200   -75.4663   123.0387    51.8673
     408   13.5667      7.6959   -86.3955   -85.8200   -75.4663   123.0387    51.8673
     409   13.6000      7.6959   -86.3955   -85.8200   -75.4663   123.0387    51.8673
     410   13.6333      7.6959   -86.3955   -85.8200   -75.4663   123.0387    51.8673
     411   13.6667      7.6959   -86.3955   -85.8200   -75.4663   123.0387    51.8673
     412   13.7000      7.6959   -86.3955   -85.8200   -75.4663   123.0387    51.8673
     413   13.7333      7.6959   -86.3955   -85.8200   -75.4663   123.0387    51.8673
     414   13.7667      7.6959   -86.3955   -85.8200   -75.4663   123.0387    51.8673
     415   13.8000      7.6959   -86.3955   -85.8200   -75.4663   123.0387    51.8673
     416   13.8333      7.6959   -86.3955   -85.8200   -75.4663   123.0387    51.8673
     417   13.8667      7.6959   -86.3955   -85.8200   -75.4663   123.0387    51.8673
     418   13.9000      7.6959   -86.3955   -85.8200   -75.4663   123.0387    51.8673
     419   13.9333      7.6959   -86.3955   -85.8200   -75.4663   123.0387    51.8673
     420   13.9667      7.6959   -86.3955   -85.8200   -75.4663   123.0387    51.8673
     421   14.0000      7.6959   -86.3955   -85.8200   -75.4663   123.0387    51.8673
     422   14.0333      7.6959   -86.3955   -85.8200   -75.4663   123.0387    51.8673
     423   14.0667      7.6959   -86.3955   -85.8200   -75.4663   123.0387    51.8673
     424   14.1000      7.6959   -86.3955   -85.8200   -75.4663   123.0387    51.8673
     425   14.1333      7.6959   -86.3955   -85.8200   -75.4663   123.0387    51.8673
     426   14.1667      7.6959   -86.3955   -85.8200   -75.4663   123.0387    51.8673
     427   14.2000      7.6959   -86.3955   -85.8200   -75.4663   123.0387    51.8673
     428   14.2333      7.6959   -86.3955   -85.8200   -75.4663   123.0387    51.8673
     429   14.2667      7.6959   -86.3955   -85.8200   -75.4663   123.0387    51.8673
     430   14.3000      7.6959   -86.3955   -85.8200   -75.4663   123.0387    51.8673
     431   14.3333      7.6959   -86.3955   -85.8200   -75.4663   123.0387    51.8673
     432   14.3667      7.6959   -86.3955   -85.8200   -75.4663   123.0387    51.8673
     433   14.4000      7.6959   -86.3955   -85.8200   -75.4663   123.0387    51.8673
     434   14.4333      7.6959   -86.3955   -85.8200   -75.4663   123.0387    51.8673
     435   14.4667      7.6959   -86.3955   -85.8200   -75.4663   123.0387    51.8673
     436   14.5000      7.6959   -86.3955   -85.8200   -75.4663   123.0387    51.8673
     437   14.5333      7.6959   -86.3955   -85.8200   -75.4663   123.0387    51.8673
     438   14.5667      7.6959   -86.3955   -85.8200   -75.4663   123.0387    51.8673
     439   14.6000      7.6959   -86.3955   -85.8200   -75.4663   123.0387    51.8673
     440   14.6333      7.6959   -86.3955   -85.8200   -75.4663   123.0387    51.8673
     441   14.6667      7.6959   -86.3955   -85.8200   -75.4663   123.0387    51.8673
     442   14.7000      7.6959   -86.3955   -85.8200   -75.4663   123.0387    51.8673
     443   14.7333      7.6959   -86.3955   -85.8200   -75.4663   123.0387    51.8673
     444   14.7667      7.6959   -86.3955   -85.8200   -75.4663   123.0387    51.8673
     445   14.8000      7.6959   -86.3955   -85.8200   -75.4663   123.0387    51.8673
     446   14.8333      7.6959   -86.3955   -85.8200   -75.4663   123.0387    51.8673
     447   14.8667      7.6959   -86.3955   -85.8200   -75.4663   123.0387    51.8673
     448   14.9000      7.6959   -86.3955   -85.8200   -75.4663   123.0387    51.8673
     449   14.9333      7.6959   -86.3955   -85.8200   -75.4663   123.0387    51.8673
     450   14.9667      7.6959   -86.3955   -85.8200   -75.4663   123.0387    51.8673
     451   15.0000      7.6959   -86.3955   -85.8200   -75.4663   123.0387    51.8673
     452   15.0333      7.6959   -86.3955   -85.8200   -75.4663   123.0387    51.8673
     453   15.0667      7.6959   -86.3955   -85.8200   -75.4663   123.0387    51.8673
     454   15.1000      7.6959   -86.3955   -85.8200   -75.4663   123.0387    51.8673
     455   15.1333      7.6959   -86.3955   -85.8200   -75.4663   123.0387    51.8673
     456   15.1667      7.6959   -86.3955   -85.8200   -75.4663   123.0387    51.8673
     457   15.2000      7.6959   -86.3955   -85.8200   -75.4663   123.0387    51.8673
     458   15.2333      7.6959   -86.3955   -85.8200   -75.4663   123.0387    51.8673
     459   15.2667      7.6959   -86.3955   -85.8200   -75.4663   123.0387    51.8673
     460   15.3000      7.6959   -86.3955   -85.8200   -75.4663   123.0387    51.8673
     461   15.3333      7.6959   -86.3955   -85.8200   -75.4663   123.0387    51.8673
     462   15.3667      7.6959   -86.3955   -85.8200   -75.4663   123.0387    51.8673
     463   15.4000      7.6959   -86.3955   -85.8200   -75.4663   123.0387    51.8673
     464   15.4333      7.6959   -86.3955   -85.8200   -75.4663   123.0387    51.8673
     465   15.4667      7.6959   -86.3955   -85.8200   -75.4663   123.0387    51.8673
     466   15.5000      7.6959   -86.3955   -85.8200   -75.4663   123.0387    51.8673
     467   15.5333      7.6959   -86.3955   -85.8200   -75.4663   123.0387    51.8673
     468   15.5667      7.6959   -86.3955   -85.8200   -75.4663   123.0387    51.8673
     469   15.6000      7.6959   -86.3955   -85.8200   -75.4663   123.0387    51.8673
     470   15.6333      7.6959   -86.3955   -85.8200   -75.4663   123.0387    51.8673
     471   15.6667      7.6959   -86.3955   -85.8200   -75.4663   123.0387    51.8673
     472   15.7000      7.6959   -86.3955   -85.8200   -75.4663   123.0387    51.8673
     473   15.7333      7.6959   -86.3955   -85.8200   -75.4663   123.0387    51.8673
     474   15.7667      7.6959   -86.3955   -85.8200   -75.4663   123.0387    51.8673
     475   15.8000      7.6959   -86.3955   -85.8200   -75.4663   123.0387    51.8673
     476   15.8333      7.6959   -86.3955   -85.8200   -75.4663   123.0387    51.8673
     477   15.8667      7.6959   -86.3955   -85.8200   -75.4663   123.0387    51.8673
     478   15.9000      7.6959   -86.3955   -85.8200   -75.4663   123.0387    51.8673
     479   15.9333      7.6959   -86.3955   -85.8200   -75.4663   123.0387    51.8673
     480   15.9667      7.6959   -86.3955   -85.8200   -75.4663   123.0387    51.8673
     481   16.0000      7.6959   -86.3955   -85.8200   -75.4663   123.0387    51.8673
     482   16.0333      7.6959   -86.3955   -85.8200   -75.4663   123.0387    51.8673
     483   16.0667      7.6959   -86.3955   -85.8200   -75.4663   123.0387    51.8673
     484   16.1000      7.6959   -86.3955   -85.8200   -75.4663   123.0387    51.8673
     485   16.1333      7.6959   -86.3955   -85.8200   -75.4663   123.0387    51.8673
     486   16.1667      7.6959   -86.3955   -85.8200   -75.4663   123.0387    51.8673
     487   16.2000      7.6959   -86.3955   -85.8200   -75.4663   123.0387    51.8673
     488   16.2333      7.6959   -86.3955   -85.8200   -75.4663   123.0387    51.8673
     489   16.2667      7.6959   -86.3955   -85.8200   -75.4663   123.0387    51.8673
     490   16.3000      7.6959   -86.3955   -85.8200   -75.4663   123.0387    51.8673
     491   16.3333      7.6959   -86.3955   -85.8200   -75.4663   123.0387    51.8673
     492   16.3667      7.6959   -86.3955   -85.8200   -75.4663   123.0387    51.8673
     493   16.4000      7.6959   -86.3955   -85.8200   -75.4663   123.0387    51.8673
     494   16.4333      7.6959   -86.3955   -85.8200   -75.4663   123.0387    51.8673
     495   16.4667      7.6959   -86.3955   -85.8200   -75.4663   123.0387    51.8673
     496   16.5000      7.6959   -86.3955   -85.8200   -75.4663   123.0387    51.8673
     497   16.5333      7.6959   -86.3955   -85.8200   -75.4663   123.0387    51.8673
     498   16.5667      7.6959   -86.3955   -85.8200   -75.4663   123.0387    51.8673
     499   16.6000      7.6959   -86.3955   -85.8200   -75.4663   123.0387    51.8673
     500   16.6333      7.6959   -86.3955   -85.8200   -75.4663   123.0387    51.8673
     501   16.6667      7.6959   -86.3955   -85.8200   -75.4663   123.0387    51.8673
     502   16.7000      7.6959   -86.3955   -85.8200   -75.4663   123.0387    51.8673
     503   16.7333      7.6959   -86.3955   -85.8200   -75.4663   123.0387    51.8673
     504   16.7667      7.6959   -86.3955   -85.8200   -75.4663   123.0387    51.8673
     505   16.8000      7.6959   -86.3955   -85.8200   -75.4663   123.0387    51.8673
     506   16.8333      7.6959   -86.3955   -85.8200   -75.4663   123.0387    51.8673
     507   16.8667      7.6959   -86.3955   -85.8200   -75.4663   123.0387    51.8673
     508   16.9000      7.6959   -86.3955   -85.8200   -75.4663   123.0387    51.8673
     509   16.9333      7.6959   -86.3955   -85.8200   -75.4663   123.0387    51.8673
     510   16.9667      7.6959   -86.3955   -85.8200   -75.4663   123.0387    51.8673
     511   17.0000      7.6959   -86.3955   -85.8200   -75.4663   123.0387    51.8673
     512   17.0333      7.6959   -86.3955   -85.8200   -75.4663   123.0387    51.8673
     513   17.0667      7.6959   -86.3955   -85.8200   -75.4663   123.0387    51.8673
     514   17.1000      7.6959   -86.3955   -85.8200   -75.4663   123.0387    51.8673
     515   17.1333      7.6959   -86.3955   -85.8200   -75.4663   123.0387    51.8673
     516   17.1667      7.6959   -86.3955   -85.8200   -75.4663   123.0387    51.8673
     517   17.2000      7.6959   -86.3955   -85.8200   -75.4663   123.0387    51.8673
     518   17.2333      7.6959   -86.3955   -85.8200   -75.4663   123.0387    51.8673
     519   17.2667      7.6959   -86.3955   -85.8200   -75.4663   123.0387    51.8673
     520   17.3000      7.6959   -86.3955   -85.8200   -75.4663   123.0387    51.8673
     521   17.3333      7.6959   -86.3955   -85.8200   -75.4663   123.0387    51.8673
     522   17.3667      7.6959   -86.3955   -85.8200   -75.4663   123.0387    51.8673
     523   17.4000      7.6959   -86.3955   -85.8200   -75.4663   123.0387    51.8673
     524   17.4333      7.6959   -86.3955   -85.8200   -75.4663   123.0387    51.8673
     525   17.4667      7.6959   -86.3955   -85.8200   -75.4663   123.0387    51.8673
     526   17.5000      7.6959   -86.3955   -85.8200   -75.4663   123.0387    51.8673
     527   17.5333      7.6959   -86.3955   -85.8200   -75.4663   123.0387    51.8673
     528   17.5667      7.6959   -86.3955   -85.8200   -75.4663   123.0387    51.8673
     529   17.6000      7.6959   -86.3955   -85.8200   -75.4663   123.0387    51.8673
     530   17.6333      7.6959   -86.3955   -85.8200   -75.4663   123.0387    51.8673
     531   17.6667      7.6959   -86.3955   -85.8200   -75.4663   123.0387    51.8673
     532   17.7000      7.6959   -86.3955   -85.8200   -75.4663   123.0387    51.8673
     533   17.7333      7.6959   -86.3955   -85.8200   -75.4663   123.0387    51.8673
     534   17.7667      7.6959   -86.3955   -85.8200   -75.4663   123.0387    51.8673
     535   17.8000      7.6959   -86.3955   -85.8200   -75.4663   123.0387    51.8673
     536   17.8333      7.6959   -86.3955   -85.8200   -75.4663   123.0387    51.8673
     537   17.8667      7.6959   -86.3955   -85.8200   -75.4663   123.0387    51.8673
     538   17.9000      7.6959   -86.3955   -85.8200   -75.4663   123.0387    51.8673
     539   17.9333      7.6959   -86.3955   -85.8200   -75.4663   123.0387    51.8673
     540   17.9667      7.6959   -86.3955   -85.8200   -75.4663   123.0387    51.8673
     541   18.0000      7.6959   -86.3955   -85.8200   -75.4663   123.0387    51.8673
     542   18.0333      7.6959   -86.3955   -85.8200   -75.4663   123.0387    51.8673
     543   18.0667      7.6959   -86.3955   -85.8200   -75.4663   123.0387    51.8673
     544   18.1000      7.6959   -86.3955   -85.8200   -75.4663   123.0387    51.8673
     545   18.1333      7.6959   -86.3955   -85.8200   -75.4663   123.0387    51.8673
     546   18.1667      7.6959   -86.3955   -85.8200   -75.4663   123.0387    51.8673
     547   18.2000      7.6959   -86.3955   -85.8200   -75.4663   123.0387    51.8673
     548   18.2333      7.6959   -86.3955   -85.8200   -75.4663   123.0387    51.8673
     549   18.2667      7.6959   -86.3955   -85.8200   -75.4663   123.0387    51.8673
     550   18.3000      7.6959   -86.3955   -85.8200   -75.4663   123.0387    51.8673
     551   18.3333      7.6959   -86.3955   -85.8200   -75.4663   123.0387    51.8673
     552   18.3667      7.6959   -86.3955   -85.8200   -75.4663   123.0387    51.8673
     553   18.4000      7.6959   -86.3955   -85.8200   -75.4663   123.0387    51.8673
     554   18.4333      7.6959   -86.3955   -85.8200   -75.4663   123.0387    51.8673
     555   18.4667      7.6959   -86.3955   -85.8200   -75.4663   123.0387    51.8673
     556   18.5000      7.6959   -86.3955   -85.8200   -75.4663   123.0387    51.8673
     557   18.5333      7.6959   -86.3955   -85.8200   -75.4663   123.0387    51.8673
     558   18.5667      7.6959   -86.3955   -85.8200   -75.4663   123.0387    51.8673
     559   18.6000      7.6959   -86.3955   -85.8200   -75.4663   123.0387    51.8673
     560   18.6333      7.6959   -86.3955   -85.8200   -75.4663   123.0387    51.8673
     561   18.6667      7.6959   -86.3955   -85.8200   -75.4663   123.0387    51.8673
     562   18.7000      7.6959   -86.3955   -85.8200   -75.4663   123.0387    51.8673
     563   18.7333      7.6959   -86.3955   -85.8200   -75.4663   123.0387    51.8673
     564   18.7667      7.6959   -86.3955   -85.8200   -75.4663   123.0387    51.8673
     565   18.8000      7.6959   -86.3955   -85.8200   -75.4663   123.0387    51.8673
     566   18.8333      7.6959   -86.3955   -85.8200   -75.4663   123.0387    51.8673
     567   18.8667      7.6959   -86.3955   -85.8200   -75.4663   123.0387    51.8673
     568   18.9000      7.6959   -86.3955   -85.8200   -75.4663   123.0387    51.8673
     569   18.9333      7.6959   -86.3955   -85.8200   -75.4663   123.0387    51.8673
     570   18.9667      7.6959   -86.3955   -85.8200   -75.4663   123.0387    51.8673
     571   19.0000      7.6959   -86.3955   -85.8200   -75.4663   123.0387    51.8673
     572   19.0333      7.6959   -86.3955   -85.8200   -75.4663   123.0387    51.8673
     573   19.0667      7.6959   -86.3955   -85.8200   -75.4663   123.0387    51.8673
     574   19.1000      7.6959   -86.3955   -85.8200   -75.4663   123.0387    51.8673
     575   19.1333      7.6959   -86.3955   -85.8200   -75.4663   123.0387    51.8673
     576   19.1667      7.6959   -86.3955   -85.8200   -75.4663   123.0387    51.8673
     577   19.2000      7.6959   -86.3955   -85.8200   -75.4663   123.0387    51.8673
     578   19.2333      7.6959   -86.3955   -85.8200   -75.4663   123.0387    51.8673
     579   19.2667      7.6959   -86.3955   -85.8200   -75.4663   123.0387    51.8673
     580   19.3000      7.6959   -86.3955   -85.8200   -75.4663   123.0387    51.8673
     581   19.3333      7.6959   -86.3955   -85.8200   -75.4663   123.0387    51.8673
     582   19.3667      7.6959   -86.3955   -85.8200   -75.4663   123.0387    51.8673
     583   19.4000      7.6959   -86.3955   -85.8200   -75.4663   123.0387    51.8673
     584   19.4333      7.6959   -86.3955   -85.8200   -75.4663   123.0387    51.8673
     585   19.4667      7.6959   -86.3955   -85.8200   -75.4663   123.0387    51.8673
     586   19.5000      7.6959   -86.3955   -85.8200   -75.4663   123.0387    51.8673
     587   19.5333      7.6959   -86.3955   -85.8200   -75.4663   123.0387    51.8673
     588   19.5667      7.6959   -86.3955   -85.8200   -75.4663   123.0387    51.8673
     589   19.6000      7.6959   -86.3955   -85.8200   -75.4663   123.0387    51.8673
     590   19.6333      7.6959   -86.3955   -85.8200   -75.4663   123.0387    51.8673
     591   19.6667      7.6959   -86.3955   -85.8200   -75.4663   123.0387    51.8673
     592   19.7000      7.6959   -86.3955   -85.8200   -75.4663   123.0387    51.8673
     593   19.7333      7.6959   -86.3955   -85.8200   -75.4663   123.0387    51.8673
     594   19.7667      7.6959   -86.3955   -85.8200   -75.4663   123.0387    51.8673
     595   19.8000      7.6959   -86.3955   -85.8200   -75.4663   123.0387    51.8673
     596   19.8333      7.6959   -86.3955   -85.8200   -75.4663   123.0387    51.8673
     597   19.8667      7.6959   -86.3955   -85.8200   -75.4663   123.0387    51.8673
     598   19.9000      7.6959   -86.3955   -85.8200   -75.4663   123.0387    51.8673
     599   19.9333      7.6959   -86.3955   -85.8200   -75.4663   123.0387    51.8673
     600   19.9667      7.6959   -86.3955   -85.8200   -75.4663   123.0387    51.8673
     601   20.0000      7.6959   -86.3955   -85.8200   -75.4663   123.0387    51.8673
     602   20.0333      7.6959   -86.3955   -85.8200   -75.4663   123.0387    51.8673
     603   20.0667      7.6959   -86.3955   -85.8200   -75.4663   123.0387    51.8673
     604   20.1000      7.6959   -86.3955   -85.8200   -75.4663   123.0387    51.8673
     605   20.1333      7.6959   -86.3955   -85.8200   -75.4663   123.0387    51.8673
     606   20.1667      7.6959   -86.3955   -85.8200   -75.4663   123.0387    51.8673
     607   20.2000      7.6959   -86.3955   -85.8200   -75.4663   123.0387    51.8673
     608   20.2333      7.6959   -86.3955   -85.8200   -75.4663   123.0387    51.8673
     609   20.2667      7.6959   -86.3955   -85.8200   -75.4663   123.0387    51.8673
     610   20.3000      7.6959   -86.3955   -85.8200   -75.4663   123.0387    51.8673
     611   20.3333      7.6959   -86.3955   -85.8200   -75.4663   123.0387    51.8673
     612   20.3667      7.6959   -86.3955   -85.8200   -75.4663   123.0387    51.8673
     613   20.4000      7.6959   -86.3955   -85.8200   -75.4663   123.0387    51.8673
     614   20.4333      7.6959   -86.3955   -85.8200   -75.4663   123.0387    51.8673
     615   20.4667      7.6959   -86.3955   -85.8200   -75.4663   123.0387    51.8673
     616   20.5000      7.6959   -86.3955   -85.8200   -75.4663   123.0387    51.8673
     617   20.5333      7.6959   -86.3955   -85.8200   -75.4663   123.0387    51.8673
     618   20.5667      7.6959   -86.3955   -85.8200   -75.4663   123.0387    51.8673
     619   20.6000      7.6959   -86.3955   -85.8200   -75.4663   123.0387    51.8673
     620   20.6333      7.6959   -86.3955   -85.8200   -75.4663   123.0387    51.8673
     621   20.6667      7.6959   -86.3955   -85.8200   -75.4663   123.0387    51.8673
     622   20.7000      7.6959   -86.3955   -85.8200   -75.4663   123.0387    51.8673
     623   20.7333      7.6959   -86.3955   -85.8200   -75.4663   123.0387    51.8673
     624   20.7667      7.6959   -86.3955   -85.8200   -75.4663   123.0387    51.8673
     625   20.8000      7.6959   -86.3955   -85.8200   -75.4663   123.0387    51.8673
     626   20.8333      7.6959   -86.3955   -85.8200   -75.4663   123.0387    51.8673
     627   20.8667      7.6959   -86.3955   -85.8200   -75.4663   123.0387    51.8673
     628   20.9000      7.6959   -86.3955   -85.8200   -75.4663   123.0387    51.8673
     629   20.9333      7.6959   -86.3955   -85.8200   -75.4663   123.0387    51.8673
     630   20.9667      7.6959   -86.3955   -85.8200   -75.4663   123.0387    51.8673
     631   21.0000      7.6959   -86.3955   -85.8200   -75.4663   123.0387    51.8673
     632   21.0333      7.6959   -86.3955   -85.8200   -75.4663   123.0387    51.8673
     633   21.0667      7.6959   -86.3955   -85.8200   -75.4663   123.0387    51.8673
     634   21.1000      7.6959   -86.3955   -85.8200   -75.4663   123.0387    51.8673
     635   21.1333      7.6959   -86.3955   -85.8200   -75.4663   123.0387    51.8673
     636   21.1667      7.6959   -86.3955   -85.8200   -75.4663   123.0387    51.8673
     637   21.2000      7.6959   -86.3955   -85.8200   -75.4663   123.0387    51.8673
     638   21.2333      7.6959   -86.3955   -85.8200   -75.4663   123.0387    51.8673
     639   21.2667      7.6959   -86.3955   -85.8200   -75.4663   123.0387    51.8673
     640   21.3000      7.6959   -86.3955   -85.8200   -75.4663   123.0387    51.8673
     641   21.3333      7.6959   -86.3955   -85.8200   -75.4663   123.0387    51.8673
     642   21.3667      7.6959   -86.3955   -85.8200   -75.4663   123.0387    51.8673
     643   21.4000      7.6959   -86.3955   -85.8200   -75.4663   123.0387    51.8673
     644   21.4333      7.6959   -86.3955   -85.8200   -75.4663   123.0387    51.8673
     645   21.4667      7.6959   -86.3955   -85.8200   -75.4663   123.0387    51.8673
     646   21.5000      7.6959   -86.3955   -85.8200   -75.4663   123.0387    51.8673
     647   21.5333      7.6959   -86.3955   -85.8200   -75.4663   123.0387    51.8673
     648   21.5667      7.6959   -86.3955   -85.8200   -75.4663   123.0387    51.8673
     649   21.6000      7.6959   -86.3955   -85.8200   -75.4663   123.0387    51.8673
     650   21.6333      7.6959   -86.3955   -85.8200   -75.4663   123.0387    51.8673
     651   21.6667      7.6959   -86.3955   -85.8200   -75.4663   123.0387    51.8673
     652   21.7000      7.6959   -86.3955   -85.8200   -75.4663   123.0387    51.8673
     653   21.7333      7.6959   -86.3955   -85.8200   -75.4663   123.0387    51.8673
     654   21.7667      7.6959   -86.3955   -85.8200   -75.4663   123.0387    51.8673
     655   21.8000      7.6959   -86.3955   -85.8200   -75.4663   123.0387    51.8673
     656   21.8333      7.6959   -86.3955   -85.8200   -75.4663   123.0387    51.8673
     657   21.8667      7.6959   -86.3955   -85.8200   -75.4663   123.0387    51.8673
     658   21.9000      7.6959   -86.3955   -85.8200   -75.4663   123.0387    51.8673
     659   21.9333      7.6959   -86.3955   -85.8200   -75.4663   123.0387    51.8673
     660   21.9667      7.6959   -86.3955   -85.8200   -75.4663   123.0387    51.8673
     661   22.0000      7.6959   -86.3955   -85.8200   -75.4663   123.0387    51.8673
     662   22.0333      7.6959   -86.3955   -85.8200   -75.4663   123.0387    51.8673
     663   22.0667      7.6959   -86.3955   -85.8200   -75.4663   123.0387    51.8673
     664   22.1000      7.6959   -86.3955   -85.8200   -75.4663   123.0387    51.8673
     665   22.1333      7.6959   -86.3955   -85.8200   -75.4663   123.0387    51.8673
     666   22.1667      7.6959   -86.3955   -85.8200   -75.4663   123.0387    51.8673
     667   22.2000      7.6959   -86.3955   -85.8200   -75.4663   123.0387    51.8673
     668   22.2333      7.6959   -86.3955   -85.8200   -75.4663   123.0387    51.8673
     669   22.2667      7.6959   -86.3955   -85.8200   -75.4663   123.0387    51.8673
     670   22.3000      7.6959   -86.3955   -85.8200   -75.4663   123.0387    51.8673
     671   22.3333      7.6959   -86.3955   -85.8200   -75.4663   123.0387    51.8673
     672   22.3667      7.6959   -86.3955   -85.8200   -75.4663   123.0387    51.8673
     673   22.4000      7.6959   -86.3955   -85.8200   -75.4663   123.0387    51.8673
     674   22.4333      7.6959   -86.3955   -85.8200   -75.4663   123.0387    51.8673
     675   22.4667      7.6959   -86.3955   -85.8200   -75.4663   123.0387    51.8673
     676   22.5000      7.6959   -86.3955   -85.8200   -75.4663   123.0387    51.8673
     677   22.5333      7.6959   -86.3955   -85.8200   -75.4663   123.0387    51.8673
     678   22.5667      7.6959   -86.3955   -85.8200   -75.4663   123.0387    51.8673
     679   22.6000      7.6959   -86.3955   -85.8200   -75.4663   123.0387    51.8673
     680   22.6333      7.6959   -86.3955   -85.8200   -75.4663   123.0387    51.8673
     681   22.6667      7.6959   -86.3955   -85.8200   -75.4663   123.0387    51.8673
     682   22.7000      7.6959   -86.3955   -85.8200   -75.4663   123.0387    51.8673
     683   22.7333      7.6959   -86.3955   -85.8200   -75.4663   123.0387    51.8673
     684   22.7667      7.6959   -86.3955   -85.8200   -75.4663   123.0387    51.8673
     685   22.8000      7.6959   -86.3955   -85.8200   -75.4663   123.0387    51.8673
     686   22.8333      7.6959   -86.3955   -85.8200   -75.4663   123.0387    51.8673
     687   22.8667      7.6959   -86.3955   -85.8200   -75.4663   123.0387    51.8673
     688   22.9000      7.6959   -86.3955   -85.8200   -75.4663   123.0387    51.8673
     689   22.9333      7.6959   -86.3955   -85.8200   -75.4663   123.0387    51.8673
     690   22.9667      7.6959   -86.3955   -85.8200   -75.4663   123.0387    51.8673
     691   23.0000      7.6959   -86.3955   -85.8200   -75.4663   123.0387    51.8673
     692   23.0333      7.6959   -86.3955   -85.8200   -75.4663   123.0387    51.8673
     693   23.0667      7.6959   -86.3955   -85.8200   -75.4663   123.0387    51.8673
     694   23.1000      7.6959   -86.3955   -85.8200   -75.4663   123.0387    51.8673
     695   23.1333      7.6959   -86.3955   -85.8200   -75.4663   123.0387    51.8673
     696   23.1667      7.6959   -86.3955   -85.8200   -75.4663   123.0387    51.8673
     697   23.2000      7.6959   -86.3955   -85.8200   -75.4663   123.0387    51.8673
     698   23.2333      7.6959   -86.3955   -85.8200   -75.4663   123.0387    51.8673
     699   23.2667      7.6959   -86.3955   -85.8200   -75.4663   123.0387    51.8673
     700   23.3000      7.6959   -86.3955   -85.8200   -75.4663   123.0387    51.8673
     701   23.3333      7.6959   -86.3955   -85.8200   -75.4663   123.0387    51.8673
     702   23.3667      7.6959   -86.3955   -85.8200   -75.4663   123.0387    51.8673
     703   23.4000      7.6959   -86.3955   -85.8200   -75.4663   123.0387    51.8673
     704   23.4333      7.6959   -86.3955   -85.8200   -75.4663   123.0387    51.8673
     705   23.4667      7.6959   -86.3955   -85.8200   -75.4663   123.0387    51.8673
     706   23.5000      7.6959   -86.3955   -85.8200   -75.4663   123.0387    51.8673
     707   23.5333      7.6959   -86.3955   -85.8200   -75.4663   123.0387    51.8673
     708   23.5667      7.6959   -86.3955   -85.8200   -75.4663   123.0387    51.8673
     709   23.6000      7.6959   -86.3955   -85.8200   -75.4663   123.0387    51.8673
     710   23.6333      7.6959   -86.3955   -85.8200   -75.4663   123.0387    51.8673
     711   23.6667      7.6959   -86.3955   -85.8200   -75.4663   123.0387    51.8673
     712   23.7000      7.6959   -86.3955   -85.8200   -75.4663   123.0387    51.8673
     713   23.7333      7.6959   -86.3955   -85.8200   -75.4663   123.0387    51.8673
     714   23.7667      7.6959   -86.3955   -85.8200   -75.4663   123.0387    51.8673
     715   23.8000      7.6959   -86.3955   -85.8200   -75.4663   123.0387    51.8673
     716   23.8333      7.6959   -86.3955   -85.8200   -75.4663   123.0387    51.8673
     717   23.8667      7.6959   -86.3955   -85.8200   -75.4663   123.0387    51.8673
     718   23.9000      7.6959   -86.3955   -85.8200   -75.4663   123.0387    51.8673
     719   23.9333      7.6959   -86.3955   -85.8200   -75.4663   123.0387    51.8673
     720   23.9667      7.6959   -86.3955   -85.8200   -75.4663   123.0387    51.8673
     721   24.0000      7.6959   -86.3955   -85.8200   -75.4663   123.0387    51.8673
     722   24.0333      7.6959   -86.3955   -85.8200   -75.4663   123.0387    51.8673
     723   24.0667      7.6959   -86.3955   -85.8200   -75.4663   123.0387    51.8673
     724   24.1000      7.6959   -86.3955   -85.8200   -75.4663   123.0387    51.8673
     725   24.1333      7.6959   -86.3955   -85.8200   -75.4663   123.0387    51.8673
     726   24.1667      7.6959   -86.3955   -85.8200   -75.4663   123.0387    51.8673
     727   24.2000      7.6959   -86.3955   -85.8200   -75.4663   123.0387    51.8673
     728   24.2333      7.6959   -86.3955   -85.8200   -75.4663   123.0387    51.8673
     729   24.2667      7.6959   -86.3955   -85.8200   -75.4663   123.0387    51.8673
     730   24.3000      7.6959   -86.3955   -85.8200   -75.4663   123.0387    51.8673
     731   24.3333      7.6959   -86.3955   -85.8200   -75.4663   123.0387    51.8673
     732   24.3667      7.6959   -86.3955   -85.8200   -75.4663   123.0387    51.8673
     733   24.4000      7.6959   -86.3955   -85.8200   -75.4663   123.0387    51.8673
     734   24.4333      7.6959   -86.3955   -85.8200   -75.4663   123.0387    51.8673
     735   24.4667      7.6959   -86.3955   -85.8200   -75.4663   123.0387    51.8673
     736   24.5000      7.6959   -86.3955   -85.8200   -75.4663   123.0387    51.8673
     737   24.5333      7.6959   -86.3955   -85.8200   -75.4663   123.0387    51.8673
     738   24.5667      7.6959   -86.3955   -85.8200   -75.4663   123.0387    51.8673
     739   24.6000      7.6959   -86.3955   -85.8200   -75.4663   123.0387    51.8673
     740   24.6333      7.6959   -86.3955   -85.8200   -75.4663   123.0387    51.8673
     741   24.6667      7.6959   -86.3955   -85.8200   -75.4663   123.0387    51.8673
     742   24.7000      7.6959   -86.3955   -85.8200   -75.4663   123.0387    51.8673
     743   24.7333      7.6959   -86.3955   -85.8200   -75.4663   123.0387    51.8673
     744   24.7667      7.6959   -86.3955   -85.8200   -75.4663   123.0387    51.8673
     745   24.8000      7.6959   -86.3955   -85.8200   -75.4663   123.0387    51.8673
     746   24.8333      7.6959   -86.3955   -85.8200   -75.4663   123.0387    51.8673
     747   24.8667      7.6959   -86.3955   -85.8200   -75.4663   123.0387    51.8673
     748   24.9000      7.6959   -86.3955   -85.8200   -75.4663   123.0387    51.8673
     749   24.9333      7.6959   -86.3955   -85.8200   -75.4663   123.0387    51.8673
     750   24.9667      7.6959   -86.3955   -85.8200   -75.4663   123.0387    51.8673
     751   25.0000      7.6959   -86.3955   -85.8200   -75.4663   123.0387    51.8673
     752   25.0333      7.6959   -86.3955   -85.8200   -75.4663   123.0387    51.8673
     753   25.0667      7.6959   -86.3955   -85.8200   -75.4663   123.0387    51.8673
     754   25.1000      7.6959   -86.3955   -85.8200   -75.4663   123.0387    51.8673
     755   25.1333      7.6959   -86.3955   -85.8200   -75.4663   123.0387    51.8673
     756   25.1667      7.6959   -86.3955   -85.8200   -75.4663   123.0387    51.8673
     757   25.2000      7.6959   -86.3955   -85.8200   -75.4663   123.0387    51.8673
     758   25.2333      7.6959   -86.3955   -85.8200   -75.4663   123.0387    51.8673
     759   25.2667      7.6959   -86.3955   -85.8200   -75.4663   123.0387    51.8673
     760   25.3000      7.6959   -86.3955   -85.8200   -75.4663   123.0387    51.8673
     761   25.3333      7.6959   -86.3955   -85.8200   -75.4663   123.0387    51.8673
     762   25.3667      7.6959   -86.3955   -85.8200   -75.4663   123.0387    51.8673
     763   25.4000      7.6959   -86.3955   -85.8200   -75.4663   123.0387    51.8673
     764   25.4333      7.6959   -86.3955   -85.8200   -75.4663   123.0387    51.8673
     765   25.4667      7.6959   -86.3955   -85.8200   -75.4663   123.0387    51.8673
     766   25.5000      7.6959   -86.3955   -85.8200   -75.4663   123.0387    51.8673
     767   25.5333      7.6959   -86.3955   -85.8200   -75.4663   123.0387    51.8673
     768   25.5667      7.6959   -86.3955   -85.8200   -75.4663   123.0387    51.8673
     769   25.6000      7.6959   -86.3955   -85.8200   -75.4663   123.0387    51.8673
     770   25.6333      7.6959   -86.3955   -85.8200   -75.4663   123.0387    51.8673
     771   25.6667      7.6959   -86.3955   -85.8200   -75.4663   123.0387    51.8673
     772   25.7000      7.6959   -86.3955   -85.8200   -75.4663   123.0387    51.8673
     773   25.7333      7.6959   -86.3955   -85.8200   -75.4663   123.0387    51.8673
     774   25.7667      7.6959   -86.3955   -85.8200   -75.4663   123.0387    51.8673
     775   25.8000      7.6959   -86.3955   -85.8200   -75.4663   123.0387    51.8673
     776   25.8333      7.6959   -86.3955   -85.8200   -75.4663   123.0387    51.8673
     777   25.8667      7.6959   -86.3955   -85.8200   -75.4663   123.0387    51.8673
     778   25.9000      7.6959   -86.3955   -85.8200   -75.4663   123.0387    51.8673
     779   25.9333      7.6959   -86.3955   -85.8200   -75.4663   123.0387    51.8673
     780   25.9667      7.6959   -86.3955   -85.8200   -75.4663   123.0387    51.8673
     781   26.0000      7.6959   -86.3955   -85.8200   -75.4663   123.0387    51.8673
     782   26.0333      7.6959   -86.3955   -85.8200   -75.4663   123.0387    51.8673
     783   26.0667      7.6959   -86.3955   -85.8200   -75.4663   123.0387    51.8673
     784   26.1000      7.6959   -86.3955   -85.8200   -75.4663   123.0387    51.8673
     785   26.1333      7.6959   -86.3955   -85.8200   -75.4663   123.0387    51.8673
     786   26.1667      7.6959   -86.3955   -85.8200   -75.4663   123.0387    51.8673
     787   26.2000      7.6959   -86.3955   -85.8200   -75.4663   123.0387    51.8673
     788   26.2333      7.6959   -86.3955   -85.8200   -75.4663   123.0387    51.8673
     789   26.2667      7.6959   -86.3955   -85.8200   -75.4663   123.0387    51.8673
     790   26.3000      7.6959   -86.3955   -85.8200   -75.4663   123.0387    51.8673
     791   26.3333      7.6959   -86.3955   -85.8200   -75.4663   123.0387    51.8673
     792   26.3667      7.6959   -86.3955   -85.8200   -75.4663   123.0387    51.8673
     793   26.4000      7.6959   -86.3955   -85.8200   -75.4663   123.0387    51.8673
     794   26.4333      7.6959   -86.3955   -85.8200   -75.4663   123.0387    51.8673
     795   26.4667      7.6959   -86.3955   -85.8200   -75.4663   123.0387    51.8673
     796   26.5000      7.6959   -86.3955   -85.8200   -75.4663   123.0387    51.8673
     797   26.5333      7.6959   -86.3955   -85.8200   -75.4663   123.0387    51.8673
     798   26.5667      7.6959   -86.3955   -85.8200   -75.4663   123.0387    51.8673
     799   26.6000      7.6959   -86.3955   -85.8200   -75.4663   123.0387    51.8673
     800   26.6333      7.6959   -86.3955   -85.8200   -75.4663   123.0387    51.8673
     801   26.6667      7.6959   -86.3955   -85.8200   -75.4663   123.0387    51.8673
     802   26.7000      7.6959   -86.3955   -85.8200   -75.4663   123.0387    51.8673
     803   26.7333      7.6959   -86.3955   -85.8200   -75.4663   123.0387    51.8673
     804   26.7667      7.6959   -86.3955   -85.8200   -75.4663   123.0387    51.8673
     805   26.8000      7.6959   -86.3955   -85.8200   -75.4663   123.0387    51.8673
     806   26.8333      7.6959   -86.3955   -85.8200   -75.4663   123.0387    51.8673
     807   26.8667      7.6959   -86.3955   -85.8200   -75.4663   123.0387    51.8673
     808   26.9000      7.6959   -86.3955   -85.8200   -75.4663   123.0387    51.8673
     809   26.9333      7.6959   -86.3955   -85.8200   -75.4663   123.0387    51.8673
     810   26.9667      7.6959   -86.3955   -85.8200   -75.4663   123.0387    51.8673
     811   27.0000      7.6959   -86.3955   -85.8200   -75.4663   123.0387    51.8673
     812   27.0333      7.6959   -86.3955   -85.8200   -75.4663   123.0387    51.8673
     813   27.0667      7.6959   -86.3955   -85.8200   -75.4663   123.0387    51.8673
     814   27.1000      7.6959   -86.3955   -85.8200   -75.4663   123.0387    51.8673
     815   27.1333      7.6959   -86.3955   -85.8200   -75.4663   123.0387    51.8673
     816   27.1667      7.6959   -86.3955   -85.8200   -75.4663   123.0387    51.8673
     817   27.2000      7.6959   -86.3955   -85.8200   -75.4663   123.0387    51.8673
     818   27.2333      7.6959   -86.3955   -85.8200   -75.4663   123.0387    51.8673
     819   27.2667      7.6959   -86.3955   -85.8200   -75.4663   123.0387    51.8673
     820   27.3000      7.6959   -86.3955   -85.8200   -75.4663   123.0387    51.8673
     821   27.3333      7.6959   -86.3955   -85.8200   -75.4663   123.0387    51.8673
     822   27.3667      7.6959   -86.3955   -85.8200   -75.4663   123.0387    51.8673
     823   27.4000      7.6959   -86.3955   -85.8200   -75.4663   123.0387    51.8673
     824   27.4333      7.6959   -86.3955   -85.8200   -75.4663   123.0387    51.8673
     825   27.4667      7.6959   -86.3955   -85.8200   -75.4663   123.0387    51.8673
     826   27.5000      7.6959   -86.3955   -85.8200   -75.4663   123.0387    51.8673
     827   27.5333      7.6959   -86.3955   -85.8200   -75.4663   123.0387    51.8673
     828   27.5667      7.6959   -86.3955   -85.8200   -75.4663   123.0387    51.8673
     829   27.6000      7.6959   -86.3955   -85.8200   -75.4663   123.0387    51.8673
     830   27.6333      7.6959   -86.3955   -85.8200   -75.4663   123.0387    51.8673
     831   27.6667      7.6959   -86.3955   -85.8200   -75.4663   123.0387    51.8673
     832   27.7000      7.6959   -86.3955   -85.8200   -75.4663   123.0387    51.8673
     833   27.7333      7.6959   -86.3955   -85.8200   -75.4663   123.0387    51.8673
     834   27.7667      7.6959   -86.3955   -85.8200   -75.4663   123.0387    51.8673
     835   27.8000      7.6959   -86.3955   -85.8200   -75.4663   123.0387    51.8673
     836   27.8333      7.6959   -86.3955   -85.8200   -75.4663   123.0387    51.8673
     837   27.8667      7.6959   -86.3955   -85.8200   -75.4663   123.0387    51.8673
     838   27.9000      7.6959   -86.3955   -85.8200   -75.4663   123.0387    51.8673
     839   27.9333      7.6959   -86.3955   -85.8200   -75.4663   123.0387    51.8673
     840   27.9667      7.6959   -86.3955   -85.8200   -75.4663   123.0387    51.8673
     841   28.0000      7.6959   -86.3955   -85.8200   -75.4663   123.0387    51.8673
     842   28.0333      7.6959   -86.3955   -85.8200   -75.4663   123.0387    51.8673
     843   28.0667      7.6959   -86.3955   -85.8200   -75.4663   123.0387    51.8673
     844   28.1000      7.6959   -86.3955   -85.8200   -75.4663   123.0387    51.8673
     845   28.1333      7.6959   -86.3955   -85.8200   -75.4663   123.0387    51.8673
     846   28.1667      7.6959   -86.3955   -85.8200   -75.4663   123.0387    51.8673
     847   28.2000      7.6959   -86.3955   -85.8200   -75.4663   123.0387    51.8673
     848   28.2333      7.6959   -86.3955   -85.8200   -75.4663   123.0387    51.8673
     849   28.2667      7.6959   -86.3955   -85.8200   -75.4663   123.0387    51.8673
     850   28.3000      7.6959   -86.3955   -85.8200   -75.4663   123.0387    51.8673
     851   28.3333      7.6959   -86.3955   -85.8200   -75.4663   123.0387    51.8673
     852   28.3667      7.6959   -86.3955   -85.8200   -75.4663   123.0387    51.8673
     853   28.4000      7.6959   -86.3955   -85.8200   -75.4663   123.0387    51.8673
     854   28.4333      7.6959   -86.3955   -85.8200   -75.4663   123.0387    51.8673
     855   28.4667      7.6959   -86.3955   -85.8200   -75.4663   123.0387    51.8673
     856   28.5000      7.6959   -86.3955   -85.8200   -75.4663   123.0387    51.8673
     857   28.5333      7.6959   -86.3955   -85.8200   -75.4663   123.0387    51.8673
     858   28.5667      7.6959   -86.3955   -85.8200   -75.4663   123.0387    51.8673
     859   28.6000      7.6959   -86.3955   -85.8200   -75.4663   123.0387    51.8673
     860   28.6333      7.6959   -86.3955   -85.8200   -75.4663   123.0387    51.8673
     861   28.6667      7.6959   -86.3955   -85.8200   -75.4663   123.0387    51.8673
     862   28.7000      7.6959   -86.3955   -85.8200   -75.4663   123.0387    51.8673
     863   28.7333      7.6959   -86.3955   -85.8200   -75.4663   123.0387    51.8673
     864   28.7667      7.6959   -86.3955   -85.8200   -75.4663   123.0387    51.8673
     865   28.8000      7.6959   -86.3955   -85.8200   -75.4663   123.0387    51.8673
     866   28.8333      7.6959   -86.3955   -85.8200   -75.4663   123.0387    51.8673
     867   28.8667      7.6959   -86.3955   -85.8200   -75.4663   123.0387    51.8673
     868   28.9000      7.6959   -86.3955   -85.8200   -75.4663   123.0387    51.8673
     869   28.9333      7.6959   -86.3955   -85.8200   -75.4663   123.0387    51.8673
     870   28.9667      7.6959   -86.3955   -85.8200   -75.4663   123.0387    51.8673
     871   29.0000      7.6959   -86.3955   -85.8200   -75.4663   123.0387    51.8673
     872   29.0333      7.6959   -86.3955   -85.8200   -75.4663   123.0387    51.8673
     873   29.0667      7.6959   -86.3955   -85.8200   -75.4663   123.0387    51.8673
     874   29.1000      7.6959   -86.3955   -85.8200   -75.4663   123.0387    51.8673
     875   29.1333      7.6959   -86.3955   -85.8200   -75.4663   123.0387    51.8673
     876   29.1667      7.6959   -86.3955   -85.8200   -75.4663   123.0387    51.8673
     877   29.2000      7.6959   -86.3955   -85.8200   -75.4663   123.0387    51.8673
     878   29.2333      7.6959   -86.3955   -85.8200   -75.4663   123.0387    51.8673
     879   29.2667      7.6959   -86.3955   -85.8200   -75.4663   123.0387    51.8673
     880   29.3000      7.6959   -86.3955   -85.8200   -75.4663   123.0387    51.8673
     881   29.3333      7.6959   -86.3955   -85.8200   -75.4663   123.0387    51.8673
     882   29.3667      7.6959   -86.3955   -85.8200   -75.4663   123.0387    51.8673
     883   29.4000      7.6959   -86.3955   -85.8200   -75.4663   123.0387    51.8673
     884   29.4333      7.6959   -86.3955   -85.8200   -75.4663   123.0387    51.8673
     885   29.4667      7.6959   -86.3955   -85.8200   -75.4663   123.0387    51.8673
     886   29.5000      7.6959   -86.3955   -85.8200   -75.4663   123.0387    51.8673
     887   29.5333      7.6959   -86.3955   -85.8200   -75.4663   123.0387    51.8673
     888   29.5667      7.6959   -86.3955   -85.8200   -75.4663   123.0387    51.8673
     889   29.6000      7.6959   -86.3955   -85.8200   -75.4663   123.0387    51.8673
     890   29.6333      7.6959   -86.3955   -85.8200   -75.4663   123.0387    51.8673
     891   29.6667      7.6959   -86.3955   -85.8200   -75.4663   123.0387    51.8673
     892   29.7000      7.6959   -86.3955   -85.8200   -75.4663   123.0387    51.8673
     893   29.7333      7.6959   -86.3955   -85.8200   -75.4663   123.0387    51.8673
     894   29.7667      7.6959   -86.3955   -85.8200   -75.4663   123.0387    51.8673
     895   29.8000      7.6959   -86.3955   -85.8200   -75.4663   123.0387    51.8673
     896   29.8333      7.6959   -86.3955   -85.8200   -75.4663   123.0387    51.8673
     897   29.8667      7.6959   -86.3955   -85.8200   -75.4663   123.0387    51.8673
     898   29.9000      7.6959   -86.3955   -85.8200   -75.4663   123.0387    51.8673
     899   29.9333      7.6959   -86.3955   -85.8200   -75.4663   123.0387    51.8673
     900   29.9667      7.6959   -86.3955   -85.8200   -75.4663   123.0387    51.8673
     901   30.0000      7.6959   -86.3955   -85.8200   -75.4663   123.0387    51.8673
     902   30.0333      7.6959   -86.3955   -85.8200   -75.4663   123.0387    51.8673
     903   30.0667      7.6959   -86.3955   -85.8200   -75.4663   123.0387    51.8673
     904   30.1000      7.6959   -86.3955   -85.8200   -75.4663   123.0387    51.8673
     905   30.1333      7.6959   -86.3955   -85.8200   -75.4663   123.0387    51.8673
     906   30.1667      7.6959   -86.3955   -85.8200   -75.4663   123.0387    51.8673
     907   30.2000      7.6959   -86.3955   -85.8200   -75.4663   123.0387    51.8673
     908   30.2333      7.6959   -86.3955   -85.8200   -75.4663   123.0387    51.8673
     909   30.2667      7.6959   -86.3955   -85.8200   -75.4663   123.0387    51.8673
     910   30.3000      7.6959   -86.3955   -85.8200   -75.4663   123.0387    51.8673
     911   30.3333      7.6959   -86.3955   -85.8200   -75.4663   123.0387    51.8673
     912   30.3667      7.6959   -86.3955   -85.8200   -75.4663   123.0387    51.8673
     913   30.4000      7.6959   -86.3955   -85.8200   -75.4663   123.0387    51.8673
     914   30.4333      7.6959   -86.3955   -85.8200   -75.4663   123.0387    51.8673
     915   30.4667      7.6959   -86.3955   -85.8200   -75.4663   123.0387    51.8673
     916   30.5000      7.6959   -86.3955   -85.8200   -75.4663   123.0387    51.8673
     917   30.5333      7.6959   -86.3955   -85.8200   -75.4663   123.0387    51.8673
     918   30.5667      7.6959   -86.3955   -85.8200   -75.4663   123.0387    51.8673
     919   30.6000      7.6959   -86.3955   -85.8200   -75.4663   123.0387    51.8673
     920   30.6333      7.6959   -86.3955   -85.8200   -75.4663   123.0387    51.8673
     921   30.6667      7.6959   -86.3955   -85.8200   -75.4663   123.0387    51.8673
     922   30.7000      7.6959   -86.3955   -85.8200   -75.4663   123.0387    51.8673
     923   30.7333      7.6959   -86.3955   -85.8200   -75.4663   123.0387    51.8673
     924   30.7667      7.6959   -86.3955   -85.8200   -75.4663   123.0387    51.8673
     925   30.8000      7.6959   -86.3955   -85.8200   -75.4663   123.0387    51.8673
     926   30.8333      7.6959   -86.3955   -85.8200   -75.4663   123.0387    51.8673
     927   30.8667      7.6959   -86.3955   -85.8200   -75.4663   123.0387    51.8673
     928   30.9000      7.6959   -86.3955   -85.8200   -75.4663   123.0387    51.8673
     929   30.9333      7.6959   -86.3955   -85.8200   -75.4663   123.0387    51.8673
     930   30.9667      7.6959   -86.3955   -85.8200   -75.4663   123.0387    51.8673
     931   31.0000      7.6959   -86.3955   -85.8200   -75.4663   123.0387    51.8673
     932   31.0333      7.6959   -86.3955   -85.8200   -75.4663   123.0387    51.8673
     933   31.0667      7.6959   -86.3955   -85.8200   -75.4663   123.0387    51.8673
     934   31.1000      7.6959   -86.3955   -85.8200   -75.4663   123.0387    51.8673
     935   31.1333      7.6959   -86.3955   -85.8200   -75.4663   123.0387    51.8673
     936   31.1667      7.6959   -86.3955   -85.8200   -75.4663   123.0387    51.8673
     937   31.2000      7.6959   -86.3955   -85.8200   -75.4663   123.0387    51.8673
     938   31.2333      7.6959   -86.3955   -85.8200   -75.4663   123.0387    51.8673
     939   31.2667      7.6959   -86.3955   -85.8200   -75.4663   123.0387    51.8673
     940   31.3000      7.6959   -86.3955   -85.8200   -75.4663   123.0387    51.8673
     941   31.3333      7.6959   -86.3955   -85.8200   -75.4663   123.0387    51.8673
     942   31.3667      7.6959   -86.3955   -85.8200   -75.4663   123.0387    51.8673
     943   31.4000      7.6959   -86.3955   -85.8200   -75.4663   123.0387    51.8673
     944   31.4333      7.6959   -86.3955   -85.8200   -75.4663   123.0387    51.8673
     945   31.4667      7.6959   -86.3955   -85.8200   -75.4663   123.0387    51.8673
     946   31.5000      7.6959   -86.3955   -85.8200   -75.4663   123.0387    51.8673
     947   31.5333      7.6959   -86.3955   -85.8200   -75.4663   123.0387    51.8673
     948   31.5667      7.6959   -86.3955   -85.8200   -75.4663   123.0387    51.8673
     949   31.6000      7.6959   -86.3955   -85.8200   -75.4663   123.0387    51.8673
     950   31.6333      7.6959   -86.3955   -85.8200   -75.4663   123.0387    51.8673
     951   31.6667      7.6959   -86.3955   -85.8200   -75.4663   123.0387    51.8673
     952   31.7000      7.6959   -86.3955   -85.8200   -75.4663   123.0387    51.8673
     953   31.7333      7.6959   -86.3955   -85.8200   -75.4663   123.0387    51.8673
     954   31.7667      7.6959   -86.3955   -85.8200   -75.4663   123.0387    51.8673
     955   31.8000      7.6959   -86.3955   -85.8200   -75.4663   123.0387    51.8673
     956   31.8333      7.6959   -86.3955   -85.8200   -75.4663   123.0387    51.8673
     957   31.8667      7.6959   -86.3955   -85.8200   -75.4663   123.0387    51.8673
     958   31.9000      7.6959   -86.3955   -85.8200   -75.4663   123.0387    51.8673
     959   31.9333      7.6959   -86.3955   -85.8200   -75.4663   123.0387    51.8673
     960   31.9667      7.6959   -86.3955   -85.8200   -75.4663   123.0387    51.8673
     961   32.0000      7.6959   -86.3955   -85.8200   -75.4663   123.0387    51.8673
     962   32.0333      7.6959   -86.3955   -85.8200   -75.4663   123.0387    51.8673
     963   32.0667      7.6959   -86.3955   -85.8200   -75.4663   123.0387    51.8673
     964   32.1000      7.6959   -86.3955   -85.8200   -75.4663   123.0387    51.8673
     965   32.1333      7.6959   -86.3955   -85.8200   -75.4663   123.0387    51.8673
     966   32.1667      7.6959   -86.3955   -85.8200   -75.4663   123.0387    51.8673
     967   32.2000      7.6959   -86.3955   -85.8200   -75.4663   123.0387    51.8673
     968   32.2333      7.6959   -86.3955   -85.8200   -75.4663   123.0387    51.8673
     969   32.2667      7.6959   -86.3955   -85.8200   -75.4663   123.0387    51.8673
     970   32.3000      7.6959   -86.3955   -85.8200   -75.4663   123.0387    51.8673
     971   32.3333      7.6959   -86.3955   -85.8200   -75.4663   123.0387    51.8673
     972   32.3667      7.6959   -86.3955   -85.8200   -75.4663   123.0387    51.8673
     973   32.4000      7.6959   -86.3955   -85.8200   -75.4663   123.0387    51.8673
     974   32.4333      7.6959   -86.3955   -85.8200   -75.4663   123.0387    51.8673
     975   32.4667      7.6959   -86.3955   -85.8200   -75.4663   123.0387    51.8673
     976   32.5000      7.6959   -86.3955   -85.8200   -75.4663   123.0387    51.8673
     977   32.5333      7.6959   -86.3955   -85.8200   -75.4663   123.0387    51.8673
     978   32.5667      7.6959   -86.3955   -85.8200   -75.4663   123.0387    51.8673
     979   32.6000      7.6959   -86.3955   -85.8200   -75.4663   123.0387    51.8673
     980   32.6333      7.6959   -86.3955   -85.8200   -75.4663   123.0387    51.8673
     981   32.6667      7.6959   -86.3955   -85.8200   -75.4663   123.0387    51.8673
     982   32.7000      7.6959   -86.3955   -85.8200   -75.4663   123.0387    51.8673
     983   32.7333      7.6959   -86.3955   -85.8200   -75.4663   123.0387    51.8673
     984   32.7667      7.6959   -86.3955   -85.8200   -75.4663   123.0387    51.8673
     985   32.8000      7.6959   -86.3955   -85.8200   -75.4663   123.0387    51.8673
     986   32.8333      7.6959   -86.3955   -85.8200   -75.4663   123.0387    51.8673
     987   32.8667      7.6959   -86.3955   -85.8200   -75.4663   123.0387    51.8673
     988   32.9000      7.6959   -86.3955   -85.8200   -75.4663   123.0387    51.8673
     989   32.9333      7.6959   -86.3955   -85.8200   -75.4663   123.0387    51.8673
     990   32.9667      7.6959   -86.3955   -85.8200   -75.4663   123.0387    51.8673
     991   33.0000      7.6959   -86.3955   -85.8200   -75.4663   123.0387    51.8673
     992   33.0333      7.6959   -86.3955   -85.8200   -75.4663   123.0387    51.8673
     993   33.0667      7.6959   -86.3955   -85.8200   -75.4663   123.0387    51.8673
     994   33.1000      7.6959   -86.3955   -85.8200   -75.4663   123.0387    51.8673
     995   33.1333      7.6959   -86.3955   -85.8200   -75.4663   123.0387    51.8673
     996   33.1667      7.6959   -86.3955   -85.8200   -75.4663   123.0387    51.8673
     997   33.2000      7.6959   -86.3955   -85.8200   -75.4663   123.0387    51.8673
     998   33.2333      7.6959   -86.3955   -85.8200   -75.4663   123.0387    51.8673
     999   33.2667      7.6959   -86.3955   -85.8200   -75.4663   123.0387    51.8673
    1000   33.3000      7.6959   -86.3955   -85.8200   -75.4663   123.0387    51.8673
    1001   33.3333      7.6959   -86.3955   -85.8200   -75.4663   123.0387    51.8673
    1002   33.3667      7.6959   -86.3955   -85.8200   -75.4663   123.0387    51.8673
    1003   33.4000      7.6959   -86.3955   -85.8200   -75.4663   123.0387    51.8673
    1004   33.4333      7.6959   -86.3955   -85.8200   -75.4663   123.0387    51.8673
    1005   33.4667      7.6959   -86.3955   -85.8200   -75.4663   123.0387    51.8673
    1006   33.5000      7.6959   -86.3955   -85.8200   -75.4663   123.0387    51.8673
    1007   33.5333      7.6959   -86.3955   -85.8200   -75.4663   123.0387    51.8673
    1008   33.5667      7.6959   -86.3955   -85.8200   -75.4663   123.0387    51.8673
    1009   33.6000      7.6959   -86.3955   -85.8200   -75.4663   123.0387    51.8673
    1010   33.6333      7.6959   -86.3955   -85.8200   -75.4663   123.0387    51.8673
    1011   33.6667      7.6959   -86.3955   -85.8200   -75.4663   123.0387    51.8673
    1012   33.7000      7.6959   -86.3955   -85.8200   -75.4663   123.0387    51.8673
    1013   33.7333      7.6959   -86.3955   -85.8200   -75.4663   123.0387    51.8673
    1014   33.7667      7.6959   -86.3955   -85.8200   -75.4663   123.0387    51.8673
    1015   33.8000      7.6959   -86.3955   -85.8200   -75.4663   123.0387    51.8673
    1016   33.8333      7.6959   -86.3955   -85.8200   -75.4663   123.0387    51.8673
    1017   33.8667      7.6959   -86.3955   -85.8200   -75.4663   123.0387    51.8673
    1018   33.9000      7.6959   -86.3955   -85.8200   -75.4663   123.0387    51.8673
    1019   33.9333      7.6959   -86.3955   -85.8200   -75.4663   123.0387    51.8673
    1020   33.9667      7.6959   -86.3955   -85.8200   -75.4663   123.0387    51.8673
    1021   34.0000      7.6959   -86.3955   -85.8200   -75.4663   123.0387    51.8673
    1022   34.0333      7.6959   -86.3955   -85.8200   -75.4663   123.0387    51.8673
    1023   34.0667      7.6959   -86.3955   -85.8200   -75.4663   123.0387    51.8673
    1024   34.1000      7.6959   -86.3955   -85.8200   -75.4663   123.0387    51.8673
    1025   34.1333      7.6959   -86.3955   -85.8200   -75.4663   123.0387    51.8673
    1026   34.1667      7.6959   -86.3955   -85.8200   -75.4663   123.0387    51.8673
    1027   34.2000      7.6959   -86.3955   -85.8200   -75.4663   123.0387    51.8673
    1028   34.2333      7.6959   -86.3955   -85.8200   -75.4663   123.0387    51.8673
    1029   34.2667      7.6959   -86.3955   -85.8200   -75.4663   123.0387    51.8673
    1030   34.3000      7.6959   -86.3955   -85.8200   -75.4663   123.0387    51.8673
    1031   34.3333      7.6959   -86.3955   -85.8200   -75.4663   123.0387    51.8673
    1032   34.3667      7.6959   -86.3955   -85.8200   -75.4663   123.0387    51.8673
    1033   34.4000      7.6959   -86.3955   -85.8200   -75.4663   123.0387    51.8673
    1034   34.4333      7.6959   -86.3955   -85.8200   -75.4663   123.0387    51.8673
    1035   34.4667      7.6959   -86.3955   -85.8200   -75.4663   123.0387    51.8673
    1036   34.5000      7.6959   -86.3955   -85.8200   -75.4663   123.0387    51.8673
    1037   34.5333      7.6959   -86.3955   -85.8200   -75.4663   123.0387    51.8673
    1038   34.5667      7.6959   -86.3955   -85.8200   -75.4663   123.0387    51.8673
    1039   34.6000      7.6959   -86.3955   -85.8200   -75.4663   123.0387    51.8673
    1040   34.6333      7.6959   -86.3955   -85.8200   -75.4663   123.0387    51.8673
    1041   34.6667      7.6959   -86.3955   -85.8200   -75.4663   123.0387    51.8673
    1042   34.7000      7.6959   -86.3955   -85.8200   -75.4663   123.0387    51.8673
    1043   34.7333      7.6959   -86.3955   -85.8200   -75.4663   123.0387    51.8673
    1044   34.7667      7.6959   -86.3955   -85.8200   -75.4663   123.0387    51.8673
    1045   34.8000      7.6959   -86.3955   -85.8200   -75.4663   123.0387    51.8673
    1046   34.8333      7.6959   -86.3955   -85.8200   -75.4663   123.0387    51.8673
    1047   34.8667      7.6959   -86.3955   -85.8200   -75.4663   123.0387    51.8673
    1048   34.9000      7.6959   -86.3955   -85.8200   -75.4663   123.0387    51.8673
    1049   34.9333      7.6959   -86.3955   -85.8200   -75.4663   123.0387    51.8673
    1050   34.9667      7.6959   -86.3955   -85.8200   -75.4663   123.0387    51.8673
    1051   35.0000      7.6959   -86.3955   -85.8200   -75.4663   123.0387    51.8673
    1052   35.0333      7.6959   -86.3955   -85.8200   -75.4663   123.0387    51.8673
    1053   35.0667      7.6959   -86.3955   -85.8200   -75.4663   123.0387    51.8673
    1054   35.1000      7.6959   -86.3955   -85.8200   -75.4663   123.0387    51.8673
    1055   35.1333      7.6959   -86.3955   -85.8200   -75.4663   123.0387    51.8673
    1056   35.1667      7.6959   -86.3955   -85.8200   -75.4663   123.0387    51.8673
    1057   35.2000      7.6959   -86.3955   -85.8200   -75.4663   123.0387    51.8673
    1058   35.2333      7.6959   -86.3955   -85.8200   -75.4663   123.0387    51.8673
    1059   35.2667      7.6959   -86.3955   -85.8200   -75.4663   123.0387    51.8673
    1060   35.3000      7.6959   -86.3955   -85.8200   -75.4663   123.0387    51.8673
    1061   35.3333      7.6959   -86.3955   -85.8200   -75.4663   123.0387    51.8673
    1062   35.3667      7.6959   -86.3955   -85.8200   -75.4663   123.0387    51.8673
    1063   35.4000      7.6959   -86.3955   -85.8200   -75.4663   123.0387    51.8673
    1064   35.4333      7.6959   -86.3955   -85.8200   -75.4663   123.0387    51.8673
    1065   35.4667      7.6959   -86.3955   -85.8200   -75.4663   123.0387    51.8673
    1066   35.5000      7.6959   -86.3955   -85.8200   -75.4663   123.0387    51.8673
    1067   35.5333      7.6959   -86.3955   -85.8200   -75.4663   123.0387    51.8673
    1068   35.5667      7.6959   -86.3955   -85.8200   -75.4663   123.0387    51.8673
    1069   35.6000      7.6959   -86.3955   -85.8200   -75.4663   123.0387    51.8673
    1070   35.6333      7.6959   -86.3955   -85.8200   -75.4663   123.0387    51.8673
    1071   35.6667      7.6959   -86.3955   -85.8200   -75.4663   123.0387    51.8673
    1072   35.7000      7.6959   -86.3955   -85.8200   -75.4663   123.0387    51.8673
    1073   35.7333      7.6959   -86.3955   -85.8200   -75.4663   123.0387    51.8673
    1074   35.7667      7.6959   -86.3955   -85.8200   -75.4663   123.0387    51.8673
    1075   35.8000      7.6959   -86.3955   -85.8200   -75.4663   123.0387    51.8673
    1076   35.8333      7.6959   -86.3955   -85.8200   -75.4663   123.0387    51.8673
    1077   35.8667      7.6959   -86.3955   -85.8200   -75.4663   123.0387    51.8673
    1078   35.9000      7.6959   -86.3955   -85.8200   -75.4663   123.0387    51.8673
    1079   35.9333      7.6959   -86.3955   -85.8200   -75.4663   123.0387    51.8673
    1080   35.9667      7.6959   -86.3955   -85.8200   -75.4663   123.0387    51.8673
    1081   36.0000      7.6959   -86.3955   -85.8200   -75.4663   123.0387    51.8673
    1082   36.0333      7.6959   -86.3955   -85.8200   -75.4663   123.0387    51.8673
    1083   36.0667      7.6959   -86.3955   -85.8200   -75.4663   123.0387    51.8673
    1084   36.1000      7.6959   -86.3955   -85.8200   -75.4663   123.0387    51.8673
    1085   36.1333      7.6959   -86.3955   -85.8200   -75.4663   123.0387    51.8673
    1086   36.1667      7.6959   -86.3955   -85.8200   -75.4663   123.0387    51.8673
    1087   36.2000      7.6959   -86.3955   -85.8200   -75.4663   123.0387    51.8673
    1088   36.2333      7.6959   -86.3955   -85.8200   -75.4663   123.0387    51.8673
    1089   36.2667      7.6959   -86.3955   -85.8200   -75.4663   123.0387    51.8673
    1090   36.3000      7.6959   -86.3955   -85.8200   -75.4663   123.0387    51.8673
    1091   36.3333      7.6959   -86.3955   -85.8200   -75.4663   123.0387    51.8673
    1092   36.3667      7.6959   -86.3955   -85.8200   -75.4663   123.0387    51.8673
    1093   36.4000      7.6959   -86.3955   -85.8200   -75.4663   123.0387    51.8673
    1094   36.4333      7.6959   -86.3955   -85.8200   -75.4663   123.0387    51.8673
    1095   36.4667      7.6959   -86.3955   -85.8200   -75.4663   123.0387    51.8673
    1096   36.5000      7.6959   -86.3955   -85.8200   -75.4663   123.0387    51.8673
    1097   36.5333      7.6959   -86.3955   -85.8200   -75.4663   123.0387    51.8673
    1098   36.5667      7.6959   -86.3955   -85.8200   -75.4663   123.0387    51.8673
    1099   36.6000      7.6959   -86.3955   -85.8200   -75.4663   123.0387    51.8673
    1100   36.6333      7.6959   -86.3955   -85.8200   -75.4663   123.0387    51.8673
    1101   36.6667      7.6959   -86.3955   -85.8200   -75.4663   123.0387    51.8673
    1102   36.7000      7.6959   -86.3955   -85.8200   -75.4663   123.0387    51.8673
    1103   36.7333      7.6959   -86.3955   -85.8200   -75.4663   123.0387    51.8673
    1104   36.7667      7.6959   -86.3955   -85.8200   -75.4663   123.0387    51.8673
    1105   36.8000      7.6959   -86.3955   -85.8200   -75.4663   123.0387    51.8673
    1106   36.8333      7.6959   -86.3955   -85.8200   -75.4663   123.0387    51.8673
    1107   36.8667      7.6959   -86.3955   -85.8200   -75.4663   123.0387    51.8673
    1108   36.9000      7.6959   -86.3955   -85.8200   -75.4663   123.0387    51.8673
    1109   36.9333      7.6959   -86.3955   -85.8200   -75.4663   123.0387    51.8673
    1110   36.9667      7.6959   -86.3955   -85.8200   -75.4663   123.0387    51.8673
    1111   37.0000      7.6959   -86.3955   -85.8200   -75.4663   123.0387    51.8673
    1112   37.0333      7.6959   -86.3955   -85.8200   -75.4663   123.0387    51.8673
    1113   37.0667      7.6959   -86.3955   -85.8200   -75.4663   123.0387    51.8673
    1114   37.1000      7.6959   -86.3955   -85.8200   -75.4663   123.0387    51.8673
    1115   37.1333      7.6959   -86.3955   -85.8200   -75.4663   123.0387    51.8673
    1116   37.1667      7.6959   -86.3955   -85.8200   -75.4663   123.0387    51.8673
    1117   37.2000      7.6959   -86.3955   -85.8200   -75.4663   123.0387    51.8673
    1118   37.2333      7.6959   -86.3955   -85.8200   -75.4663   123.0387    51.8673
    1119   37.2667      7.6959   -86.3955   -85.8200   -75.4663   123.0387    51.8673
    1120   37.3000      7.6959   -86.3955   -85.8200   -75.4663   123.0387    51.8673
    1121   37.3333      7.6959   -86.3955   -85.8200   -75.4663   123.0387    51.8673
    1122   37.3667      7.6959   -86.3955   -85.8200   -75.4663   123.0387    51.8673
    1123   37.4000      7.6959   -86.3955   -85.8200   -75.4663   123.0387    51.8673
    1124   37.4333      7.6959   -86.3955   -85.8200   -75.4663   123.0387    51.8673
    1125   37.4667      7.6959   -86.3955   -85.8200   -75.4663   123.0387    51.8673
    1126   37.5000      7.6959   -86.3955   -85.8200   -75.4663   123.0387    51.8673
    1127   37.5333      7.6959   -86.3955   -85.8200   -75.4663   123.0387    51.8673
    1128   37.5667      7.6959   -86.3955   -85.8200   -75.4663   123.0387    51.8673
    1129   37.6000      7.6959   -86.3955   -85.8200   -75.4663   123.0387    51.8673
    1130   37.6333      7.6959   -86.3955   -85.8200   -75.4663   123.0387    51.8673
    1131   37.6667      7.6959   -86.3955   -85.8200   -75.4663   123.0387    51.8673
    1132   37.7000      7.6959   -86.3955   -85.8200   -75.4663   123.0387    51.8673
    1133   37.7333      7.6959   -86.3955   -85.8200   -75.4663   123.0387    51.8673
    1134   37.7667      7.6959   -86.3955   -85.8200   -75.4663   123.0387    51.8673
    1135   37.8000      7.6959   -86.3955   -85.8200   -75.4663   123.0387    51.8673
    1136   37.8333      7.6959   -86.3955   -85.8200   -75.4663   123.0387    51.8673
    1137   37.8667      7.6959   -86.3955   -85.8200   -75.4663   123.0387    51.8673
    1138   37.9000      7.6959   -86.3955   -85.8200   -75.4663   123.0387    51.8673
    1139   37.9333      7.6959   -86.3955   -85.8200   -75.4663   123.0387    51.8673
    1140   37.9667      7.6959   -86.3955   -85.8200   -75.4663   123.0387    51.8673
    1141   38.0000      7.6959   -86.3955   -85.8200   -75.4663   123.0387    51.8673
    1142   38.0333      7.6959   -86.3955   -85.8200   -75.4663   123.0387    51.8673
    1143   38.0667      7.6959   -86.3955   -85.8200   -75.4663   123.0387    51.8673
    1144   38.1000      7.6959   -86.3955   -85.8200   -75.4663   123.0387    51.8673
    1145   38.1333      7.6959   -86.3955   -85.8200   -75.4663   123.0387    51.8673
    1146   38.1667      7.6959   -86.3955   -85.8200   -75.4663   123.0387    51.8673
    1147   38.2000      7.6959   -86.3955   -85.8200   -75.4663   123.0387    51.8673
    1148   38.2333      7.6959   -86.3955   -85.8200   -75.4663   123.0387    51.8673
    1149   38.2667      7.6959   -86.3955   -85.8200   -75.4663   123.0387    51.8673
    1150   38.3000      7.6959   -86.3955   -85.8200   -75.4663   123.0387    51.8673
    1151   38.3333      7.6959   -86.3955   -85.8200   -75.4663   123.0387    51.8673
    1152   38.3667      7.6959   -86.3955   -85.8200   -75.4663   123.0387    51.8673
    1153   38.4000      7.6959   -86.3955   -85.8200   -75.4663   123.0387    51.8673
    1154   38.4333      7.6959   -86.3955   -85.8200   -75.4663   123.0387    51.8673
    1155   38.4667      7.6959   -86.3955   -85.8200   -75.4663   123.0387    51.8673
    1156   38.5000      7.6959   -86.3955   -85.8200   -75.4663   123.0387    51.8673
    1157   38.5333      7.6959   -86.3955   -85.8200   -75.4663   123.0387    51.8673
    1158   38.5667      7.6959   -86.3955   -85.8200   -75.4663   123.0387    51.8673
    1159   38.6000      7.6959   -86.3955   -85.8200   -75.4663   123.0387    51.8673
    1160   38.6333      7.6959   -86.3955   -85.8200   -75.4663   123.0387    51.8673
    1161   38.6667      7.6959   -86.3955   -85.8200   -75.4663   123.0387    51.8673
    1162   38.7000      7.6959   -86.3955   -85.8200   -75.4663   123.0387    51.8673
    1163   38.7333      7.6959   -86.3955   -85.8200   -75.4663   123.0387    51.8673
    1164   38.7667      7.6959   -86.3955   -85.8200   -75.4663   123.0387    51.8673
    1165   38.8000      7.6959   -86.3955   -85.8200   -75.4663   123.0387    51.8673
    1166   38.8333      7.6959   -86.3955   -85.8200   -75.4663   123.0387    51.8673
    1167   38.8667      7.6959   -86.3955   -85.8200   -75.4663   123.0387    51.8673
    1168   38.9000      7.6959   -86.3955   -85.8200   -75.4663   123.0387    51.8673
    1169   38.9333      7.6959   -86.3955   -85.8200   -75.4663   123.0387    51.8673
    1170   38.9667      7.6959   -86.3955   -85.8200   -75.4663   123.0387    51.8673
    1171   39.0000      7.6959   -86.3955   -85.8200   -75.4663   123.0387    51.8673
    1172   39.0333      7.6959   -86.3955   -85.8200   -75.4663   123.0387    51.8673
    1173   39.0667      7.6959   -86.3955   -85.8200   -75.4663   123.0387    51.8673
    1174   39.1000      7.6959   -86.3955   -85.8200   -75.4663   123.0387    51.8673
    1175   39.1333      7.6959   -86.3955   -85.8200   -75.4663   123.0387    51.8673
    1176   39.1667      7.6959   -86.3955   -85.8200   -75.4663   123.0387    51.8673
    1177   39.2000      7.6959   -86.3955   -85.8200   -75.4663   123.0387    51.8673
    1178   39.2333      7.6959   -86.3955   -85.8200   -75.4663   123.0387    51.8673
    1179   39.2667      7.6959   -86.3955   -85.8200   -75.4663   123.0387    51.8673
    1180   39.3000      7.6959   -86.3955   -85.8200   -75.4663   123.0387    51.8673
    1181   39.3333      7.6959   -86.3955   -85.8200   -75.4663   123.0387    51.8673
    1182   39.3667      7.6959   -86.3955   -85.8200   -75.4663   123.0387    51.8673
    1183   39.4000      7.6959   -86.3955   -85.8200   -75.4663   123.0387    51.8673
    1184   39.4333      7.6959   -86.3955   -85.8200   -75.4663   123.0387    51.8673
    1185   39.4667      7.6959   -86.3955   -85.8200   -75.4663   123.0387    51.8673
    1186   39.5000      7.6959   -86.3955   -85.8200   -75.4663   123.0387    51.8673
    1187   39.5333      7.6959   -86.3955   -85.8200   -75.4663   123.0387    51.8673
    1188   39.5667      7.6959   -86.3955   -85.8200   -75.4663   123.0387    51.8673
    1189   39.6000      7.6959   -86.3955   -85.8200   -75.4663   123.0387    51.8673
    1190   39.6333      7.6959   -86.3955   -85.8200   -75.4663   123.0387    51.8673
    1191   39.6667      7.6959   -86.3955   -85.8200   -75.4663   123.0387    51.8673
    1192   39.7000      7.6959   -86.3955   -85.8200   -75.4663   123.0387    51.8673
    1193   39.7333      7.6959   -86.3955   -85.8200   -75.4663   123.0387    51.8673
    1194   39.7667      7.6959   -86.3955   -85.8200   -75.4663   123.0387    51.8673
    1195   39.8000      7.6959   -86.3955   -85.8200   -75.4663   123.0387    51.8673
    1196   39.8333      7.6959   -86.3955   -85.8200   -75.4663   123.0387    51.8673
    1197   39.8667      7.6959   -86.3955   -85.8200   -75.4663   123.0387    51.8673
    1198   39.9000      7.6959   -86.3955   -85.8200   -75.4663   123.0387    51.8673
    1199   39.9333      7.6959   -86.3955   -85.8200   -75.4663   123.0387    51.8673
    1200   39.9667      7.6959   -86.3955   -85.8200   -75.4663   123.0387    51.8673
    1201   40.0000      7.6959   -86.3955   -85.8200   -75.4663   123.0387    51.8673
    1202   40.0333      7.6959   -86.3955   -85.8200   -75.4663   123.0387    51.8673
    1203   40.0667      7.6959   -86.3955   -85.8200   -75.4663   123.0387    51.8673
    1204   40.1000      7.6959   -86.3955   -85.8200   -75.4663   123.0387    51.8673
    1205   40.1333      7.6959   -86.3955   -85.8200   -75.4663   123.0387    51.8673
    1206   40.1667      7.6959   -86.3955   -85.8200   -75.4663   123.0387    51.8673
    1207   40.2000      7.6959   -86.3955   -85.8200   -75.4663   123.0387    51.8673
    1208   40.2333      7.6959   -86.3955   -85.8200   -75.4663   123.0387    51.8673
    1209   40.2667      7.6959   -86.3955   -85.8200   -75.4663   123.0387    51.8673
    1210   40.3000      7.6959   -86.3955   -85.8200   -75.4663   123.0387    51.8673
    1211   40.3333      7.6959   -86.3955   -85.8200   -75.4663   123.0387    51.8673
    1212   40.3667      7.6959   -86.3955   -85.8200   -75.4663   123.0387    51.8673
    1213   40.4000      7.6959   -86.3955   -85.8200   -75.4663   123.0387    51.8673
    1214   40.4333      7.6959   -86.3955   -85.8200   -75.4663   123.0387    51.8673
    1215   40.4667      7.6959   -86.3955   -85.8200   -75.4663   123.0387    51.8673
    1216   40.5000      7.6959   -86.3955   -85.8200   -75.4663   123.0387    51.8673
    1217   40.5333      7.6959   -86.3955   -85.8200   -75.4663   123.0387    51.8673
    1218   40.5667      7.6959   -86.3955   -85.8200   -75.4663   123.0387    51.8673
    1219   40.6000      7.6959   -86.3955   -85.8200   -75.4663   123.0387    51.8673
    1220   40.6333      7.6959   -86.3955   -85.8200   -75.4663   123.0387    51.8673
    1221   40.6667      7.6959   -86.3955   -85.8200   -75.4663   123.0387    51.8673
    1222   40.7000      7.6959   -86.3955   -85.8200   -75.4663   123.0387    51.8673
    1223   40.7333      7.6959   -86.3955   -85.8200   -75.4663   123.0387    51.8673
    1224   40.7667      7.6959   -86.3955   -85.8200   -75.4663   123.0387    51.8673
    1225   40.8000      7.6959   -86.3955   -85.8200   -75.4663   123.0387    51.8673
    1226   40.8333      7.6959   -86.3955   -85.8200   -75.4663   123.0387    51.8673
    1227   40.8667      7.6959   -86.3955   -85.8200   -75.4663   123.0387    51.8673
    1228   40.9000      7.6959   -86.3955   -85.8200   -75.4663   123.0387    51.8673
    1229   40.9333      7.6959   -86.3955   -85.8200   -75.4663   123.0387    51.8673
    1230   40.9667      7.6959   -86.3955   -85.8200   -75.4663   123.0387    51.8673
    1231   41.0000      7.6959   -86.3955   -85.8200   -75.4663   123.0387    51.8673
    1232   41.0333      7.6959   -86.3955   -85.8200   -75.4663   123.0387    51.8673
    1233   41.0667      7.6959   -86.3955   -85.8200   -75.4663   123.0387    51.8673
    1234   41.1000      7.6959   -86.3955   -85.8200   -75.4663   123.0387    51.8673
    1235   41.1333      7.6959   -86.3955   -85.8200   -75.4663   123.0387    51.8673
    1236   41.1667      7.6959   -86.3955   -85.8200   -75.4663   123.0387    51.8673
    1237   41.2000      7.6959   -86.3955   -85.8200   -75.4663   123.0387    51.8673
    1238   41.2333      7.6959   -86.3955   -85.8200   -75.4663   123.0387    51.8673
    1239   41.2667      7.6959   -86.3955   -85.8200   -75.4663   123.0387    51.8673
    1240   41.3000      7.6959   -86.3955   -85.8200   -75.4663   123.0387    51.8673
    1241   41.3333      7.6959   -86.3955   -85.8200   -75.4663   123.0387    51.8673
    1242   41.3667      7.6959   -86.3955   -85.8200   -75.4663   123.0387    51.8673
    1243   41.4000      7.6959   -86.3955   -85.8200   -75.4663   123.0387    51.8673
    1244   41.4333      7.6959   -86.3955   -85.8200   -75.4663   123.0387    51.8673
    1245   41.4667      7.6959   -86.3955   -85.8200   -75.4663   123.0387    51.8673
    1246   41.5000      7.6959   -86.3955   -85.8200   -75.4663   123.0387    51.8673
    1247   41.5333      7.6959   -86.3955   -85.8200   -75.4663   123.0387    51.8673
    1248   41.5667      7.6959   -86.3955   -85.8200   -75.4663   123.0387    51.8673
    1249   41.6000      7.6959   -86.3955   -85.8200   -75.4663   123.0387    51.8673
    1250   41.6333      7.6959   -86.3955   -85.8200   -75.4663   123.0387    51.8673
    1251   41.6667      7.6959   -86.3955   -85.8200   -75.4663   123.0387    51.8673
    1252   41.7000      7.6959   -86.3955   -85.8200   -75.4663   123.0387    51.8673
    1253   41.7333      7.6959   -86.3955   -85.8200   -75.4663   123.0387    51.8673
    1254   41.7667      7.6959   -86.3955   -85.8200   -75.4663   123.0387    51.8673
    1255   41.8000      7.6959   -86.3955   -85.8200   -75.4663   123.0387    51.8673
    1256   41.8333      7.6959   -86.3955   -85.8200   -75.4663   123.0387    51.8673
    1257   41.8667      7.6959   -86.3955   -85.8200   -75.4663   123.0387    51.8673
    1258   41.9000      7.6959   -86.3955   -85.8200   -75.4663   123.0387    51.8673
    1259   41.9333      7.6959   -86.3955   -85.8200   -75.4663   123.0387    51.8673
    1260   41.9667      7.6959   -86.3955   -85.8200   -75.4663   123.0387    51.8673
    1261   42.0000      7.6959   -86.3955   -85.8200   -75.4663   123.0387    51.8673
    1262   42.0333      7.6959   -86.3955   -85.8200   -75.4663   123.0387    51.8673
    1263   42.0667      7.6959   -86.3955   -85.8200   -75.4663   123.0387    51.8673
    1264   42.1000      7.6959   -86.3955   -85.8200   -75.4663   123.0387    51.8673
    1265   42.1333      7.6959   -86.3955   -85.8200   -75.4663   123.0387    51.8673
    1266   42.1667      7.6959   -86.3955   -85.8200   -75.4663   123.0387    51.8673
    1267   42.2000      7.6959   -86.3955   -85.8200   -75.4663   123.0387    51.8673
    1268   42.2333      7.6959   -86.3955   -85.8200   -75.4663   123.0387    51.8673
    1269   42.2667      7.6959   -86.3955   -85.8200   -75.4663   123.0387    51.8673
    1270   42.3000      7.6959   -86.3955   -85.8200   -75.4663   123.0387    51.8673
    1271   42.3333      7.6959   -86.3955   -85.8200   -75.4663   123.0387    51.8673
    1272   42.3667      7.6959   -86.3955   -85.8200   -75.4663   123.0387    51.8673
    1273   42.4000      7.6959   -86.3955   -85.8200   -75.4663   123.0387    51.8673
    1274   42.4333      7.6959   -86.3955   -85.8200   -75.4663   123.0387    51.8673
    1275   42.4667      7.6959   -86.3955   -85.8200   -75.4663   123.0387    51.8673
    1276   42.5000      7.6959   -86.3955   -85.8200   -75.4663   123.0387    51.8673
    1277   42.5333      7.6959   -86.3955   -85.8200   -75.4663   123.0387    51.8673
    1278   42.5667      7.6959   -86.3955   -85.8200   -75.4663   123.0387    51.8673
    1279   42.6000      7.6959   -86.3955   -85.8200   -75.4663   123.0387    51.8673
    1280   42.6333      7.6959   -86.3955   -85.8200   -75.4663   123.0387    51.8673
    1281   42.6667      7.6959   -86.3955   -85.8200   -75.4663   123.0387    51.8673
    1282   42.7000      7.6959   -86.3955   -85.8200   -75.4663   123.0387    51.8673
    1283   42.7333      7.6959   -86.3955   -85.8200   -75.4663   123.0387    51.8673
    1284   42.7667      7.6959   -86.3955   -85.8200   -75.4663   123.0387    51.8673
    1285   42.8000      7.6959   -86.3955   -85.8200   -75.4663   123.0387    51.8673
    1286   42.8333      7.6959   -86.3955   -85.8200   -75.4663   123.0387    51.8673
    1287   42.8667      7.6959   -86.3955   -85.8200   -75.4663   123.0387    51.8673
    1288   42.9000      7.6959   -86.3955   -85.8200   -75.4663   123.0387    51.8673
    1289   42.9333      7.6959   -86.3955   -85.8200   -75.4663   123.0387    51.8673
    1290   42.9667      7.6959   -86.3955   -85.8200   -75.4663   123.0387    51.8673
    1291   43.0000      7.6959   -86.3955   -85.8200   -75.4663   123.0387    51.8673
    1292   43.0333      7.6959   -86.3955   -85.8200   -75.4663   123.0387    51.8673
    1293   43.0667      7.6959   -86.3955   -85.8200   -75.4663   123.0387    51.8673
    1294   43.1000      7.6959   -86.3955   -85.8200   -75.4663   123.0387    51.8673
    1295   43.1333      7.6959   -86.3955   -85.8200   -75.4663   123.0387    51.8673
    1296   43.1667      7.6959   -86.3955   -85.8200   -75.4663   123.0387    51.8673
    1297   43.2000      7.6959   -86.3955   -85.8200   -75.4663   123.0387    51.8673
    1298   43.2333      7.6959   -86.3955   -85.8200   -75.4663   123.0387    51.8673
    1299   43.2667      7.6959   -86.3955   -85.8200   -75.4663   123.0387    51.8673
    1300   43.3000      7.6959   -86.3955   -85.8200   -75.4663   123.0387    51.8673
    1301   43.3333      7.6959   -86.3955   -85.8200   -75.4663   123.0387    51.8673
    1302   43.3667      7.6959   -86.3955   -85.8200   -75.4663   123.0387    51.8673
    1303   43.4000      7.6959   -86.3955   -85.8200   -75.4663   123.0387    51.8673
    1304   43.4333      7.6959   -86.3955   -85.8200   -75.4663   123.0387    51.8673
    1305   43.4667      7.6959   -86.3955   -85.8200   -75.4663   123.0387    51.8673
    1306   43.5000      7.6959   -86.3955   -85.8200   -75.4663   123.0387    51.8673
    1307   43.5333      7.6959   -86.3955   -85.8200   -75.4663   123.0387    51.8673
    1308   43.5667      7.6959   -86.3955   -85.8200   -75.4663   123.0387    51.8673
    1309   43.6000      7.6959   -86.3955   -85.8200   -75.4663   123.0387    51.8673
    1310   43.6333      7.6959   -86.3955   -85.8200   -75.4663   123.0387    51.8673
    1311   43.6667      7.6959   -86.3955   -85.8200   -75.4663   123.0387    51.8673
    1312   43.7000      7.6959   -86.3955   -85.8200   -75.4663   123.0387    51.8673
    1313   43.7333      7.6959   -86.3955   -85.8200   -75.4663   123.0387    51.8673
    1314   43.7667      7.6959   -86.3955   -85.8200   -75.4663   123.0387    51.8673
    1315   43.8000      7.6959   -86.3955   -85.8200   -75.4663   123.0387    51.8673
    1316   43.8333      7.6959   -86.3955   -85.8200   -75.4663   123.0387    51.8673
    1317   43.8667      7.6959   -86.3955   -85.8200   -75.4663   123.0387    51.8673
    1318   43.9000      7.6959   -86.3955   -85.8200   -75.4663   123.0387    51.8673
    1319   43.9333      7.6959   -86.3955   -85.8200   -75.4663   123.0387    51.8673
    1320   43.9667      7.6959   -86.3955   -85.8200   -75.4663   123.0387    51.8673
    1321   44.0000      7.6959   -86.3955   -85.8200   -75.4663   123.0387    51.8673
    1322   44.0333      7.6959   -86.3955   -85.8200   -75.4663   123.0387    51.8673
    1323   44.0667      7.6959   -86.3955   -85.8200   -75.4663   123.0387    51.8673
    1324   44.1000      7.6959   -86.3955   -85.8200   -75.4663   123.0387    51.8673
    1325   44.1333      7.6959   -86.3955   -85.8200   -75.4663   123.0387    51.8673
    1326   44.1667      7.6959   -86.3955   -85.8200   -75.4663   123.0387    51.8673
    1327   44.2000      7.6959   -86.3955   -85.8200   -75.4663   123.0387    51.8673
    1328   44.2333      7.6959   -86.3955   -85.8200   -75.4663   123.0387    51.8673
    1329   44.2667      7.6959   -86.3955   -85.8200   -75.4663   123.0387    51.8673
    1330   44.3000      7.6959   -86.3955   -85.8200   -75.4663   123.0387    51.8673
    1331   44.3333      7.6959   -86.3955   -85.8200   -75.4663   123.0387    51.8673
    1332   44.3667      7.6959   -86.3955   -85.8200   -75.4663   123.0387    51.8673
    1333   44.4000      7.6959   -86.3955   -85.8200   -75.4663   123.0387    51.8673
    1334   44.4333      7.6959   -86.3955   -85.8200   -75.4663   123.0387    51.8673
    1335   44.4667      7.6959   -86.3955   -85.8200   -75.4663   123.0387    51.8673
    1336   44.5000      7.6959   -86.3955   -85.8200   -75.4663   123.0387    51.8673
    1337   44.5333      7.6959   -86.3955   -85.8200   -75.4663   123.0387    51.8673
    1338   44.5667      7.6959   -86.3955   -85.8200   -75.4663   123.0387    51.8673
    1339   44.6000      7.6959   -86.3955   -85.8200   -75.4663   123.0387    51.8673
    1340   44.6333      7.6959   -86.3955   -85.8200   -75.4663   123.0387    51.8673
    1341   44.6667      7.6959   -86.3955   -85.8200   -75.4663   123.0387    51.8673
    1342   44.7000      7.6959   -86.3955   -85.8200   -75.4663   123.0387    51.8673
    1343   44.7333      7.6959   -86.3955   -85.8200   -75.4663   123.0387    51.8673
    1344   44.7667      7.6959   -86.3955   -85.8200   -75.4663   123.0387    51.8673
    1345   44.8000      7.6959   -86.3955   -85.8200   -75.4663   123.0387    51.8673
    1346   44.8333      7.6959   -86.3955   -85.8200   -75.4663   123.0387    51.8673
    1347   44.8667      7.6959   -86.3955   -85.8200   -75.4663   123.0387    51.8673
    1348   44.9000      7.6959   -86.3955   -85.8200   -75.4663   123.0387    51.8673
    1349   44.9333      7.6959   -86.3955   -85.8200   -75.4663   123.0387    51.8673
    1350   44.9667      7.6959   -86.3955   -85.8200   -75.4663   123.0387    51.8673
    1351   45.0000      7.6959   -86.3955   -85.8200   -75.4663   123.0387    51.8673
    1352   45.0333      7.6959   -86.3955   -85.8200   -75.4663   123.0387    51.8673
    1353   45.0667      7.6959   -86.3955   -85.8200   -75.4663   123.0387    51.8673
    1354   45.1000      7.6959   -86.3955   -85.8200   -75.4663   123.0387    51.8673
    1355   45.1333      7.6959   -86.3955   -85.8200   -75.4663   123.0387    51.8673
    1356   45.1667      7.6959   -86.3955   -85.8200   -75.4663   123.0387    51.8673
    1357   45.2000      7.6959   -86.3955   -85.8200   -75.4663   123.0387    51.8673
    1358   45.2333      7.6959   -86.3955   -85.8200   -75.4663   123.0387    51.8673
    1359   45.2667      7.6959   -86.3955   -85.8200   -75.4663   123.0387    51.8673
    1360   45.3000      7.6959   -86.3955   -85.8200   -75.4663   123.0387    51.8673
    1361   45.3333      7.6959   -86.3955   -85.8200   -75.4663   123.0387    51.8673
    1362   45.3667      7.6959   -86.3955   -85.8200   -75.4663   123.0387    51.8673
    1363   45.4000      7.6959   -86.3955   -85.8200   -75.4663   123.0387    51.8673
    1364   45.4333      7.6959   -86.3955   -85.8200   -75.4663   123.0387    51.8673
    1365   45.4667      7.6959   -86.3955   -85.8200   -75.4663   123.0387    51.8673
    1366   45.5000      7.6959   -86.3955   -85.8200   -75.4663   123.0387    51.8673
    1367   45.5333      7.6959   -86.3955   -85.8200   -75.4663   123.0387    51.8673
    1368   45.5667      7.6959   -86.3955   -85.8200   -75.4663   123.0387    51.8673
    1369   45.6000      7.6959   -86.3955   -85.8200   -75.4663   123.0387    51.8673
    1370   45.6333      7.6959   -86.3955   -85.8200   -75.4663   123.0387    51.8673
    1371   45.6667      7.6959   -86.3955   -85.8200   -75.4663   123.0387    51.8673
    1372   45.7000      7.6959   -86.3955   -85.8200   -75.4663   123.0387    51.8673
    1373   45.7333      7.6959   -86.3955   -85.8200   -75.4663   123.0387    51.8673
    1374   45.7667      7.6959   -86.3955   -85.8200   -75.4663   123.0387    51.8673
    1375   45.8000      7.6959   -86.3955   -85.8200   -75.4663   123.0387    51.8673
    1376   45.8333      7.6959   -86.3955   -85.8200   -75.4663   123.0387    51.8673
    1377   45.8667      7.6959   -86.3955   -85.8200   -75.4663   123.0387    51.8673
    1378   45.9000      7.6959   -86.3955   -85.8200   -75.4663   123.0387    51.8673
    1379   45.9333      7.6959   -86.3955   -85.8200   -75.4663   123.0387    51.8673
    1380   45.9667      7.6959   -86.3955   -85.8200   -75.4663   123.0387    51.8673
    1381   46.0000      7.6959   -86.3955   -85.8200   -75.4663   123.0387    51.8673
    1382   46.0333      7.6959   -86.3955   -85.8200   -75.4663   123.0387    51.8673
    1383   46.0667      7.6959   -86.3955   -85.8200   -75.4663   123.0387    51.8673
    1384   46.1000      7.6959   -86.3955   -85.8200   -75.4663   123.0387    51.8673
    1385   46.1333      7.6959   -86.3955   -85.8200   -75.4663   123.0387    51.8673
    1386   46.1667      7.6959   -86.3955   -85.8200   -75.4663   123.0387    51.8673
    1387   46.2000      7.6959   -86.3955   -85.8200   -75.4663   123.0387    51.8673
    1388   46.2333      7.6959   -86.3955   -85.8200   -75.4663   123.0387    51.8673
    1389   46.2667      7.6959   -86.3955   -85.8200   -75.4663   123.0387    51.8673
    1390   46.3000      7.6959   -86.3955   -85.8200   -75.4663   123.0387    51.8673
    1391   46.3333      7.6959   -86.3955   -85.8200   -75.4663   123.0387    51.8673
    1392   46.3667      7.6959   -86.3955   -85.8200   -75.4663   123.0387    51.8673
    1393   46.4000      7.6959   -86.3955   -85.8200   -75.4663   123.0387    51.8673
    1394   46.4333      7.6959   -86.3955   -85.8200   -75.4663   123.0387    51.8673
    1395   46.4667      7.6959   -86.3955   -85.8200   -75.4663   123.0387    51.8673
    1396   46.5000      7.6959   -86.3955   -85.8200   -75.4663   123.0387    51.8673
    1397   46.5333      7.6959   -86.3955   -85.8200   -75.4663   123.0387    51.8673
    1398   46.5667      7.6959   -86.3955   -85.8200   -75.4663   123.0387    51.8673
    1399   46.6000      7.6959   -86.3955   -85.8200   -75.4663   123.0387    51.8673
    1400   46.6333      7.6959   -86.3955   -85.8200   -75.4663   123.0387    51.8673
    1401   46.6667      7.6959   -86.3955   -85.8200   -75.4663   123.0387    51.8673
    1402   46.7000      7.6959   -86.3955   -85.8200   -75.4663   123.0387    51.8673
    1403   46.7333      7.6959   -86.3955   -85.8200   -75.4663   123.0387    51.8673
    1404   46.7667      7.6959   -86.3955   -85.8200   -75.4663   123.0387    51.8673
    1405   46.8000      7.6959   -86.3955   -85.8200   -75.4663   123.0387    51.8673
    1406   46.8333      7.6959   -86.3955   -85.8200   -75.4663   123.0387    51.8673
    1407   46.8667      7.6959   -86.3955   -85.8200   -75.4663   123.0387    51.8673
    1408   46.9000      7.6959   -86.3955   -85.8200   -75.4663   123.0387    51.8673
    1409   46.9333      7.6959   -86.3955   -85.8200   -75.4663   123.0387    51.8673
    1410   46.9667      7.6959   -86.3955   -85.8200   -75.4663   123.0387    51.8673
    1411   47.0000      7.6959   -86.3955   -85.8200   -75.4663   123.0387    51.8673
    1412   47.0333      7.6959   -86.3955   -85.8200   -75.4663   123.0387    51.8673
    1413   47.0667      7.6959   -86.3955   -85.8200   -75.4663   123.0387    51.8673
    1414   47.1000      7.6959   -86.3955   -85.8200   -75.4663   123.0387    51.8673
    1415   47.1333      7.6959   -86.3955   -85.8200   -75.4663   123.0387    51.8673
    1416   47.1667      7.6959   -86.3955   -85.8200   -75.4663   123.0387    51.8673
    1417   47.2000      7.6959   -86.3955   -85.8200   -75.4663   123.0387    51.8673
    1418   47.2333      7.6959   -86.3955   -85.8200   -75.4663   123.0387    51.8673
    1419   47.2667      7.6959   -86.3955   -85.8200   -75.4663   123.0387    51.8673
    1420   47.3000      7.6959   -86.3955   -85.8200   -75.4663   123.0387    51.8673
    1421   47.3333      7.6959   -86.3955   -85.8200   -75.4663   123.0387    51.8673
    1422   47.3667      7.6959   -86.3955   -85.8200   -75.4663   123.0387    51.8673
    1423   47.4000      7.6959   -86.3955   -85.8200   -75.4663   123.0387    51.8673
    1424   47.4333      7.6959   -86.3955   -85.8200   -75.4663   123.0387    51.8673
    1425   47.4667      7.6959   -86.3955   -85.8200   -75.4663   123.0387    51.8673
    1426   47.5000      7.6959   -86.3955   -85.8200   -75.4663   123.0387    51.8673
    1427   47.5333      7.6959   -86.3955   -85.8200   -75.4663   123.0387    51.8673
    1428   47.5667      7.6959   -86.3955   -85.8200   -75.4663   123.0387    51.8673
    1429   47.6000      7.6959   -86.3955   -85.8200   -75.4663   123.0387    51.8673
    1430   47.6333      7.6959   -86.3955   -85.8200   -75.4663   123.0387    51.8673
    1431   47.6667      7.6959   -86.3955   -85.8200   -75.4663   123.0387    51.8673
    1432   47.7000      7.6959   -86.3955   -85.8200   -75.4663   123.0387    51.8673
    1433   47.7333      7.6959   -86.3955   -85.8200   -75.4663   123.0387    51.8673
    1434   47.7667      7.6959   -86.3955   -85.8200   -75.4663   123.0387    51.8673
    1435   47.8000      7.6959   -86.3955   -85.8200   -75.4663   123.0387    51.8673
    1436   47.8333      7.6959   -86.3955   -85.8200   -75.4663   123.0387    51.8673
    1437   47.8667      7.6959   -86.3955   -85.8200   -75.4663   123.0387    51.8673
    1438   47.9000      7.6959   -86.3955   -85.8200   -75.4663   123.0387    51.8673
    1439   47.9333      7.6959   -86.3955   -85.8200   -75.4663   123.0387    51.8673
    1440   47.9667      7.6959   -86.3955   -85.8200   -75.4663   123.0387    51.8673
    1441   48.0000      7.6959   -86.3955   -85.8200   -75.4663   123.0387    51.8673
    1442   48.0333      7.6959   -86.3955   -85.8200   -75.4663   123.0387    51.8673
    1443   48.0667      7.6959   -86.3955   -85.8200   -75.4663   123.0387    51.8673
    1444   48.1000      7.6959   -86.3955   -85.8200   -75.4663   123.0387    51.8673
    1445   48.1333      7.6959   -86.3955   -85.8200   -75.4663   123.0387    51.8673
    1446   48.1667      7.6959   -86.3955   -85.8200   -75.4663   123.0387    51.8673
    1447   48.2000      7.6959   -86.3955   -85.8200   -75.4663   123.0387    51.8673
    1448   48.2333      7.6959   -86.3955   -85.8200   -75.4663   123.0387    51.8673
    1449   48.2667      7.6959   -86.3955   -85.8200   -75.4663   123.0387    51.8673
    1450   48.3000      7.6959   -86.3955   -85.8200   -75.4663   123.0387    51.8673
    1451   48.3333      7.6959   -86.3955   -85.8200   -75.4663   123.0387    51.8673
    1452   48.3667      7.6959   -86.3955   -85.8200   -75.4663   123.0387    51.8673
    1453   48.4000      7.6959   -86.3955   -85.8200   -75.4663   123.0387    51.8673
    1454   48.4333      7.6959   -86.3955   -85.8200   -75.4663   123.0387    51.8673
    1455   48.4667      7.6959   -86.3955   -85.8200   -75.4663   123.0387    51.8673
    1456   48.5000      7.6959   -86.3955   -85.8200   -75.4663   123.0387    51.8673
    1457   48.5333      7.6959   -86.3955   -85.8200   -75.4663   123.0387    51.8673
    1458   48.5667      7.6959   -86.3955   -85.8200   -75.4663   123.0387    51.8673
    1459   48.6000      7.6959   -86.3955   -85.8200   -75.4663   123.0387    51.8673
    1460   48.6333      7.6959   -86.3955   -85.8200   -75.4663   123.0387    51.8673
    1461   48.6667      7.6959   -86.3955   -85.8200   -75.4663   123.0387    51.8673
    1462   48.7000      7.6959   -86.3955   -85.8200   -75.4663   123.0387    51.8673
    1463   48.7333      7.6959   -86.3955   -85.8200   -75.4663   123.0387    51.8673
    1464   48.7667      7.6959   -86.3955   -85.8200   -75.4663   123.0387    51.8673
    1465   48.8000      7.6959   -86.3955   -85.8200   -75.4663   123.0387    51.8673
    1466   48.8333      7.6959   -86.3955   -85.8200   -75.4663   123.0387    51.8673
    1467   48.8667      7.6959   -86.3955   -85.8200   -75.4663   123.0387    51.8673
    1468   48.9000      7.6959   -86.3955   -85.8200   -75.4663   123.0387    51.8673
    1469   48.9333      7.6959   -86.3955   -85.8200   -75.4663   123.0387    51.8673
    1470   48.9667      7.6959   -86.3955   -85.8200   -75.4663   123.0387    51.8673
    1471   49.0000      7.6959   -86.3955   -85.8200   -75.4663   123.0387    51.8673
    1472   49.0333      7.6959   -86.3955   -85.8200   -75.4663   123.0387    51.8673
    1473   49.0667      7.6959   -86.3955   -85.8200   -75.4663   123.0387    51.8673
    1474   49.1000      7.6959   -86.3955   -85.8200   -75.4663   123.0387    51.8673
    1475   49.1333      7.6959   -86.3955   -85.8200   -75.4663   123.0387    51.8673
    1476   49.1667      7.6959   -86.3955   -85.8200   -75.4663   123.0387    51.8673
    1477   49.2000      7.6959   -86.3955   -85.8200   -75.4663   123.0387    51.8673
    1478   49.2333      7.6959   -86.3955   -85.8200   -75.4663   123.0387    51.8673
    1479   49.2667      7.6959   -86.3955   -85.8200   -75.4663   123.0387    51.8673
    1480   49.3000      7.6959   -86.3955   -85.8200   -75.4663   123.0387    51.8673
    1481   49.3333      7.6959   -86.3955   -85.8200   -75.4663   123.0387    51.8673
    1482   49.3667      7.6959   -86.3955   -85.8200   -75.4663   123.0387    51.8673
    1483   49.4000      7.6959   -86.3955   -85.8200   -75.4663   123.0387    51.8673
    1484   49.4333      7.6959   -86.3955   -85.8200   -75.4663   123.0387    51.8673
    1485   49.4667      7.6959   -86.3955   -85.8200   -75.4663   123.0387    51.8673
    1486   49.5000      7.6959   -86.3955   -85.8200   -75.4663   123.0387    51.8673
    1487   49.5333      7.6959   -86.3955   -85.8200   -75.4663   123.0387    51.8673
    1488   49.5667      7.6959   -86.3955   -85.8200   -75.4663   123.0387    51.8673
    1489   49.6000      7.6959   -86.3955   -85.8200   -75.4663   123.0387    51.8673
    1490   49.6333      7.6959   -86.3955   -85.8200   -75.4663   123.0387    51.8673
    1491   49.6667      7.6959   -86.3955   -85.8200   -75.4663   123.0387    51.8673
    1492   49.7000      7.6959   -86.3955   -85.8200   -75.4663   123.0387    51.8673
    1493   49.7333      7.6959   -86.3955   -85.8200   -75.4663   123.0387    51.8673
    1494   49.7667      7.6959   -86.3955   -85.8200   -75.4663   123.0387    51.8673
    1495   49.8000      7.6959   -86.3955   -85.8200   -75.4663   123.0387    51.8673
    1496   49.8333      7.6959   -86.3955   -85.8200   -75.4663   123.0387    51.8673
    1497   49.8667      7.6959   -86.3955   -85.8200   -75.4663   123.0387    51.8673
    1498   49.9000      7.6959   -86.3955   -85.8200   -75.4663   123.0387    51.8673
    1499   49.9333      7.6959   -86.3955   -85.8200   -75.4663   123.0387    51.8673
    1500   49.9667      7.6959   -86.3955   -85.8200   -75.4663   123.0387    51.8673
    1501   50.0000      7.6959   -86.3955   -85.8200   -75.4663   123.0387    51.8673
    1502   50.0333      7.6959   -86.3955   -85.8200   -75.4663   123.0387    51.8673
    1503   50.0667      7.6959   -86.3955   -85.8200   -75.4663   123.0387    51.8673
    1504   50.1000      7.6959   -86.3955   -85.8200   -75.4663   123.0387    51.8673
    1505   50.1333      7.6959   -86.3955   -85.8200   -75.4663   123.0387    51.8673
    1506   50.1667      7.6959   -86.3955   -85.8200   -75.4663   123.0387    51.8673
    1507   50.2000      7.6959   -86.3955   -85.8200   -75.4663   123.0387    51.8673
    1508   50.2333      7.6959   -86.3955   -85.8200   -75.4663   123.0387    51.8673
    1509   50.2667      7.6959   -86.3955   -85.8200   -75.4663   123.0387    51.8673
    1510   50.3000      7.6959   -86.3955   -85.8200   -75.4663   123.0387    51.8673
    1511   50.3333      7.6959   -86.3955   -85.8200   -75.4663   123.0387    51.8673
    1512   50.3667      7.6959   -86.3955   -85.8200   -75.4663   123.0387    51.8673
    1513   50.4000      7.6959   -86.3955   -85.8200   -75.4663   123.0387    51.8673
    1514   50.4333      7.6959   -86.3955   -85.8200   -75.4663   123.0387    51.8673
    1515   50.4667      7.6959   -86.3955   -85.8200   -75.4663   123.0387    51.8673
    1516   50.5000      7.6959   -86.3955   -85.8200   -75.4663   123.0387    51.8673
    1517   50.5333      7.6959   -86.3955   -85.8200   -75.4663   123.0387    51.8673
    1518   50.5667      7.6959   -86.3955   -85.8200   -75.4663   123.0387    51.8673
    1519   50.6000      7.6959   -86.3955   -85.8200   -75.4663   123.0387    51.8673
    1520   50.6333      7.6959   -86.3955   -85.8200   -75.4663   123.0387    51.8673
    1521   50.6667      7.6959   -86.3955   -85.8200   -75.4663   123.0387    51.8673
    1522   50.7000      7.6959   -86.3955   -85.8200   -75.4663   123.0387    51.8673
    1523   50.7333      7.6959   -86.3955   -85.8200   -75.4663   123.0387    51.8673
    1524   50.7667      7.6959   -86.3955   -85.8200   -75.4663   123.0387    51.8673
    1525   50.8000      7.6959   -86.3955   -85.8200   -75.4663   123.0387    51.8673
    1526   50.8333      7.6959   -86.3955   -85.8200   -75.4663   123.0387    51.8673
    1527   50.8667      7.6959   -86.3955   -85.8200   -75.4663   123.0387    51.8673
    1528   50.9000      7.6959   -86.3955   -85.8200   -75.4663   123.0387    51.8673
    1529   50.9333      7.6959   -86.3955   -85.8200   -75.4663   123.0387    51.8673
    1530   50.9667      7.6959   -86.3955   -85.8200   -75.4663   123.0387    51.8673
    1531   51.0000      7.6959   -86.3955   -85.8200   -75.4663   123.0387    51.8673
    1532   51.0333      7.6959   -86.3955   -85.8200   -75.4663   123.0387    51.8673
    1533   51.0667      7.6959   -86.3955   -85.8200   -75.4663   123.0387    51.8673
    1534   51.1000      7.6959   -86.3955   -85.8200   -75.4663   123.0387    51.8673
    1535   51.1333      7.6959   -86.3955   -85.8200   -75.4663   123.0387    51.8673
    1536   51.1667      7.6959   -86.3955   -85.8200   -75.4663   123.0387    51.8673
    1537   51.2000      7.6959   -86.3955   -85.8200   -75.4663   123.0387    51.8673
    1538   51.2333      7.6959   -86.3955   -85.8200   -75.4663   123.0387    51.8673
    1539   51.2667      7.6959   -86.3955   -85.8200   -75.4663   123.0387    51.8673
    1540   51.3000      7.6959   -86.3955   -85.8200   -75.4663   123.0387    51.8673
    1541   51.3333      7.6959   -86.3955   -85.8200   -75.4663   123.0387    51.8673
    1542   51.3667      7.6959   -86.3955   -85.8200   -75.4663   123.0387    51.8673
    1543   51.4000      7.6959   -86.3955   -85.8200   -75.4663   123.0387    51.8673
    1544   51.4333      7.6959   -86.3955   -85.8200   -75.4663   123.0387    51.8673
    1545   51.4667      7.6959   -86.3955   -85.8200   -75.4663   123.0387    51.8673
    1546   51.5000      7.6959   -86.3955   -85.8200   -75.4663   123.0387    51.8673
    1547   51.5333      7.6959   -86.3955   -85.8200   -75.4663   123.0387    51.8673
    1548   51.5667      7.6959   -86.3955   -85.8200   -75.4663   123.0387    51.8673
    1549   51.6000      7.6959   -86.3955   -85.8200   -75.4663   123.0387    51.8673
    1550   51.6333      7.6959   -86.3955   -85.8200   -75.4663   123.0387    51.8673
    1551   51.6667      7.6959   -86.3955   -85.8200   -75.4663   123.0387    51.8673
    1552   51.7000      7.6959   -86.3955   -85.8200   -75.4663   123.0387    51.8673
    1553   51.7333      7.6959   -86.3955   -85.8200   -75.4663   123.0387    51.8673
    1554   51.7667      7.6959   -86.3955   -85.8200   -75.4663   123.0387    51.8673
    1555   51.8000      7.6959   -86.3955   -85.8200   -75.4663   123.0387    51.8673
    1556   51.8333      7.6959   -86.3955   -85.8200   -75.4663   123.0387    51.8673
    1557   51.8667      7.6959   -86.3955   -85.8200   -75.4663   123.0387    51.8673
    1558   51.9000      7.6959   -86.3955   -85.8200   -75.4663   123.0387    51.8673
    1559   51.9333      7.6959   -86.3955   -85.8200   -75.4663   123.0387    51.8673
    1560   51.9667      7.6959   -86.3955   -85.8200   -75.4663   123.0387    51.8673
    1561   52.0000      7.6959   -86.3955   -85.8200   -75.4663   123.0387    51.8673
    1562   52.0333      7.6959   -86.3955   -85.8200   -75.4663   123.0387    51.8673
    1563   52.0667      7.6959   -86.3955   -85.8200   -75.4663   123.0387    51.8673
    1564   52.1000      7.6959   -86.3955   -85.8200   -75.4663   123.0387    51.8673
    1565   52.1333      7.6959   -86.3955   -85.8200   -75.4663   123.0387    51.8673
    1566   52.1667      7.6959   -86.3955   -85.8200   -75.4663   123.0387    51.8673
    1567   52.2000      7.6959   -86.3955   -85.8200   -75.4663   123.0387    51.8673
    1568   52.2333      7.6959   -86.3955   -85.8200   -75.4663   123.0387    51.8673
    1569   52.2667      7.6959   -86.3955   -85.8200   -75.4663   123.0387    51.8673
    1570   52.3000      7.6959   -86.3955   -85.8200   -75.4663   123.0387    51.8673
    1571   52.3333      7.6959   -86.3955   -85.8200   -75.4663   123.0387    51.8673
    1572   52.3667      7.6959   -86.3955   -85.8200   -75.4663   123.0387    51.8673
    1573   52.4000      7.6959   -86.3955   -85.8200   -75.4663   123.0387    51.8673
    1574   52.4333      7.6959   -86.3955   -85.8200   -75.4663   123.0387    51.8673
    1575   52.4667      7.6959   -86.3955   -85.8200   -75.4663   123.0387    51.8673
    1576   52.5000      7.6959   -86.3955   -85.8200   -75.4663   123.0387    51.8673
    1577   52.5333      7.6959   -86.3955   -85.8200   -75.4663   123.0387    51.8673
    1578   52.5667      7.6959   -86.3955   -85.8200   -75.4663   123.0387    51.8673
    1579   52.6000      7.6959   -86.3955   -85.8200   -75.4663   123.0387    51.8673
    1580   52.6333      7.6959   -86.3955   -85.8200   -75.4663   123.0387    51.8673
    1581   52.6667      7.6959   -86.3955   -85.8200   -75.4663   123.0387    51.8673
    1582   52.7000      7.6959   -86.3955   -85.8200   -75.4663   123.0387    51.8673
    1583   52.7333      7.6959   -86.3955   -85.8200   -75.4663   123.0387    51.8673
    1584   52.7667      7.6959   -86.3955   -85.8200   -75.4663   123.0387    51.8673
    1585   52.8000      7.6959   -86.3955   -85.8200   -75.4663   123.0387    51.8673
    1586   52.8333      7.6959   -86.3955   -85.8200   -75.4663   123.0387    51.8673
    1587   52.8667      7.6959   -86.3955   -85.8200   -75.4663   123.0387    51.8673
    1588   52.9000      7.6959   -86.3955   -85.8200   -75.4663   123.0387    51.8673
    1589   52.9333      7.6959   -86.3955   -85.8200   -75.4663   123.0387    51.8673
    1590   52.9667      7.6959   -86.3955   -85.8200   -75.4663   123.0387    51.8673
    1591   53.0000      7.6959   -86.3955   -85.8200   -75.4663   123.0387    51.8673
    1592   53.0333      7.6959   -86.3955   -85.8200   -75.4663   123.0387    51.8673
    1593   53.0667      7.6959   -86.3955   -85.8200   -75.4663   123.0387    51.8673
    1594   53.1000      7.6959   -86.3955   -85.8200   -75.4663   123.0387    51.8673
    1595   53.1333      7.6959   -86.3955   -85.8200   -75.4663   123.0387    51.8673
    1596   53.1667      7.6959   -86.3955   -85.8200   -75.4663   123.0387    51.8673
    1597   53.2000      7.6959   -86.3955   -85.8200   -75.4663   123.0387    51.8673
    1598   53.2333      7.6959   -86.3955   -85.8200   -75.4663   123.0387    51.8673
    1599   53.2667      7.6959   -86.3955   -85.8200   -75.4663   123.0387    51.8673
    1600   53.3000      7.6959   -86.3955   -85.8200   -75.4663   123.0387    51.8673
    1601   53.3333      7.6959   -86.3955   -85.8200   -75.4663   123.0387    51.8673
    1602   53.3667      7.6959   -86.3955   -85.8200   -75.4663   123.0387    51.8673
    1603   53.4000      7.6959   -86.3955   -85.8200   -75.4663   123.0387    51.8673
    1604   53.4333      7.6959   -86.3955   -85.8200   -75.4663   123.0387    51.8673
    1605   53.4667      7.6959   -86.3955   -85.8200   -75.4663   123.0387    51.8673
    1606   53.5000      7.6959   -86.3955   -85.8200   -75.4663   123.0387    51.8673
    1607   53.5333      7.6959   -86.3955   -85.8200   -75.4663   123.0387    51.8673
    1608   53.5667      7.6959   -86.3955   -85.8200   -75.4663   123.0387    51.8673
    1609   53.6000      7.6959   -86.3955   -85.8200   -75.4663   123.0387    51.8673
    1610   53.6333      7.6959   -86.3955   -85.8200   -75.4663   123.0387    51.8673
    1611   53.6667      7.6959   -86.3955   -85.8200   -75.4663   123.0387    51.8673
    1612   53.7000      7.6959   -86.3955   -85.8200   -75.4663   123.0387    51.8673
    1613   53.7333      7.6959   -86.3955   -85.8200   -75.4663   123.0387    51.8673
    1614   53.7667      7.6959   -86.3955   -85.8200   -75.4663   123.0387    51.8673
    1615   53.8000      7.6959   -86.3955   -85.8200   -75.4663   123.0387    51.8673
    1616   53.8333      7.6959   -86.3955   -85.8200   -75.4663   123.0387    51.8673
    1617   53.8667      7.6959   -86.3955   -85.8200   -75.4663   123.0387    51.8673
    1618   53.9000      7.6959   -86.3955   -85.8200   -75.4663   123.0387    51.8673
    1619   53.9333      7.6959   -86.3955   -85.8200   -75.4663   123.0387    51.8673
    1620   53.9667      7.6959   -86.3955   -85.8200   -75.4663   123.0387    51.8673
    1621   54.0000      7.6959   -86.3955   -85.8200   -75.4663   123.0387    51.8673
    1622   54.0333      7.6959   -86.3955   -85.8200   -75.4663   123.0387    51.8673
    1623   54.0667      7.6959   -86.3955   -85.8200   -75.4663   123.0387    51.8673
    1624   54.1000      7.6959   -86.3955   -85.8200   -75.4663   123.0387    51.8673
    1625   54.1333      7.6959   -86.3955   -85.8200   -75.4663   123.0387    51.8673
    1626   54.1667      7.6959   -86.3955   -85.8200   -75.4663   123.0387    51.8673
    1627   54.2000      7.6959   -86.3955   -85.8200   -75.4663   123.0387    51.8673
    1628   54.2333      7.6959   -86.3955   -85.8200   -75.4663   123.0387    51.8673
    1629   54.2667      7.6959   -86.3955   -85.8200   -75.4663   123.0387    51.8673
    1630   54.3000      7.6959   -86.3955   -85.8200   -75.4663   123.0387    51.8673
    1631   54.3333      7.6959   -86.3955   -85.8200   -75.4663   123.0387    51.8673
    1632   54.3667      7.6959   -86.3955   -85.8200   -75.4663   123.0387    51.8673
    1633   54.4000      7.6959   -86.3955   -85.8200   -75.4663   123.0387    51.8673
    1634   54.4333      7.6959   -86.3955   -85.8200   -75.4663   123.0387    51.8673
    1635   54.4667      7.6959   -86.3955   -85.8200   -75.4663   123.0387    51.8673
    1636   54.5000      7.6959   -86.3955   -85.8200   -75.4663   123.0387    51.8673
    1637   54.5333      7.6959   -86.3955   -85.8200   -75.4663   123.0387    51.8673
    1638   54.5667      7.6959   -86.3955   -85.8200   -75.4663   123.0387    51.8673
    1639   54.6000      7.6959   -86.3955   -85.8200   -75.4663   123.0387    51.8673
    1640   54.6333      7.6959   -86.3955   -85.8200   -75.4663   123.0387    51.8673
    1641   54.6667      7.6959   -86.3955   -85.8200   -75.4663   123.0387    51.8673
    1642   54.7000      7.6959   -86.3955   -85.8200   -75.4663   123.0387    51.8673
    1643   54.7333      7.6959   -86.3955   -85.8200   -75.4663   123.0387    51.8673
    1644   54.7667      7.6959   -86.3955   -85.8200   -75.4663   123.0387    51.8673
    1645   54.8000      7.6959   -86.3955   -85.8200   -75.4663   123.0387    51.8673
    1646   54.8333      7.6959   -86.3955   -85.8200   -75.4663   123.0387    51.8673
    1647   54.8667      7.6959   -86.3955   -85.8200   -75.4663   123.0387    51.8673
    1648   54.9000      7.6959   -86.3955   -85.8200   -75.4663   123.0387    51.8673
    1649   54.9333      7.6959   -86.3955   -85.8200   -75.4663   123.0387    51.8673
    1650   54.9667      7.6959   -86.3955   -85.8200   -75.4663   123.0387    51.8673
    1651   55.0000      7.6959   -86.3955   -85.8200   -75.4663   123.0387    51.8673
    1652   55.0333      7.6959   -86.3955   -85.8200   -75.4663   123.0387    51.8673
    1653   55.0667      7.6959   -86.3955   -85.8200   -75.4663   123.0387    51.8673
    1654   55.1000      7.6959   -86.3955   -85.8200   -75.4663   123.0387    51.8673
    1655   55.1333      7.6959   -86.3955   -85.8200   -75.4663   123.0387    51.8673
    1656   55.1667      7.6959   -86.3955   -85.8200   -75.4663   123.0387    51.8673
    1657   55.2000      7.6959   -86.3955   -85.8200   -75.4663   123.0387    51.8673
    1658   55.2333      7.6959   -86.3955   -85.8200   -75.4663   123.0387    51.8673
    1659   55.2667      7.6959   -86.3955   -85.8200   -75.4663   123.0387    51.8673
    1660   55.3000      7.6959   -86.3955   -85.8200   -75.4663   123.0387    51.8673
    1661   55.3333      7.6959   -86.3955   -85.8200   -75.4663   123.0387    51.8673
    1662   55.3667      7.6959   -86.3955   -85.8200   -75.4663   123.0387    51.8673
    1663   55.4000      7.6959   -86.3955   -85.8200   -75.4663   123.0387    51.8673
    1664   55.4333      7.6959   -86.3955   -85.8200   -75.4663   123.0387    51.8673
    1665   55.4667      7.6959   -86.3955   -85.8200   -75.4663   123.0387    51.8673
    1666   55.5000      7.6959   -86.3955   -85.8200   -75.4663   123.0387    51.8673
    1667   55.5333      7.6959   -86.3955   -85.8200   -75.4663   123.0387    51.8673
    1668   55.5667      7.6959   -86.3955   -85.8200   -75.4663   123.0387    51.8673
    1669   55.6000      7.6959   -86.3955   -85.8200   -75.4663   123.0387    51.8673
    1670   55.6333      7.6959   -86.3955   -85.8200   -75.4663   123.0387    51.8673
    1671   55.6667      7.6959   -86.3955   -85.8200   -75.4663   123.0387    51.8673
    1672   55.7000      7.6959   -86.3955   -85.8200   -75.4663   123.0387    51.8673
    1673   55.7333      7.6959   -86.3955   -85.8200   -75.4663   123.0387    51.8673
    1674   55.7667      7.6959   -86.3955   -85.8200   -75.4663   123.0387    51.8673
    1675   55.8000      7.6959   -86.3955   -85.8200   -75.4663   123.0387    51.8673
    1676   55.8333      7.6959   -86.3955   -85.8200   -75.4663   123.0387    51.8673
    1677   55.8667      7.6959   -86.3955   -85.8200   -75.4663   123.0387    51.8673
    1678   55.9000      7.6959   -86.3955   -85.8200   -75.4663   123.0387    51.8673
    1679   55.9333      7.6959   -86.3955   -85.8200   -75.4663   123.0387    51.8673
    1680   55.9667      7.6959   -86.3955   -85.8200   -75.4663   123.0387    51.8673
    1681   56.0000      7.6959   -86.3955   -85.8200   -75.4663   123.0387    51.8673
    1682   56.0333      7.6959   -86.3955   -85.8200   -75.4663   123.0387    51.8673
    1683   56.0667      7.6959   -86.3955   -85.8200   -75.4663   123.0387    51.8673
    1684   56.1000      7.6959   -86.3955   -85.8200   -75.4663   123.0387    51.8673
    1685   56.1333      7.6959   -86.3955   -85.8200   -75.4663   123.0387    51.8673
    1686   56.1667      7.6959   -86.3955   -85.8200   -75.4663   123.0387    51.8673
    1687   56.2000      7.6959   -86.3955   -85.8200   -75.4663   123.0387    51.8673
    1688   56.2333      7.6959   -86.3955   -85.8200   -75.4663   123.0387    51.8673
    1689   56.2667      7.6959   -86.3955   -85.8200   -75.4663   123.0387    51.8673
    1690   56.3000      7.6959   -86.3955   -85.8200   -75.4663   123.0387    51.8673
    1691   56.3333      7.6959   -86.3955   -85.8200   -75.4663   123.0387    51.8673
    1692   56.3667      7.6959   -86.3955   -85.8200   -75.4663   123.0387    51.8673
    1693   56.4000      7.6959   -86.3955   -85.8200   -75.4663   123.0387    51.8673
    1694   56.4333      7.6959   -86.3955   -85.8200   -75.4663   123.0387    51.8673
    1695   56.4667      7.6959   -86.3955   -85.8200   -75.4663   123.0387    51.8673
    1696   56.5000      7.6959   -86.3955   -85.8200   -75.4663   123.0387    51.8673
    1697   56.5333      7.6959   -86.3955   -85.8200   -75.4663   123.0387    51.8673
    1698   56.5667      7.6959   -86.3955   -85.8200   -75.4663   123.0387    51.8673
    1699   56.6000      7.6959   -86.3955   -85.8200   -75.4663   123.0387    51.8673
    1700   56.6333      7.6959   -86.3955   -85.8200   -75.4663   123.0387    51.8673
    1701   56.6667      7.6959   -86.3955   -85.8200   -75.4663   123.0387    51.8673
    1702   56.7000      7.6959   -86.3955   -85.8200   -75.4663   123.0387    51.8673
    1703   56.7333      7.6959   -86.3955   -85.8200   -75.4663   123.0387    51.8673
    1704   56.7667      7.6959   -86.3955   -85.8200   -75.4663   123.0387    51.8673
    1705   56.8000      7.6959   -86.3955   -85.8200   -75.4663   123.0387    51.8673
    1706   56.8333      7.6959   -86.3955   -85.8200   -75.4663   123.0387    51.8673
    1707   56.8667      7.6959   -86.3955   -85.8200   -75.4663   123.0387    51.8673
    1708   56.9000      7.6959   -86.3955   -85.8200   -75.4663   123.0387    51.8673
    1709   56.9333      7.6959   -86.3955   -85.8200   -75.4663   123.0387    51.8673
    1710   56.9667      7.6959   -86.3955   -85.8200   -75.4663   123.0387    51.8673
    1711   57.0000      7.6959   -86.3955   -85.8200   -75.4663   123.0387    51.8673
    1712   57.0333      7.6959   -86.3955   -85.8200   -75.4663   123.0387    51.8673
    1713   57.0667      7.6959   -86.3955   -85.8200   -75.4663   123.0387    51.8673
    1714   57.1000      7.6959   -86.3955   -85.8200   -75.4663   123.0387    51.8673
    1715   57.1333      7.6959   -86.3955   -85.8200   -75.4663   123.0387    51.8673
    1716   57.1667      7.6959   -86.3955   -85.8200   -75.4663   123.0387    51.8673
    1717   57.2000      7.6959   -86.3955   -85.8200   -75.4663   123.0387    51.8673
    1718   57.2333      7.6959   -86.3955   -85.8200   -75.4663   123.0387    51.8673
    1719   57.2667      7.6959   -86.3955   -85.8200   -75.4663   123.0387    51.8673
    1720   57.3000      7.6959   -86.3955   -85.8200   -75.4663   123.0387    51.8673
    1721   57.3333      7.6959   -86.3955   -85.8200   -75.4663   123.0387    51.8673
    1722   57.3667      7.6959   -86.3955   -85.8200   -75.4663   123.0387    51.8673
    1723   57.4000      7.6959   -86.3955   -85.8200   -75.4663   123.0387    51.8673
    1724   57.4333      7.6959   -86.3955   -85.8200   -75.4663   123.0387    51.8673
    1725   57.4667      7.6959   -86.3955   -85.8200   -75.4663   123.0387    51.8673
    1726   57.5000      7.6959   -86.3955   -85.8200   -75.4663   123.0387    51.8673
    1727   57.5333      7.6959   -86.3955   -85.8200   -75.4663   123.0387    51.8673
    1728   57.5667      7.6959   -86.3955   -85.8200   -75.4663   123.0387    51.8673
    1729   57.6000      7.6959   -86.3955   -85.8200   -75.4663   123.0387    51.8673
    1730   57.6333      7.6959   -86.3955   -85.8200   -75.4663   123.0387    51.8673
    1731   57.6667      7.6959   -86.3955   -85.8200   -75.4663   123.0387    51.8673
    1732   57.7000      7.6959   -86.3955   -85.8200   -75.4663   123.0387    51.8673
    1733   57.7333      7.6959   -86.3955   -85.8200   -75.4663   123.0387    51.8673
    1734   57.7667      7.6959   -86.3955   -85.8200   -75.4663   123.0387    51.8673
    1735   57.8000      7.6959   -86.3955   -85.8200   -75.4663   123.0387    51.8673
    1736   57.8333      7.6959   -86.3955   -85.8200   -75.4663   123.0387    51.8673
    1737   57.8667      7.6959   -86.3955   -85.8200   -75.4663   123.0387    51.8673
    1738   57.9000      7.6959   -86.3955   -85.8200   -75.4663   123.0387    51.8673
    1739   57.9333      7.6959   -86.3955   -85.8200   -75.4663   123.0387    51.8673
    1740   57.9667      7.6959   -86.3955   -85.8200   -75.4663   123.0387    51.8673
    1741   58.0000      7.6959   -86.3955   -85.8200   -75.4663   123.0387    51.8673
    1742   58.0333      7.6959   -86.3955   -85.8200   -75.4663   123.0387    51.8673
    1743   58.0667      7.6959   -86.3955   -85.8200   -75.4663   123.0387    51.8673
    1744   58.1000      7.6959   -86.3955   -85.8200   -75.4663   123.0387    51.8673
    1745   58.1333      7.6959   -86.3955   -85.8200   -75.4663   123.0387    51.8673
    1746   58.1667      7.6959   -86.3955   -85.8200   -75.4663   123.0387    51.8673
    1747   58.2000      7.6959   -86.3955   -85.8200   -75.4663   123.0387    51.8673
    1748   58.2333      7.6959   -86.3955   -85.8200   -75.4663   123.0387    51.8673
    1749   58.2667      7.6959   -86.3955   -85.8200   -75.4663   123.0387    51.8673
    1750   58.3000      7.6959   -86.3955   -85.8200   -75.4663   123.0387    51.8673
    1751   58.3333      7.6959   -86.3955   -85.8200   -75.4663   123.0387    51.8673
    1752   58.3667      7.6959   -86.3955   -85.8200   -75.4663   123.0387    51.8673
    1753   58.4000      7.6959   -86.3955   -85.8200   -75.4663   123.0387    51.8673
    1754   58.4333      7.6959   -86.3955   -85.8200   -75.4663   123.0387    51.8673
    1755   58.4667      7.6959   -86.3955   -85.8200   -75.4663   123.0387    51.8673
    1756   58.5000      7.6959   -86.3955   -85.8200   -75.4663   123.0387    51.8673
    1757   58.5333      7.6959   -86.3955   -85.8200   -75.4663   123.0387    51.8673
    1758   58.5667      7.6959   -86.3955   -85.8200   -75.4663   123.0387    51.8673
    1759   58.6000      7.6959   -86.3955   -85.8200   -75.4663   123.0387    51.8673
    1760   58.6333      7.6959   -86.3955   -85.8200   -75.4663   123.0387    51.8673
    1761   58.6667      7.6959   -86.3955   -85.8200   -75.4663   123.0387    51.8673
    1762   58.7000      7.6959   -86.3955   -85.8200   -75.4663   123.0387    51.8673
    1763   58.7333      7.6959   -86.3955   -85.8200   -75.4663   123.0387    51.8673
    1764   58.7667      7.6959   -86.3955   -85.8200   -75.4663   123.0387    51.8673
    1765   58.8000      7.6959   -86.3955   -85.8200   -75.4663   123.0387    51.8673
    1766   58.8333      7.6959   -86.3955   -85.8200   -75.4663   123.0387    51.8673
    1767   58.8667      7.6959   -86.3955   -85.8200   -75.4663   123.0387    51.8673
    1768   58.9000      7.6959   -86.3955   -85.8200   -75.4663   123.0387    51.8673
    1769   58.9333      7.6959   -86.3955   -85.8200   -75.4663   123.0387    51.8673
    1770   58.9667      7.6959   -86.3955   -85.8200   -75.4663   123.0387    51.8673
    1771   59.0000      7.6959   -86.3955   -85.8200   -75.4663   123.0387    51.8673
    1772   59.0333      7.6959   -86.3955   -85.8200   -75.4663   123.0387    51.8673
    1773   59.0667      7.6959   -86.3955   -85.8200   -75.4663   123.0387    51.8673
    1774   59.1000      7.6959   -86.3955   -85.8200   -75.4663   123.0387    51.8673
    1775   59.1333      7.6959   -86.3955   -85.8200   -75.4663   123.0387    51.8673
    1776   59.1667      7.6959   -86.3955   -85.8200   -75.4663   123.0387    51.8673
    1777   59.2000      7.6959   -86.3955   -85.8200   -75.4663   123.0387    51.8673
    1778   59.2333      7.6959   -86.3955   -85.8200   -75.4663   123.0387    51.8673
    1779   59.2667      7.6959   -86.3955   -85.8200   -75.4663   123.0387    51.8673
    1780   59.3000      7.6959   -86.3955   -85.8200   -75.4663   123.0387    51.8673
    1781   59.3333      7.6959   -86.3955   -85.8200   -75.4663   123.0387    51.8673
    1782   59.3667      7.6959   -86.3955   -85.8200   -75.4663   123.0387    51.8673
    1783   59.4000      7.6959   -86.3955   -85.8200   -75.4663   123.0387    51.8673
    1784   59.4333      7.6959   -86.3955   -85.8200   -75.4663   123.0387    51.8673
    1785   59.4667      7.6959   -86.3955   -85.8200   -75.4663   123.0387    51.8673
    1786   59.5000      7.6959   -86.3955   -85.8200   -75.4663   123.0387    51.8673
    1787   59.5333      7.6959   -86.3955   -85.8200   -75.4663   123.0387    51.8673
    1788   59.5667      7.6959   -86.3955   -85.8200   -75.4663   123.0387    51.8673
    1789   59.6000      7.6959   -86.3955   -85.8200   -75.4663   123.0387    51.8673
    1790   59.6333      7.6959   -86.3955   -85.8200   -75.4663   123.0387    51.8673
    1791   59.6667      7.6959   -86.3955   -85.8200   -75.4663   123.0387    51.8673
    1792   59.7000      7.6959   -86.3955   -85.8200   -75.4663   123.0387    51.8673
    1793   59.7333      7.6959   -86.3955   -85.8200   -75.4663   123.0387    51.8673
    1794   59.7667      7.6959   -86.3955   -85.8200   -75.4663   123.0387    51.8673
    1795   59.8000      7.6959   -86.3955   -85.8200   -75.4663   123.0387    51.8673
    1796   59.8333      7.6959   -86.3955   -85.8200   -75.4663   123.0387    51.8673
    1797   59.8667      7.6959   -86.3955   -85.8200   -75.4663   123.0387    51.8673
    1798   59.9000      7.6959   -86.3955   -85.8200   -75.4663   123.0387    51.8673
    1799   59.9333      7.6959   -86.3955   -85.8200   -75.4663   123.0387    51.8673
    1800   59.9667      7.6959   -86.3955   -85.8200   -75.4663   123.0387    51.8673
    1801   60.0000      7.6959   -86.3955   -85.8200   -75.4663   123.0387    51.8673
    1802   60.0333      7.6959   -86.3955   -85.8200   -75.4663   123.0387    51.8673
    1803   60.0667      7.6959   -86.3955   -85.8200   -75.4663   123.0387    51.8673
    1804   60.1000      7.6959   -86.3955   -85.8200   -75.4663   123.0387    51.8673
    1805   60.1333      7.6959   -86.3955   -85.8200   -75.4663   123.0387    51.8673
    1806   60.1667      7.6959   -86.3955   -85.8200   -75.4663   123.0387    51.8673
    1807   60.2000      7.6959   -86.3955   -85.8200   -75.4663   123.0387    51.8673
    1808   60.2333      7.6959   -86.3955   -85.8200   -75.4663   123.0387    51.8673
    1809   60.2667      7.6959   -86.3955   -85.8200   -75.4663   123.0387    51.8673
    1810   60.3000      7.6959   -86.3955   -85.8200   -75.4663   123.0387    51.8673
    1811   60.3333      7.6959   -86.3955   -85.8200   -75.4663   123.0387    51.8673
    1812   60.3667      7.6959   -86.3955   -85.8200   -75.4663   123.0387    51.8673
    1813   60.4000      7.6959   -86.3955   -85.8200   -75.4663   123.0387    51.8673
    1814   60.4333      7.6959   -86.3955   -85.8200   -75.4663   123.0387    51.8673
    1815   60.4667      7.6959   -86.3955   -85.8200   -75.4663   123.0387    51.8673
    1816   60.5000      7.6959   -86.3955   -85.8200   -75.4663   123.0387    51.8673
    1817   60.5333      7.6959   -86.3955   -85.8200   -75.4663   123.0387    51.8673
    1818   60.5667      7.6959   -86.3955   -85.8200   -75.4663   123.0387    51.8673
    1819   60.6000      7.6959   -86.3955   -85.8200   -75.4663   123.0387    51.8673
    1820   60.6333      7.6959   -86.3955   -85.8200   -75.4663   123.0387    51.8673
    1821   60.6667      7.6959   -86.3955   -85.8200   -75.4663   123.0387    51.8673
    1822   60.7000      7.6959   -86.3955   -85.8200   -75.4663   123.0387    51.8673
    1823   60.7333      7.6959   -86.3955   -85.8200   -75.4663   123.0387    51.8673
    1824   60.7667      7.6959   -86.3955   -85.8200   -75.4663   123.0387    51.8673
    1825   60.8000      7.6959   -86.3955   -85.8200   -75.4663   123.0387    51.8673
    1826   60.8333      7.6959   -86.3955   -85.8200   -75.4663   123.0387    51.8673
    1827   60.8667      7.6959   -86.3955   -85.8200   -75.4663   123.0387    51.8673
    1828   60.9000      7.6959   -86.3955   -85.8200   -75.4663   123.0387    51.8673
    1829   60.9333      7.6959   -86.3955   -85.8200   -75.4663   123.0387    51.8673
    1830   60.9667      7.6959   -86.3955   -85.8200   -75.4663   123.0387    51.8673
    1831   61.0000      7.6959   -86.3955   -85.8200   -75.4663   123.0387    51.8673
    1832   61.0333      7.6959   -86.3955   -85.8200   -75.4663   123.0387    51.8673
    1833   61.0667      7.6959   -86.3955   -85.8200   -75.4663   123.0387    51.8673
    1834   61.1000      7.6959   -86.3955   -85.8200   -75.4663   123.0387    51.8673
    1835   61.1333      7.6959   -86.3955   -85.8200   -75.4663   123.0387    51.8673
    1836   61.1667      7.6959   -86.3955   -85.8200   -75.4663   123.0387    51.8673
    1837   61.2000      7.6959   -86.3955   -85.8200   -75.4663   123.0387    51.8673
    1838   61.2333      7.6959   -86.3955   -85.8200   -75.4663   123.0387    51.8673
    1839   61.2667      7.6959   -86.3955   -85.8200   -75.4663   123.0387    51.8673
    1840   61.3000      7.6959   -86.3955   -85.8200   -75.4663   123.0387    51.8673
    1841   61.3333      7.6959   -86.3955   -85.8200   -75.4663   123.0387    51.8673
    1842   61.3667      7.6959   -86.3955   -85.8200   -75.4663   123.0387    51.8673
    1843   61.4000      7.6959   -86.3955   -85.8200   -75.4663   123.0387    51.8673
    1844   61.4333      7.6959   -86.3955   -85.8200   -75.4663   123.0387    51.8673
    1845   61.4667      7.6959   -86.3955   -85.8200   -75.4663   123.0387    51.8673
    1846   61.5000      7.6959   -86.3955   -85.8200   -75.4663   123.0387    51.8673
    1847   61.5333      7.6959   -86.3955   -85.8200   -75.4663   123.0387    51.8673
    1848   61.5667      7.6959   -86.3955   -85.8200   -75.4663   123.0387    51.8673
    1849   61.6000      7.6959   -86.3955   -85.8200   -75.4663   123.0387    51.8673
    1850   61.6333      7.6959   -86.3955   -85.8200   -75.4663   123.0387    51.8673
    1851   61.6667      7.6959   -86.3955   -85.8200   -75.4663   123.0387    51.8673
    1852   61.7000      7.6959   -86.3955   -85.8200   -75.4663   123.0387    51.8673
    1853   61.7333      7.6959   -86.3955   -85.8200   -75.4663   123.0387    51.8673
    1854   61.7667      7.6959   -86.3955   -85.8200   -75.4663   123.0387    51.8673
    1855   61.8000      7.6959   -86.3955   -85.8200   -75.4663   123.0387    51.8673
    1856   61.8333      7.6959   -86.3955   -85.8200   -75.4663   123.0387    51.8673
    1857   61.8667      7.6959   -86.3955   -85.8200   -75.4663   123.0387    51.8673
    1858   61.9000      7.6959   -86.3955   -85.8200   -75.4663   123.0387    51.8673
    1859   61.9333      7.6959   -86.3955   -85.8200   -75.4663   123.0387    51.8673
    1860   61.9667      7.6959   -86.3955   -85.8200   -75.4663   123.0387    51.8673
    1861   62.0000      7.6959   -86.3955   -85.8200   -75.4663   123.0387    51.8673
    1862   62.0333      7.6959   -86.3955   -85.8200   -75.4663   123.0387    51.8673
    1863   62.0667      7.6959   -86.3955   -85.8200   -75.4663   123.0387    51.8673
    1864   62.1000      7.6959   -86.3955   -85.8200   -75.4663   123.0387    51.8673
    1865   62.1333      7.6959   -86.3955   -85.8200   -75.4663   123.0387    51.8673
    1866   62.1667      7.6959   -86.3955   -85.8200   -75.4663   123.0387    51.8673
    1867   62.2000      7.6959   -86.3955   -85.8200   -75.4663   123.0387    51.8673
    1868   62.2333      7.6959   -86.3955   -85.8200   -75.4663   123.0387    51.8673
    1869   62.2667      7.6959   -86.3955   -85.8200   -75.4663   123.0387    51.8673
    1870   62.3000      7.6959   -86.3955   -85.8200   -75.4663   123.0387    51.8673
    1871   62.3333      7.6959   -86.3955   -85.8200   -75.4663   123.0387    51.8673
    1872   62.3667      7.6959   -86.3955   -85.8200   -75.4663   123.0387    51.8673
    1873   62.4000      7.6959   -86.3955   -85.8200   -75.4663   123.0387    51.8673
    1874   62.4333      7.6959   -86.3955   -85.8200   -75.4663   123.0387    51.8673
    1875   62.4667      7.6959   -86.3955   -85.8200   -75.4663   123.0387    51.8673
    1876   62.5000      7.6959   -86.3955   -85.8200   -75.4663   123.0387    51.8673
    1877   62.5333      7.6959   -86.3955   -85.8200   -75.4663   123.0387    51.8673
    1878   62.5667      7.6959   -86.3955   -85.8200   -75.4663   123.0387    51.8673
    1879   62.6000      7.6959   -86.3955   -85.8200   -75.4663   123.0387    51.8673
    1880   62.6333      7.6959   -86.3955   -85.8200   -75.4663   123.0387    51.8673
    1881   62.6667      7.6959   -86.3955   -85.8200   -75.4663   123.0387    51.8673
    1882   62.7000      7.6959   -86.3955   -85.8200   -75.4663   123.0387    51.8673
    1883   62.7333      7.6959   -86.3955   -85.8200   -75.4663   123.0387    51.8673
    1884   62.7667      7.6959   -86.3955   -85.8200   -75.4663   123.0387    51.8673
    1885   62.8000      7.6959   -86.3955   -85.8200   -75.4663   123.0387    51.8673
    1886   62.8333      7.6959   -86.3955   -85.8200   -75.4663   123.0387    51.8673
    1887   62.8667      7.6959   -86.3955   -85.8200   -75.4663   123.0387    51.8673
    1888   62.9000      7.6959   -86.3955   -85.8200   -75.4663   123.0387    51.8673
    1889   62.9333      7.6959   -86.3955   -85.8200   -75.4663   123.0387    51.8673
    1890   62.9667      7.6959   -86.3955   -85.8200   -75.4663   123.0387    51.8673
    1891   63.0000      7.6959   -86.3955   -85.8200   -75.4663   123.0387    51.8673
    1892   63.0333      7.6959   -86.3955   -85.8200   -75.4663   123.0387    51.8673
    1893   63.0667      7.6959   -86.3955   -85.8200   -75.4663   123.0387    51.8673
    1894   63.1000      7.6959   -86.3955   -85.8200   -75.4663   123.0387    51.8673
    1895   63.1333      7.6959   -86.3955   -85.8200   -75.4663   123.0387    51.8673
    1896   63.1667      7.6959   -86.3955   -85.8200   -75.4663   123.0387    51.8673
    1897   63.2000      7.6959   -86.3955   -85.8200   -75.4663   123.0387    51.8673
    1898   63.2333      7.6959   -86.3955   -85.8200   -75.4663   123.0387    51.8673
    1899   63.2667      7.6959   -86.3955   -85.8200   -75.4663   123.0387    51.8673
    1900   63.3000      7.6959   -86.3955   -85.8200   -75.4663   123.0387    51.8673
    1901   63.3333      7.6959   -86.3955   -85.8200   -75.4663   123.0387    51.8673
    1902   63.3667      7.6959   -86.3955   -85.8200   -75.4663   123.0387    51.8673
    1903   63.4000      7.6959   -86.3955   -85.8200   -75.4663   123.0387    51.8673
    1904   63.4333      7.6959   -86.3955   -85.8200   -75.4663   123.0387    51.8673
    1905   63.4667      7.6959   -86.3955   -85.8200   -75.4663   123.0387    51.8673
    1906   63.5000      7.6959   -86.3955   -85.8200   -75.4663   123.0387    51.8673
    1907   63.5333      7.6959   -86.3955   -85.8200   -75.4663   123.0387    51.8673
    1908   63.5667      7.6959   -86.3955   -85.8200   -75.4663   123.0387    51.8673
    1909   63.6000      7.6959   -86.3955   -85.8200   -75.4663   123.0387    51.8673
    1910   63.6333      7.6959   -86.3955   -85.8200   -75.4663   123.0387    51.8673
    1911   63.6667      7.6959   -86.3955   -85.8200   -75.4663   123.0387    51.8673
    1912   63.7000      7.6959   -86.3955   -85.8200   -75.4663   123.0387    51.8673
    1913   63.7333      7.6959   -86.3955   -85.8200   -75.4663   123.0387    51.8673
    1914   63.7667      7.6959   -86.3955   -85.8200   -75.4663   123.0387    51.8673
    1915   63.8000      7.6959   -86.3955   -85.8200   -75.4663   123.0387    51.8673
    1916   63.8333      7.6959   -86.3955   -85.8200   -75.4663   123.0387    51.8673
    1917   63.8667      7.6959   -86.3955   -85.8200   -75.4663   123.0387    51.8673
    1918   63.9000      7.6959   -86.3955   -85.8200   -75.4663   123.0387    51.8673
    1919   63.9333      7.6959   -86.3955   -85.8200   -75.4663   123.0387    51.8673
    1920   63.9667      7.6959   -86.3955   -85.8200   -75.4663   123.0387    51.8673
    1921   64.0000      7.6959   -86.3955   -85.8200   -75.4663   123.0387    51.8673
    1922   64.0333      7.6959   -86.3955   -85.8200   -75.4663   123.0387    51.8673
    1923   64.0667      7.6959   -86.3955   -85.8200   -75.4663   123.0387    51.8673
    1924   64.1000      7.6959   -86.3955   -85.8200   -75.4663   123.0387    51.8673
    1925   64.1333      7.6959   -86.3955   -85.8200   -75.4663   123.0387    51.8673
    1926   64.1667      7.6959   -86.3955   -85.8200   -75.4663   123.0387    51.8673
    1927   64.2000      7.6959   -86.3955   -85.8200   -75.4663   123.0387    51.8673
    1928   64.2333      7.6959   -86.3955   -85.8200   -75.4663   123.0387    51.8673
    1929   64.2667      7.6959   -86.3955   -85.8200   -75.4663   123.0387    51.8673
    1930   64.3000      7.6959   -86.3955   -85.8200   -75.4663   123.0387    51.8673
    1931   64.3333      7.6959   -86.3955   -85.8200   -75.4663   123.0387    51.8673
    1932   64.3667      7.6959   -86.3955   -85.8200   -75.4663   123.0387    51.8673
    1933   64.4000      7.6959   -86.3955   -85.8200   -75.4663   123.0387    51.8673
    1934   64.4333      7.6959   -86.3955   -85.8200   -75.4663   123.0387    51.8673
    1935   64.4667      7.6959   -86.3955   -85.8200   -75.4663   123.0387    51.8673
    1936   64.5000      7.6959   -86.3955   -85.8200   -75.4663   123.0387    51.8673
    1937   64.5333      7.6959   -86.3955   -85.8200   -75.4663   123.0387    51.8673
    1938   64.5667      7.6959   -86.3955   -85.8200   -75.4663   123.0387    51.8673
    1939   64.6000      7.6959   -86.3955   -85.8200   -75.4663   123.0387    51.8673
    1940   64.6333      7.6959   -86.3955   -85.8200   -75.4663   123.0387    51.8673
    1941   64.6667      7.6959   -86.3955   -85.8200   -75.4663   123.0387    51.8673
    1942   64.7000      7.6959   -86.3955   -85.8200   -75.4663   123.0387    51.8673
    1943   64.7333      7.6959   -86.3955   -85.8200   -75.4663   123.0387    51.8673
    1944   64.7667      7.6959   -86.3955   -85.8200   -75.4663   123.0387    51.8673
    1945   64.8000      7.6959   -86.3955   -85.8200   -75.4663   123.0387    51.8673
    1946   64.8333      7.6959   -86.3955   -85.8200   -75.4663   123.0387    51.8673
    1947   64.8667      7.6959   -86.3955   -85.8200   -75.4663   123.0387    51.8673
    1948   64.9000      7.6959   -86.3955   -85.8200   -75.4663   123.0387    51.8673
    1949   64.9333      7.6959   -86.3955   -85.8200   -75.4663   123.0387    51.8673
    1950   64.9667      7.6959   -86.3955   -85.8200   -75.4663   123.0387    51.8673
    1951   65.0000      7.6959   -86.3955   -85.8200   -75.4663   123.0387    51.8673
    1952   65.0333      7.6959   -86.3955   -85.8200   -75.4663   123.0387    51.8673
    1953   65.0667      7.6959   -86.3955   -85.8200   -75.4663   123.0387    51.8673
    1954   65.1000      7.6959   -86.3955   -85.8200   -75.4663   123.0387    51.8673
    1955   65.1333      7.6959   -86.3955   -85.8200   -75.4663   123.0387    51.8673
    1956   65.1667      7.6959   -86.3955   -85.8200   -75.4663   123.0387    51.8673
    1957   65.2000      7.6959   -86.3955   -85.8200   -75.4663   123.0387    51.8673
    1958   65.2333      7.6959   -86.3955   -85.8200   -75.4663   123.0387    51.8673
    1959   65.2667      7.6959   -86.3955   -85.8200   -75.4663   123.0387    51.8673
    1960   65.3000      7.6959   -86.3955   -85.8200   -75.4663   123.0387    51.8673
    1961   65.3333      7.6959   -86.3955   -85.8200   -75.4663   123.0387    51.8673
    1962   65.3667      7.6959   -86.3955   -85.8200   -75.4663   123.0387    51.8673
    1963   65.4000      7.6959   -86.3955   -85.8200   -75.4663   123.0387    51.8673
    1964   65.4333      7.6959   -86.3955   -85.8200   -75.4663   123.0387    51.8673
    1965   65.4667      7.6959   -86.3955   -85.8200   -75.4663   123.0387    51.8673
    1966   65.5000      7.6959   -86.3955   -85.8200   -75.4663   123.0387    51.8673
    1967   65.5333      7.6959   -86.3955   -85.8200   -75.4663   123.0387    51.8673
    1968   65.5667      7.6959   -86.3955   -85.8200   -75.4663   123.0387    51.8673
    1969   65.6000      7.6959   -86.3955   -85.8200   -75.4663   123.0387    51.8673
    1970   65.6333      7.6959   -86.3955   -85.8200   -75.4663   123.0387    51.8673
    1971   65.6667      7.6959   -86.3955   -85.8200   -75.4663   123.0387    51.8673
    1972   65.7000      7.6959   -86.3955   -85.8200   -75.4663   123.0387    51.8673
    1973   65.7333      7.6959   -86.3955   -85.8200   -75.4663   123.0387    51.8673
    1974   65.7667      7.6959   -86.3955   -85.8200   -75.4663   123.0387    51.8673
    1975   65.8000      7.6959   -86.3955   -85.8200   -75.4663   123.0387    51.8673
    1976   65.8333      7.6959   -86.3955   -85.8200   -75.4663   123.0387    51.8673
    1977   65.8667      7.6959   -86.3955   -85.8200   -75.4663   123.0387    51.8673
    1978   65.9000      7.6959   -86.3955   -85.8200   -75.4663   123.0387    51.8673
    1979   65.9333      7.6959   -86.3955   -85.8200   -75.4663   123.0387    51.8673
    1980   65.9667      7.6959   -86.3955   -85.8200   -75.4663   123.0387    51.8673
    1981   66.0000      7.6959   -86.3955   -85.8200   -75.4663   123.0387    51.8673
    1982   66.0333      7.6959   -86.3955   -85.8200   -75.4663   123.0387    51.8673
    1983   66.0667      7.6959   -86.3955   -85.8200   -75.4663   123.0387    51.8673
    1984   66.1000      7.6959   -86.3955   -85.8200   -75.4663   123.0387    51.8673
    1985   66.1333      7.6959   -86.3955   -85.8200   -75.4663   123.0387    51.8673
    1986   66.1667      7.6959   -86.3955   -85.8200   -75.4663   123.0387    51.8673
    1987   66.2000      7.6959   -86.3955   -85.8200   -75.4663   123.0387    51.8673
    1988   66.2333      7.6959   -86.3955   -85.8200   -75.4663   123.0387    51.8673
    1989   66.2667      7.6959   -86.3955   -85.8200   -75.4663   123.0387    51.8673
    1990   66.3000      7.6959   -86.3955   -85.8200   -75.4663   123.0387    51.8673
    1991   66.3333      7.6959   -86.3955   -85.8200   -75.4663   123.0387    51.8673
    1992   66.3667      7.6959   -86.3955   -85.8200   -75.4663   123.0387    51.8673
    1993   66.4000      7.6959   -86.3955   -85.8200   -75.4663   123.0387    51.8673
    1994   66.4333      7.6959   -86.3955   -85.8200   -75.4663   123.0387    51.8673
    1995   66.4667      7.6959   -86.3955   -85.8200   -75.4663   123.0387    51.8673
    1996   66.5000      7.6959   -86.3955   -85.8200   -75.4663   123.0387    51.8673
    1997   66.5333      7.6959   -86.3955   -85.8200   -75.4663   123.0387    51.8673
    1998   66.5667      7.6959   -86.3955   -85.8200   -75.4663   123.0387    51.8673
    1999   66.6000      7.6959   -86.3955   -85.8200   -75.4663   123.0387    51.8673
    2000   66.6333      7.6959   -86.3955   -85.8200   -75.4663   123.0387    51.8673
    2001   66.6667      7.6959   -86.3955   -85.8200   -75.4663   123.0387    51.8673
    2002   66.7000      7.6959   -86.3955   -85.8200   -75.4663   123.0387    51.8673
    2003   66.7333      7.6959   -86.3955   -85.8200   -75.4663   123.0387    51.8673
    2004   66.7667      7.6959   -86.3955   -85.8200   -75.4663   123.0387    51.8673
    2005   66.8000      7.6959   -86.3955   -85.8200   -75.4663   123.0387    51.8673
    2006   66.8333      7.6959   -86.3955   -85.8200   -75.4663   123.0387    51.8673
    2007   66.8667      7.6959   -86.3955   -85.8200   -75.4663   123.0387    51.8673
    2008   66.9000      7.6959   -86.3955   -85.8200   -75.4663   123.0387    51.8673
    2009   66.9333      7.6959   -86.3955   -85.8200   -75.4663   123.0387    51.8673
    2010   66.9667      7.6959   -86.3955   -85.8200   -75.4663   123.0387    51.8673
    2011   67.0000      7.6959   -86.3955   -85.8200   -75.4663   123.0387    51.8673
    2012   67.0333      7.6959   -86.3955   -85.8200   -75.4663   123.0387    51.8673
    2013   67.0667      7.6959   -86.3955   -85.8200   -75.4663   123.0387    51.8673
    2014   67.1000      7.6959   -86.3955   -85.8200   -75.4663   123.0387    51.8673
    2015   67.1333      7.6959   -86.3955   -85.8200   -75.4663   123.0387    51.8673
    2016   67.1667      7.6959   -86.3955   -85.8200   -75.4663   123.0387    51.8673
    2017   67.2000      7.6959   -86.3955   -85.8200   -75.4663   123.0387    51.8673
    2018   67.2333      7.6959   -86.3955   -85.8200   -75.4663   123.0387    51.8673
    2019   67.2667      7.6959   -86.3955   -85.8200   -75.4663   123.0387    51.8673
    2020   67.3000      7.6959   -86.3955   -85.8200   -75.4663   123.0387    51.8673
    2021   67.3333      7.6959   -86.3955   -85.8200   -75.4663   123.0387    51.8673
    2022   67.3667      7.6959   -86.3955   -85.8200   -75.4663   123.0387    51.8673
    2023   67.4000      7.6959   -86.3955   -85.8200   -75.4663   123.0387    51.8673
    2024   67.4333      7.6959   -86.3955   -85.8200   -75.4663   123.0387    51.8673
    2025   67.4667      7.6959   -86.3955   -85.8200   -75.4663   123.0387    51.8673
    2026   67.5000      7.6959   -86.3955   -85.8200   -75.4663   123.0387    51.8673
    2027   67.5333      7.6959   -86.3955   -85.8200   -75.4663   123.0387    51.8673
    2028   67.5667      7.6959   -86.3955   -85.8200   -75.4663   123.0387    51.8673
    2029   67.6000      7.6959   -86.3955   -85.8200   -75.4663   123.0387    51.8673
    2030   67.6333      7.6959   -86.3955   -85.8200   -75.4663   123.0387    51.8673
    2031   67.6667      7.6959   -86.3955   -85.8200   -75.4663   123.0387    51.8673
    2032   67.7000      7.6959   -86.3955   -85.8200   -75.4663   123.0387    51.8673
    2033   67.7333      7.6959   -86.3955   -85.8200   -75.4663   123.0387    51.8673
    2034   67.7667      7.6959   -86.3955   -85.8200   -75.4663   123.0387    51.8673
    2035   67.8000      7.6959   -86.3955   -85.8200   -75.4663   123.0387    51.8673
    2036   67.8333      7.6959   -86.3955   -85.8200   -75.4663   123.0387    51.8673
    2037   67.8667      7.6959   -86.3955   -85.8200   -75.4663   123.0387    51.8673
    2038   67.9000      7.6959   -86.3955   -85.8200   -75.4663   123.0387    51.8673
    2039   67.9333      7.6959   -86.3955   -85.8200   -75.4663   123.0387    51.8673
    2040   67.9667      7.6959   -86.3955   -85.8200   -75.4663   123.0387    51.8673
    2041   68.0000      7.6959   -86.3955   -85.8200   -75.4663   123.0387    51.8673
    2042   68.0333      7.6959   -86.3955   -85.8200   -75.4663   123.0387    51.8673
    2043   68.0667      7.6959   -86.3955   -85.8200   -75.4663   123.0387    51.8673
    2044   68.1000      7.6959   -86.3955   -85.8200   -75.4663   123.0387    51.8673
    2045   68.1333      7.6959   -86.3955   -85.8200   -75.4663   123.0387    51.8673
    2046   68.1667      7.6959   -86.3955   -85.8200   -75.4663   123.0387    51.8673
    2047   68.2000      7.6959   -86.3955   -85.8200   -75.4663   123.0387    51.8673
    2048   68.2333      7.6959   -86.3955   -85.8200   -75.4663   123.0387    51.8673
    2049   68.2667      7.6959   -86.3955   -85.8200   -75.4663   123.0387    51.8673
    2050   68.3000      7.6959   -86.3955   -85.8200   -75.4663   123.0387    51.8673
    2051   68.3333      7.6959   -86.3955   -85.8200   -75.4663   123.0387    51.8673
    2052   68.3667      7.6959   -86.3955   -85.8200   -75.4663   123.0387    51.8673
    2053   68.4000      7.6959   -86.3955   -85.8200   -75.4663   123.0387    51.8673
    2054   68.4333      7.6959   -86.3955   -85.8200   -75.4663   123.0387    51.8673
    2055   68.4667      7.6959   -86.3955   -85.8200   -75.4663   123.0387    51.8673
    2056   68.5000      7.6959   -86.3955   -85.8200   -75.4663   123.0387    51.8673
    2057   68.5333      7.6959   -86.3955   -85.8200   -75.4663   123.0387    51.8673
    2058   68.5667      7.6959   -86.3955   -85.8200   -75.4663   123.0387    51.8673
    2059   68.6000      7.6959   -86.3955   -85.8200   -75.4663   123.0387    51.8673
    2060   68.6333      7.6959   -86.3955   -85.8200   -75.4663   123.0387    51.8673
    2061   68.6667      7.6959   -86.3955   -85.8200   -75.4663   123.0387    51.8673
    2062   68.7000      7.6959   -86.3955   -85.8200   -75.4663   123.0387    51.8673
    2063   68.7333      7.6959   -86.3955   -85.8200   -75.4663   123.0387    51.8673
    2064   68.7667      7.6959   -86.3955   -85.8200   -75.4663   123.0387    51.8673
    2065   68.8000      7.6959   -86.3955   -85.8200   -75.4663   123.0387    51.8673
    2066   68.8333      7.6959   -86.3955   -85.8200   -75.4663   123.0387    51.8673
    2067   68.8667      7.6959   -86.3955   -85.8200   -75.4663   123.0387    51.8673
    2068   68.9000      7.6959   -86.3955   -85.8200   -75.4663   123.0387    51.8673
    2069   68.9333      7.6959   -86.3955   -85.8200   -75.4663   123.0387    51.8673
    2070   68.9667      7.6959   -86.3955   -85.8200   -75.4663   123.0387    51.8673
    2071   69.0000      7.6959   -86.3955   -85.8200   -75.4663   123.0387    51.8673
    2072   69.0333      7.6959   -86.3955   -85.8200   -75.4663   123.0387    51.8673
    2073   69.0667      7.6959   -86.3955   -85.8200   -75.4663   123.0387    51.8673
    2074   69.1000      7.6959   -86.3955   -85.8200   -75.4663   123.0387    51.8673
    2075   69.1333      7.6959   -86.3955   -85.8200   -75.4663   123.0387    51.8673
    2076   69.1667      7.6959   -86.3955   -85.8200   -75.4663   123.0387    51.8673
    2077   69.2000      7.6959   -86.3955   -85.8200   -75.4663   123.0387    51.8673
    2078   69.2333      7.6959   -86.3955   -85.8200   -75.4663   123.0387    51.8673
    2079   69.2667      7.6959   -86.3955   -85.8200   -75.4663   123.0387    51.8673
    2080   69.3000      7.6959   -86.3955   -85.8200   -75.4663   123.0387    51.8673
    2081   69.3333      7.6959   -86.3955   -85.8200   -75.4663   123.0387    51.8673
    2082   69.3667      7.6959   -86.3955   -85.8200   -75.4663   123.0387    51.8673
    2083   69.4000      7.6959   -86.3955   -85.8200   -75.4663   123.0387    51.8673
    2084   69.4333      7.6959   -86.3955   -85.8200   -75.4663   123.0387    51.8673
    2085   69.4667      7.6959   -86.3955   -85.8200   -75.4663   123.0387    51.8673
    2086   69.5000      7.6959   -86.3955   -85.8200   -75.4663   123.0387    51.8673
    2087   69.5333      7.6959   -86.3955   -85.8200   -75.4663   123.0387    51.8673
    2088   69.5667      7.6959   -86.3955   -85.8200   -75.4663   123.0387    51.8673
    2089   69.6000      7.6959   -86.3955   -85.8200   -75.4663   123.0387    51.8673
    2090   69.6333      7.6959   -86.3955   -85.8200   -75.4663   123.0387    51.8673
    2091   69.6667      7.6959   -86.3955   -85.8200   -75.4663   123.0387    51.8673
    2092   69.7000      7.6959   -86.3955   -85.8200   -75.4663   123.0387    51.8673
    2093   69.7333      7.6959   -86.3955   -85.8200   -75.4663   123.0387    51.8673
    2094   69.7667      7.6959   -86.3955   -85.8200   -75.4663   123.0387    51.8673
    2095   69.8000      7.6959   -86.3955   -85.8200   -75.4663   123.0387    51.8673
    2096   69.8333      7.6959   -86.3955   -85.8200   -75.4663   123.0387    51.8673
    2097   69.8667      7.6959   -86.3955   -85.8200   -75.4663   123.0387    51.8673
    2098   69.9000      7.6959   -86.3955   -85.8200   -75.4663   123.0387    51.8673
    2099   69.9333      7.6959   -86.3955   -85.8200   -75.4663   123.0387    51.8673
    2100   69.9667      7.6959   -86.3955   -85.8200   -75.4663   123.0387    51.8673
    2101   70.0000      7.6959   -86.3955   -85.8200   -75.4663   123.0387    51.8673
    2102   70.0333      7.6959   -86.3955   -85.8200   -75.4663   123.0387    51.8673
    2103   70.0667      7.6959   -86.3955   -85.8200   -75.4663   123.0387    51.8673
    2104   70.1000      7.6959   -86.3955   -85.8200   -75.4663   123.0387    51.8673
    2105   70.1333      7.6959   -86.3955   -85.8200   -75.4663   123.0387    51.8673
    2106   70.1667      7.6959   -86.3955   -85.8200   -75.4663   123.0387    51.8673
    2107   70.2000      7.6959   -86.3955   -85.8200   -75.4663   123.0387    51.8673
    2108   70.2333      7.6959   -86.3955   -85.8200   -75.4663   123.0387    51.8673
    2109   70.2667      7.6959   -86.3955   -85.8200   -75.4663   123.0387    51.8673
    2110   70.3000      7.6959   -86.3955   -85.8200   -75.4663   123.0387    51.8673
    2111   70.3333      7.6959   -86.3955   -85.8200   -75.4663   123.0387    51.8673
    2112   70.3667      7.6959   -86.3955   -85.8200   -75.4663   123.0387    51.8673
    2113   70.4000      7.6959   -86.3955   -85.8200   -75.4663   123.0387    51.8673
    2114   70.4333      7.6959   -86.3955   -85.8200   -75.4663   123.0387    51.8673
    2115   70.4667      7.6959   -86.3955   -85.8200   -75.4663   123.0387    51.8673
    2116   70.5000      7.6959   -86.3955   -85.8200   -75.4663   123.0387    51.8673
    2117   70.5333      7.6959   -86.3955   -85.8200   -75.4663   123.0387    51.8673
    2118   70.5667      7.6959   -86.3955   -85.8200   -75.4663   123.0387    51.8673
    2119   70.6000      7.6959   -86.3955   -85.8200   -75.4663   123.0387    51.8673
    2120   70.6333      7.6959   -86.3955   -85.8200   -75.4663   123.0387    51.8673
    2121   70.6667      7.6959   -86.3955   -85.8200   -75.4663   123.0387    51.8673
    2122   70.7000      7.6959   -86.3955   -85.8200   -75.4663   123.0387    51.8673
    2123   70.7333      7.6959   -86.3955   -85.8200   -75.4663   123.0387    51.8673
    2124   70.7667      7.6959   -86.3955   -85.8200   -75.4663   123.0387    51.8673
    2125   70.8000      7.6959   -86.3955   -85.8200   -75.4663   123.0387    51.8673
    2126   70.8333      7.6959   -86.3955   -85.8200   -75.4663   123.0387    51.8673
    2127   70.8667      7.6959   -86.3955   -85.8200   -75.4663   123.0387    51.8673
    2128   70.9000      7.6959   -86.3955   -85.8200   -75.4663   123.0387    51.8673
    2129   70.9333      7.6959   -86.3955   -85.8200   -75.4663   123.0387    51.8673
    2130   70.9667      7.6959   -86.3955   -85.8200   -75.4663   123.0387    51.8673
    2131   71.0000      7.6959   -86.3955   -85.8200   -75.4663   123.0387    51.8673
    2132   71.0333      7.6959   -86.3955   -85.8200   -75.4663   123.0387    51.8673
    2133   71.0667      7.6959   -86.3955   -85.8200   -75.4663   123.0387    51.8673
    2134   71.1000      7.6959   -86.3955   -85.8200   -75.4663   123.0387    51.8673
    2135   71.1333      7.6959   -86.3955   -85.8200   -75.4663   123.0387    51.8673
    2136   71.1667      7.6959   -86.3955   -85.8200   -75.4663   123.0387    51.8673
    2137   71.2000      7.6959   -86.3955   -85.8200   -75.4663   123.0387    51.8673
    2138   71.2333      7.6959   -86.3955   -85.8200   -75.4663   123.0387    51.8673
    2139   71.2667      7.6959   -86.3955   -85.8200   -75.4663   123.0387    51.8673
    2140   71.3000      7.6959   -86.3955   -85.8200   -75.4663   123.0387    51.8673
    2141   71.3333      7.6959   -86.3955   -85.8200   -75.4663   123.0387    51.8673
    2142   71.3667      7.6959   -86.3955   -85.8200   -75.4663   123.0387    51.8673
    2143   71.4000      7.6959   -86.3955   -85.8200   -75.4663   123.0387    51.8673
    2144   71.4333      7.6959   -86.3955   -85.8200   -75.4663   123.0387    51.8673
    2145   71.4667      7.6959   -86.3955   -85.8200   -75.4663   123.0387    51.8673
    2146   71.5000      7.6959   -86.3955   -85.8200   -75.4663   123.0387    51.8673
    2147   71.5333      7.6959   -86.3955   -85.8200   -75.4663   123.0387    51.8673
    2148   71.5667      7.6959   -86.3955   -85.8200   -75.4663   123.0387    51.8673
    2149   71.6000      7.6959   -86.3955   -85.8200   -75.4663   123.0387    51.8673
    2150   71.6333      7.6959   -86.3955   -85.8200   -75.4663   123.0387    51.8673
    2151   71.6667      7.6959   -86.3955   -85.8200   -75.4663   123.0387    51.8673
    2152   71.7000      7.6959   -86.3955   -85.8200   -75.4663   123.0387    51.8673
    2153   71.7333      7.6959   -86.3955   -85.8200   -75.4663   123.0387    51.8673
    2154   71.7667      7.6959   -86.3955   -85.8200   -75.4663   123.0387    51.8673
    2155   71.8000      7.6959   -86.3955   -85.8200   -75.4663   123.0387    51.8673
    2156   71.8333      7.6959   -86.3955   -85.8200   -75.4663   123.0387    51.8673
    2157   71.8667      7.6959   -86.3955   -85.8200   -75.4663   123.0387    51.8673
    2158   71.9000      7.6959   -86.3955   -85.8200   -75.4663   123.0387    51.8673
    2159   71.9333      7.6959   -86.3955   -85.8200   -75.4663   123.0387    51.8673
    2160   71.9667      7.6959   -86.3955   -85.8200   -75.4663   123.0387    51.8673
    2161   72.0000      7.6959   -86.3955   -85.8200   -75.4663   123.0387    51.8673
    2162   72.0333      7.6959   -86.3955   -85.8200   -75.4663   123.0387    51.8673
    2163   72.0667      7.6959   -86.3955   -85.8200   -75.4663   123.0387    51.8673
    2164   72.1000      7.6959   -86.3955   -85.8200   -75.4663   123.0387    51.8673
    2165   72.1333      7.6959   -86.3955   -85.8200   -75.4663   123.0387    51.8673
    2166   72.1667      7.6959   -86.3955   -85.8200   -75.4663   123.0387    51.8673
    2167   72.2000      7.6959   -86.3955   -85.8200   -75.4663   123.0387    51.8673
    2168   72.2333      7.6959   -86.3955   -85.8200   -75.4663   123.0387    51.8673
    2169   72.2667      7.6959   -86.3955   -85.8200   -75.4663   123.0387    51.8673
    2170   72.3000      7.6959   -86.3955   -85.8200   -75.4663   123.0387    51.8673
    2171   72.3333      7.6959   -86.3955   -85.8200   -75.4663   123.0387    51.8673
    2172   72.3667      7.6959   -86.3955   -85.8200   -75.4663   123.0387    51.8673
    2173   72.4000      7.6959   -86.3955   -85.8200   -75.4663   123.0387    51.8673
    2174   72.4333      7.6959   -86.3955   -85.8200   -75.4663   123.0387    51.8673
    2175   72.4667      7.6959   -86.3955   -85.8200   -75.4663   123.0387    51.8673
    2176   72.5000      7.6959   -86.3955   -85.8200   -75.4663   123.0387    51.8673
    2177   72.5333      7.6959   -86.3955   -85.8200   -75.4663   123.0387    51.8673
    2178   72.5667      7.6959   -86.3955   -85.8200   -75.4663   123.0387    51.8673
    2179   72.6000      7.6959   -86.3955   -85.8200   -75.4663   123.0387    51.8673
    2180   72.6333      7.6959   -86.3955   -85.8200   -75.4663   123.0387    51.8673
    2181   72.6667      7.6959   -86.3955   -85.8200   -75.4663   123.0387    51.8673
    2182   72.7000      7.6959   -86.3955   -85.8200   -75.4663   123.0387    51.8673
    2183   72.7333      7.6959   -86.3955   -85.8200   -75.4663   123.0387    51.8673
    2184   72.7667      7.6959   -86.3955   -85.8200   -75.4663   123.0387    51.8673
    2185   72.8000      7.6959   -86.3955   -85.8200   -75.4663   123.0387    51.8673
    2186   72.8333      7.6959   -86.3955   -85.8200   -75.4663   123.0387    51.8673
    2187   72.8667      7.6959   -86.3955   -85.8200   -75.4663   123.0387    51.8673
    2188   72.9000      7.6959   -86.3955   -85.8200   -75.4663   123.0387    51.8673
    2189   72.9333      7.6959   -86.3955   -85.8200   -75.4663   123.0387    51.8673
    2190   72.9667      7.6959   -86.3955   -85.8200   -75.4663   123.0387    51.8673
    2191   73.0000      7.6959   -86.3955   -85.8200   -75.4663   123.0387    51.8673
    2192   73.0333      7.6959   -86.3955   -85.8200   -75.4663   123.0387    51.8673
    2193   73.0667      7.6959   -86.3955   -85.8200   -75.4663   123.0387    51.8673
    2194   73.1000      7.6959   -86.3955   -85.8200   -75.4663   123.0387    51.8673
    2195   73.1333      7.6959   -86.3955   -85.8200   -75.4663   123.0387    51.8673
    2196   73.1667      7.6959   -86.3955   -85.8200   -75.4663   123.0387    51.8673
    2197   73.2000      7.6959   -86.3955   -85.8200   -75.4663   123.0387    51.8673
    2198   73.2333      7.6959   -86.3955   -85.8200   -75.4663   123.0387    51.8673
    2199   73.2667      7.6959   -86.3955   -85.8200   -75.4663   123.0387    51.8673
    2200   73.3000      7.6959   -86.3955   -85.8200   -75.4663   123.0387    51.8673
    2201   73.3333      7.6959   -86.3955   -85.8200   -75.4663   123.0387    51.8673
    2202   73.3667      7.6959   -86.3955   -85.8200   -75.4663   123.0387    51.8673
    2203   73.4000      7.6959   -86.3955   -85.8200   -75.4663   123.0387    51.8673
    2204   73.4333      7.6959   -86.3955   -85.8200   -75.4663   123.0387    51.8673
    2205   73.4667      7.6959   -86.3955   -85.8200   -75.4663   123.0387    51.8673
    2206   73.5000      7.6959   -86.3955   -85.8200   -75.4663   123.0387    51.8673
    2207   73.5333      7.6959   -86.3955   -85.8200   -75.4663   123.0387    51.8673
    2208   73.5667      7.6959   -86.3955   -85.8200   -75.4663   123.0387    51.8673
    2209   73.6000      7.6959   -86.3955   -85.8200   -75.4663   123.0387    51.8673
    2210   73.6333      7.6959   -86.3955   -85.8200   -75.4663   123.0387    51.8673
    2211   73.6667      7.6959   -86.3955   -85.8200   -75.4663   123.0387    51.8673
    2212   73.7000      7.6959   -86.3955   -85.8200   -75.4663   123.0387    51.8673
    2213   73.7333      7.6959   -86.3955   -85.8200   -75.4663   123.0387    51.8673
    2214   73.7667      7.6959   -86.3955   -85.8200   -75.4663   123.0387    51.8673
    2215   73.8000      7.6959   -86.3955   -85.8200   -75.4663   123.0387    51.8673
    2216   73.8333      7.6959   -86.3955   -85.8200   -75.4663   123.0387    51.8673
    2217   73.8667      7.6959   -86.3955   -85.8200   -75.4663   123.0387    51.8673
    2218   73.9000      7.6959   -86.3955   -85.8200   -75.4663   123.0387    51.8673
    2219   73.9333      7.6959   -86.3955   -85.8200   -75.4663   123.0387    51.8673
    2220   73.9667      7.6959   -86.3955   -85.8200   -75.4663   123.0387    51.8673
    2221   74.0000      7.6959   -86.3955   -85.8200   -75.4663   123.0387    51.8673
    2222   74.0333      7.6959   -86.3955   -85.8200   -75.4663   123.0387    51.8673
    2223   74.0667      7.6959   -86.3955   -85.8200   -75.4663   123.0387    51.8673
    2224   74.1000      7.6959   -86.3955   -85.8200   -75.4663   123.0387    51.8673
    2225   74.1333      7.6959   -86.3955   -85.8200   -75.4663   123.0387    51.8673
    2226   74.1667      7.6959   -86.3955   -85.8200   -75.4663   123.0387    51.8673
    2227   74.2000      7.6959   -86.3955   -85.8200   -75.4663   123.0387    51.8673
    2228   74.2333      7.6959   -86.3955   -85.8200   -75.4663   123.0387    51.8673
    2229   74.2667      7.6959   -86.3955   -85.8200   -75.4663   123.0387    51.8673
    2230   74.3000      7.6959   -86.3955   -85.8200   -75.4663   123.0387    51.8673
    2231   74.3333      7.6959   -86.3955   -85.8200   -75.4663   123.0387    51.8673
    2232   74.3667      7.6959   -86.3955   -85.8200   -75.4663   123.0387    51.8673
    2233   74.4000      7.6959   -86.3955   -85.8200   -75.4663   123.0387    51.8673
    2234   74.4333      7.6959   -86.3955   -85.8200   -75.4663   123.0387    51.8673
    2235   74.4667      7.6959   -86.3955   -85.8200   -75.4663   123.0387    51.8673
    2236   74.5000      7.6959   -86.3955   -85.8200   -75.4663   123.0387    51.8673
    2237   74.5333      7.6959   -86.3955   -85.8200   -75.4663   123.0387    51.8673
    2238   74.5667      7.6959   -86.3955   -85.8200   -75.4663   123.0387    51.8673
    2239   74.6000      7.6959   -86.3955   -85.8200   -75.4663   123.0387    51.8673
    2240   74.6333      7.6959   -86.3955   -85.8200   -75.4663   123.0387    51.8673
    2241   74.6667      7.6959   -86.3955   -85.8200   -75.4663   123.0387    51.8673
    2242   74.7000      7.6959   -86.3955   -85.8200   -75.4663   123.0387    51.8673
    2243   74.7333      7.6959   -86.3955   -85.8200   -75.4663   123.0387    51.8673
    2244   74.7667      7.6959   -86.3955   -85.8200   -75.4663   123.0387    51.8673
    2245   74.8000      7.6959   -86.3955   -85.8200   -75.4663   123.0387    51.8673
    2246   74.8333      7.6959   -86.3955   -85.8200   -75.4663   123.0387    51.8673
    2247   74.8667      7.6959   -86.3955   -85.8200   -75.4663   123.0387    51.8673
    2248   74.9000      7.6959   -86.3955   -85.8200   -75.4663   123.0387    51.8673
    2249   74.9333      7.6959   -86.3955   -85.8200   -75.4663   123.0387    51.8673
    2250   74.9667      7.6959   -86.3955   -85.8200   -75.4663   123.0387    51.8673
    2251   75.0000      7.6959   -86.3955   -85.8200   -75.4663   123.0387    51.8673
    2252   75.0333      7.6959   -86.3955   -85.8200   -75.4663   123.0387    51.8673
    2253   75.0667      7.6959   -86.3955   -85.8200   -75.4663   123.0387    51.8673
    2254   75.1000      7.6959   -86.3955   -85.8200   -75.4663   123.0387    51.8673
    2255   75.1333      7.6959   -86.3955   -85.8200   -75.4663   123.0387    51.8673
    2256   75.1667      7.6959   -86.3955   -85.8200   -75.4663   123.0387    51.8673
    2257   75.2000      7.6959   -86.3955   -85.8200   -75.4663   123.0387    51.8673
    2258   75.2333      7.6959   -86.3955   -85.8200   -75.4663   123.0387    51.8673
    2259   75.2667      7.6959   -86.3955   -85.8200   -75.4663   123.0387    51.8673
    2260   75.3000      7.6959   -86.3955   -85.8200   -75.4663   123.0387    51.8673
    2261   75.3333      7.6959   -86.3955   -85.8200   -75.4663   123.0387    51.8673
    2262   75.3667      7.6959   -86.3955   -85.8200   -75.4663   123.0387    51.8673
    2263   75.4000      7.6959   -86.3955   -85.8200   -75.4663   123.0387    51.8673
    2264   75.4333      7.6959   -86.3955   -85.8200   -75.4663   123.0387    51.8673
    2265   75.4667      7.6959   -86.3955   -85.8200   -75.4663   123.0387    51.8673
    2266   75.5000      7.6959   -86.3955   -85.8200   -75.4663   123.0387    51.8673
    2267   75.5333      7.6959   -86.3955   -85.8200   -75.4663   123.0387    51.8673
    2268   75.5667      7.6959   -86.3955   -85.8200   -75.4663   123.0387    51.8673
    2269   75.6000      7.6959   -86.3955   -85.8200   -75.4663   123.0387    51.8673
    2270   75.6333      7.6959   -86.3955   -85.8200   -75.4663   123.0387    51.8673
    2271   75.6667      7.6959   -86.3955   -85.8200   -75.4663   123.0387    51.8673
    2272   75.7000      7.6959   -86.3955   -85.8200   -75.4663   123.0387    51.8673
    2273   75.7333      7.6959   -86.3955   -85.8200   -75.4663   123.0387    51.8673
    2274   75.7667      7.6959   -86.3955   -85.8200   -75.4663   123.0387    51.8673
    2275   75.8000      7.6959   -86.3955   -85.8200   -75.4663   123.0387    51.8673
    2276   75.8333      7.6959   -86.3955   -85.8200   -75.4663   123.0387    51.8673
    2277   75.8667      7.6959   -86.3955   -85.8200   -75.4663   123.0387    51.8673
    2278   75.9000      7.6959   -86.3955   -85.8200   -75.4663   123.0387    51.8673
    2279   75.9333      7.6959   -86.3955   -85.8200   -75.4663   123.0387    51.8673
    2280   75.9667      7.6959   -86.3955   -85.8200   -75.4663   123.0387    51.8673
    2281   76.0000      7.6959   -86.3955   -85.8200   -75.4663   123.0387    51.8673
    2282   76.0333      7.6959   -86.3955   -85.8200   -75.4663   123.0387    51.8673
    2283   76.0667      7.6959   -86.3955   -85.8200   -75.4663   123.0387    51.8673
    2284   76.1000      7.6959   -86.3955   -85.8200   -75.4663   123.0387    51.8673
    2285   76.1333      7.6959   -86.3955   -85.8200   -75.4663   123.0387    51.8673
    2286   76.1667      7.6959   -86.3955   -85.8200   -75.4663   123.0387    51.8673
    2287   76.2000      7.6959   -86.3955   -85.8200   -75.4663   123.0387    51.8673
    2288   76.2333      7.6959   -86.3955   -85.8200   -75.4663   123.0387    51.8673
    2289   76.2667      7.6959   -86.3955   -85.8200   -75.4663   123.0387    51.8673
    2290   76.3000      7.6959   -86.3955   -85.8200   -75.4663   123.0387    51.8673
    2291   76.3333      7.6959   -86.3955   -85.8200   -75.4663   123.0387    51.8673
    2292   76.3667      7.6959   -86.3955   -85.8200   -75.4663   123.0387    51.8673
    2293   76.4000      7.6959   -86.3955   -85.8200   -75.4663   123.0387    51.8673
    2294   76.4333      7.6959   -86.3955   -85.8200   -75.4663   123.0387    51.8673
    2295   76.4667      7.6959   -86.3955   -85.8200   -75.4663   123.0387    51.8673
    2296   76.5000      7.6959   -86.3955   -85.8200   -75.4663   123.0387    51.8673
    2297   76.5333      7.6959   -86.3955   -85.8200   -75.4663   123.0387    51.8673
    2298   76.5667      7.6959   -86.3955   -85.8200   -75.4663   123.0387    51.8673
    2299   76.6000      7.6959   -86.3955   -85.8200   -75.4663   123.0387    51.8673
    2300   76.6333      7.6959   -86.3955   -85.8200   -75.4663   123.0387    51.8673
    2301   76.6667      7.6959   -86.3955   -85.8200   -75.4663   123.0387    51.8673
    2302   76.7000      7.6959   -86.3955   -85.8200   -75.4663   123.0387    51.8673
    2303   76.7333      7.6959   -86.3955   -85.8200   -75.4663   123.0387    51.8673
    2304   76.7667      7.6959   -86.3955   -85.8200   -75.4663   123.0387    51.8673
    2305   76.8000      7.6959   -86.3955   -85.8200   -75.4663   123.0387    51.8673
    2306   76.8333      7.6959   -86.3955   -85.8200   -75.4663   123.0387    51.8673
    2307   76.8667      7.6959   -86.3955   -85.8200   -75.4663   123.0387    51.8673
    2308   76.9000      7.6959   -86.3955   -85.8200   -75.4663   123.0387    51.8673
    2309   76.9333      7.6959   -86.3955   -85.8200   -75.4663   123.0387    51.8673
    2310   76.9667      7.6959   -86.3955   -85.8200   -75.4663   123.0387    51.8673
    2311   77.0000      7.6959   -86.3955   -85.8200   -75.4663   123.0387    51.8673
    2312   77.0333      7.6959   -86.3955   -85.8200   -75.4663   123.0387    51.8673
    2313   77.0667      7.6959   -86.3955   -85.8200   -75.4663   123.0387    51.8673
    2314   77.1000      7.6959   -86.3955   -85.8200   -75.4663   123.0387    51.8673
    2315   77.1333      7.6959   -86.3955   -85.8200   -75.4663   123.0387    51.8673
    2316   77.1667      7.6959   -86.3955   -85.8200   -75.4663   123.0387    51.8673
    2317   77.2000      7.6959   -86.3955   -85.8200   -75.4663   123.0387    51.8673
    2318   77.2333      7.6959   -86.3955   -85.8200   -75.4663   123.0387    51.8673
    2319   77.2667      7.6959   -86.3955   -85.8200   -75.4663   123.0387    51.8673
    2320   77.3000      7.6959   -86.3955   -85.8200   -75.4663   123.0387    51.8673
    2321   77.3333      7.6959   -86.3955   -85.8200   -75.4663   123.0387    51.8673
    2322   77.3667      7.6959   -86.3955   -85.8200   -75.4663   123.0387    51.8673
    2323   77.4000      7.6959   -86.3955   -85.8200   -75.4663   123.0387    51.8673
    2324   77.4333      7.6959   -86.3955   -85.8200   -75.4663   123.0387    51.8673
    2325   77.4667      7.6959   -86.3955   -85.8200   -75.4663   123.0387    51.8673
    2326   77.5000      7.6959   -86.3955   -85.8200   -75.4663   123.0387    51.8673
    2327   77.5333      7.6959   -86.3955   -85.8200   -75.4663   123.0387    51.8673
    2328   77.5667      7.6959   -86.3955   -85.8200   -75.4663   123.0387    51.8673
    2329   77.6000      7.6959   -86.3955   -85.8200   -75.4663   123.0387    51.8673
    2330   77.6333      7.6959   -86.3955   -85.8200   -75.4663   123.0387    51.8673
    2331   77.6667      7.6959   -86.3955   -85.8200   -75.4663   123.0387    51.8673
    2332   77.7000      7.6959   -86.3955   -85.8200   -75.4663   123.0387    51.8673
    2333   77.7333      7.6959   -86.3955   -85.8200   -75.4663   123.0387    51.8673
    2334   77.7667      7.6959   -86.3955   -85.8200   -75.4663   123.0387    51.8673
    2335   77.8000      7.6959   -86.3955   -85.8200   -75.4663   123.0387    51.8673
    2336   77.8333      7.6959   -86.3955   -85.8200   -75.4663   123.0387    51.8673
    2337   77.8667      7.6959   -86.3955   -85.8200   -75.4663   123.0387    51.8673
    2338   77.9000      7.6959   -86.3955   -85.8200   -75.4663   123.0387    51.8673
    2339   77.9333      7.6959   -86.3955   -85.8200   -75.4663   123.0387    51.8673
    2340   77.9667      7.6959   -86.3955   -85.8200   -75.4663   123.0387    51.8673
    2341   78.0000      7.6959   -86.3955   -85.8200   -75.4663   123.0387    51.8673
    2342   78.0333      7.6959   -86.3955   -85.8200   -75.4663   123.0387    51.8673
    2343   78.0667      7.6959   -86.3955   -85.8200   -75.4663   123.0387    51.8673
    2344   78.1000      7.6959   -86.3955   -85.8200   -75.4663   123.0387    51.8673
    2345   78.1333      7.6959   -86.3955   -85.8200   -75.4663   123.0387    51.8673
    2346   78.1667      7.6959   -86.3955   -85.8200   -75.4663   123.0387    51.8673
    2347   78.2000      7.6959   -86.3955   -85.8200   -75.4663   123.0387    51.8673
    2348   78.2333      7.6959   -86.3955   -85.8200   -75.4663   123.0387    51.8673
    2349   78.2667      7.6959   -86.3955   -85.8200   -75.4663   123.0387    51.8673
    2350   78.3000      7.6959   -86.3955   -85.8200   -75.4663   123.0387    51.8673
    2351   78.3333      7.6959   -86.3955   -85.8200   -75.4663   123.0387    51.8673
    2352   78.3667      7.6959   -86.3955   -85.8200   -75.4663   123.0387    51.8673
    2353   78.4000      7.6959   -86.3955   -85.8200   -75.4663   123.0387    51.8673
    2354   78.4333      7.6959   -86.3955   -85.8200   -75.4663   123.0387    51.8673
    2355   78.4667      7.6959   -86.3955   -85.8200   -75.4663   123.0387    51.8673
    2356   78.5000      7.6959   -86.3955   -85.8200   -75.4663   123.0387    51.8673
    2357   78.5333      7.6959   -86.3955   -85.8200   -75.4663   123.0387    51.8673
    2358   78.5667      7.6959   -86.3955   -85.8200   -75.4663   123.0387    51.8673
    2359   78.6000      7.6959   -86.3955   -85.8200   -75.4663   123.0387    51.8673
    2360   78.6333      7.6959   -86.3955   -85.8200   -75.4663   123.0387    51.8673
    2361   78.6667      7.6959   -86.3955   -85.8200   -75.4663   123.0387    51.8673
    2362   78.7000      7.6959   -86.3955   -85.8200   -75.4663   123.0387    51.8673
    2363   78.7333      7.6959   -86.3955   -85.8200   -75.4663   123.0387    51.8673
    2364   78.7667      7.6959   -86.3955   -85.8200   -75.4663   123.0387    51.8673
    2365   78.8000      7.6959   -86.3955   -85.8200   -75.4663   123.0387    51.8673
    2366   78.8333      7.6959   -86.3955   -85.8200   -75.4663   123.0387    51.8673
    2367   78.8667      7.6959   -86.3955   -85.8200   -75.4663   123.0387    51.8673
    2368   78.9000      7.6959   -86.3955   -85.8200   -75.4663   123.0387    51.8673
    2369   78.9333      7.6959   -86.3955   -85.8200   -75.4663   123.0387    51.8673
    2370   78.9667      7.6959   -86.3955   -85.8200   -75.4663   123.0387    51.8673
    2371   79.0000      7.6959   -86.3955   -85.8200   -75.4663   123.0387    51.8673
    2372   79.0333      7.6959   -86.3955   -85.8200   -75.4663   123.0387    51.8673
    2373   79.0667      7.6959   -86.3955   -85.8200   -75.4663   123.0387    51.8673
    2374   79.1000      7.6959   -86.3955   -85.8200   -75.4663   123.0387    51.8673
    2375   79.1333      7.6959   -86.3955   -85.8200   -75.4663   123.0387    51.8673
    2376   79.1667      7.6959   -86.3955   -85.8200   -75.4663   123.0387    51.8673
    2377   79.2000      7.6959   -86.3955   -85.8200   -75.4663   123.0387    51.8673
    2378   79.2333      7.6959   -86.3955   -85.8200   -75.4663   123.0387    51.8673
    2379   79.2667      7.6959   -86.3955   -85.8200   -75.4663   123.0387    51.8673
    2380   79.3000      7.6959   -86.3955   -85.8200   -75.4663   123.0387    51.8673
    2381   79.3333      7.6959   -86.3955   -85.8200   -75.4663   123.0387    51.8673
    2382   79.3667      7.6959   -86.3955   -85.8200   -75.4663   123.0387    51.8673
    2383   79.4000      7.6959   -86.3955   -85.8200   -75.4663   123.0387    51.8673
    2384   79.4333      7.6959   -86.3955   -85.8200   -75.4663   123.0387    51.8673
    2385   79.4667      7.6959   -86.3955   -85.8200   -75.4663   123.0387    51.8673
    2386   79.5000      7.6959   -86.3955   -85.8200   -75.4663   123.0387    51.8673
    2387   79.5333      7.6959   -86.3955   -85.8200   -75.4663   123.0387    51.8673
    2388   79.5667      7.6959   -86.3955   -85.8200   -75.4663   123.0387    51.8673
    2389   79.6000      7.6959   -86.3955   -85.8200   -75.4663   123.0387    51.8673
    2390   79.6333      7.6959   -86.3955   -85.8200   -75.4663   123.0387    51.8673
    2391   79.6667      7.6959   -86.3955   -85.8200   -75.4663   123.0387    51.8673
    2392   79.7000      7.6959   -86.3955   -85.8200   -75.4663   123.0387    51.8673
    2393   79.7333      7.6959   -86.3955   -85.8200   -75.4663   123.0387    51.8673
    2394   79.7667      7.6959   -86.3955   -85.8200   -75.4663   123.0387    51.8673
    2395   79.8000      7.6959   -86.3955   -85.8200   -75.4663   123.0387    51.8673
    2396   79.8333      7.6959   -86.3955   -85.8200   -75.4663   123.0387    51.8673
    2397   79.8667      7.6959   -86.3955   -85.8200   -75.4663   123.0387    51.8673
    2398   79.9000      7.6959   -86.3955   -85.8200   -75.4663   123.0387    51.8673
    2399   79.9333      7.6959   -86.3955   -85.8200   -75.4663   123.0387    51.8673
    2400   79.9667      7.6959   -86.3955   -85.8200   -75.4663   123.0387    51.8673
    2401   80.0000      7.6959   -86.3955   -85.8200   -75.4663   123.0387    51.8673
    2402   80.0333      7.6959   -86.3955   -85.8200   -75.4663   123.0387    51.8673
    2403   80.0667      7.6959   -86.3955   -85.8200   -75.4663   123.0387    51.8673
    2404   80.1000      7.6959   -86.3955   -85.8200   -75.4663   123.0387    51.8673
    2405   80.1333      7.6959   -86.3955   -85.8200   -75.4663   123.0387    51.8673
    2406   80.1667      7.6959   -86.3955   -85.8200   -75.4663   123.0387    51.8673
    2407   80.2000      7.6959   -86.3955   -85.8200   -75.4663   123.0387    51.8673
    2408   80.2333      7.6959   -86.3955   -85.8200   -75.4663   123.0387    51.8673
    2409   80.2667      7.6959   -86.3955   -85.8200   -75.4663   123.0387    51.8673
    2410   80.3000      7.6959   -86.3955   -85.8200   -75.4663   123.0387    51.8673
    2411   80.3333      7.6959   -86.3955   -85.8200   -75.4663   123.0387    51.8673
    2412   80.3667      7.6959   -86.3955   -85.8200   -75.4663   123.0387    51.8673
    2413   80.4000      7.6959   -86.3955   -85.8200   -75.4663   123.0387    51.8673
    2414   80.4333      7.6959   -86.3955   -85.8200   -75.4663   123.0387    51.8673
    2415   80.4667      7.6959   -86.3955   -85.8200   -75.4663   123.0387    51.8673
    2416   80.5000      7.6959   -86.3955   -85.8200   -75.4663   123.0387    51.8673
    2417   80.5333      7.6959   -86.3955   -85.8200   -75.4663   123.0387    51.8673
    2418   80.5667      7.6959   -86.3955   -85.8200   -75.4663   123.0387    51.8673
    2419   80.6000      7.6959   -86.3955   -85.8200   -75.4663   123.0387    51.8673
    2420   80.6333      7.6959   -86.3955   -85.8200   -75.4663   123.0387    51.8673
    2421   80.6667      7.6959   -86.3955   -85.8200   -75.4663   123.0387    51.8673
    2422   80.7000      7.6959   -86.3955   -85.8200   -75.4663   123.0387    51.8673
    2423   80.7333      7.6959   -86.3955   -85.8200   -75.4663   123.0387    51.8673
    2424   80.7667      7.6959   -86.3955   -85.8200   -75.4663   123.0387    51.8673
    2425   80.8000      7.6959   -86.3955   -85.8200   -75.4663   123.0387    51.8673
    2426   80.8333      7.6959   -86.3955   -85.8200   -75.4663   123.0387    51.8673
    2427   80.8667      7.6959   -86.3955   -85.8200   -75.4663   123.0387    51.8673
    2428   80.9000      7.6959   -86.3955   -85.8200   -75.4663   123.0387    51.8673
    2429   80.9333      7.6959   -86.3955   -85.8200   -75.4663   123.0387    51.8673
    2430   80.9667      7.6959   -86.3955   -85.8200   -75.4663   123.0387    51.8673
    2431   81.0000      7.6959   -86.3955   -85.8200   -75.4663   123.0387    51.8673
    2432   81.0333      7.6959   -86.3955   -85.8200   -75.4663   123.0387    51.8673
    2433   81.0667      7.6959   -86.3955   -85.8200   -75.4663   123.0387    51.8673
    2434   81.1000      7.6959   -86.3955   -85.8200   -75.4663   123.0387    51.8673
    2435   81.1333      7.6959   -86.3955   -85.8200   -75.4663   123.0387    51.8673
    2436   81.1667      7.6959   -86.3955   -85.8200   -75.4663   123.0387    51.8673
    2437   81.2000      7.6959   -86.3955   -85.8200   -75.4663   123.0387    51.8673
    2438   81.2333      7.6959   -86.3955   -85.8200   -75.4663   123.0387    51.8673
    2439   81.2667      7.6959   -86.3955   -85.8200   -75.4663   123.0387    51.8673
    2440   81.3000      7.6959   -86.3955   -85.8200   -75.4663   123.0387    51.8673
    2441   81.3333      7.6959   -86.3955   -85.8200   -75.4663   123.0387    51.8673
    2442   81.3667      7.6959   -86.3955   -85.8200   -75.4663   123.0387    51.8673
    2443   81.4000      7.6959   -86.3955   -85.8200   -75.4663   123.0387    51.8673
    2444   81.4333      7.6959   -86.3955   -85.8200   -75.4663   123.0387    51.8673
    2445   81.4667      7.6959   -86.3955   -85.8200   -75.4663   123.0387    51.8673
    2446   81.5000      7.6959   -86.3955   -85.8200   -75.4663   123.0387    51.8673
    2447   81.5333      7.6959   -86.3955   -85.8200   -75.4663   123.0387    51.8673
    2448   81.5667      7.6959   -86.3955   -85.8200   -75.4663   123.0387    51.8673
    2449   81.6000      7.6959   -86.3955   -85.8200   -75.4663   123.0387    51.8673
    2450   81.6333      7.6959   -86.3955   -85.8200   -75.4663   123.0387    51.8673
    2451   81.6667      7.6959   -86.3955   -85.8200   -75.4663   123.0387    51.8673
    2452   81.7000      7.6959   -86.3955   -85.8200   -75.4663   123.0387    51.8673
    2453   81.7333      7.6959   -86.3955   -85.8200   -75.4663   123.0387    51.8673
    2454   81.7667      7.6959   -86.3955   -85.8200   -75.4663   123.0387    51.8673
    2455   81.8000      7.6959   -86.3955   -85.8200   -75.4663   123.0387    51.8673
    2456   81.8333      7.6959   -86.3955   -85.8200   -75.4663   123.0387    51.8673
    2457   81.8667      7.6959   -86.3955   -85.8200   -75.4663   123.0387    51.8673
    2458   81.9000      7.6959   -86.3955   -85.8200   -75.4663   123.0387    51.8673
    2459   81.9333      7.6959   -86.3955   -85.8200   -75.4663   123.0387    51.8673
    2460   81.9667      7.6959   -86.3955   -85.8200   -75.4663   123.0387    51.8673
    2461   82.0000      7.6959   -86.3955   -85.8200   -75.4663   123.0387    51.8673
    2462   82.0333      7.6959   -86.3955   -85.8200   -75.4663   123.0387    51.8673
    2463   82.0667      7.6959   -86.3955   -85.8200   -75.4663   123.0387    51.8673
    2464   82.1000      7.6959   -86.3955   -85.8200   -75.4663   123.0387    51.8673
    2465   82.1333      7.6959   -86.3955   -85.8200   -75.4663   123.0387    51.8673
    2466   82.1667      7.6959   -86.3955   -85.8200   -75.4663   123.0387    51.8673
    2467   82.2000      7.6959   -86.3955   -85.8200   -75.4663   123.0387    51.8673
    2468   82.2333      7.6959   -86.3955   -85.8200   -75.4663   123.0387    51.8673
    2469   82.2667      7.6959   -86.3955   -85.8200   -75.4663   123.0387    51.8673
    2470   82.3000      7.6959   -86.3955   -85.8200   -75.4663   123.0387    51.8673
    2471   82.3333      7.6959   -86.3955   -85.8200   -75.4663   123.0387    51.8673
    2472   82.3667      7.6959   -86.3955   -85.8200   -75.4663   123.0387    51.8673
    2473   82.4000      7.6959   -86.3955   -85.8200   -75.4663   123.0387    51.8673
    2474   82.4333      7.6959   -86.3955   -85.8200   -75.4663   123.0387    51.8673
    2475   82.4667      7.6959   -86.3955   -85.8200   -75.4663   123.0387    51.8673
    2476   82.5000      7.6959   -86.3955   -85.8200   -75.4663   123.0387    51.8673
    2477   82.5333      7.6959   -86.3955   -85.8200   -75.4663   123.0387    51.8673
    2478   82.5667      7.6959   -86.3955   -85.8200   -75.4663   123.0387    51.8673
    2479   82.6000      7.6959   -86.3955   -85.8200   -75.4663   123.0387    51.8673
    2480   82.6333      7.6959   -86.3955   -85.8200   -75.4663   123.0387    51.8673
    2481   82.6667      7.6959   -86.3955   -85.8200   -75.4663   123.0387    51.8673
    2482   82.7000      7.6959   -86.3955   -85.8200   -75.4663   123.0387    51.8673
    2483   82.7333      7.6959   -86.3955   -85.8200   -75.4663   123.0387    51.8673
    2484   82.7667      7.6959   -86.3955   -85.8200   -75.4663   123.0387    51.8673
    2485   82.8000      7.6959   -86.3955   -85.8200   -75.4663   123.0387    51.8673
    2486   82.8333      7.6959   -86.3955   -85.8200   -75.4663   123.0387    51.8673
    2487   82.8667      7.6959   -86.3955   -85.8200   -75.4663   123.0387    51.8673
    2488   82.9000      7.6959   -86.3955   -85.8200   -75.4663   123.0387    51.8673
    2489   82.9333      7.6959   -86.3955   -85.8200   -75.4663   123.0387    51.8673
    2490   82.9667      7.6959   -86.3955   -85.8200   -75.4663   123.0387    51.8673
    2491   83.0000      7.6959   -86.3955   -85.8200   -75.4663   123.0387    51.8673
    2492   83.0333      7.6959   -86.3955   -85.8200   -75.4663   123.0387    51.8673
    2493   83.0667      7.6959   -86.3955   -85.8200   -75.4663   123.0387    51.8673
    2494   83.1000      7.6959   -86.3955   -85.8200   -75.4663   123.0387    51.8673
    2495   83.1333      7.6959   -86.3955   -85.8200   -75.4663   123.0387    51.8673
    2496   83.1667      7.6959   -86.3955   -85.8200   -75.4663   123.0387    51.8673
    2497   83.2000      7.6959   -86.3955   -85.8200   -75.4663   123.0387    51.8673
    2498   83.2333      7.6959   -86.3955   -85.8200   -75.4663   123.0387    51.8673
    2499   83.2667      7.6959   -86.3955   -85.8200   -75.4663   123.0387    51.8673
    2500   83.3000      7.6959   -86.3955   -85.8200   -75.4663   123.0387    51.8673
    2501   83.3333      7.6959   -86.3955   -85.8200   -75.4663   123.0387    51.8673
    2502   83.3667      7.6959   -86.3955   -85.8200   -75.4663   123.0387    51.8673
    2503   83.4000      7.6959   -86.3955   -85.8200   -75.4663   123.0387    51.8673
    2504   83.4333      7.6959   -86.3955   -85.8200   -75.4663   123.0387    51.8673
    2505   83.4667      7.6959   -86.3955   -85.8200   -75.4663   123.0387    51.8673
    2506   83.5000      7.6959   -86.3955   -85.8200   -75.4663   123.0387    51.8673
    2507   83.5333      7.6959   -86.3955   -85.8200   -75.4663   123.0387    51.8673
    2508   83.5667      7.6959   -86.3955   -85.8200   -75.4663   123.0387    51.8673
    2509   83.6000      7.6959   -86.3955   -85.8200   -75.4663   123.0387    51.8673
    2510   83.6333      7.6959   -86.3955   -85.8200   -75.4663   123.0387    51.8673
    2511   83.6667      7.6959   -86.3955   -85.8200   -75.4663   123.0387    51.8673
    2512   83.7000      7.6959   -86.3955   -85.8200   -75.4663   123.0387    51.8673
    2513   83.7333      7.6959   -86.3955   -85.8200   -75.4663   123.0387    51.8673
    2514   83.7667      7.6959   -86.3955   -85.8200   -75.4663   123.0387    51.8673
    2515   83.8000      7.6959   -86.3955   -85.8200   -75.4663   123.0387    51.8673
    2516   83.8333      7.6959   -86.3955   -85.8200   -75.4663   123.0387    51.8673
    2517   83.8667      7.6959   -86.3955   -85.8200   -75.4663   123.0387    51.8673
    2518   83.9000      7.6959   -86.3955   -85.8200   -75.4663   123.0387    51.8673
    2519   83.9333      7.6959   -86.3955   -85.8200   -75.4663   123.0387    51.8673
    2520   83.9667      7.6959   -86.3955   -85.8200   -75.4663   123.0387    51.8673
    2521   84.0000      7.6959   -86.3955   -85.8200   -75.4663   123.0387    51.8673
    2522   84.0333      7.6959   -86.3955   -85.8200   -75.4663   123.0387    51.8673
    2523   84.0667      7.6959   -86.3955   -85.8200   -75.4663   123.0387    51.8673
    2524   84.1000      7.6959   -86.3955   -85.8200   -75.4663   123.0387    51.8673
    2525   84.1333      7.6959   -86.3955   -85.8200   -75.4663   123.0387    51.8673
    2526   84.1667      7.6959   -86.3955   -85.8200   -75.4663   123.0387    51.8673
    2527   84.2000      7.6959   -86.3955   -85.8200   -75.4663   123.0387    51.8673
    2528   84.2333      7.6959   -86.3955   -85.8200   -75.4663   123.0387    51.8673
    2529   84.2667      7.6959   -86.3955   -85.8200   -75.4663   123.0387    51.8673
    2530   84.3000      7.6959   -86.3955   -85.8200   -75.4663   123.0387    51.8673
    2531   84.3333      7.6959   -86.3955   -85.8200   -75.4663   123.0387    51.8673
    2532   84.3667      7.6959   -86.3955   -85.8200   -75.4663   123.0387    51.8673
    2533   84.4000      7.6959   -86.3955   -85.8200   -75.4663   123.0387    51.8673
    2534   84.4333      7.6959   -86.3955   -85.8200   -75.4663   123.0387    51.8673
    2535   84.4667      7.6959   -86.3955   -85.8200   -75.4663   123.0387    51.8673
    2536   84.5000      7.6959   -86.3955   -85.8200   -75.4663   123.0387    51.8673
    2537   84.5333      7.6959   -86.3955   -85.8200   -75.4663   123.0387    51.8673
    2538   84.5667      7.6959   -86.3955   -85.8200   -75.4663   123.0387    51.8673
    2539   84.6000      7.6959   -86.3955   -85.8200   -75.4663   123.0387    51.8673
    2540   84.6333      7.6959   -86.3955   -85.8200   -75.4663   123.0387    51.8673
    2541   84.6667      7.6959   -86.3955   -85.8200   -75.4663   123.0387    51.8673
    2542   84.7000      7.6959   -86.3955   -85.8200   -75.4663   123.0387    51.8673
    2543   84.7333      7.6959   -86.3955   -85.8200   -75.4663   123.0387    51.8673
    2544   84.7667      7.6959   -86.3955   -85.8200   -75.4663   123.0387    51.8673
    2545   84.8000      7.6959   -86.3955   -85.8200   -75.4663   123.0387    51.8673
    2546   84.8333      7.6959   -86.3955   -85.8200   -75.4663   123.0387    51.8673
    2547   84.8667      7.6959   -86.3955   -85.8200   -75.4663   123.0387    51.8673
    2548   84.9000      7.6959   -86.3955   -85.8200   -75.4663   123.0387    51.8673
    2549   84.9333      7.6959   -86.3955   -85.8200   -75.4663   123.0387    51.8673
    2550   84.9667      7.6959   -86.3955   -85.8200   -75.4663   123.0387    51.8673
    2551   85.0000      7.6959   -86.3955   -85.8200   -75.4663   123.0387    51.8673
    2552   85.0333      7.6959   -86.3955   -85.8200   -75.4663   123.0387    51.8673
    2553   85.0667      7.6959   -86.3955   -85.8200   -75.4663   123.0387    51.8673
    2554   85.1000      7.6959   -86.3955   -85.8200   -75.4663   123.0387    51.8673
    2555   85.1333      7.6959   -86.3955   -85.8200   -75.4663   123.0387    51.8673
    2556   85.1667      7.6959   -86.3955   -85.8200   -75.4663   123.0387    51.8673
    2557   85.2000      7.6959   -86.3955   -85.8200   -75.4663   123.0387    51.8673
    2558   85.2333      7.6959   -86.3955   -85.8200   -75.4663   123.0387    51.8673
    2559   85.2667      7.6959   -86.3955   -85.8200   -75.4663   123.0387    51.8673
    2560   85.3000      7.6959   -86.3955   -85.8200   -75.4663   123.0387    51.8673
    2561   85.3333      7.6959   -86.3955   -85.8200   -75.4663   123.0387    51.8673
    2562   85.3667      7.6959   -86.3955   -85.8200   -75.4663   123.0387    51.8673
    2563   85.4000      7.6959   -86.3955   -85.8200   -75.4663   123.0387    51.8673
    2564   85.4333      7.6959   -86.3955   -85.8200   -75.4663   123.0387    51.8673
    2565   85.4667      7.6959   -86.3955   -85.8200   -75.4663   123.0387    51.8673
    2566   85.5000      7.6959   -86.3955   -85.8200   -75.4663   123.0387    51.8673
    2567   85.5333      7.6959   -86.3955   -85.8200   -75.4663   123.0387    51.8673
    2568   85.5667      7.6959   -86.3955   -85.8200   -75.4663   123.0387    51.8673
    2569   85.6000      7.6959   -86.3955   -85.8200   -75.4663   123.0387    51.8673
    2570   85.6333      7.6959   -86.3955   -85.8200   -75.4663   123.0387    51.8673
    2571   85.6667      7.6959   -86.3955   -85.8200   -75.4663   123.0387    51.8673
    2572   85.7000      7.6959   -86.3955   -85.8200   -75.4663   123.0387    51.8673
    2573   85.7333      7.6959   -86.3955   -85.8200   -75.4663   123.0387    51.8673
    2574   85.7667      7.6959   -86.3955   -85.8200   -75.4663   123.0387    51.8673
    2575   85.8000      7.6959   -86.3955   -85.8200   -75.4663   123.0387    51.8673
    2576   85.8333      7.6959   -86.3955   -85.8200   -75.4663   123.0387    51.8673
    2577   85.8667      7.6959   -86.3955   -85.8200   -75.4663   123.0387    51.8673
    2578   85.9000      7.6959   -86.3955   -85.8200   -75.4663   123.0387    51.8673
    2579   85.9333      7.6959   -86.3955   -85.8200   -75.4663   123.0387    51.8673
    2580   85.9667      7.6959   -86.3955   -85.8200   -75.4663   123.0387    51.8673
    2581   86.0000      7.6959   -86.3955   -85.8200   -75.4663   123.0387    51.8673
    2582   86.0333      7.6959   -86.3955   -85.8200   -75.4663   123.0387    51.8673
    2583   86.0667      7.6959   -86.3955   -85.8200   -75.4663   123.0387    51.8673
    2584   86.1000      7.6959   -86.3955   -85.8200   -75.4663   123.0387    51.8673
    2585   86.1333      7.6959   -86.3955   -85.8200   -75.4663   123.0387    51.8673
    2586   86.1667      7.6959   -86.3955   -85.8200   -75.4663   123.0387    51.8673
    2587   86.2000      7.6959   -86.3955   -85.8200   -75.4663   123.0387    51.8673
    2588   86.2333      7.6959   -86.3955   -85.8200   -75.4663   123.0387    51.8673
    2589   86.2667      7.6959   -86.3955   -85.8200   -75.4663   123.0387    51.8673
    2590   86.3000      7.6959   -86.3955   -85.8200   -75.4663   123.0387    51.8673
    2591   86.3333      7.6959   -86.3955   -85.8200   -75.4663   123.0387    51.8673
    2592   86.3667      7.6959   -86.3955   -85.8200   -75.4663   123.0387    51.8673
    2593   86.4000      7.6959   -86.3955   -85.8200   -75.4663   123.0387    51.8673
    2594   86.4333      7.6959   -86.3955   -85.8200   -75.4663   123.0387    51.8673
    2595   86.4667      7.6959   -86.3955   -85.8200   -75.4663   123.0387    51.8673
    2596   86.5000      7.6959   -86.3955   -85.8200   -75.4663   123.0387    51.8673
    2597   86.5333      7.6959   -86.3955   -85.8200   -75.4663   123.0387    51.8673
    2598   86.5667      7.6959   -86.3955   -85.8200   -75.4663   123.0387    51.8673
    2599   86.6000      7.6959   -86.3955   -85.8200   -75.4663   123.0387    51.8673
    2600   86.6333      7.6959   -86.3955   -85.8200   -75.4663   123.0387    51.8673
    2601   86.6667      7.6959   -86.3955   -85.8200   -75.4663   123.0387    51.8673
    2602   86.7000      7.6959   -86.3955   -85.8200   -75.4663   123.0387    51.8673
    2603   86.7333      7.6959   -86.3955   -85.8200   -75.4663   123.0387    51.8673
    2604   86.7667      7.6959   -86.3955   -85.8200   -75.4663   123.0387    51.8673
    2605   86.8000      7.6959   -86.3955   -85.8200   -75.4663   123.0387    51.8673
    2606   86.8333      7.6959   -86.3955   -85.8200   -75.4663   123.0387    51.8673
    2607   86.8667      7.6959   -86.3955   -85.8200   -75.4663   123.0387    51.8673
    2608   86.9000      7.6959   -86.3955   -85.8200   -75.4663   123.0387    51.8673
    2609   86.9333      7.6959   -86.3955   -85.8200   -75.4663   123.0387    51.8673
    2610   86.9667      7.6959   -86.3955   -85.8200   -75.4663   123.0387    51.8673
    2611   87.0000      7.6959   -86.3955   -85.8200   -75.4663   123.0387    51.8673
    2612   87.0333      7.6959   -86.3955   -85.8200   -75.4663   123.0387    51.8673
    2613   87.0667      7.6959   -86.3955   -85.8200   -75.4663   123.0387    51.8673
    2614   87.1000      7.6959   -86.3955   -85.8200   -75.4663   123.0387    51.8673
    2615   87.1333      7.6959   -86.3955   -85.8200   -75.4663   123.0387    51.8673
    2616   87.1667      7.6959   -86.3955   -85.8200   -75.4663   123.0387    51.8673
    2617   87.2000      7.6959   -86.3955   -85.8200   -75.4663   123.0387    51.8673
    2618   87.2333      7.6959   -86.3955   -85.8200   -75.4663   123.0387    51.8673
    2619   87.2667      7.6959   -86.3955   -85.8200   -75.4663   123.0387    51.8673
    2620   87.3000      7.6959   -86.3955   -85.8200   -75.4663   123.0387    51.8673
    2621   87.3333      7.6959   -86.3955   -85.8200   -75.4663   123.0387    51.8673
    2622   87.3667      7.6959   -86.3955   -85.8200   -75.4663   123.0387    51.8673
    2623   87.4000      7.6959   -86.3955   -85.8200   -75.4663   123.0387    51.8673
    2624   87.4333      7.6959   -86.3955   -85.8200   -75.4663   123.0387    51.8673
    2625   87.4667      7.6959   -86.3955   -85.8200   -75.4663   123.0387    51.8673
    2626   87.5000      7.6959   -86.3955   -85.8200   -75.4663   123.0387    51.8673
    2627   87.5333      7.6959   -86.3955   -85.8200   -75.4663   123.0387    51.8673
    2628   87.5667      7.6959   -86.3955   -85.8200   -75.4663   123.0387    51.8673
    2629   87.6000      7.6959   -86.3955   -85.8200   -75.4663   123.0387    51.8673
    2630   87.6333      7.6959   -86.3955   -85.8200   -75.4663   123.0387    51.8673
    2631   87.6667      7.6959   -86.3955   -85.8200   -75.4663   123.0387    51.8673
    2632   87.7000      7.6959   -86.3955   -85.8200   -75.4663   123.0387    51.8673
    2633   87.7333      7.6959   -86.3955   -85.8200   -75.4663   123.0387    51.8673
    2634   87.7667      7.6959   -86.3955   -85.8200   -75.4663   123.0387    51.8673
    2635   87.8000      7.6959   -86.3955   -85.8200   -75.4663   123.0387    51.8673
    2636   87.8333      7.6959   -86.3955   -85.8200   -75.4663   123.0387    51.8673
    2637   87.8667      7.6959   -86.3955   -85.8200   -75.4663   123.0387    51.8673
    2638   87.9000      7.6959   -86.3955   -85.8200   -75.4663   123.0387    51.8673
    2639   87.9333      7.6959   -86.3955   -85.8200   -75.4663   123.0387    51.8673
    2640   87.9667      7.6959   -86.3955   -85.8200   -75.4663   123.0387    51.8673
    2641   88.0000      7.6959   -86.3955   -85.8200   -75.4663   123.0387    51.8673
    2642   88.0333      7.6959   -86.3955   -85.8200   -75.4663   123.0387    51.8673
    2643   88.0667      7.6959   -86.3955   -85.8200   -75.4663   123.0387    51.8673
    2644   88.1000      7.6959   -86.3955   -85.8200   -75.4663   123.0387    51.8673
    2645   88.1333      7.6959   -86.3955   -85.8200   -75.4663   123.0387    51.8673
    2646   88.1667      7.6959   -86.3955   -85.8200   -75.4663   123.0387    51.8673
    2647   88.2000      7.6959   -86.3955   -85.8200   -75.4663   123.0387    51.8673
    2648   88.2333      7.6959   -86.3955   -85.8200   -75.4663   123.0387    51.8673
    2649   88.2667      7.6959   -86.3955   -85.8200   -75.4663   123.0387    51.8673
    2650   88.3000      7.6959   -86.3955   -85.8200   -75.4663   123.0387    51.8673
    2651   88.3333      7.6959   -86.3955   -85.8200   -75.4663   123.0387    51.8673
    2652   88.3667      7.6959   -86.3955   -85.8200   -75.4663   123.0387    51.8673
    2653   88.4000      7.6959   -86.3955   -85.8200   -75.4663   123.0387    51.8673
    2654   88.4333      7.6959   -86.3955   -85.8200   -75.4663   123.0387    51.8673
    2655   88.4667      7.6959   -86.3955   -85.8200   -75.4663   123.0387    51.8673
    2656   88.5000      7.6959   -86.3955   -85.8200   -75.4663   123.0387    51.8673
    2657   88.5333      7.6959   -86.3955   -85.8200   -75.4663   123.0387    51.8673
    2658   88.5667      7.6959   -86.3955   -85.8200   -75.4663   123.0387    51.8673
    2659   88.6000      7.6959   -86.3955   -85.8200   -75.4663   123.0387    51.8673
    2660   88.6333      7.6959   -86.3955   -85.8200   -75.4663   123.0387    51.8673
    2661   88.6667      7.6959   -86.3955   -85.8200   -75.4663   123.0387    51.8673
    2662   88.7000      7.6959   -86.3955   -85.8200   -75.4663   123.0387    51.8673
    2663   88.7333      7.6959   -86.3955   -85.8200   -75.4663   123.0387    51.8673
    2664   88.7667      7.6959   -86.3955   -85.8200   -75.4663   123.0387    51.8673
    2665   88.8000      7.6959   -86.3955   -85.8200   -75.4663   123.0387    51.8673
    2666   88.8333      7.6959   -86.3955   -85.8200   -75.4663   123.0387    51.8673
    2667   88.8667      7.6959   -86.3955   -85.8200   -75.4663   123.0387    51.8673
    2668   88.9000      7.6959   -86.3955   -85.8200   -75.4663   123.0387    51.8673
    2669   88.9333      7.6959   -86.3955   -85.8200   -75.4663   123.0387    51.8673
    2670   88.9667      7.6959   -86.3955   -85.8200   -75.4663   123.0387    51.8673
    2671   89.0000      7.6959   -86.3955   -85.8200   -75.4663   123.0387    51.8673
    2672   89.0333      7.6959   -86.3955   -85.8200   -75.4663   123.0387    51.8673
    2673   89.0667      7.6959   -86.3955   -85.8200   -75.4663   123.0387    51.8673
    2674   89.1000      7.6959   -86.3955   -85.8200   -75.4663   123.0387    51.8673
    2675   89.1333      7.6959   -86.3955   -85.8200   -75.4663   123.0387    51.8673
    2676   89.1667      7.6959   -86.3955   -85.8200   -75.4663   123.0387    51.8673
    2677   89.2000      7.6959   -86.3955   -85.8200   -75.4663   123.0387    51.8673
    2678   89.2333      7.6959   -86.3955   -85.8200   -75.4663   123.0387    51.8673
    2679   89.2667      7.6959   -86.3955   -85.8200   -75.4663   123.0387    51.8673
    2680   89.3000      7.6959   -86.3955   -85.8200   -75.4663   123.0387    51.8673
    2681   89.3333      7.6959   -86.3955   -85.8200   -75.4663   123.0387    51.8673
    2682   89.3667      7.6959   -86.3955   -85.8200   -75.4663   123.0387    51.8673
    2683   89.4000      7.6959   -86.3955   -85.8200   -75.4663   123.0387    51.8673
    2684   89.4333      7.6959   -86.3955   -85.8200   -75.4663   123.0387    51.8673
    2685   89.4667      7.6959   -86.3955   -85.8200   -75.4663   123.0387    51.8673
    2686   89.5000      7.6959   -86.3955   -85.8200   -75.4663   123.0387    51.8673
    2687   89.5333      7.6959   -86.3955   -85.8200   -75.4663   123.0387    51.8673
    2688   89.5667      7.6959   -86.3955   -85.8200   -75.4663   123.0387    51.8673
    2689   89.6000      7.6959   -86.3955   -85.8200   -75.4663   123.0387    51.8673
    2690   89.6333      7.6959   -86.3955   -85.8200   -75.4663   123.0387    51.8673
    2691   89.6667      7.6959   -86.3955   -85.8200   -75.4663   123.0387    51.8673
    2692   89.7000      7.6959   -86.3955   -85.8200   -75.4663   123.0387    51.8673
    2693   89.7333      7.6959   -86.3955   -85.8200   -75.4663   123.0387    51.8673
    2694   89.7667      7.6959   -86.3955   -85.8200   -75.4663   123.0387    51.8673
    2695   89.8000      7.6959   -86.3955   -85.8200   -75.4663   123.0387    51.8673
    2696   89.8333      7.6959   -86.3955   -85.8200   -75.4663   123.0387    51.8673
    2697   89.8667      7.6959   -86.3955   -85.8200   -75.4663   123.0387    51.8673
    2698   89.9000      7.6959   -86.3955   -85.8200   -75.4663   123.0387    51.8673
    2699   89.9333      7.6959   -86.3955   -85.8200   -75.4663   123.0387    51.8673
    2700   89.9667      7.6959   -86.3955   -85.8200   -75.4663   123.0387    51.8673
    2701   90.0000      7.6959   -86.3955   -85.8200   -75.4663   123.0387    51.8673
    2702   90.0333      7.6959   -86.3955   -85.8200   -75.4663   123.0387    51.8673
    2703   90.0667      7.6959   -86.3955   -85.8200   -75.4663   123.0387    51.8673
    2704   90.1000      7.6959   -86.3955   -85.8200   -75.4663   123.0387    51.8673
    2705   90.1333      7.6959   -86.3955   -85.8200   -75.4663   123.0387    51.8673
    2706   90.1667      7.6959   -86.3955   -85.8200   -75.4663   123.0387    51.8673
    2707   90.2000      7.6959   -86.3955   -85.8200   -75.4663   123.0387    51.8673
    2708   90.2333      7.6959   -86.3955   -85.8200   -75.4663   123.0387    51.8673
    2709   90.2667      7.6959   -86.3955   -85.8200   -75.4663   123.0387    51.8673
    2710   90.3000      7.6959   -86.3955   -85.8200   -75.4663   123.0387    51.8673
    2711   90.3333      7.6959   -86.3955   -85.8200   -75.4663   123.0387    51.8673
    2712   90.3667      7.6959   -86.3955   -85.8200   -75.4663   123.0387    51.8673
    2713   90.4000      7.6959   -86.3955   -85.8200   -75.4663   123.0387    51.8673
    2714   90.4333      7.6959   -86.3955   -85.8200   -75.4663   123.0387    51.8673
    2715   90.4667      7.6959   -86.3955   -85.8200   -75.4663   123.0387    51.8673
    2716   90.5000      7.6959   -86.3955   -85.8200   -75.4663   123.0387    51.8673
    2717   90.5333      7.6959   -86.3955   -85.8200   -75.4663   123.0387    51.8673
    2718   90.5667      7.6959   -86.3955   -85.8200   -75.4663   123.0387    51.8673
    2719   90.6000      7.6959   -86.3955   -85.8200   -75.4663   123.0387    51.8673
    2720   90.6333      7.6959   -86.3955   -85.8200   -75.4663   123.0387    51.8673
    2721   90.6667      7.6959   -86.3955   -85.8200   -75.4663   123.0387    51.8673
    2722   90.7000      7.6959   -86.3955   -85.8200   -75.4663   123.0387    51.8673
    2723   90.7333      7.6959   -86.3955   -85.8200   -75.4663   123.0387    51.8673
    2724   90.7667      7.6959   -86.3955   -85.8200   -75.4663   123.0387    51.8673
    2725   90.8000      7.6959   -86.3955   -85.8200   -75.4663   123.0387    51.8673
    2726   90.8333      7.6959   -86.3955   -85.8200   -75.4663   123.0387    51.8673
    2727   90.8667      7.6959   -86.3955   -85.8200   -75.4663   123.0387    51.8673
    2728   90.9000      7.6959   -86.3955   -85.8200   -75.4663   123.0387    51.8673
    2729   90.9333      7.6959   -86.3955   -85.8200   -75.4663   123.0387    51.8673
    2730   90.9667      7.6959   -86.3955   -85.8200   -75.4663   123.0387    51.8673
    2731   91.0000      7.6959   -86.3955   -85.8200   -75.4663   123.0387    51.8673
    2732   91.0333      7.6959   -86.3955   -85.8200   -75.4663   123.0387    51.8673
    2733   91.0667      7.6959   -86.3955   -85.8200   -75.4663   123.0387    51.8673
    2734   91.1000      7.6959   -86.3955   -85.8200   -75.4663   123.0387    51.8673
    2735   91.1333      7.6959   -86.3955   -85.8200   -75.4663   123.0387    51.8673
    2736   91.1667      7.6959   -86.3955   -85.8200   -75.4663   123.0387    51.8673
    2737   91.2000      7.6959   -86.3955   -85.8200   -75.4663   123.0387    51.8673
    2738   91.2333      7.6959   -86.3955   -85.8200   -75.4663   123.0387    51.8673
    2739   91.2667      7.6959   -86.3955   -85.8200   -75.4663   123.0387    51.8673
    2740   91.3000      7.6959   -86.3955   -85.8200   -75.4663   123.0387    51.8673
    2741   91.3333      7.6959   -86.3955   -85.8200   -75.4663   123.0387    51.8673
    2742   91.3667      7.6959   -86.3955   -85.8200   -75.4663   123.0387    51.8673
    2743   91.4000      7.6959   -86.3955   -85.8200   -75.4663   123.0387    51.8673
    2744   91.4333      7.6959   -86.3955   -85.8200   -75.4663   123.0387    51.8673
    2745   91.4667      7.6959   -86.3955   -85.8200   -75.4663   123.0387    51.8673
    2746   91.5000      7.6959   -86.3955   -85.8200   -75.4663   123.0387    51.8673
    2747   91.5333      7.6959   -86.3955   -85.8200   -75.4663   123.0387    51.8673
    2748   91.5667      7.6959   -86.3955   -85.8200   -75.4663   123.0387    51.8673
    2749   91.6000      7.6959   -86.3955   -85.8200   -75.4663   123.0387    51.8673
    2750   91.6333      7.6959   -86.3955   -85.8200   -75.4663   123.0387    51.8673
    2751   91.6667      7.6959   -86.3955   -85.8200   -75.4663   123.0387    51.8673
    2752   91.7000      7.6959   -86.3955   -85.8200   -75.4663   123.0387    51.8673
    2753   91.7333      7.6959   -86.3955   -85.8200   -75.4663   123.0387    51.8673
    2754   91.7667      7.6959   -86.3955   -85.8200   -75.4663   123.0387    51.8673
    2755   91.8000      7.6959   -86.3955   -85.8200   -75.4663   123.0387    51.8673
    2756   91.8333      7.6959   -86.3955   -85.8200   -75.4663   123.0387    51.8673
    2757   91.8667      7.6959   -86.3955   -85.8200   -75.4663   123.0387    51.8673
    2758   91.9000      7.6959   -86.3955   -85.8200   -75.4663   123.0387    51.8673
    2759   91.9333      7.6959   -86.3955   -85.8200   -75.4663   123.0387    51.8673
    2760   91.9667      7.6959   -86.3955   -85.8200   -75.4663   123.0387    51.8673
    2761   92.0000      7.6959   -86.3955   -85.8200   -75.4663   123.0387    51.8673
    2762   92.0333      7.6959   -86.3955   -85.8200   -75.4663   123.0387    51.8673
    2763   92.0667      7.6959   -86.3955   -85.8200   -75.4663   123.0387    51.8673
    2764   92.1000      7.6959   -86.3955   -85.8200   -75.4663   123.0387    51.8673
    2765   92.1333      7.6959   -86.3955   -85.8200   -75.4663   123.0387    51.8673
    2766   92.1667      7.6959   -86.3955   -85.8200   -75.4663   123.0387    51.8673
    2767   92.2000      7.6959   -86.3955   -85.8200   -75.4663   123.0387    51.8673
    2768   92.2333      7.6959   -86.3955   -85.8200   -75.4663   123.0387    51.8673
    2769   92.2667      7.6959   -86.3955   -85.8200   -75.4663   123.0387    51.8673
    2770   92.3000      7.6959   -86.3955   -85.8200   -75.4663   123.0387    51.8673
    2771   92.3333      7.6959   -86.3955   -85.8200   -75.4663   123.0387    51.8673
    2772   92.3667      7.6959   -86.3955   -85.8200   -75.4663   123.0387    51.8673
    2773   92.4000      7.6959   -86.3955   -85.8200   -75.4663   123.0387    51.8673
    2774   92.4333      7.6959   -86.3955   -85.8200   -75.4663   123.0387    51.8673
    2775   92.4667      7.6959   -86.3955   -85.8200   -75.4663   123.0387    51.8673
    2776   92.5000      7.6959   -86.3955   -85.8200   -75.4663   123.0387    51.8673
    2777   92.5333      7.6959   -86.3955   -85.8200   -75.4663   123.0387    51.8673
    2778   92.5667      7.6959   -86.3955   -85.8200   -75.4663   123.0387    51.8673
    2779   92.6000      7.6959   -86.3955   -85.8200   -75.4663   123.0387    51.8673
    2780   92.6333      7.6959   -86.3955   -85.8200   -75.4663   123.0387    51.8673
    2781   92.6667      7.6959   -86.3955   -85.8200   -75.4663   123.0387    51.8673
    2782   92.7000      7.6959   -86.3955   -85.8200   -75.4663   123.0387    51.8673
    2783   92.7333      7.6959   -86.3955   -85.8200   -75.4663   123.0387    51.8673
    2784   92.7667      7.6959   -86.3955   -85.8200   -75.4663   123.0387    51.8673
    2785   92.8000      7.6959   -86.3955   -85.8200   -75.4663   123.0387    51.8673
    2786   92.8333      7.6959   -86.3955   -85.8200   -75.4663   123.0387    51.8673
    2787   92.8667      7.6959   -86.3955   -85.8200   -75.4663   123.0387    51.8673
    2788   92.9000      7.6959   -86.3955   -85.8200   -75.4663   123.0387    51.8673
    2789   92.9333      7.6959   -86.3955   -85.8200   -75.4663   123.0387    51.8673
    2790   92.9667      7.6959   -86.3955   -85.8200   -75.4663   123.0387    51.8673
    2791   93.0000      7.6959   -86.3955   -85.8200   -75.4663   123.0387    51.8673
    2792   93.0333      7.6959   -86.3955   -85.8200   -75.4663   123.0387    51.8673
    2793   93.0667      7.6959   -86.3955   -85.8200   -75.4663   123.0387    51.8673
    2794   93.1000      7.6959   -86.3955   -85.8200   -75.4663   123.0387    51.8673
    2795   93.1333      7.6959   -86.3955   -85.8200   -75.4663   123.0387    51.8673
    2796   93.1667      7.6959   -86.3955   -85.8200   -75.4663   123.0387    51.8673
    2797   93.2000      7.6959   -86.3955   -85.8200   -75.4663   123.0387    51.8673
    2798   93.2333      7.6959   -86.3955   -85.8200   -75.4663   123.0387    51.8673
    2799   93.2667      7.6959   -86.3955   -85.8200   -75.4663   123.0387    51.8673
    2800   93.3000      7.6959   -86.3955   -85.8200   -75.4663   123.0387    51.8673
    2801   93.3333      7.6959   -86.3955   -85.8200   -75.4663   123.0387    51.8673
    2802   93.3667      7.6959   -86.3955   -85.8200   -75.4663   123.0387    51.8673
    2803   93.4000      7.6959   -86.3955   -85.8200   -75.4663   123.0387    51.8673
    2804   93.4333      7.6959   -86.3955   -85.8200   -75.4663   123.0387    51.8673
    2805   93.4667      7.6959   -86.3955   -85.8200   -75.4663   123.0387    51.8673
    2806   93.5000      7.6959   -86.3955   -85.8200   -75.4663   123.0387    51.8673
    2807   93.5333      7.6959   -86.3955   -85.8200   -75.4663   123.0387    51.8673
    2808   93.5667      7.6959   -86.3955   -85.8200   -75.4663   123.0387    51.8673
    2809   93.6000      7.6959   -86.3955   -85.8200   -75.4663   123.0387    51.8673
    2810   93.6333      7.6959   -86.3955   -85.8200   -75.4663   123.0387    51.8673
    2811   93.6667      7.6959   -86.3955   -85.8200   -75.4663   123.0387    51.8673
    2812   93.7000      7.6959   -86.3955   -85.8200   -75.4663   123.0387    51.8673
    2813   93.7333      7.6959   -86.3955   -85.8200   -75.4663   123.0387    51.8673
    2814   93.7667      7.6959   -86.3955   -85.8200   -75.4663   123.0387    51.8673
    2815   93.8000      7.6959   -86.3955   -85.8200   -75.4663   123.0387    51.8673
    2816   93.8333      7.6959   -86.3955   -85.8200   -75.4663   123.0387    51.8673
    2817   93.8667      7.6959   -86.3955   -85.8200   -75.4663   123.0387    51.8673
    2818   93.9000      7.6959   -86.3955   -85.8200   -75.4663   123.0387    51.8673
    2819   93.9333      7.6959   -86.3955   -85.8200   -75.4663   123.0387    51.8673
    2820   93.9667      7.6959   -86.3955   -85.8200   -75.4663   123.0387    51.8673
    2821   94.0000      7.6959   -86.3955   -85.8200   -75.4663   123.0387    51.8673
    2822   94.0333      7.6959   -86.3955   -85.8200   -75.4663   123.0387    51.8673
    2823   94.0667      7.6959   -86.3955   -85.8200   -75.4663   123.0387    51.8673
    2824   94.1000      7.6959   -86.3955   -85.8200   -75.4663   123.0387    51.8673
    2825   94.1333      7.6959   -86.3955   -85.8200   -75.4663   123.0387    51.8673
    2826   94.1667      7.6959   -86.3955   -85.8200   -75.4663   123.0387    51.8673
    2827   94.2000      7.6959   -86.3955   -85.8200   -75.4663   123.0387    51.8673
    2828   94.2333      7.6959   -86.3955   -85.8200   -75.4663   123.0387    51.8673
    2829   94.2667      7.6959   -86.3955   -85.8200   -75.4663   123.0387    51.8673
    2830   94.3000      7.6959   -86.3955   -85.8200   -75.4663   123.0387    51.8673
    2831   94.3333      7.6959   -86.3955   -85.8200   -75.4663   123.0387    51.8673
    2832   94.3667      7.6959   -86.3955   -85.8200   -75.4663   123.0387    51.8673
    2833   94.4000      7.6959   -86.3955   -85.8200   -75.4663   123.0387    51.8673
    2834   94.4333      7.6959   -86.3955   -85.8200   -75.4663   123.0387    51.8673
    2835   94.4667      7.6959   -86.3955   -85.8200   -75.4663   123.0387    51.8673
    2836   94.5000      7.6959   -86.3955   -85.8200   -75.4663   123.0387    51.8673
    2837   94.5333      7.6959   -86.3955   -85.8200   -75.4663   123.0387    51.8673
    2838   94.5667      7.6959   -86.3955   -85.8200   -75.4663   123.0387    51.8673
    2839   94.6000      7.6959   -86.3955   -85.8200   -75.4663   123.0387    51.8673
    2840   94.6333      7.6959   -86.3955   -85.8200   -75.4663   123.0387    51.8673
    2841   94.6667      7.6959   -86.3955   -85.8200   -75.4663   123.0387    51.8673
    2842   94.7000      7.6959   -86.3955   -85.8200   -75.4663   123.0387    51.8673
    2843   94.7333      7.6959   -86.3955   -85.8200   -75.4663   123.0387    51.8673
    2844   94.7667      7.6959   -86.3955   -85.8200   -75.4663   123.0387    51.8673
    2845   94.8000      7.6959   -86.3955   -85.8200   -75.4663   123.0387    51.8673
    2846   94.8333      7.6959   -86.3955   -85.8200   -75.4663   123.0387    51.8673
    2847   94.8667      7.6959   -86.3955   -85.8200   -75.4663   123.0387    51.8673
    2848   94.9000      7.6959   -86.3955   -85.8200   -75.4663   123.0387    51.8673
    2849   94.9333      7.6959   -86.3955   -85.8200   -75.4663   123.0387    51.8673
    2850   94.9667      7.6959   -86.3955   -85.8200   -75.4663   123.0387    51.8673
    2851   95.0000      7.6959   -86.3955   -85.8200   -75.4663   123.0387    51.8673
    2852   95.0333      7.6959   -86.3955   -85.8200   -75.4663   123.0387    51.8673
    2853   95.0667      7.6959   -86.3955   -85.8200   -75.4663   123.0387    51.8673
    2854   95.1000      7.6959   -86.3955   -85.8200   -75.4663   123.0387    51.8673
    2855   95.1333      7.6959   -86.3955   -85.8200   -75.4663   123.0387    51.8673
    2856   95.1667      7.6959   -86.3955   -85.8200   -75.4663   123.0387    51.8673
    2857   95.2000      7.6959   -86.3955   -85.8200   -75.4663   123.0387    51.8673
    2858   95.2333      7.6959   -86.3955   -85.8200   -75.4663   123.0387    51.8673
    2859   95.2667      7.6959   -86.3955   -85.8200   -75.4663   123.0387    51.8673
    2860   95.3000      7.6959   -86.3955   -85.8200   -75.4663   123.0387    51.8673
    2861   95.3333      7.6959   -86.3955   -85.8200   -75.4663   123.0387    51.8673
    2862   95.3667      7.6959   -86.3955   -85.8200   -75.4663   123.0387    51.8673
    2863   95.4000      7.6959   -86.3955   -85.8200   -75.4663   123.0387    51.8673
    2864   95.4333      7.6959   -86.3955   -85.8200   -75.4663   123.0387    51.8673
    2865   95.4667      7.6959   -86.3955   -85.8200   -75.4663   123.0387    51.8673
    2866   95.5000      7.6959   -86.3955   -85.8200   -75.4663   123.0387    51.8673
    2867   95.5333      7.6959   -86.3955   -85.8200   -75.4663   123.0387    51.8673
    2868   95.5667      7.6959   -86.3955   -85.8200   -75.4663   123.0387    51.8673
    2869   95.6000      7.6959   -86.3955   -85.8200   -75.4663   123.0387    51.8673
    2870   95.6333      7.6959   -86.3955   -85.8200   -75.4663   123.0387    51.8673
    2871   95.6667      7.6959   -86.3955   -85.8200   -75.4663   123.0387    51.8673
    2872   95.7000      7.6959   -86.3955   -85.8200   -75.4663   123.0387    51.8673
    2873   95.7333      7.6959   -86.3955   -85.8200   -75.4663   123.0387    51.8673
    2874   95.7667      7.6959   -86.3955   -85.8200   -75.4663   123.0387    51.8673
    2875   95.8000      7.6959   -86.3955   -85.8200   -75.4663   123.0387    51.8673
    2876   95.8333      7.6959   -86.3955   -85.8200   -75.4663   123.0387    51.8673
    2877   95.8667      7.6959   -86.3955   -85.8200   -75.4663   123.0387    51.8673
    2878   95.9000      7.6959   -86.3955   -85.8200   -75.4663   123.0387    51.8673
    2879   95.9333      7.6959   -86.3955   -85.8200   -75.4663   123.0387    51.8673
    2880   95.9667      7.6959   -86.3955   -85.8200   -75.4663   123.0387    51.8673
    2881   96.0000      7.6959   -86.3955   -85.8200   -75.4663   123.0387    51.8673
    2882   96.0333      7.6959   -86.3955   -85.8200   -75.4663   123.0387    51.8673
    2883   96.0667      7.6959   -86.3955   -85.8200   -75.4663   123.0387    51.8673
    2884   96.1000      7.6959   -86.3955   -85.8200   -75.4663   123.0387    51.8673
    2885   96.1333      7.6959   -86.3955   -85.8200   -75.4663   123.0387    51.8673
    2886   96.1667      7.6959   -86.3955   -85.8200   -75.4663   123.0387    51.8673
    2887   96.2000      7.6959   -86.3955   -85.8200   -75.4663   123.0387    51.8673
    2888   96.2333      7.6959   -86.3955   -85.8200   -75.4663   123.0387    51.8673
    2889   96.2667      7.6959   -86.3955   -85.8200   -75.4663   123.0387    51.8673
    2890   96.3000      7.6959   -86.3955   -85.8200   -75.4663   123.0387    51.8673
    2891   96.3333      7.6959   -86.3955   -85.8200   -75.4663   123.0387    51.8673
    2892   96.3667      7.6959   -86.3955   -85.8200   -75.4663   123.0387    51.8673
    2893   96.4000      7.6959   -86.3955   -85.8200   -75.4663   123.0387    51.8673
    2894   96.4333      7.6959   -86.3955   -85.8200   -75.4663   123.0387    51.8673
    2895   96.4667      7.6959   -86.3955   -85.8200   -75.4663   123.0387    51.8673
    2896   96.5000      7.6959   -86.3955   -85.8200   -75.4663   123.0387    51.8673
    2897   96.5333      7.6959   -86.3955   -85.8200   -75.4663   123.0387    51.8673
    2898   96.5667      7.6959   -86.3955   -85.8200   -75.4663   123.0387    51.8673
    2899   96.6000      7.6959   -86.3955   -85.8200   -75.4663   123.0387    51.8673
    2900   96.6333      7.6959   -86.3955   -85.8200   -75.4663   123.0387    51.8673
    2901   96.6667      7.6959   -86.3955   -85.8200   -75.4663   123.0387    51.8673
    2902   96.7000      7.6959   -86.3955   -85.8200   -75.4663   123.0387    51.8673
    2903   96.7333      7.6959   -86.3955   -85.8200   -75.4663   123.0387    51.8673
    2904   96.7667      7.6959   -86.3955   -85.8200   -75.4663   123.0387    51.8673
    2905   96.8000      7.6959   -86.3955   -85.8200   -75.4663   123.0387    51.8673
    2906   96.8333      7.6959   -86.3955   -85.8200   -75.4663   123.0387    51.8673
    2907   96.8667      7.6959   -86.3955   -85.8200   -75.4663   123.0387    51.8673
    2908   96.9000      7.6959   -86.3955   -85.8200   -75.4663   123.0387    51.8673
    2909   96.9333      7.6959   -86.3955   -85.8200   -75.4663   123.0387    51.8673
    2910   96.9667      7.6959   -86.3955   -85.8200   -75.4663   123.0387    51.8673
    2911   97.0000      7.6959   -86.3955   -85.8200   -75.4663   123.0387    51.8673
    2912   97.0333      7.6959   -86.3955   -85.8200   -75.4663   123.0387    51.8673
    2913   97.0667      7.6959   -86.3955   -85.8200   -75.4663   123.0387    51.8673
    2914   97.1000      7.6959   -86.3955   -85.8200   -75.4663   123.0387    51.8673
    2915   97.1333      7.6959   -86.3955   -85.8200   -75.4663   123.0387    51.8673
    2916   97.1667      7.6959   -86.3955   -85.8200   -75.4663   123.0387    51.8673
    2917   97.2000      7.6959   -86.3955   -85.8200   -75.4663   123.0387    51.8673
    2918   97.2333      7.6959   -86.3955   -85.8200   -75.4663   123.0387    51.8673
    2919   97.2667      7.6959   -86.3955   -85.8200   -75.4663   123.0387    51.8673
    2920   97.3000      7.6959   -86.3955   -85.8200   -75.4663   123.0387    51.8673
    2921   97.3333      7.6959   -86.3955   -85.8200   -75.4663   123.0387    51.8673
    2922   97.3667      7.6959   -86.3955   -85.8200   -75.4663   123.0387    51.8673
    2923   97.4000      7.6959   -86.3955   -85.8200   -75.4663   123.0387    51.8673
    2924   97.4333      7.6959   -86.3955   -85.8200   -75.4663   123.0387    51.8673
    2925   97.4667      7.6959   -86.3955   -85.8200   -75.4663   123.0387    51.8673
    2926   97.5000      7.6959   -86.3955   -85.8200   -75.4663   123.0387    51.8673
    2927   97.5333      7.6959   -86.3955   -85.8200   -75.4663   123.0387    51.8673
    2928   97.5667      7.6959   -86.3955   -85.8200   -75.4663   123.0387    51.8673
    2929   97.6000      7.6959   -86.3955   -85.8200   -75.4663   123.0387    51.8673
    2930   97.6333      7.6959   -86.3955   -85.8200   -75.4663   123.0387    51.8673
    2931   97.6667      7.6959   -86.3955   -85.8200   -75.4663   123.0387    51.8673
    2932   97.7000      7.6959   -86.3955   -85.8200   -75.4663   123.0387    51.8673
    2933   97.7333      7.6959   -86.3955   -85.8200   -75.4663   123.0387    51.8673
    2934   97.7667      7.6959   -86.3955   -85.8200   -75.4663   123.0387    51.8673
    2935   97.8000      7.6959   -86.3955   -85.8200   -75.4663   123.0387    51.8673
    2936   97.8333      7.6959   -86.3955   -85.8200   -75.4663   123.0387    51.8673
    2937   97.8667      7.6959   -86.3955   -85.8200   -75.4663   123.0387    51.8673
    2938   97.9000      7.6959   -86.3955   -85.8200   -75.4663   123.0387    51.8673
    2939   97.9333      7.6959   -86.3955   -85.8200   -75.4663   123.0387    51.8673
    2940   97.9667      7.6959   -86.3955   -85.8200   -75.4663   123.0387    51.8673
    2941   98.0000      7.6959   -86.3955   -85.8200   -75.4663   123.0387    51.8673
    2942   98.0333      7.6959   -86.3955   -85.8200   -75.4663   123.0387    51.8673
    2943   98.0667      7.6959   -86.3955   -85.8200   -75.4663   123.0387    51.8673
    2944   98.1000      7.6959   -86.3955   -85.8200   -75.4663   123.0387    51.8673
    2945   98.1333      7.6959   -86.3955   -85.8200   -75.4663   123.0387    51.8673
    2946   98.1667      7.6959   -86.3955   -85.8200   -75.4663   123.0387    51.8673
    2947   98.2000      7.6959   -86.3955   -85.8200   -75.4663   123.0387    51.8673
    2948   98.2333      7.6959   -86.3955   -85.8200   -75.4663   123.0387    51.8673
    2949   98.2667      7.6959   -86.3955   -85.8200   -75.4663   123.0387    51.8673
    2950   98.3000      7.6959   -86.3955   -85.8200   -75.4663   123.0387    51.8673
    2951   98.3333      7.6959   -86.3955   -85.8200   -75.4663   123.0387    51.8673
    2952   98.3667      7.6959   -86.3955   -85.8200   -75.4663   123.0387    51.8673
    2953   98.4000      7.6959   -86.3955   -85.8200   -75.4663   123.0387    51.8673
    2954   98.4333      7.6959   -86.3955   -85.8200   -75.4663   123.0387    51.8673
    2955   98.4667      7.6959   -86.3955   -85.8200   -75.4663   123.0387    51.8673
    2956   98.5000      7.6959   -86.3955   -85.8200   -75.4663   123.0387    51.8673
    2957   98.5333      7.6959   -86.3955   -85.8200   -75.4663   123.0387    51.8673
    2958   98.5667      7.6959   -86.3955   -85.8200   -75.4663   123.0387    51.8673
    2959   98.6000      7.6959   -86.3955   -85.8200   -75.4663   123.0387    51.8673
    2960   98.6333      7.6959   -86.3955   -85.8200   -75.4663   123.0387    51.8673
    2961   98.6667      7.6959   -86.3955   -85.8200   -75.4663   123.0387    51.8673
    2962   98.7000      7.6959   -86.3955   -85.8200   -75.4663   123.0387    51.8673
    2963   98.7333      7.6959   -86.3955   -85.8200   -75.4663   123.0387    51.8673
    2964   98.7667      7.6959   -86.3955   -85.8200   -75.4663   123.0387    51.8673
    2965   98.8000      7.6959   -86.3955   -85.8200   -75.4663   123.0387    51.8673
    2966   98.8333      7.6959   -86.3955   -85.8200   -75.4663   123.0387    51.8673
    2967   98.8667      7.6959   -86.3955   -85.8200   -75.4663   123.0387    51.8673
    2968   98.9000      7.6959   -86.3955   -85.8200   -75.4663   123.0387    51.8673
    2969   98.9333      7.6959   -86.3955   -85.8200   -75.4663   123.0387    51.8673
    2970   98.9667      7.6959   -86.3955   -85.8200   -75.4663   123.0387    51.8673
    2971   99.0000      7.6959   -86.3955   -85.8200   -75.4663   123.0387    51.8673
    2972   99.0333      7.6959   -86.3955   -85.8200   -75.4663   123.0387    51.8673
    2973   99.0667      7.6959   -86.3955   -85.8200   -75.4663   123.0387    51.8673
    2974   99.1000      7.6959   -86.3955   -85.8200   -75.4663   123.0387    51.8673
    2975   99.1333      7.6959   -86.3955   -85.8200   -75.4663   123.0387    51.8673
    2976   99.1667      7.6959   -86.3955   -85.8200   -75.4663   123.0387    51.8673
    2977   99.2000      7.6959   -86.3955   -85.8200   -75.4663   123.0387    51.8673
    2978   99.2333      7.6959   -86.3955   -85.8200   -75.4663   123.0387    51.8673
    2979   99.2667      7.6959   -86.3955   -85.8200   -75.4663   123.0387    51.8673
    2980   99.3000      7.6959   -86.3955   -85.8200   -75.4663   123.0387    51.8673
    2981   99.3333      7.6959   -86.3955   -85.8200   -75.4663   123.0387    51.8673
    2982   99.3667      7.6959   -86.3955   -85.8200   -75.4663   123.0387    51.8673
    2983   99.4000      7.6959   -86.3955   -85.8200   -75.4663   123.0387    51.8673
    2984   99.4333      7.6959   -86.3955   -85.8200   -75.4663   123.0387    51.8673
    2985   99.4667      7.6959   -86.3955   -85.8200   -75.4663   123.0387    51.8673
    2986   99.5000      7.6959   -86.3955   -85.8200   -75.4663   123.0387    51.8673
    2987   99.5333      7.6959   -86.3955   -85.8200   -75.4663   123.0387    51.8673
    2988   99.5667      7.6959   -86.3955   -85.8200   -75.4663   123.0387    51.8673
    2989   99.6000      7.6959   -86.3955   -85.8200   -75.4663   123.0387    51.8673
    2990   99.6333      7.6959   -86.3955   -85.8200   -75.4663   123.0387    51.8673
    2991   99.6667      7.6959   -86.3955   -85.8200   -75.4663   123.0387    51.8673
    2992   99.7000      7.6959   -86.3955   -85.8200   -75.4663   123.0387    51.8673
    2993   99.7333      7.6959   -86.3955   -85.8200   -75.4663   123.0387    51.8673
    2994   99.7667      7.6959   -86.3955   -85.8200   -75.4663   123.0387    51.8673
    2995   99.8000      7.6959   -86.3955   -85.8200   -75.4663   123.0387    51.8673
    2996   99.8333      7.6959   -86.3955   -85.8200   -75.4663   123.0387    51.8673
    2997   99.8667      7.6959   -86.3955   -85.8200   -75.4663   123.0387    51.8673
    2998   99.9000      7.6959   -86.3955   -85.8200   -75.4663   123.0387    51.8673
    2999   99.9333      7.6959   -86.3955   -85.8200   -75.4663   123.0387    51.8673
    3000   99.9667      7.6959   -86.3955   -85.8200   -75.4663   123.0387    51.8673
    3001  100.0000      7.6959   -86.3955   -85.8200   -75.4663   123.0387    51.8673
    3002  100.0333      7.6959   -86.3955   -85.8200   -75.4663   123.0387    51.8673
    3003  100.0667      7.6959   -86.3955   -85.8200   -75.4663   123.0387    51.8673
    3004  100.1000      7.6959   -86.3955   -85.8200   -75.4663   123.0387    51.8673
    3005  100.1333      7.6959   -86.3955   -85.8200   -75.4663   123.0387    51.8673
    3006  100.1667      7.6959   -86.3955   -85.8200   -75.4663   123.0387    51.8673
    3007  100.2000      7.6959   -86.3955   -85.8200   -75.4663   123.0387    51.8673
    3008  100.2333      7.6959   -86.3955   -85.8200   -75.4663   123.0387    51.8673
    3009  100.2667      7.6959   -86.3955   -85.8200   -75.4663   123.0387    51.8673
    3010  100.3000      7.6959   -86.3955   -85.8200   -75.4663   123.0387    51.8673
    3011  100.3333      7.6959   -86.3955   -85.8200   -75.4663   123.0387    51.8673
    3012  100.3667      7.6959   -86.3955   -85.8200   -75.4663   123.0387    51.8673
    3013  100.4000      7.6959   -86.3955   -85.8200   -75.4663   123.0387    51.8673
    3014  100.4333      7.6959   -86.3955   -85.8200   -75.4663   123.0387    51.8673
    3015  100.4667      7.6959   -86.3955   -85.8200   -75.4663   123.0387    51.8673
    3016  100.5000      7.6959   -86.3955   -85.8200   -75.4663   123.0387    51.8673
    3017  100.5333      7.6959   -86.3955   -85.8200   -75.4663   123.0387    51.8673
    3018  100.5667      7.6959   -86.3955   -85.8200   -75.4663   123.0387    51.8673
    3019  100.6000      7.6959   -86.3955   -85.8200   -75.4663   123.0387    51.8673
    3020  100.6333      7.6959   -86.3955   -85.8200   -75.4663   123.0387    51.8673
    3021  100.6667      7.6959   -86.3955   -85.8200   -75.4663   123.0387    51.8673
    3022  100.7000      7.6959   -86.3955   -85.8200   -75.4663   123.0387    51.8673
    3023  100.7333      7.6959   -86.3955   -85.8200   -75.4663   123.0387    51.8673
    3024  100.7667      7.6959   -86.3955   -85.8200   -75.4663   123.0387    51.8673
    3025  100.8000      7.6959   -86.3955   -85.8200   -75.4663   123.0387    51.8673
    3026  100.8333      7.6959   -86.3955   -85.8200   -75.4663   123.0387    51.8673
    3027  100.8667      7.6959   -86.3955   -85.8200   -75.4663   123.0387    51.8673
    3028  100.9000      7.6959   -86.3955   -85.8200   -75.4663   123.0387    51.8673
    3029  100.9333      7.6959   -86.3955   -85.8200   -75.4663   123.0387    51.8673
    3030  100.9667      7.6959   -86.3955   -85.8200   -75.4663   123.0387    51.8673
    3031  101.0000      7.6959   -86.3955   -85.8200   -75.4663   123.0387    51.8673
    3032  101.0333      7.6959   -86.3955   -85.8200   -75.4663   123.0387    51.8673
    3033  101.0667      7.6959   -86.3955   -85.8200   -75.4663   123.0387    51.8673
    3034  101.1000      7.6959   -86.3955   -85.8200   -75.4663   123.0387    51.8673
    3035  101.1333      7.6959   -86.3955   -85.8200   -75.4663   123.0387    51.8673
    3036  101.1667      7.6959   -86.3955   -85.8200   -75.4663   123.0387    51.8673
    3037  101.2000      7.6959   -86.3955   -85.8200   -75.4663   123.0387    51.8673
    3038  101.2333      7.6959   -86.3955   -85.8200   -75.4663   123.0387    51.8673
    3039  101.2667      7.6959   -86.3955   -85.8200   -75.4663   123.0387    51.8673
    3040  101.3000      7.6959   -86.3955   -85.8200   -75.4663   123.0387    51.8673
    3041  101.3333      7.6959   -86.3955   -85.8200   -75.4663   123.0387    51.8673
    3042  101.3667      7.6959   -86.3955   -85.8200   -75.4663   123.0387    51.8673
    3043  101.4000      7.6959   -86.3955   -85.8200   -75.4663   123.0387    51.8673
    3044  101.4333      7.6959   -86.3955   -85.8200   -75.4663   123.0387    51.8673
    3045  101.4667      7.6959   -86.3955   -85.8200   -75.4663   123.0387    51.8673
    3046  101.5000      7.6959   -86.3955   -85.8200   -75.4663   123.0387    51.8673
    3047  101.5333      7.6959   -86.3955   -85.8200   -75.4663   123.0387    51.8673
    3048  101.5667      7.6959   -86.3955   -85.8200   -75.4663   123.0387    51.8673
    3049  101.6000      7.6959   -86.3955   -85.8200   -75.4663   123.0387    51.8673
    3050  101.6333      7.6959   -86.3955   -85.8200   -75.4663   123.0387    51.8673
    3051  101.6667      7.6959   -86.3955   -85.8200   -75.4663   123.0387    51.8673
    3052  101.7000      7.6959   -86.3955   -85.8200   -75.4663   123.0387    51.8673
    3053  101.7333      7.6959   -86.3955   -85.8200   -75.4663   123.0387    51.8673
    3054  101.7667      7.6959   -86.3955   -85.8200   -75.4663   123.0387    51.8673
    3055  101.8000      7.6959   -86.3955   -85.8200   -75.4663   123.0387    51.8673
    3056  101.8333      7.6959   -86.3955   -85.8200   -75.4663   123.0387    51.8673
    3057  101.8667      7.6959   -86.3955   -85.8200   -75.4663   123.0387    51.8673
    3058  101.9000      7.6959   -86.3955   -85.8200   -75.4663   123.0387    51.8673
    3059  101.9333      7.6959   -86.3955   -85.8200   -75.4663   123.0387    51.8673
    3060  101.9667      7.6959   -86.3955   -85.8200   -75.4663   123.0387    51.8673
    3061  102.0000      7.6959   -86.3955   -85.8200   -75.4663   123.0387    51.8673
    3062  102.0333      7.6959   -86.3955   -85.8200   -75.4663   123.0387    51.8673
    3063  102.0667      7.6959   -86.3955   -85.8200   -75.4663   123.0387    51.8673
    3064  102.1000      7.6959   -86.3955   -85.8200   -75.4663   123.0387    51.8673
    3065  102.1333      7.6959   -86.3955   -85.8200   -75.4663   123.0387    51.8673
    3066  102.1667      7.6959   -86.3955   -85.8200   -75.4663   123.0387    51.8673
    3067  102.2000      7.6959   -86.3955   -85.8200   -75.4663   123.0387    51.8673
    3068  102.2333      7.6959   -86.3955   -85.8200   -75.4663   123.0387    51.8673
    3069  102.2667      7.6959   -86.3955   -85.8200   -75.4663   123.0387    51.8673
    3070  102.3000      7.6959   -86.3955   -85.8200   -75.4663   123.0387    51.8673
    3071  102.3333      7.6959   -86.3955   -85.8200   -75.4663   123.0387    51.8673
    3072  102.3667      7.6959   -86.3955   -85.8200   -75.4663   123.0387    51.8673
    3073  102.4000      7.6959   -86.3955   -85.8200   -75.4663   123.0387    51.8673
    3074  102.4333      7.6959   -86.3955   -85.8200   -75.4663   123.0387    51.8673
    3075  102.4667      7.6959   -86.3955   -85.8200   -75.4663   123.0387    51.8673
    3076  102.5000      7.6959   -86.3955   -85.8200   -75.4663   123.0387    51.8673
    3077  102.5333      7.6959   -86.3955   -85.8200   -75.4663   123.0387    51.8673
    3078  102.5667      7.6959   -86.3955   -85.8200   -75.4663   123.0387    51.8673
    3079  102.6000      7.6959   -86.3955   -85.8200   -75.4663   123.0387    51.8673
    3080  102.6333      7.6959   -86.3955   -85.8200   -75.4663   123.0387    51.8673
    3081  102.6667      7.6959   -86.3955   -85.8200   -75.4663   123.0387    51.8673
    3082  102.7000      7.6959   -86.3955   -85.8200   -75.4663   123.0387    51.8673
    3083  102.7333      7.6959   -86.3955   -85.8200   -75.4663   123.0387    51.8673
    3084  102.7667      7.6959   -86.3955   -85.8200   -75.4663   123.0387    51.8673
    3085  102.8000      7.6959   -86.3955   -85.8200   -75.4663   123.0387    51.8673
    3086  102.8333      7.6959   -86.3955   -85.8200   -75.4663   123.0387    51.8673
    3087  102.8667      7.6959   -86.3955   -85.8200   -75.4663   123.0387    51.8673
    3088  102.9000      7.6959   -86.3955   -85.8200   -75.4663   123.0387    51.8673
    3089  102.9333      7.6959   -86.3955   -85.8200   -75.4663   123.0387    51.8673
    3090  102.9667      7.6959   -86.3955   -85.8200   -75.4663   123.0387    51.8673
    3091  103.0000      7.6959   -86.3955   -85.8200   -75.4663   123.0387    51.8673
    3092  103.0333      7.6959   -86.3955   -85.8200   -75.4663   123.0387    51.8673
    3093  103.0667      7.6959   -86.3955   -85.8200   -75.4663   123.0387    51.8673
    3094  103.1000      7.6959   -86.3955   -85.8200   -75.4663   123.0387    51.8673
    3095  103.1333      7.6959   -86.3955   -85.8200   -75.4663   123.0387    51.8673
    3096  103.1667      7.6959   -86.3955   -85.8200   -75.4663   123.0387    51.8673
    3097  103.2000      7.6959   -86.3955   -85.8200   -75.4663   123.0387    51.8673
    3098  103.2333      7.6959   -86.3955   -85.8200   -75.4663   123.0387    51.8673
    3099  103.2667      7.6959   -86.3955   -85.8200   -75.4663   123.0387    51.8673
    3100  103.3000      7.6959   -86.3955   -85.8200   -75.4663   123.0387    51.8673
    3101  103.3333      7.6959   -86.3955   -85.8200   -75.4663   123.0387    51.8673
    3102  103.3667      7.6959   -86.3955   -85.8200   -75.4663   123.0387    51.8673
    3103  103.4000      7.6959   -86.3955   -85.8200   -75.4663   123.0387    51.8673
    3104  103.4333      7.6959   -86.3955   -85.8200   -75.4663   123.0387    51.8673
    3105  103.4667      7.6959   -86.3955   -85.8200   -75.4663   123.0387    51.8673
    3106  103.5000      7.6959   -86.3955   -85.8200   -75.4663   123.0387    51.8673
    3107  103.5333      7.6959   -86.3955   -85.8200   -75.4663   123.0387    51.8673
    3108  103.5667      7.6959   -86.3955   -85.8200   -75.4663   123.0387    51.8673
    3109  103.6000      7.6959   -86.3955   -85.8200   -75.4663   123.0387    51.8673
    3110  103.6333      7.6959   -86.3955   -85.8200   -75.4663   123.0387    51.8673
    3111  103.6667      7.6959   -86.3955   -85.8200   -75.4663   123.0387    51.8673
    3112  103.7000      7.6959   -86.3955   -85.8200   -75.4663   123.0387    51.8673
    3113  103.7333      7.6959   -86.3955   -85.8200   -75.4663   123.0387    51.8673
    3114  103.7667      7.6959   -86.3955   -85.8200   -75.4663   123.0387    51.8673
    3115  103.8000      7.6959   -86.3955   -85.8200   -75.4663   123.0387    51.8673
    3116  103.8333      7.6959   -86.3955   -85.8200   -75.4663   123.0387    51.8673
    3117  103.8667      7.6959   -86.3955   -85.8200   -75.4663   123.0387    51.8673
    3118  103.9000      7.6959   -86.3955   -85.8200   -75.4663   123.0387    51.8673
    3119  103.9333      7.6959   -86.3955   -85.8200   -75.4663   123.0387    51.8673
    3120  103.9667      7.6959   -86.3955   -85.8200   -75.4663   123.0387    51.8673
    3121  104.0000      7.6959   -86.3955   -85.8200   -75.4663   123.0387    51.8673
    3122  104.0333      7.6959   -86.3955   -85.8200   -75.4663   123.0387    51.8673
    3123  104.0667      7.6959   -86.3955   -85.8200   -75.4663   123.0387    51.8673
    3124  104.1000      7.6959   -86.3955   -85.8200   -75.4663   123.0387    51.8673
    3125  104.1333      7.6959   -86.3955   -85.8200   -75.4663   123.0387    51.8673
    3126  104.1667      7.6959   -86.3955   -85.8200   -75.4663   123.0387    51.8673
    3127  104.2000      7.6959   -86.3955   -85.8200   -75.4663   123.0387    51.8673
    3128  104.2333      7.6959   -86.3955   -85.8200   -75.4663   123.0387    51.8673
    3129  104.2667      7.6959   -86.3955   -85.8200   -75.4663   123.0387    51.8673
    3130  104.3000      7.6959   -86.3955   -85.8200   -75.4663   123.0387    51.8673
    3131  104.3333      7.6959   -86.3955   -85.8200   -75.4663   123.0387    51.8673
    3132  104.3667      7.6959   -86.3955   -85.8200   -75.4663   123.0387    51.8673
    3133  104.4000      7.6959   -86.3955   -85.8200   -75.4663   123.0387    51.8673
    3134  104.4333      7.6959   -86.3955   -85.8200   -75.4663   123.0387    51.8673
    3135  104.4667      7.6959   -86.3955   -85.8200   -75.4663   123.0387    51.8673
    3136  104.5000      7.6959   -86.3955   -85.8200   -75.4663   123.0387    51.8673
    3137  104.5333      7.6959   -86.3955   -85.8200   -75.4663   123.0387    51.8673
    3138  104.5667      7.6959   -86.3955   -85.8200   -75.4663   123.0387    51.8673
    3139  104.6000      7.6959   -86.3955   -85.8200   -75.4663   123.0387    51.8673
    3140  104.6333      7.6959   -86.3955   -85.8200   -75.4663   123.0387    51.8673
    3141  104.6667      7.6959   -86.3955   -85.8200   -75.4663   123.0387    51.8673
    3142  104.7000      7.6959   -86.3955   -85.8200   -75.4663   123.0387    51.8673
    3143  104.7333      7.6959   -86.3955   -85.8200   -75.4663   123.0387    51.8673
    3144  104.7667      7.6959   -86.3955   -85.8200   -75.4663   123.0387    51.8673
    3145  104.8000      7.6959   -86.3955   -85.8200   -75.4663   123.0387    51.8673
    3146  104.8333      7.6959   -86.3955   -85.8200   -75.4663   123.0387    51.8673
    3147  104.8667      7.6959   -86.3955   -85.8200   -75.4663   123.0387    51.8673
    3148  104.9000      7.6959   -86.3955   -85.8200   -75.4663   123.0387    51.8673
    3149  104.9333      7.6959   -86.3955   -85.8200   -75.4663   123.0387    51.8673
    3150  104.9667      7.6959   -86.3955   -85.8200   -75.4663   123.0387    51.8673
    3151  105.0000      7.6959   -86.3955   -85.8200   -75.4663   123.0387    51.8673
    3152  105.0333      7.6959   -86.3955   -85.8200   -75.4663   123.0387    51.8673
    3153  105.0667      7.6959   -86.3955   -85.8200   -75.4663   123.0387    51.8673
    3154  105.1000      7.6959   -86.3955   -85.8200   -75.4663   123.0387    51.8673
    3155  105.1333      7.6959   -86.3955   -85.8200   -75.4663   123.0387    51.8673
    3156  105.1667      7.6959   -86.3955   -85.8200   -75.4663   123.0387    51.8673
    3157  105.2000      7.6959   -86.3955   -85.8200   -75.4663   123.0387    51.8673
    3158  105.2333      7.6959   -86.3955   -85.8200   -75.4663   123.0387    51.8673
    3159  105.2667      7.6959   -86.3955   -85.8200   -75.4663   123.0387    51.8673
    3160  105.3000      7.6959   -86.3955   -85.8200   -75.4663   123.0387    51.8673
    3161  105.3333      7.6959   -86.3955   -85.8200   -75.4663   123.0387    51.8673
    3162  105.3667      7.6959   -86.3955   -85.8200   -75.4663   123.0387    51.8673
    3163  105.4000      7.6959   -86.3955   -85.8200   -75.4663   123.0387    51.8673
    3164  105.4333      7.6959   -86.3955   -85.8200   -75.4663   123.0387    51.8673
    3165  105.4667      7.6959   -86.3955   -85.8200   -75.4663   123.0387    51.8673
    3166  105.5000      7.6959   -86.3955   -85.8200   -75.4663   123.0387    51.8673
    3167  105.5333      7.6959   -86.3955   -85.8200   -75.4663   123.0387    51.8673
    3168  105.5667      7.6959   -86.3955   -85.8200   -75.4663   123.0387    51.8673
    3169  105.6000      7.6959   -86.3955   -85.8200   -75.4663   123.0387    51.8673
    3170  105.6333      7.6959   -86.3955   -85.8200   -75.4663   123.0387    51.8673
    3171  105.6667      7.6959   -86.3955   -85.8200   -75.4663   123.0387    51.8673
    3172  105.7000      7.6959   -86.3955   -85.8200   -75.4663   123.0387    51.8673
    3173  105.7333      7.6959   -86.3955   -85.8200   -75.4663   123.0387    51.8673
    3174  105.7667      7.6959   -86.3955   -85.8200   -75.4663   123.0387    51.8673
    3175  105.8000      7.6959   -86.3955   -85.8200   -75.4663   123.0387    51.8673
    3176  105.8333      7.6959   -86.3955   -85.8200   -75.4663   123.0387    51.8673
    3177  105.8667      7.6959   -86.3955   -85.8200   -75.4663   123.0387    51.8673
    3178  105.9000      7.6959   -86.3955   -85.8200   -75.4663   123.0387    51.8673
    3179  105.9333      7.6959   -86.3955   -85.8200   -75.4663   123.0387    51.8673
    3180  105.9667      7.6959   -86.3955   -85.8200   -75.4663   123.0387    51.8673
    3181  106.0000      7.6959   -86.3955   -85.8200   -75.4663   123.0387    51.8673
    3182  106.0333      7.6959   -86.3955   -85.8200   -75.4663   123.0387    51.8673
    3183  106.0667      7.6959   -86.3955   -85.8200   -75.4663   123.0387    51.8673
    3184  106.1000      7.6959   -86.3955   -85.8200   -75.4663   123.0387    51.8673
    3185  106.1333      7.6959   -86.3955   -85.8200   -75.4663   123.0387    51.8673
    3186  106.1667      7.6959   -86.3955   -85.8200   -75.4663   123.0387    51.8673
    3187  106.2000      7.6959   -86.3955   -85.8200   -75.4663   123.0387    51.8673
    3188  106.2333      7.6959   -86.3955   -85.8200   -75.4663   123.0387    51.8673
    3189  106.2667      7.6959   -86.3955   -85.8200   -75.4663   123.0387    51.8673
    3190  106.3000      7.6959   -86.3955   -85.8200   -75.4663   123.0387    51.8673
    3191  106.3333      7.6959   -86.3955   -85.8200   -75.4663   123.0387    51.8673
    3192  106.3667      7.6959   -86.3955   -85.8200   -75.4663   123.0387    51.8673
    3193  106.4000      7.6959   -86.3955   -85.8200   -75.4663   123.0387    51.8673
    3194  106.4333      7.6959   -86.3955   -85.8200   -75.4663   123.0387    51.8673
    3195  106.4667      7.6959   -86.3955   -85.8200   -75.4663   123.0387    51.8673
    3196  106.5000      7.6959   -86.3955   -85.8200   -75.4663   123.0387    51.8673
    3197  106.5333      7.6959   -86.3955   -85.8200   -75.4663   123.0387    51.8673
    3198  106.5667      7.6959   -86.3955   -85.8200   -75.4663   123.0387    51.8673
    3199  106.6000      7.6959   -86.3955   -85.8200   -75.4663   123.0387    51.8673
    3200  106.6333      7.6959   -86.3955   -85.8200   -75.4663   123.0387    51.8673
    3201  106.6667      7.6959   -86.3955   -85.8200   -75.4663   123.0387    51.8673
    3202  106.7000      7.6959   -86.3955   -85.8200   -75.4663   123.0387    51.8673
    3203  106.7333      7.6959   -86.3955   -85.8200   -75.4663   123.0387    51.8673
    3204  106.7667      7.6959   -86.3955   -85.8200   -75.4663   123.0387    51.8673
    3205  106.8000      7.6959   -86.3955   -85.8200   -75.4663   123.0387    51.8673
    3206  106.8333      7.6959   -86.3955   -85.8200   -75.4663   123.0387    51.8673
    3207  106.8667      7.6959   -86.3955   -85.8200   -75.4663   123.0387    51.8673
    3208  106.9000      7.6959   -86.3955   -85.8200   -75.4663   123.0387    51.8673
    3209  106.9333      7.6959   -86.3955   -85.8200   -75.4663   123.0387    51.8673
    3210  106.9667      7.6959   -86.3955   -85.8200   -75.4663   123.0387    51.8673
    3211  107.0000      7.6959   -86.3955   -85.8200   -75.4663   123.0387    51.8673
    3212  107.0333      7.6959   -86.3955   -85.8200   -75.4663   123.0387    51.8673
    3213  107.0667      7.6959   -86.3955   -85.8200   -75.4663   123.0387    51.8673
    3214  107.1000      7.6959   -86.3955   -85.8200   -75.4663   123.0387    51.8673
    3215  107.1333      7.6959   -86.3955   -85.8200   -75.4663   123.0387    51.8673
    3216  107.1667      7.6959   -86.3955   -85.8200   -75.4663   123.0387    51.8673
    3217  107.2000      7.6959   -86.3955   -85.8200   -75.4663   123.0387    51.8673
    3218  107.2333      7.6959   -86.3955   -85.8200   -75.4663   123.0387    51.8673
    3219  107.2667      7.6959   -86.3955   -85.8200   -75.4663   123.0387    51.8673
    3220  107.3000      7.6959   -86.3955   -85.8200   -75.4663   123.0387    51.8673
    3221  107.3333      7.6959   -86.3955   -85.8200   -75.4663   123.0387    51.8673
    3222  107.3667      7.6959   -86.3955   -85.8200   -75.4663   123.0387    51.8673
    3223  107.4000      7.6959   -86.3955   -85.8200   -75.4663   123.0387    51.8673
    3224  107.4333      7.6959   -86.3955   -85.8200   -75.4663   123.0387    51.8673
    3225  107.4667      7.6959   -86.3955   -85.8200   -75.4663   123.0387    51.8673
    3226  107.5000      7.6959   -86.3955   -85.8200   -75.4663   123.0387    51.8673
    3227  107.5333      7.6959   -86.3955   -85.8200   -75.4663   123.0387    51.8673
    3228  107.5667      7.6959   -86.3955   -85.8200   -75.4663   123.0387    51.8673
    3229  107.6000      7.6959   -86.3955   -85.8200   -75.4663   123.0387    51.8673
    3230  107.6333      7.6959   -86.3955   -85.8200   -75.4663   123.0387    51.8673
    3231  107.6667      7.6959   -86.3955   -85.8200   -75.4663   123.0387    51.8673
    3232  107.7000      7.6959   -86.3955   -85.8200   -75.4663   123.0387    51.8673
    3233  107.7333      7.6959   -86.3955   -85.8200   -75.4663   123.0387    51.8673
    3234  107.7667      7.6959   -86.3955   -85.8200   -75.4663   123.0387    51.8673
    3235  107.8000      7.6959   -86.3955   -85.8200   -75.4663   123.0387    51.8673
    3236  107.8333      7.6959   -86.3955   -85.8200   -75.4663   123.0387    51.8673
    3237  107.8667      7.6959   -86.3955   -85.8200   -75.4663   123.0387    51.8673
    3238  107.9000      7.6959   -86.3955   -85.8200   -75.4663   123.0387    51.8673
