# Posiciones articulares (matriz) del PSM derecho
# Trial JIGSAWS: Needle_Passing_B003  (3238 frames @ 30 Hz)
# q1-q2-q4-q5-q6-q7 en grados; q3 (insercion) en metros
# IK=0 marca frames sin solucion valida (se conserva la
# ultima configuracion valida; en la animacion salen en rojo)
# modo de mapeo del gripper: crudo
# IK OK 100.00 %, error mediana 0.00000 mm, maximo 0.00100 mm, margen minimo 0.5193
#  frame      t(s)  gesto   IK  sat     q1(deg)    q2(deg)      q3(m)    q4(deg)    q5(deg)    q6(deg)    q7(deg)    err(mm)
       1    0.0000      -    1    0     -9.0681    -6.0139   0.110413    11.7510   -18.8324     1.7813     0.0000    0.00018
       2    0.0333      -    1    0     -9.0190    -6.0207   0.110431    11.8660   -18.8160     1.6344     0.0000    0.00008
       3    0.0667      -    1    0     -9.0116    -6.0098   0.110466    11.9062   -18.8276     1.5854     0.0000    0.00001
       4    0.1000      -    1    0     -8.9960    -5.9850   0.110545    12.0025   -18.8545     1.4694     0.0000    0.00003
       5    0.1333      -    1    0     -8.9579    -5.9780   0.110551    12.1268   -18.8316     1.4775     0.0000    0.00005
       6    0.1667      -    1    0     -8.9433    -5.9890   0.110534    12.2075   -18.7920     1.5525     0.0000    0.00005
       7    0.2000      -    1    0     -8.9367    -5.9949   0.110512    12.2343   -18.7852     1.5192     0.0000    0.00001
       8    0.2333      -    1    0     -8.9027    -6.0430   0.110446    12.2729   -18.5550     1.4244     0.0000    0.00022
       9    0.2667      -    1    0     -8.8769    -6.0562   0.110417    12.3188   -18.5428     1.3650     0.0000    0.00004
      10    0.3000      -    1    0     -8.8763    -6.0646   0.110422    12.3535   -18.5334     1.3331     0.0000    0.00001
      11    0.3333      -    1    0     -8.8818    -6.0891   0.110434    12.4236   -18.5072     1.2767     0.0000    0.00003
      12    0.3667      -    1    0     -8.8745    -6.0941   0.110438    12.4785   -18.5009     1.2168     0.0000    0.00002
      13    0.4000      -    1    0     -8.8690    -6.0937   0.110437    12.5110   -18.5010     1.1782     0.0000    0.00001
      14    0.4333      -    1    0     -8.8553    -6.1498   0.110440    12.5487   -18.2523     1.1090     0.0000    0.00019
      15    0.4667      -    1    0     -8.8525    -6.2089   0.110494    12.5980   -18.1969     1.1009     0.0000    0.00007
      16    0.5000      -    1    0     -8.8540    -6.2772   0.110527    12.6715   -18.1157     1.0686     0.0000    0.00009
      17    0.5333      -    1    0     -8.8553    -6.3004   0.110532    12.7046   -18.0887     1.0484     0.0000    0.00001
      18    0.5667      -    1    0     -8.8521    -6.3098   0.110533    12.7622   -18.0782     0.9902     0.0000    0.00002
      19    0.6000      -    1    0     -8.8486    -6.3057   0.110531    12.8335   -18.0847     0.9084     0.0000    0.00002
      20    0.6333      -    1    0     -8.8449    -6.3061   0.110528    12.8709   -18.0844     0.8656     0.0000    0.00001
      21    0.6667      -    1    0     -8.8374    -6.3084   0.110518    12.9329   -18.0820     0.7939     0.0000    0.00002
      22    0.7000      -    1    0     -8.8312    -6.3095   0.110510    12.9933   -18.0810     0.7247     0.0000    0.00002
      23    0.7333      -    1    0     -8.8351    -6.3077   0.110514    13.0234   -18.0849     0.6941     0.0000    0.00001
      24    0.7667      -    1    0     -8.8138    -6.3450   0.110496    12.6692   -17.8229     0.7538     0.0000    0.00000
      25    0.8000      -    1    0     -8.8139    -6.3447   0.110499    12.6901   -17.8387     0.7351     0.0000    0.00000
      26    0.8333      -    1    0     -8.8133    -6.3461   0.110493    12.7184   -17.8384     0.7043     0.0000    0.00001
      27    0.8667      -    1    0     -8.8101    -6.3449   0.110495    12.7418   -17.8397     0.6770     0.0000    0.00001
      28    0.9000      -    1    0     -8.8093    -6.3430   0.110499    12.7900   -17.8431     0.6241     0.0000    0.00001
      29    0.9333      -    1    0     -8.8052    -6.3431   0.110495    12.8483   -17.8439     0.5581     0.0000    0.00002
      30    0.9667      -    1    0     -8.7903    -6.3766   0.110474    12.8719   -17.6300     0.4863     0.0000    0.00015
      31    1.0000      -    1    0     -8.7889    -6.3795   0.110472    12.8774   -17.6315     0.4801     0.0000    0.00000
      32    1.0333      -    1    0     -8.7910    -6.3804   0.110478    12.8825   -17.6376     0.4790     0.0000    0.00000
      33    1.0667      -    1    0     -8.7920    -6.3805   0.110476    12.9089   -17.6388     0.4510     0.0000    0.00001
      34    1.1000      -    1    0     -8.7929    -6.3854   0.110483    12.9349   -17.6336     0.4273     0.0000    0.00001
      35    1.1333      -    1    0     -8.7871    -6.4258   0.110514    12.6337   -17.5472     0.5028     0.0000    0.00018
      36    1.1667      -    1    0     -8.7914    -6.4644   0.110540    12.6779   -17.5015     0.4847     0.0000    0.00003
      37    1.2000      -    1    0     -8.8099    -6.4747   0.110546    12.6785   -17.4650     0.6715     0.0000    0.00006
      38    1.2333      -    1    0     -8.8446    -6.5152   0.110563    11.5952   -17.1820     1.7285     0.0000    0.00000
      39    1.2667      -    1    0     -8.9569    -6.5766   0.110540    11.1629   -16.8345     3.3486     0.0000    0.00000
      40    1.3000      -    1    0     -9.0160    -6.5846   0.110503    10.9979   -16.7040     4.2299     0.0000    0.00000
      41    1.3333      -    1    0     -9.0256    -6.5884   0.110490    10.9438   -16.6672     4.4617     0.0000    0.00010
      42    1.3667      -    1    0     -9.0286    -6.5743   0.110500    10.9743   -16.8169     4.6465     0.0000    0.00012
      43    1.4000      -    1    0     -8.9959    -6.5716   0.110545    11.0476   -16.7466     4.8895     3.2416    0.00018
      44    1.4333      -    1    0     -8.9774    -6.5761   0.110576    11.0877   -16.6736     5.1797     6.7126    0.00018
      45    1.4667      -    1    0     -8.9439    -6.5848   0.110667    11.1632   -16.5290     5.7650    11.7180    0.00000
      46    1.5000      -    1    0     -8.8945    -6.5576   0.110735    11.2281   -16.5195     5.8243    14.5715    0.00010
      47    1.5333      -    1    0     -8.8548    -6.5219   0.110737    11.3037   -16.5579     5.6972    16.1527    0.00007
      48    1.5667      -    1    0     -8.8465    -6.5182   0.110723    11.3441   -16.5634     5.6435    16.3959    0.00002
      49    1.6000      -    1    0     -8.8540    -6.5082   0.110693    11.3904   -16.5818     5.5866    16.5550    0.00002
      50    1.6333      -    1    0     -8.8562    -6.4975   0.110679    11.4216   -16.5981     5.5451    16.5831    0.00001
      51    1.6667      -    1    0     -8.8544    -6.4908   0.110676    11.4429   -16.6073     5.5164    16.5831    0.00001
      52    1.7000      -    1    0     -8.8518    -6.4851   0.110680    11.4847   -16.6158     5.4663    16.6111    0.00001
      53    1.7333      -    1    0     -8.8466    -6.4687   0.110672    11.5288   -16.6376     5.4038    16.9667    0.00002
      54    1.7667      -    1    0     -8.8415    -6.4305   0.110653    11.5388   -16.6846     5.3643    17.3128    0.00004
      55    1.8000      -    1    0     -8.8533    -6.4136   0.110645    11.5417   -16.6772     5.5257    17.6496    0.00005
      56    1.8333      -    1    0     -8.8516    -6.3461   0.110643    11.5412   -16.7602     5.4835    18.3700    0.00007
      57    1.8667      -    1    0     -8.8578    -6.2959   0.110613    11.5484   -16.7939     5.6127    18.9688    0.00007
      58    1.9000      -    1    0     -8.8649    -6.2648   0.110581    11.5492   -16.8035     5.7637    19.7079    0.00006
      59    1.9333      -    1    0     -8.8838    -6.1975   0.110474    11.5680   -16.7737     6.3580    20.8961    0.00062
      60    1.9667      -    1    0     -8.9082    -6.1309   0.110390    11.1876   -16.6629     7.1413    21.1581    0.00000
      61    2.0000      -    1    0     -8.9216    -6.0687   0.110340    11.1588   -16.6803     7.4703    20.9429    0.00023
      62    2.0333      -    1    0     -8.9130    -6.0476   0.110324    11.1726   -16.7058     7.4340    21.0832    0.00002
      63    2.0667      -    1    0     -8.9026    -6.0552   0.110321    10.8633   -16.6202     7.4891    21.2422    0.00017
      64    2.1000      -    1    0     -8.9018    -6.0675   0.110327    10.9041   -16.6072     7.4513    21.4107    0.00001
      65    2.1333      -    1    0     -8.8903    -6.0700   0.110318    10.5696   -16.5263     7.5295    21.4949    0.00017
      66    2.1667      -    1    0     -8.8785    -6.0693   0.110318    10.2686   -16.4511     7.5697    21.4106    0.00015
      67    2.2000      -    1    0     -8.8825    -6.0690   0.110330    10.2983   -16.4541     7.5412    21.1487    0.00001
      68    2.2333      -    1    0     -8.8827    -6.0601   0.110323    10.3178   -16.4670     7.5135    21.4200    0.00001
      69    2.2667      -    1    0     -8.8813    -6.0509   0.110318    10.3254   -16.4790     7.4981    21.5697    0.00001
      70    2.3000      -    1    0     -8.8661    -6.0236   0.110286     9.9999   -16.4360     7.5430    21.3077    0.00009
      71    2.3333      -    1    0     -8.8628    -5.9811   0.110269    10.0078   -16.4896     7.5055    21.2610    0.00004
      72    2.3667      -    1    0     -8.8582    -5.9632   0.110255    10.0177   -16.5124     7.4794    21.3171    0.00002
      73    2.4000      -    1    0     -8.8555    -5.9261   0.110247    10.0252   -16.5589     7.4470    21.3171    0.00003
      74    2.4333      -    1    0     -8.8556    -5.9184   0.110247    10.0378   -16.5695     7.4288    21.3171    0.00001
      75    2.4667      -    1    0     -8.8497    -5.9177   0.110247    10.0566   -16.5703     7.4040    21.5417    0.00001
      76    2.5000      -    1    0     -8.8410    -5.9144   0.110243    10.0708   -16.5735     7.3807    21.5978    0.00001
      77    2.5333      -    1    0     -8.8372    -5.9195   0.110252    10.0867   -16.5671     7.3646    21.5978    0.00000
      78    2.5667      -    1    0     -8.8278    -5.9285   0.110244     9.7644   -16.4799     7.4340    21.6633    0.00018
      79    2.6000      -    1    0     -8.8272    -5.9228   0.110241     9.7649   -16.4876     7.4289    21.7662    0.00000
      80    2.6333      -    1    0     -8.8224    -5.9210   0.110231     9.7826   -16.4905     7.4043    21.9720    0.00001
      81    2.6667      -    1    0     -8.8204    -5.9298   0.110224     9.8046   -16.4813     7.3827    21.8130    0.00001
      82    2.7000      -    1    0     -8.8213    -5.9269   0.110234     9.8167   -16.4856     7.3695    21.6165    0.00000
      83    2.7333      -    1    0     -8.8205    -5.9267   0.110234     9.8304   -16.4868     7.3537    21.6258    0.00000
      84    2.7667      -    1    0     -8.8143    -5.9293   0.110222     9.8558   -16.4846     7.3212    21.6446    0.00001
      85    2.8000      -    1    0     -8.8175    -5.9273   0.110229     9.8593   -16.4878     7.3192    21.6633    0.00000
      86    2.8333      -    1    0     -8.8183    -5.9261   0.110233     9.8714   -16.4903     7.3060    21.6820    0.00000
      87    2.8667      -    1    0     -8.8183    -5.9348   0.110237     9.8913   -16.4806     7.2896    21.5697    0.00001
      88    2.9000      -    1    0     -8.8165    -5.9436   0.110244     9.9063   -16.4702     7.2778    21.4762    0.00000
      89    2.9333      -    1    0     -8.8209    -5.9390   0.110249     9.9083   -16.4770     7.2761    21.3452    0.00000
      90    2.9667      -    1    0     -8.8211    -5.9389   0.110248     9.9150   -16.4776     7.2687    21.3358    0.00000
      91    3.0000      -    1    0     -8.8168    -5.9363   0.110243     9.9321   -16.4815     7.2448    21.3920    0.00001
      92    3.0333      -    1    0     -8.8175    -5.9394   0.110244     9.9442   -16.4786     7.2337    21.4106    0.00000
      93    3.0667      -    1    0     -8.8192    -5.9384   0.110247     9.9492   -16.4805     7.2291    21.3826    0.00000
      94    3.1000      -    1    0     -8.8185    -5.9382   0.110247     9.9629   -16.4817     7.2132    21.2329    0.00000
      95    3.1333      -    1    0     -8.8180    -5.9396   0.110255     9.9697   -16.4800     7.2071    21.0645    0.00000
      96    3.1667      -    1    0     -8.8192    -5.9351   0.110256     9.9750   -16.4861     7.1998    21.0177    0.00000
      97    3.2000      -    1    0     -8.8126    -5.9470   0.110254     9.6429   -16.3966     7.2835    20.9896    0.00019
      98    3.2333      -    1    0     -8.8123    -5.9469   0.110254     9.6502   -16.3970     7.2752    20.9896    0.00000
      99    3.2667      -    1    0     -8.8116    -5.9454   0.110260     9.6573   -16.3993     7.2669    20.9148    0.00000
     100    3.3000      -    1    0     -8.8156    -5.9482   0.110263     9.6604   -16.3968     7.2679    20.8774    0.00000
     101    3.3333      -    1    0     -8.8181    -5.9463   0.110269     9.6709   -16.4003     7.2576    20.8400    0.00000
     102    3.3667      -    1    0     -8.8193    -5.9418   0.110271     9.6761   -16.4065     7.2503    20.8587    0.00000
     103    3.4000      -    1    0     -8.8119    -5.9532   0.110270     9.3445   -16.3167     7.3326    20.8680    0.00019
     104    3.4333      -    1    0     -8.8122    -5.9532   0.110269     9.3516   -16.3177     7.3248    20.8680    0.00000
     105    3.4667      -    1    0     -8.8059    -5.9346   0.110258     9.3564   -16.3405     7.3036    20.9803    0.00001
     106    3.5000      -    1    0     -8.8101    -5.9239   0.110258     9.3654   -16.3557     7.2901    21.0364    0.00001
     107    3.5333      -    1    0     -8.8101    -5.9239   0.110258     9.3654   -16.3557     7.2901    21.0458    0.00001
     108    3.5667      -    1    0     -8.8041    -5.9278   0.110254     9.3775   -16.3506     7.2750    21.0458    0.00001
     109    3.6000      -    1    0     -8.8050    -5.9240   0.110256     9.3894   -16.3567     7.2600    21.0552    0.00000
     110    3.6333      -    1    0     -8.8093    -5.9265   0.110258     9.3924   -16.3546     7.2612    21.0364    0.00000
     111    3.6667      -    1    0     -8.8082    -5.9258   0.110259     9.4062   -16.3563     7.2449    21.0271    0.00000
     112    3.7000      -    1    0     -8.8053    -5.9221   0.110259     9.4151   -16.3611     7.2311    21.0364    0.00000
     113    3.7333      -    1    0     -8.8054    -5.9255   0.110261     9.4216   -16.3575     7.2258    21.0645    0.00000
     114    3.7667      -    1    0     -8.8051    -5.9254   0.110261     9.4284   -16.3581     7.2179    21.0926    0.00000
     115    3.8000      -    1    0     -8.8036    -5.9217   0.110260     9.4367   -16.3631     7.2056    21.0832    0.00000
     116    3.8333      -    1    0     -8.7983    -5.9260   0.110271     9.1024   -16.2824     7.2898    21.2516    0.00017
     117    3.8667      -    1    0     -8.8052    -5.9221   0.110285     9.1029   -16.2881     7.2935    21.2890    0.00000
     118    3.9000      -    1    0     -8.8049    -5.9220   0.110285     9.1099   -16.2889     7.2855    21.2797    0.00000
     119    3.9333      -    1    0     -8.8029    -5.9232   0.110281     9.1250   -16.2887     7.2674    21.2890    0.00000
     120    3.9667      -    1    0     -8.8041    -5.9231   0.110279     9.1303   -16.2895     7.2621    21.2890    0.00000
     121    4.0000      -    1    0     -8.8040    -5.9234   0.110279     9.1370   -16.2898     7.2546    21.3077    0.00000
     122    4.0333      -    1    0     -8.8028    -5.9183   0.110283     9.1442   -16.2963     7.2437    21.3077    0.00000
     123    4.0667      -    1    0     -8.8026    -5.9241   0.110285     9.1642   -16.2907     7.2249    21.2422    0.00001
     124    4.1000      -    1    0     -8.8042    -5.9249   0.110284     9.1637   -16.2902     7.2266    21.1767    0.00000
     125    4.1333      -    1    0     -8.7990    -5.9198   0.110286     9.1801   -16.2966     7.2028    21.0364    0.00001
     126    4.1667      -    1    0     -8.7967    -5.9203   0.110282     9.2019   -16.2977     7.1767    21.0177    0.00001
     127    4.2000      -    1    0     -8.7969    -5.9177   0.110280     9.2008   -16.3010     7.1760    21.0271    0.00000
     128    4.2333      -    1    0     -8.7953    -5.9160   0.110273     9.2158   -16.3046     7.1562    21.2048    0.00001
     129    4.2667      -    1    0     -8.7890    -5.9219   0.110263     9.2412   -16.2986     7.1258    21.3358    0.00001
     130    4.3000      -    1    0     -8.7850    -5.9237   0.110256     9.2513   -16.2967     7.1119    21.3077    0.00000
     131    4.3333      -    1    0     -8.7887    -5.9243   0.110264     9.2546   -16.2965     7.1123    21.2142    0.00000
     132    4.3667      -    1    0     -8.7899    -5.9279   0.110264     9.2731   -16.2940     7.0943    21.1955    0.00000
     133    4.4000      -    1    0     -8.7833    -5.9240   0.110263     9.2920   -16.2991     7.0668    21.2422    0.00001
     134    4.4333      -    1    0     -8.7860    -5.9235   0.110263     9.3022   -16.3013     7.0569    21.3171    0.00000
     135    4.4667      -    1    0     -8.7892    -5.9228   0.110265     9.3123   -16.3037     7.0474    21.3920    0.00000
     136    4.5000      -    1    0     -8.7854    -5.9232   0.110262     9.3358   -16.3045     7.0186    21.4387    0.00001
     137    4.5333      -    1    0     -8.7796    -5.9249   0.110256     9.3533   -16.3030     6.9953    21.5697    0.00001
     138    4.5667      -    1    0     -8.7813    -5.9235   0.110259     9.3517   -16.3047     6.9981    21.5791    0.00000
     139    4.6000      -    1    0     -8.7896    -5.9202   0.110272     9.3634   -16.3112     6.9897    21.5229    0.00000
     140    4.6333      -    1    0     -8.7848    -5.9200   0.110270     9.3873   -16.3126     6.9598    21.5136    0.00001
     141    4.6667      -    1    0     -8.7839    -5.9164   0.110268     9.3943   -16.3174     6.9492    21.5136    0.00000
     142    4.7000      -    1    0     -8.7853    -5.9171   0.110266     9.4060   -16.3182     6.9369    21.5417    0.00000
     143    4.7333      -    1    0     -8.7845    -5.9168   0.110266     9.4197   -16.3195     6.9210    21.5697    0.00000
     144    4.7667      -    1    0     -8.7835    -5.9151   0.110271     9.4334   -16.3223     6.9048    21.5603    0.00000
     145    4.8000      -    1    0     -8.7831    -5.9150   0.110271     9.4402   -16.3230     6.8969    21.5510    0.00000
     146    4.8333      -    1    0     -8.7720    -5.9203   0.110264     9.1210   -16.2441     6.9659    21.6352    0.00016
     147    4.8667      -    1    0     -8.7693    -5.9215   0.110261     9.1273   -16.2425     6.9492    21.7755    0.00000
     148    4.9000      -    1    0     -8.7688    -5.9183   0.110259     9.1343   -16.2471     6.9390    21.8598    0.00000
     149    4.9333      -    1    0     -8.7846    -5.9220   0.110258     9.1377   -16.2052     7.1159    21.9159    0.00006
     150    4.9667      -    1    0     -8.7843    -5.9190   0.110257     9.1379   -16.2094     7.1126    21.8504    0.00000
     151    5.0000      -    1    0     -8.7835    -5.9218   0.110259     9.1458   -16.2063     7.1052    21.8410    0.00000
     152    5.0333      -    1    0     -8.7817    -5.9213   0.110261     9.1466   -16.2065     7.1032    21.8410    0.00000
     153    5.0667      -    1    0     -8.7864    -5.9196   0.110267     9.1551   -16.2102     7.0964    21.8036    0.00000
     154    5.1000      -    1    0     -8.7846    -5.9204   0.110275     9.1701   -16.2098     7.0803    21.7568    0.00000
     155    5.1333      -    1    0     -8.7877    -5.9166   0.110275     9.1670   -16.2148     7.0836    21.7568    0.00000
     156    5.1667      -    1    0     -8.7772    -5.9269   0.110278     8.8388   -16.1273     7.1591    21.7475    0.00018
     157    5.2000      -    1    0     -8.7788    -5.9279   0.110274     8.8508   -16.1278     7.1465    21.7568    0.00000
     158    5.2333      -    1    0     -8.7763    -5.9237   0.110276     8.8531   -16.1325     7.1406    21.7568    0.00000
     159    5.2667      -    1    0     -8.7761    -5.9269   0.110277     8.8664   -16.1298     7.1274    21.7568    0.00000
     160    5.3000      -    1    0     -8.7753    -5.9267   0.110277     8.8800   -16.1313     7.1116    21.7662    0.00000
     161    5.3333      -    1    0     -8.7749    -5.9247   0.110282     8.8869   -16.1340     7.1035    21.7475    0.00000
     162    5.3667      -    1    0     -8.7741    -5.9216   0.110281     8.8872   -16.1378     7.1007    21.7381    0.00000
     163    5.4000      -    1    0     -8.7734    -5.9239   0.110282     8.9073   -16.1366     7.0793    21.6632    0.00001
     164    5.4333      -    1    0     -8.7752    -5.9247   0.110280     8.9123   -16.1366     7.0748    21.3920    0.00000
     165    5.4667      -    1    0     -8.7780    -5.9225   0.110287     8.9225   -16.1407     7.0650    21.3451    0.00000
     166    5.5000      -    1    0     -8.7809    -5.9206   0.110294     8.9261   -16.1436     7.0627    21.3545    0.00000
     167    5.5333      -    1    0     -8.7822    -5.9195   0.110297     8.9379   -16.1463     7.0501    21.3451    0.00000
     168    5.5667      -    1    0     -8.7769    -5.9150   0.110287     8.9552   -16.1530     7.0233    21.3265    0.00001
     169    5.6000      -    1    0     -8.7783    -5.9135   0.110290     8.9603   -16.1554     7.0183    21.3265    0.00000
     170    5.6333      -    1    0     -8.7954    -5.9235   0.110284     8.9698   -16.1063     7.1906    21.3452    0.00006
     171    5.6667      -    1    0     -8.7919    -5.9185   0.110286     8.9723   -16.1118     7.1830    21.3733    0.00000
     172    5.7000      -    1    0     -8.7902    -5.9060   0.110280     8.9729   -16.1276     7.1732    21.4574    0.00001
     173    5.7333      -    1    0     -8.7902    -5.9014   0.110271     8.9729   -16.1338     7.1692    21.6072    0.00000
     174    5.7667      -    1    0     -8.7784    -5.9034   0.110261     8.9900   -16.1306     7.1426    22.1030    0.00001
     175    5.8000      -    1    0     -8.7705    -5.9057   0.110252     9.0036   -16.1278     7.1224    22.3649    0.00001
     176    5.8333      -    1    0     -8.7579    -5.9078   0.110247     8.6639   -16.0488     7.2030    22.5053    0.00017
     177    5.8667      -    1    0     -8.7717    -5.9101   0.110241     8.6699   -16.0075     7.3730    22.7860    0.00006
     178    5.9000      -    1    0     -8.7834    -5.9073   0.110229     8.6710   -15.9718     7.5433    22.7860    0.00006
     179    5.9333      -    1    0     -8.7824    -5.9007   0.110225     8.6782   -15.9808     7.5305    22.6550    0.00000
     180    5.9667      -    1    0     -8.7993    -5.9031   0.110221     8.6876   -15.9396     7.7011    22.6644    0.00006
     181    6.0000      -    1    0     -8.7955    -5.9049   0.110214     8.6911   -15.9379     7.6924    22.6269    0.00000
     182    6.0333      -    1    0     -8.7935    -5.9091   0.110212     8.6995   -15.9331     7.6838    22.6269    0.00000
     183    6.0667      -    1    0     -8.7926    -5.9055   0.110210     8.7065   -15.9382     7.6733    22.8047    0.00000
     184    6.1000      -    1    0     -8.7849    -5.8984   0.110194     8.7321   -15.9487     7.6334    23.2444    0.00001
     185    6.1333      -    1    0     -8.7896    -5.9023   0.110169     8.7465   -15.9050     7.7866    23.5064    0.00005
     186    6.1667      -    1    0     -8.7937    -5.9039   0.110142     8.7613   -15.8636     7.9400    23.6748    0.00005
     187    6.2000      -    1    0     -8.7778    -5.8859   0.110076     8.7858   -15.8465     8.0485    23.8619    0.00004
     188    6.2333      -    1    0     -8.7819    -5.8833   0.110012     8.8125   -15.7715     8.3470    24.0771    0.00016
     189    6.2667      -    1    0     -8.7467    -5.8788   0.109936     8.8435   -15.7768     8.2749    24.1519    0.00007
     190    6.3000      -    1    0     -8.7237    -5.8840   0.109888     8.8705   -15.7701     8.2261    24.1519    0.00004
     191    6.3333      -    1    0     -8.6927    -5.9078   0.109798     8.5764   -15.6186     8.4144    24.0677    0.00000
     192    6.3667      -    1    0     -8.6488    -5.9110   0.109634     8.6402   -15.5330     8.6304    24.1426    0.00023
     193    6.4000      -    1    0     -8.6491    -5.9203   0.109522     8.6841   -15.4012     9.0766    24.1426    0.00038
     194    6.4333      -    1    0     -8.6105    -5.8993   0.109221     8.3751   -15.0897    10.0628    23.9461    0.00000
     195    6.4667      -    1    0     -8.4758    -5.7502   0.108831     8.0307   -15.0913    10.2639    23.6093    0.00000
     196    6.5000      -    1    0     -8.3096    -5.5480   0.108393     7.8019   -15.2115    10.1167    23.1602    0.00000
     197    6.5333      -    1    0     -8.2309    -5.4798   0.108142     7.9114   -15.2153    10.2088    22.9169    0.00050
     198    6.5667      -    1    0     -8.0805    -5.4829   0.107616     7.0988   -14.5723    11.4240    22.1872    0.00000
     199    6.6000      -    1    0     -7.9688    -5.4981   0.107206     6.4635   -14.0149    12.6148    20.8961    0.00000
     200    6.6333      -    1    0     -7.9194    -5.4947   0.107069     6.0977   -13.8092    13.0198    20.4002    0.00000
     201    6.6667      -    1    0     -7.7786    -5.4422   0.106828     5.7646   -13.7621    12.9402    20.0821    0.00000
     202    6.7000      -    1    0     -7.6608    -5.4062   0.106615     5.2469   -13.6115    12.7938    19.9325    0.00000
     203    6.7333      -    1    0     -7.6082    -5.2655   0.106487     4.6303   -13.5896    12.7665    19.5675    0.00000
     204    6.7667      -    1    0     -7.5797    -5.1557   0.106414     3.9988   -13.5320    12.8244    19.4553    0.00021
     205    6.8000      -    1    0     -7.5265    -4.8446   0.106253     3.3561   -13.7335    12.7448    19.2120    0.00000
     206    6.8333      -    1    0     -7.4784    -4.4966   0.106026     2.9650   -13.9313    12.5389    18.5384    0.00000
     207    6.8667      -    1    0     -7.4593    -4.3586   0.105905     2.5952   -13.8685    12.4841    18.0426    0.00035
     208    6.9000      -    1    0     -7.4345    -4.1054   0.105657     1.5237   -13.7357    12.5183    16.7140    0.00000
     209    6.9333      -    1    0     -7.4195    -3.9370   0.105424     0.1565   -13.4130    12.6764    15.4790    0.00000
     210    6.9667      -    1    0     -7.3970    -3.8228   0.105198    -0.5931   -13.1389    12.6429    13.8792    0.00000
     211    7.0000      -    1    0     -7.3632    -3.8207   0.105055    -1.2918   -12.7239    12.6283    13.0372    0.00000
     212    7.0333      -    1    0     -7.2759    -3.8153   0.104718    -2.7550   -11.7072    12.4727    11.5870    0.00000
     213    7.0667      -    1    0     -7.1762    -3.8632   0.104314    -4.5567   -10.1686    12.1200     9.0703    0.00000
     214    7.1000      -    1    0     -7.1417    -3.8784   0.104110    -5.1721    -9.4369    11.8693     6.7407    0.00000
     215    7.1333      -    1    0     -7.0864    -3.9384   0.103704    -6.6209    -7.7347    11.3174     2.3341    0.00000
     216    7.1667      -    1    0     -7.0118    -3.9586   0.103303    -8.2113    -6.0503    10.5618     1.0149    0.00000
     217    7.2000      -    1    0     -6.9765    -3.9251   0.103116    -8.5948    -5.3793    10.0738     0.7903    0.00000
     218    7.2333      -    1    0     -6.9351    -3.7647   0.102770    -9.7774    -4.2255     9.1639     0.7155    0.00000
     219    7.2667      -    1    0     -6.9198    -3.5732   0.102380   -10.6768    -3.0125     8.3672     0.7248    0.00000
     220    7.3000      -    1    0     -6.9315    -3.3356   0.101990   -11.5303    -1.8964     7.8095     0.6687    0.00000
     221    7.3333      -    1    0     -6.9431    -3.1699   0.101810   -11.9331    -1.5145     7.4721     0.5658    0.00000
     222    7.3667      -    1    0     -6.9983    -2.8757   0.101533   -12.9133    -0.8200     6.8672     0.2664    0.00000
     223    7.4000      -    1    0     -7.0061    -2.5749   0.101264   -13.4937    -0.5140     5.9925     0.2945    0.00000
     224    7.4333      -    1    0     -7.0236    -2.4694   0.101139   -13.7461    -0.2810     5.6747     0.3506    0.00000
     225    7.4667      -    1    0     -7.0766    -2.2798   0.100899   -14.1146     0.0642     5.2584     0.7248    0.00000
     226    7.5000      -    1    0     -7.0974    -2.0766   0.100634   -14.3561     0.2822     4.9382     1.0616    0.00000
     227    7.5333      -    1    0     -7.0642    -1.7677   0.100411   -14.9231     0.2112     4.5044     1.2956    0.00000
     228    7.5667      -    1    0     -7.0550    -1.5878   0.100297   -15.0485     0.2161     4.3111     1.3236    0.00067
     229    7.6000      -    1    0     -6.9652    -1.1074   0.100067   -15.4066    -0.1721     3.4802     1.1178    0.00000
     230    7.6333      -    1    0     -6.7995    -0.6565   0.099819   -15.9339    -0.5119     2.0703     0.0000    0.00000
     231    7.6667      -    1    0     -6.7180    -0.4567   0.099710   -16.2721    -0.6076     1.2567     0.0000    0.00000
     232    7.7000      -    1    0     -6.6508    -0.0830   0.099564   -16.9847    -0.6072    -0.0114     0.0000    0.00000
     233    7.7333      -    1    0     -6.6488     0.2385   0.099501   -17.8038    -0.3242    -1.2956     0.0000    0.00000
     234    7.7667      -    1    0     -6.6541     0.5754   0.099521   -18.7655    -0.0141    -2.9135     0.0000    0.00000
     235    7.8000      -    1    0     -6.6804     0.7116   0.099551   -19.2897     0.3001    -3.7101     0.0000    0.00000
     236    7.8333      -    1    0     -6.7436     0.9190   0.099669   -20.4192     1.0210    -5.6671     0.0000    0.00000
     237    7.8667      -    1    0     -6.8639     1.0542   0.099825   -21.5469     1.9633    -7.6208     0.0000    0.00000
     238    7.9000      -    1    0     -6.9572     1.1040   0.099912   -22.0869     2.5713    -8.5664     0.0000    0.00000
     239    7.9333      -    1    0     -7.1267     1.2415   0.100009   -22.8376     3.4744   -10.5456     0.0000    0.00000
     240    7.9667      -    1    0     -7.3018     1.5351   0.100073   -23.2257     3.8102   -12.3513     0.0000    0.00000
     241    8.0000      -    1    0     -7.3808     1.7627   0.100137   -23.3853     3.7824   -13.2874     0.0000    0.00000
     242    8.0333      -    1    0     -7.5616     2.3237   0.100253   -23.6479     3.5599   -14.9461     0.0000    0.00000
     243    8.0667      -    1    0     -7.7207     2.9893   0.100395   -24.1974     2.9618   -17.0680     0.0000    0.00000
     244    8.1000      -    1    0     -7.9119     3.6531   0.100613   -24.6897     2.3040   -19.2783     0.0000    0.00000
     245    8.1333      -    1    0     -8.0394     3.9253   0.100730   -25.0832     2.0692   -20.0507     0.0000    0.00000
     246    8.1667      -    1    0     -8.3433     4.4142   0.101061   -25.2205     1.8478   -21.5832     0.0000    0.00000
     247    8.2000      -    1    0     -8.6550     4.8956   0.101509   -25.3153     1.3911   -23.2615     0.0000    0.00000
     248    8.2333      -    1    0     -9.0052     5.3171   0.101967   -25.3957     1.0260   -24.6220     0.0000    0.00000
     249    8.2667      -    1    0     -9.2175     5.5318   0.102221   -25.4067     0.8266   -25.0375     0.0000    0.00000
     250    8.3000      -    1    0     -9.6730     6.0554   0.102858   -25.2703     0.0122   -25.3586     0.0000    0.00000
     251    8.3333      -    1    0    -10.1556     6.5403   0.103615   -25.1283    -0.7324   -25.4216     0.0000    0.00000
     252    8.3667      -    1    0    -10.3883     6.7543   0.103982   -25.0676    -1.0488   -25.4319     0.0000    0.00000
     253    8.4000      -    1    0    -10.8415     7.1775   0.104722   -25.0006    -1.5967   -25.3184     0.0000    0.00000
     254    8.4333      -    1    0    -11.3043     7.5702   0.105447   -24.9942    -1.9957   -25.0156     0.0000    0.00000
     255    8.4667      -    1    0    -11.7680     7.9443   0.106122   -24.9921    -2.3942   -24.7455     0.0000    0.00000
     256    8.5000      -    1    0    -11.9812     8.1233   0.106438   -24.9872    -2.6155   -24.6658     0.0000    0.00000
     257    8.5333      -    1    0    -12.4802     8.4835   0.107098   -25.0444    -2.8784   -24.1874     0.0000    0.00000
     258    8.5667      -    1    0    -12.9518     8.8956   0.107764   -25.0657    -3.3828   -23.9904     0.0000    0.00000
     259    8.6000      -    1    0    -13.2104     9.0802   0.108092   -25.0838    -3.5577   -23.8114     0.0000    0.00000
     260    8.6333      -    1    0    -13.7360     9.4229   0.108789   -24.7652    -3.8555   -23.6172     0.0000    0.00000
     261    8.6667      -    1    0    -14.2998     9.7852   0.109550   -24.7901    -4.1728   -23.2273     0.0000    0.00000
     262    8.7000      -    1    0    -14.5539     9.9743   0.109922   -24.7919    -4.4166   -23.1575     0.0000    0.00000
     263    8.7333      -    1    0    -15.0864    10.3040   0.110651   -24.1665    -4.5462   -23.2366     0.0000    0.00000
     264    8.7667      -    1    0    -15.5848    10.6163   0.111398   -22.1013    -4.6028   -23.7476     0.0000    0.00000
     265    8.8000      -    1    0    -16.1383    10.8777   0.112156   -20.1758    -4.1219   -23.4170     0.0000    0.00000
     266    8.8333      -    1    0    -16.4245    11.0240   0.112600   -19.5660    -3.9600   -23.1133     0.0000    0.00000
     267    8.8667      -    1    0    -17.0322    11.3329   0.113557   -17.6828    -3.5343   -22.2425     0.0000    0.00000
     268    8.9000      -    1    0    -17.6616    11.5593   0.114556   -16.1138    -3.0557   -21.5376     0.0000    0.00000
     269    8.9333      -    1    0    -17.9690    11.6470   0.115052   -15.4629    -2.8855   -21.2713     0.0000    0.00000
     270    8.9667      -    1    0    -18.5556    11.7872   0.116092   -14.7968    -2.7020   -20.7347     0.0000    0.00000
     271    9.0000      -    1    0    -19.1456    11.8381   0.117229   -13.1281    -2.1065   -20.0691     0.0000    0.00000
     272    9.0333      -    1    0    -19.6489    11.9092   0.118520   -11.3575    -1.8713   -20.3214     0.0000    0.00000
     273    9.0667      -    1    0    -19.8931    11.9388   0.119140   -10.3183    -1.6746   -20.3719     0.0000    0.00000
     274    9.1000      -    1    0    -20.4516    12.0304   0.120415    -9.8518    -1.7470   -19.8949     0.0000    0.00000
     275    9.1333      -    1    0    -21.0310    12.1508   0.121746    -9.3799    -1.9401   -19.3127     0.0000    0.00000
     276    9.1667      -    1    0    -21.3102    12.2379   0.122422    -8.6168    -2.1222   -19.1896     0.0000    0.00000
     277    9.2000      -    1    0    -21.8560    12.3915   0.123670    -6.4578    -2.2236   -19.3262     0.0000    0.00000
     278    9.2333      -    1    0    -22.4397    12.5016   0.124815    -4.9625    -2.2123   -19.2534     0.0000    0.00000
     279    9.2667      -    1    0    -23.0254    12.5920   0.125906    -4.5494    -2.1463   -18.7336     0.0000    0.00000
     280    9.3000      -    1    0    -23.3336    12.6399   0.126469    -4.1875    -2.0673   -18.3597     0.0000    0.00000
     281    9.3333      -    1    0    -23.8906    12.7330   0.127488    -2.7799    -1.9382   -17.5672     0.0000    0.00000
     282    9.3667      -    1    0    -24.3945    12.8328   0.128489    -0.6799    -1.8872   -16.7483     0.0000    0.00000
     283    9.4000      -    1    0    -24.6377    12.9168   0.129000     0.3903    -2.0918   -16.1692     0.0000    0.00000
     284    9.4333      -    1    0    -25.0865    13.1872   0.130000     0.9569    -3.5789   -15.1184     0.0000    0.00000
     285    9.4667      -    1    0    -25.4799    13.4696   0.130963     1.9781    -5.4934   -14.3432     0.0000    0.00000
     286    9.5000      -    1    0    -25.8379    13.7423   0.132017     3.4461    -7.6294   -13.2302     0.0000    0.00001
     287    9.5333      -    1    0    -25.9883    13.8606   0.132562     4.1125    -8.6838   -12.5638     0.0000    0.00000
     288    9.5667      -    1    0    -26.2130    14.0320   0.133666     5.1138   -10.7215   -11.3093     0.0000    0.00000
     289    9.6000      -    1    0    -26.4367    14.0511   0.134960     6.3133   -12.4302    -9.8034     0.0000    0.00000
     290    9.6333      -    1    0    -26.5313    14.0043   0.135688     6.8145   -13.2146    -9.2735     0.0000    0.00000
     291    9.6667      -    1    0    -26.6947    13.8484   0.137084     7.7650   -14.6866    -8.4528     0.0000    0.00000
     292    9.7000      -    1    0    -26.8394    13.6038   0.138683     8.3852   -16.1246    -7.5846     0.0000    0.00000
     293    9.7333      -    1    0    -26.9463    13.2532   0.140400     9.0330   -17.3893    -6.8040     0.0000    0.00000
     294    9.7667      -    1    0    -26.9858    13.0564   0.141156     9.8669   -17.7445    -6.6549     0.0000    0.00000
     295    9.8000      -    1    0    -27.0170    12.5696   0.142553    11.1486   -17.8834    -6.3290     0.0000    0.00000
     296    9.8333      -    1    0    -26.9764    12.0526   0.143691    11.6652   -17.4683    -5.9165     0.0000    0.00000
     297    9.8667      -    1    0    -26.9315    11.8265   0.144226    11.7242   -17.2144    -5.7070     0.0000    0.00000
     298    9.9000      -    1    0    -26.8136    11.4499   0.145236    11.8550   -16.7977    -5.4464     0.0000    0.00000
     299    9.9333      -    1    0    -26.6753    11.1205   0.146105    11.9668   -16.2545    -5.2986     0.0000    0.00000
     300    9.9667      -    1    0    -26.5364    10.8480   0.146963    12.0826   -15.9547    -5.3451     0.0000    0.00000
     301   10.0000      -    1    0    -26.4783    10.7114   0.147383    12.1337   -15.8018    -5.2535     0.0000    0.00000
     302   10.0333      -    1    0    -26.3365    10.4846   0.148147    12.2303   -15.5531    -5.6647     0.0000    0.00000
     303   10.0667      -    1    0    -26.2198    10.2727   0.148855    12.3318   -15.3157    -5.7504     0.0000    0.00000
     304   10.1000      -    1    0    -26.1691    10.1734   0.149201    12.3879   -15.2033    -5.7265     0.0000    0.00068
     305   10.1333      -    1    0    -26.0906     9.9609   0.149818    12.5088   -14.9745    -5.8267     0.0000    0.00000
     306   10.1667      -    1    0    -26.0600     9.7369   0.150399    12.6213   -14.7450    -5.8485     0.0000    0.00000
     307   10.2000      -    1    0    -26.0596     9.6338   0.150672    12.6710   -14.6401    -5.7584     0.0000    0.00050
     308   10.2333      -    1    0    -26.0462     9.4653   0.151156    12.7517   -14.4714    -5.7856     0.0000    0.00000
     309   10.2667      -    1    0    -26.0356     9.3014   0.151560    12.4989   -14.3084    -5.7788     0.0000    0.00000
     310   10.3000      -    1    0    -26.0293     9.1730   0.151830    12.3221   -14.1831    -5.8001     0.0000    0.00063
     311   10.3333      -    1    0    -26.0213     9.1173   0.151944    11.9210   -14.1229    -5.6507     0.0000    0.00000
     312   10.3667      -    1    0    -26.0041     8.9938   0.152064    11.2280   -13.8175    -5.4158     0.0000    0.00000
     313   10.4000      -    1    0    -25.9774     8.8626   0.152099    10.2261   -13.4947    -5.1371     0.0000    0.00000
     314   10.4333      -    1    0    -25.9684     8.7857   0.152091    10.2477   -13.2368    -5.1268     0.0000    0.00023
     315   10.4667      -    1    0    -25.9640     8.6983   0.152090     9.9506   -13.1451    -4.8474     0.0000    0.00000
     316   10.5000      -    1    0    -25.9722     8.6019   0.152086     9.6285   -12.8409    -4.5635     0.0000    0.00000
     317   10.5333      -    1    0    -25.9993     8.5558   0.152138     9.6492   -12.7992    -4.3265     0.0000    0.00012
     318   10.5667      -    1    0    -25.9978     8.5440   0.152189     9.3109   -12.7766    -4.2314     0.0000    0.00008
     319   10.6000      -    1    0    -25.9890     8.5135   0.152269     9.2924   -12.4989    -4.0698     0.0000    0.00024
     320   10.6333      -    1    0    -25.9334     8.4382   0.152328     8.2296   -11.8016    -3.9418     0.0000    0.00000
     321   10.6667      -    1    0    -25.9087     8.3905   0.152371     7.8732   -11.3947    -3.9183     0.0000    0.00000
     322   10.7000      -    1    0    -25.8664     8.2984   0.152467     7.6116   -10.5541    -3.9751     0.0000    0.00000
     323   10.7333      -    1    0    -25.8267     8.2434   0.152533     6.8019    -9.9686    -3.9349     0.0000    0.00000
     324   10.7667      -    1    0    -25.8062     8.1914   0.152626     6.0911    -9.4406    -3.8767     0.0000    0.00000
     325   10.8000      -    1    0    -25.8060     8.1843   0.152666     6.0985    -9.3723    -3.8985     0.0000    0.00002
     326   10.8333      -    1    0    -25.7882     8.1494   0.152685     5.7551    -9.0255    -3.9324     0.0000    0.00000
     327   10.8667      -    1    0    -25.7783     8.1256   0.152724     4.7117    -8.7982    -3.7886     0.0000    0.00000
     328   10.9000      -    1    0    -25.7809     8.1230   0.152749     4.3635    -8.7877    -3.7118     0.0000    0.00005
     329   10.9333      -    1    0    -25.7720     8.0872   0.152764     3.3255    -8.5378    -3.5714     0.0000    0.00000
     330   10.9667      -    1    0    -25.7599     8.0588   0.152790     2.9811    -8.3276    -3.5575     0.0000    0.00000
     331   11.0000      -    1    0    -25.7362     8.0123   0.152846     2.6322    -7.9289    -3.7727     0.0000    0.00000
     332   11.0333      -    1    0    -25.7322     7.9899   0.152890     2.2857    -7.7262    -3.7557     0.0000    0.00000
     333   11.0667      -    1    0    -25.7274     7.9301   0.152981     2.2859    -7.1695    -3.8915     0.0000    0.00000
     334   11.1000      -    1    0    -25.7219     7.8952   0.153069     1.9482    -6.8375    -3.9462     0.0000    0.00000
     335   11.1333      -    1    0    -25.7235     7.8993   0.153111     1.9489    -6.8453    -3.9400     0.0000    0.00000
     336   11.1667      -    1    0    -25.7273     7.8936   0.153160     1.6014    -6.8296    -3.8595     0.0000    0.00007
     337   11.2000      -    1    0    -25.7244     7.8687   0.153186     1.5929    -6.6233    -3.8852     0.0000    0.00011
     338   11.2333      -    1    0    -25.7239     7.8691   0.153203     1.5953    -6.6343    -3.8791     0.0000    0.00000
     339   11.2667      -    1    0    -25.7238     7.8719   0.153214     1.5912    -6.6362    -3.8706     0.0000    0.00000
     340   11.3000      -    1    0    -25.7260     7.8752   0.153233     1.5828    -6.6351    -3.8466     0.0000    0.00000
     341   11.3333      -    1    0    -25.7311     7.8650   0.153248     1.5873    -6.6228    -3.8310     0.0000    0.00000
     342   11.3667      -    1    0    -25.7343     7.8590   0.153255     1.5900    -6.6154    -3.8213     0.0000    0.00000
     343   11.4000      -    1    0    -25.7372     7.8578   0.153271     1.5895    -6.6128    -3.8118     0.0000    0.00000
     344   11.4333      -    1    0    -25.7387     7.8597   0.153298     1.5847    -6.6117    -3.7953     0.0000    0.00000
     345   11.4667      -    1    0    -25.7370     7.8547   0.153302     1.2429    -6.5936    -3.7533     0.0000    0.00005
     346   11.5000      -    1    0    -25.7398     7.8372   0.153305     1.2555    -6.5758    -3.7500     0.0000    0.00001
     347   11.5333      -    1    0    -25.7472     7.7992   0.153312     0.9314    -6.5199    -3.6801     0.0000    0.00013
     348   11.5667      -    1    0    -25.7608     7.7646   0.153319     0.9518    -6.4812    -3.6513     0.0000    0.00003
     349   11.6000      -    1    0    -25.7636     7.7458   0.153319     0.6172    -6.4459    -3.5982     0.0000    0.00009
     350   11.6333      -    1    0    -25.7550     7.7254   0.153336     0.2878    -6.4515    -3.7247     0.0000    0.00017
     351   11.6667      -    1    0    -25.7596     7.6936   0.153356     0.3056    -6.4151    -3.7011     0.0000    0.00002
     352   11.7000      -    1    0    -25.7643     7.6701   0.153365     0.3185    -6.3878    -3.6825     0.0000    0.00001
     353   11.7333      -    1    0    -25.7756     7.6098   0.153385     0.3512    -6.3182    -3.6373     0.0000    0.00008
     354   11.7667      -    1    0    -25.7672     7.5707   0.153389     0.0635    -6.3048    -3.7638     0.0000    0.00016
     355   11.8000      -    1    0    -25.7668     7.5549   0.153358     0.0430    -6.2891    -3.7629     0.0000    0.00001
     356   11.8333      -    1    0    -25.7693     7.5543   0.153325     0.0414    -6.2880    -3.7593     0.0000    0.00000
     357   11.8667      -    1    0    -25.7730     7.5556   0.153285     0.0388    -6.2893    -3.7559     0.0000    0.00000
     358   11.9000      -    1    0    -25.7767     7.5501   0.153298     0.0412    -6.2818    -3.7446     0.0000    0.00000
     359   11.9333      -    1    0    -25.7827     7.5465   0.153310     0.0416    -6.2760    -3.7299     0.0000    0.00000
     360   11.9667      -    1    0    -25.7982     7.5338   0.153353    -0.2971    -6.2457    -3.6559     0.0000    0.00008
     361   12.0000      -    1    0    -25.8167     7.5243   0.153389    -0.6404    -6.2161    -3.5739     0.0000    0.00009
     362   12.0333      -    1    0    -25.8308     7.5223   0.153420    -0.6421    -6.2095    -3.5424     0.0000    0.00001
     363   12.0667      -    1    0    -25.8363     7.5191   0.153437    -0.6416    -6.2039    -3.5281     0.0000    0.00000
     364   12.1000      -    1    0    -25.8418     7.4991   0.153467    -0.6315    -6.1789    -3.5050     0.0000    0.00001
     365   12.1333      -    1    0    -25.8479     7.4624   0.153483    -0.6122    -6.1357    -3.4770     0.0000    0.00003
     366   12.1667      -    1    0    -25.8535     7.4393   0.153493    -0.5968    -6.1105    -3.4661     0.0000    0.00001
     367   12.2000      -    1    0    -25.8448     7.4067   0.153508    -0.5752    -6.1191    -3.6280     0.0000    0.00007
     368   12.2333      -    1    0    -25.8472     7.3676   0.153529    -0.8951    -6.0622    -3.5748     0.0000    0.00013
     369   12.2667      -    1    0    -25.8582     7.3336   0.153548    -0.8774    -6.0212    -3.5410     0.0000    0.00003
     370   12.3000      -    1    0    -25.8616     7.3170   0.153561    -0.8686    -6.0012    -3.5265     0.0000    0.00001
     371   12.3333      -    1    0    -25.8667     7.2833   0.153587    -0.8505    -5.9612    -3.5004     0.0000    0.00003
     372   12.3667      -    1    0    -25.8749     7.2542   0.153596    -1.1796    -5.9123    -3.4373     0.0000    0.00011
     373   12.4000      -    1    0    -25.8771     7.2433   0.153601    -1.1736    -5.8994    -3.4294     0.0000    0.00000
     374   12.4333      -    1    0    -25.8829     7.2274   0.153591    -1.1645    -5.8812    -3.4170     0.0000    0.00001
     375   12.4667      -    1    0    -25.8844     7.2240   0.153575    -1.1622    -5.8780    -3.4172     0.0000    0.00000
     376   12.5000      -    1    0    -25.8838     7.2206   0.153561    -1.1597    -5.8752    -3.4208     0.0000    0.00000
     377   12.5333      -    1    0    -25.8831     7.2132   0.153554    -1.1550    -5.8677    -3.4217     0.0000    0.00000
     378   12.5667      -    1    0    -25.8852     7.1921   0.153536    -1.1425    -5.8448    -3.4156     0.0000    0.00002
     379   12.6000      -    1    0    -25.8863     7.1771   0.153515    -1.1335    -5.8292    -3.4141     0.0000    0.00001
     380   12.6333      -    1    0    -25.8834     7.1755   0.153494    -1.1313    -5.8293    -3.4236     0.0000    0.00000
     381   12.6667      -    1    0    -25.8785     7.1763   0.153445    -1.1294    -5.8343    -3.4443     0.0000    0.00001
     382   12.7000      -    1    0    -25.8763     7.1735   0.153414    -1.1290    -5.8316    -3.4478     0.0000    0.00000
     383   12.7333      -    1    0    -25.8707     7.1701   0.153400    -1.1255    -5.8299    -3.4597     0.0000    0.00000
     384   12.7667      -    1    0    -25.8575     7.1706   0.153380    -1.1228    -5.8343    -3.4866     0.0000    0.00001
     385   12.8000      -    1    0    -25.8494     7.1722   0.153343    -1.1210    -5.8401    -3.5102     0.0000    0.00001
     386   12.8333      -    1    0    -25.8494     7.1731   0.153298    -1.1228    -5.8419    -3.5142     0.0000    0.00000
     387   12.8667      -    1    0    -25.8480     7.1761   0.153280    -1.1238    -5.8467    -3.5221     0.0000    0.00000
     388   12.9000      -    1    0    -25.8448     7.1801   0.153246    -1.1247    -5.8539    -3.5371     0.0000    0.00001
     389   12.9333      -    1    0    -25.8430     7.1799   0.153241    -1.1239    -5.8544    -3.5414     0.0000    0.00000
     390   12.9667      -    1    0    -25.8430     7.1799   0.153241    -1.1239    -5.8544    -3.5414     0.0000    0.00000
     391   13.0000      -    1    0    -25.8453     7.1802   0.153245    -1.1246    -5.8539    -3.5366     0.0000    0.00000
     392   13.0333      -    1    0    -25.8453     7.1802   0.153245    -1.1246    -5.8539    -3.5366     0.0000    0.00100
     393   13.0667      -    1    0    -25.8477     7.1821   0.153245    -1.1264    -5.8556    -3.5330     0.0000    0.00000
     394   13.1000      -    1    0    -25.8477     7.1865   0.153242    -1.1287    -5.8608    -3.5355     0.0000    0.00000
     395   13.1333      -    1    0    -25.8486     7.1911   0.153240    -1.1313    -5.8657    -3.5358     0.0000    0.00000
     396   13.1667      -    1    0    -25.8503     7.1888   0.153241    -1.1305    -5.8627    -3.5317     0.0000    0.00000
     397   13.2000      -    1    0    -25.8513     7.1864   0.153241    -1.1294    -5.8600    -3.5295     0.0000    0.00000
     398   13.2333      -    1    0    -25.8500     7.1852   0.153253    -1.1287    -5.8580    -3.5281     0.0000    0.00000
     399   13.2667      -    1    0    -25.8493     7.1858   0.153259    -1.1292    -5.8583    -3.5274     0.0000    0.00000
     400   13.3000      -    1    0    -25.8500     7.1873   0.153252    -1.1299    -5.8604    -3.5293     0.0000    0.00000
     401   13.3333      -    1    0    -25.8500     7.1873   0.153252    -1.1299    -5.8604    -3.5293     0.0000    0.00000
     402   13.3667      -    1    0    -25.8500     7.1873   0.153252    -1.1299    -5.8604    -3.5293     0.0000    0.00000
     403   13.4000      -    1    0    -25.8476     7.1895   0.153251    -1.1307    -5.8634    -3.5340     0.0000    0.00000
     404   13.4333      -    1    0    -25.8474     7.1921   0.153257    -1.1323    -5.8660    -3.5341     0.0000    0.00000
     405   13.4667      -    1    0    -25.8489     7.1886   0.153269    -1.1309    -5.8611    -3.5274     0.0000    0.00000
     406   13.5000      -    1    0    -25.8468     7.1913   0.153273    -1.1321    -5.8642    -3.5305     0.0000    0.00000
     407   13.5333      -    1    0    -25.8446     7.1907   0.153268    -1.1313    -5.8644    -3.5352     0.0000    0.00000
     408   13.5667      -    1    0    -25.8446     7.1907   0.153268    -1.1313    -5.8644    -3.5352     0.0000    0.00000
     409   13.6000      -    1    0    -25.8470     7.1885   0.153269    -1.1305    -5.8613    -3.5305     0.0000    0.00000
     410   13.6333      -    1    0    -25.8427     7.1906   0.153268    -1.1310    -5.8646    -3.5383     0.0000    0.00000
     411   13.6667      -    1    0    -25.8415     7.1892   0.153275    -1.1299    -5.8628    -3.5381     0.0000    0.00000
     412   13.7000      -    1    0    -25.8442     7.1874   0.153282    -1.1296    -5.8599    -3.5317     0.0000    0.00000
     413   13.7333      -    1    0    -25.8450     7.1910   0.153302    -1.1324    -5.8626    -3.5267     0.0000    0.00000
     414   13.7667      -    1    0    -25.8464     7.1905   0.153323    -1.1330    -5.8603    -3.5186     0.0000    0.00000
     415   13.8000      -    1    0    -25.8486     7.1885   0.153324    -1.1322    -5.8576    -3.5141     0.0000    0.00000
     416   13.8333      -    1    0    -25.8478     7.1897   0.153312    -1.1325    -5.8598    -3.5188     0.0000    0.00000
     417   13.8667      -    1    0    -25.8437     7.1897   0.153313    -1.1318    -5.8606    -3.5252     0.0000    0.00000
     418   13.9000      -    1    0    -25.8456     7.1898   0.153313    -1.1321    -5.8604    -3.5222     0.0000    0.00000
     419   13.9333      -    1    0    -25.8473     7.1920   0.153311    -1.1336    -5.8625    -3.5205     0.0000    0.00000
     420   13.9667      -    1    0    -25.8454     7.1919   0.153311    -1.1333    -5.8628    -3.5236     0.0000    0.00000
     421   14.0000      -    1    0    -25.8464     7.1880   0.153319    -1.1314    -5.8577    -3.5188     0.0000    0.00000
     422   14.0333      -    1    0    -25.8473     7.1835   0.153321    -1.1291    -5.8525    -3.5155     0.0000    0.00000
     423   14.0667      -    1    0    -25.8449     7.1858   0.153320    -1.1299    -5.8555    -3.5202     0.0000    0.00000
     424   14.1000      -    1    0    -25.8503     7.1841   0.153326    -1.1303    -5.8521    -3.5088     0.0000    0.00000
     425   14.1333      -    1    0    -25.8512     7.1837   0.153320    -1.1298    -5.8520    -3.5093     0.0000    0.00000
     426   14.1667      -    1    0    -25.8461     7.1875   0.153314    -1.1310    -5.8576    -3.5205     0.0000    0.00000
     427   14.2000      -    1    0    -25.8471     7.1838   0.153321    -1.1291    -5.8528    -3.5157     0.0000    0.00000
     428   14.2333      -    1    0    -25.8481     7.1815   0.153322    -1.1284    -5.8497    -3.5123     0.0000    0.00000
     429   14.2667      -    1    0    -25.8496     7.1820   0.153327    -1.1288    -5.8499    -3.5095     0.0000    0.00000
     430   14.3000      -    1    0    -25.8487     7.1805   0.153339    -1.1282    -5.8477    -3.5076     0.0000    0.00000
     431   14.3333      -    1    0    -25.8509     7.1758   0.153362    -1.1264    -5.8405    -3.4963     0.0000    0.00000
     432   14.3667      -    1    0    -25.8549     7.1728   0.153380    -1.1261    -5.8351    -3.4835     0.0000    0.00000
     433   14.4000      -    1    0    -25.8558     7.1643   0.153383    -1.1185    -5.8275    -3.4870     0.0000    0.00000
     434   14.4333      -    1    0    -25.8518     7.1622   0.153380    -1.1163    -5.8261    -3.4935     0.0000    0.00000
     435   14.4667      -    1    0    -25.8596     7.1492   0.153385    -1.1105    -5.8097    -3.4750     0.0000    0.00001
     436   14.5000      -    1    0    -25.8617     7.1404   0.153388    -1.1059    -5.7993    -3.4681     0.0000    0.00000
     437   14.5333      -    1    0    -25.8670     7.1136   0.153411    -1.0892    -5.7690    -3.4525     0.0000    0.00002
     438   14.5667      -    1    0    -25.8779     7.0565   0.153448    -1.7447    -5.6730    -3.3427     0.0000    0.00000
     439   14.6000      -    1    0    -25.8790     7.0289   0.153477    -2.0719    -5.6593    -3.4038     0.0000    0.00009
     440   14.6333      -    1    0    -25.9026     6.9456   0.153587    -2.6993    -5.5537    -3.3417     0.0000    0.00000
     441   14.6667      -    1    0    -25.9207     6.8438   0.153755    -3.3048    -5.5199    -3.5662     0.0000    0.00000
     442   14.7000      -    1    0    -25.9387     6.7776   0.153837    -4.2565    -5.4072    -3.4433     0.0000    0.00000
     443   14.7333      -    1    0    -25.9648     6.6643   0.154044    -5.5611    -5.2865    -3.4365     0.0000    0.00000
     444   14.7667      -    1    0    -25.9671     6.5998   0.154235    -6.5516    -5.2275    -3.4652     0.0000    0.00000
     445   14.8000      -    1    0    -25.9618     6.5606   0.154371    -7.9004    -5.1166    -3.3100     0.0000    0.00000
     446   14.8333      -    1    0    -25.9576     6.5485   0.154419    -8.9261    -5.0503    -3.2017     0.0000    0.00000
     447   14.8667      -    1    0    -25.9415     6.4762   0.154497   -10.6205    -4.5804    -3.2084     0.0000    0.00000
     448   14.9000      -    1    0    -25.9240     6.3929   0.154519   -11.2656    -4.1527    -3.3596     0.0000    0.00000
     449   14.9333      -    1    0    -25.9149     6.3231   0.154519   -11.9281    -3.7561    -3.4893     0.0000    0.00000
     450   14.9667      -    1    0    -25.8987     6.2412   0.154535   -12.5707    -3.3620    -3.6556     0.0000    0.00000
     451   15.0000      -    1    0    -25.8938     6.1801   0.154534   -13.2185    -3.1450    -3.7190     0.0000    0.00000
     452   15.0333      -    1    0    -25.9012     6.1185   0.154510   -13.5344    -2.9043    -3.7836     0.0000    0.00000
     453   15.0667      -    1    0    -25.9029     6.0825   0.154495   -13.5234    -2.7316    -3.8617     0.0000    0.00010
     454   15.1000      -    1    0    -25.9023     6.0238   0.154477   -14.1796    -2.5124    -3.9199     0.0000    0.00000
     455   15.1333      -    1    0    -25.9025     6.0003   0.154457   -14.1652    -2.4876    -3.9148     0.0000    0.00002
     456   15.1667      -    1    0    -25.9040     5.9875   0.154446   -14.1597    -2.4694    -3.9071     0.0000    0.00001
     457   15.2000      -    1    0    -25.9047     5.9687   0.154461   -14.1501    -2.4415    -3.8944     0.0000    0.00001
     458   15.2333      -    1    0    -25.9131     5.9441   0.154484   -14.1337    -2.4092    -3.8811     0.0000    0.00002
     459   15.2667      -    1    0    -25.9201     5.9096   0.154496   -14.1132    -2.3641    -3.8657     0.0000    0.00003
     460   15.3000      -    1    0    -25.9235     5.8906   0.154506   -14.1020    -2.3388    -3.8568     0.0000    0.00001
     461   15.3333      -    1    0    -25.9278     5.8548   0.154522   -14.4236    -2.2812    -3.8298     0.0000    0.00012
     462   15.3667      -    1    0    -25.9369     5.8237   0.154535   -14.7476    -2.2273    -3.7973     0.0000    0.00012
     463   15.4000      -    1    0    -25.9404     5.8053   0.154542   -15.0790    -2.1910    -3.7763     0.0000    0.00008
     464   15.4333      -    1    0    -25.9501     5.7510   0.154555   -15.7288    -2.1006    -3.7369     0.0000    0.00000
     465   15.4667      -    1    0    -25.9487     5.7037   0.154566   -16.3790    -2.1142    -3.8594     0.0000    0.00000
     466   15.5000      -    1    0    -25.9589     5.6416   0.154578   -17.0159    -2.0276    -3.8407     0.0000    0.00000
     467   15.5333      -    1    0    -25.9628     5.6086   0.154582   -17.3328    -1.9831    -3.8340     0.0000    0.00009
     468   15.5667      -    1    0    -25.9551     5.5299   0.154564   -17.6251    -1.8464    -4.1212     0.0000    0.00000
     469   15.6000      -    1    0    -25.9551     5.4563   0.154516   -18.6024    -1.6269    -4.2396     0.0000    0.00000
     470   15.6333      -    1    0    -25.9561     5.4400   0.154500   -18.5838    -1.6310    -4.2467     0.0000    0.00001
     471   15.6667      -    1    0    -25.9603     5.3967   0.154459   -18.9091    -1.4382    -4.3537     0.0000    0.00000
     472   15.7000      -    1    0    -25.9590     5.3722   0.154419   -19.5882    -1.2698    -4.4482     0.0000    0.00000
     473   15.7333      -    1    0    -25.9604     5.3436   0.154414   -20.2666    -1.0776    -4.5477     0.0000    0.00000
     474   15.7667      -    1    0    -25.9607     5.3150   0.154418   -20.6028    -0.8997    -4.6642     0.0000    0.00000
     475   15.8000      -    1    0    -25.9609     5.2720   0.154431   -20.9345    -0.5755    -4.8844     0.0000    0.00000
     476   15.8333      -    1    0    -25.9610     5.2218   0.154434   -20.9410    -0.1977    -5.1883     0.0000    0.00000
     477   15.8667      -    1    0    -25.9573     5.2009   0.154440   -20.9429    -0.0229    -5.3288     0.0000    0.00011
     478   15.9000      -    1    0    -25.9558     5.1879   0.154454   -20.9463     0.1281    -5.4482     0.0000    0.00008
     479   15.9333      -    1    0    -25.9641     5.1890   0.154485   -21.2898     0.1331    -5.4148     0.0000    0.00005
     480   15.9667      -    1    0    -25.9672     5.1664   0.154486   -21.2943     0.3066    -5.5325     0.0000    0.00010
     481   16.0000      -    1    0    -25.9658     5.1739   0.154473   -21.2977     0.2853    -5.5186     0.0000    0.00001
     482   16.0333      -    1    0    -25.9618     5.1822   0.154451   -21.3069     0.2785    -5.5155     0.0000    0.00001
     483   16.0667      -    1    0    -25.9645     5.1808   0.154440   -21.3083     0.2848    -5.5082     0.0000    0.00000
     484   16.1000      -    1    0    -25.9648     5.1798   0.154435   -21.3099     0.2901    -5.5027     0.0000    0.00000
     485   16.1333      -    1    0    -25.9609     5.1796   0.154430   -21.3093     0.2867    -5.5095     0.0000    0.00000
     486   16.1667      -    1    0    -25.9735     5.1706   0.154411   -21.3072     0.3985    -5.3697     0.0000    0.00007
     487   16.2000      -    1    0    -25.9749     5.1722   0.154404   -21.3081     0.3966    -5.3693     0.0000    0.00000
     488   16.2333      -    1    0    -25.9777     5.1705   0.154388   -21.3074     0.3983    -5.3689     0.0000    0.00000
     489   16.2667      -    1    0    -25.9787     5.1687   0.154366   -21.3065     0.3986    -5.3712     0.0000    0.00000
     490   16.3000      -    1    0    -25.9791     5.1677   0.154333   -21.3077     0.3992    -5.3724     0.0000    0.00000
     491   16.3333      -    1    0    -25.9781     5.1660   0.154312   -21.3064     0.3973    -5.3785     0.0000    0.00000
     492   16.3667      -    1    0    -25.9772     5.1633   0.154280   -21.3048     0.3957    -5.3861     0.0000    0.00000
     493   16.4000      -    1    0    -25.9980     5.1529   0.154272   -21.3003     0.5126    -5.2381     0.0000    0.00008
     494   16.4333      -    1    0    -26.0023     5.1530   0.154270   -21.3003     0.5149    -5.2329     0.0000    0.00000
     495   16.4667      -    1    0    -26.0101     5.1525   0.154269   -21.3007     0.5209    -5.2222     0.0000    0.00000
     496   16.5000      -    1    0    -26.0134     5.1507   0.154275   -21.3000     0.5269    -5.2156     0.0000    0.00000
     497   16.5333      -    1    0    -26.0159     5.1517   0.154285   -21.3008     0.5291    -5.2096     0.0000    0.00000
     498   16.5667      -    1    0    -26.0202     5.1517   0.154290   -21.3013     0.5329    -5.2026     0.0000    0.00000
     499   16.6000      -    1    0    -26.0241     5.1488   0.154284   -21.2999     0.5384    -5.1982     0.0000    0.00000
     500   16.6333      -    1    0    -26.0242     5.1481   0.154279   -21.3015     0.5433    -5.1929     0.0000    0.00000
     501   16.6667      -    1    0    -26.0232     5.1504   0.154279   -21.3008     0.5351    -5.2006     0.0000    0.00000
     502   16.7000      -    1    0    -26.0237     5.1458   0.154276   -21.2980     0.5404    -5.2009     0.0000    0.00000
     503   16.7333      -    1    0    -26.0276     5.1459   0.154275   -21.2982     0.5431    -5.1953     0.0000    0.00000
     504   16.7667      -    1    0    -26.0324     5.1425   0.154286   -21.2966     0.5527    -5.1857     0.0000    0.00000
     505   16.8000      -    1    0    -26.0349     5.1402   0.154287   -21.2954     0.5572    -5.1823     0.0000    0.00000
     506   16.8333      -    1    0    -26.0346     5.1376   0.154283   -21.2939     0.5596    -5.1835     0.0000    0.00000
     507   16.8667      -    1    0    -26.0347     5.1378   0.154289   -21.2942     0.5602    -5.1822     0.0000    0.00000
     508   16.9000      -    1    0    -26.0349     5.1381   0.154288   -21.2942     0.5600    -5.1819     0.0000    0.00000
     509   16.9333      -    1    0    -26.0360     5.1366   0.154272   -21.2934     0.5602    -5.1839     0.0000    0.00000
     510   16.9667      -    1    0    -26.0377     5.1332   0.154235   -21.2915     0.5600    -5.1896     0.0000    0.00000
     511   17.0000      -    1    0    -26.0376     5.1305   0.154203   -21.2897     0.5585    -5.1966     0.0000    0.00000
     512   17.0333      -    1    0    -26.0406     5.1250   0.154166   -21.2865     0.5615    -5.2008     0.0000    0.00001
     513   17.0667      -    1    0    -26.0403     5.1189   0.154148   -21.2827     0.5656    -5.2056     0.0000    0.00000
     514   17.1000      -    1    0    -26.0407     5.1128   0.154129   -21.2792     0.5708    -5.2089     0.0000    0.00000
     515   17.1333      -    1    0    -26.0433     5.1109   0.154135   -21.2783     0.5757    -5.2041     0.0000    0.00000
     516   17.1667      -    1    0    -26.0469     5.1066   0.154136   -21.2759     0.5834    -5.1991     0.0000    0.00000
     517   17.2000      -    1    0    -26.0474     5.1020   0.154133   -21.2731     0.5887    -5.1993     0.0000    0.00000
     518   17.2333      -    1    0    -26.0488     5.0975   0.154136   -21.2708     0.5957    -5.1966     0.0000    0.00000
     519   17.2667      -    1    0    -26.0516     5.0861   0.154131   -21.2637     0.6099    -5.1950     0.0000    0.00001
     520   17.3000      -    1    0    -26.0524     5.0733   0.154110   -21.2559     0.6223    -5.1993     0.0000    0.00001
     521   17.3333      -    1    0    -26.0502     5.0696   0.154068   -21.2534     0.6188    -5.2118     0.0000    0.00000
     522   17.3667      -    1    0    -26.0480     5.0687   0.154030   -21.2525     0.6126    -5.2232     0.0000    0.00000
     523   17.4000      -    1    0    -26.0431     5.0604   0.153963   -21.2471     0.6086    -5.2454     0.0000    0.00001
     524   17.4333      -    1    0    -26.0560     5.0663   0.153890   -21.2322     0.5524    -5.0162     0.0000    0.00010
     525   17.4667      -    1    0    -26.0556     5.0653   0.153856   -21.2321     0.5513    -5.0272     0.0000    0.00000
     526   17.5000      -    1    0    -26.0515     5.0595   0.153793   -21.2302     0.5505    -5.0415     0.0000    0.00001
     527   17.5333      -    1    0    -26.0479     5.0542   0.153758   -21.2265     0.5489    -5.0546     0.0000    0.00001
     528   17.5667      -    1    0    -26.0506     5.0523   0.153736   -21.2255     0.5500    -5.0555     0.0000    0.00000
     529   17.6000      -    1    0    -26.0503     5.0518   0.153731   -21.2252     0.5496    -5.0571     0.0000    0.00000
     530   17.6333      -    1    0    -26.0500     5.0513   0.153726   -21.2248     0.5492    -5.0587     0.0000    0.00000
     531   17.6667      -    1    0    -26.0680     5.0416   0.153729   -21.2223     0.6698    -4.9055     0.0000    0.00008
     532   17.7000      -    1    0    -26.0720     5.0426   0.153733   -21.2208     0.6674    -4.9052     0.0000    0.00000
     533   17.7333      -    1    0    -26.0828     5.0424   0.153736   -21.2215     0.6758    -4.8894     0.0000    0.00000
     534   17.7667      -    1    0    -26.0839     5.0393   0.153732   -21.2219     0.6840    -4.8829     0.0000    0.00000
     535   17.8000      -    1    0    -26.0832     5.0422   0.153736   -21.2234     0.6810    -4.8825     0.0000    0.00000
     536   17.8333      -    1    0    -26.0869     5.0419   0.153736   -21.2237     0.6840    -4.8772     0.0000    0.00000
     537   17.8667      -    1    0    -26.0936     5.0399   0.153718   -21.2232     0.6889    -4.8713     0.0000    0.00000
     538   17.9000      -    1    0    -26.0943     5.0416   0.153684   -21.2241     0.6827    -4.8770     0.0000    0.00000
     539   17.9333      -    1    0    -26.0933     5.0420   0.153662   -21.2241     0.6781    -4.8835     0.0000    0.00000
     540   17.9667      -    1    0    -26.0937     5.0410   0.153656   -21.2258     0.6834    -4.8780     0.0000    0.00000
     541   18.0000      -    1    0    -26.0944     5.0355   0.153664   -21.2203     0.6870    -4.8816     0.0000    0.00000
     542   18.0333      -    1    0    -26.1052     5.0223   0.153670   -21.2135     0.7117    -4.8651     0.0000    0.00001
     543   18.0667      -    1    0    -26.1141     5.0127   0.153668   -21.2085     0.7291    -4.8533     0.0000    0.00001
     544   18.1000      -    1    0    -26.1377     4.9965   0.153661   -21.1985     0.7606    -4.8272     0.0000    0.00002
     545   18.1333      -    1    0    -26.1650     4.9785   0.153643   -21.1901     0.7999    -4.7920     0.0000    0.00003
     546   18.1667      -    1    0    -26.1771     4.9680   0.153630   -21.1848     0.8193    -4.7778     0.0000    0.00001
     547   18.2000      -    1    0    -26.1932     4.9433   0.153607   -21.1711     0.8566    -4.7612     0.0000    0.00003
     548   18.2333      -    1    0    -26.1926     4.9249   0.153624   -20.8184     0.8744    -4.7547     0.0000    0.00002
     549   18.2667      -    1    0    -26.1894     4.9104   0.153633   -20.8097     0.8904    -4.7581     0.0000    0.00001
     550   18.3000      -    1    0    -26.1897     4.9109   0.153639   -20.8101     0.8908    -4.7565     0.0000    0.00000
     551   18.3333      -    1    0    -26.1904     4.9154   0.153660   -20.4714     0.8834    -4.7457     0.0000    0.00003
     552   18.3667      -    1    0    -26.1876     4.9158   0.153666   -20.4721     0.8820    -4.7481     0.0000    0.00000
     553   18.4000      -    1    0    -26.1858     4.9156   0.153661   -20.4719     0.8800    -4.7520     0.0000    0.00000
     554   18.4333      -    1    0    -26.1894     4.9148   0.153654   -20.4720     0.8827    -4.7480     0.0000    0.00000
     555   18.4667      -    1    0    -26.1885     4.9153   0.153660   -20.4723     0.8819    -4.7486     0.0000    0.00000
     556   18.5000      -    1    0    -26.1847     4.9146   0.153655   -20.4738     0.8840    -4.7487     0.0000    0.00000
     557   18.5333      -    1    0    -26.1747     4.9147   0.153657   -20.4734     0.8768    -4.7628     0.0000    0.00000
     558   18.5667      -    1    0    -26.1750     4.9112   0.153660   -20.4690     0.8771    -4.7684     0.0000    0.00000
     559   18.6000      -    1    0    -26.1823     4.9075   0.153672   -20.4674     0.8882    -4.7555     0.0000    0.00000
     560   18.6333      -    1    0    -26.1867     4.9012   0.153680   -20.4643     0.9002    -4.7473     0.0000    0.00000
     561   18.6667      -    1    0    -26.1939     4.8884   0.153687   -20.4572     0.9217    -4.7356     0.0000    0.00001
     562   18.7000      -    1    0    -26.2072     4.8835   0.153686   -20.4552     0.9367    -4.7170     0.0000    0.00001
     563   18.7333      -    1    0    -26.2287     4.8845   0.153697   -20.4555     0.9491    -4.6881     0.0000    0.00001
     564   18.7667      -    1    0    -26.2454     4.8829   0.153712   -20.4563     0.9658    -4.6599     0.0000    0.00001
     565   18.8000      -    1    0    -26.2840     4.8855   0.153747   -20.4588     0.9922    -4.6010     0.0000    0.00004
     566   18.8333      -    1    0    -26.3251     4.8440   0.153772   -20.4565     1.3257    -4.8088     0.0000    0.00039
     567   18.8667      -    1    0    -26.3428     4.8238   0.153788   -20.4534     1.4796    -4.9132     0.0000    0.00009
     568   18.9000      -    1    0    -26.3542     4.7934   0.153851   -20.4628     1.8113    -5.1614     0.0000    0.00000
     569   18.9333      -    1    0    -26.3545     4.7606   0.153914   -20.4680     2.1618    -5.2209     0.0000    0.00033
     570   18.9667      -    1    0    -26.3663     4.7500   0.153923   -20.4576     2.3431    -4.9546     0.0000    0.00020
     571   19.0000      -    1    0    -26.3526     4.7377   0.153918   -20.4443     2.6023    -4.6197     0.0000    0.00000
     572   19.0333      -    1    0    -26.2846     4.7512   0.153856   -20.4499     2.7069    -4.4874     0.0000    0.00023
     573   19.0667      -    1    0    -26.2433     4.7380   0.153734   -20.4494     3.1446    -3.9326     0.0000    0.00000
     574   19.1000      -    1    0    -26.2173     4.7320   0.153663   -20.8006     3.3503    -3.7117     0.0000    0.00000
     575   19.1333      -    1    0    -26.1417     4.7387   0.153504   -21.5282     3.5790    -3.5059     0.0000    0.00000
     576   19.1667      -    1    0    -26.0794     4.7210   0.153308   -21.5667     3.8333    -3.2285     0.0000    0.00049
     577   19.2000      -    1    0    -26.0555     4.6991   0.153212   -21.5788     3.9852    -3.0753     0.0000    0.00014
     578   19.2333      -    1    0    -25.9980     4.6681   0.153029   -21.5922     4.0266    -3.0994     0.0000    0.00024
     579   19.2667      -    1    0    -25.9769     4.6452   0.152924   -21.5811     4.0265    -3.1480     0.0000    0.00007
     580   19.3000      -    1    0    -25.9866     4.6401   0.152858   -21.5744     4.0206    -3.1610     0.0000    0.00001
     581   19.3333      -    1    0    -25.9937     4.6380   0.152835   -21.5715     4.0199    -3.1625     0.0000    0.00000
     582   19.3667      -    1    0    -26.0034     4.6346   0.152795   -21.5680     4.0213    -3.1625     0.0000    0.00001
     583   19.4000      -    1    0    -26.0097     4.6326   0.152767   -21.5650     4.0195    -3.1659     0.0000    0.00000
     584   19.4333      -    1    0    -26.0153     4.6344   0.152759   -21.5643     4.0162    -3.1650     0.0000    0.00000
     585   19.4667      -    1    0    -26.0338     4.6283   0.152742   -21.5576     4.0259    -3.1540     0.0000    0.00001
     586   19.5000      -    1    0    -26.0430     4.6256   0.152737   -21.5557     4.0348    -3.1426     0.0000    0.00000
     587   19.5333      -    1    0    -26.0448     4.6258   0.152741   -21.5560     4.0368    -3.1388     0.0000    0.00000
     588   19.5667      -    1    0    -26.0493     4.6275   0.152733   -21.5555     4.0331    -3.1389     0.0000    0.00000
     589   19.6000      -    1    0    -26.0573     4.6257   0.152716   -21.5548     4.0390    -3.1308     0.0000    0.00000
     590   19.6333      -    1    0    -26.0723     4.6213   0.152688   -21.5489     4.0421    -3.1277     0.0000    0.00001
     591   19.6667      -    1    0    -26.0843     4.6167   0.152670   -21.8884     4.0687    -3.1395     0.0000    0.00006
     592   19.7000      -    1    0    -26.0957     4.6138   0.152669   -21.8867     4.0803    -3.1233     0.0000    0.00001
     593   19.7333      -    1    0    -26.1018     4.6031   0.152679   -22.2203     4.1090    -3.1447     0.0000    0.00006
     594   19.7667      -    1    0    -26.1014     4.6015   0.152686   -22.4596     4.1258    -3.1561     0.0000    0.00002
     595   19.8000      -    1    0    -26.0965     4.6051   0.152707   -22.5641     4.1252    -3.1657     0.0000    0.00000
     596   19.8333      -    1    0    -26.0939     4.6074   0.152735   -22.5647     4.1245    -3.1635     0.0000    0.00000
     597   19.8667      -    1    0    -26.0851     4.6051   0.152727   -22.5626     4.1189    -3.1784     0.0000    0.00000
     598   19.9000      -    1    0    -26.0903     4.5967   0.152723   -22.5565     4.2299    -3.0481     0.0000    0.00006
     599   19.9333      -    1    0    -26.0725     4.5948   0.152701   -22.5568     4.2178    -3.0749     0.0000    0.00001
     600   19.9667      -    1    0    -26.0667     4.5855   0.152678   -22.5514     4.3229    -2.9587     0.0000    0.00006
     601   20.0000      -    1    0    -26.0545     4.5837   0.152681   -22.5500     4.3148    -2.9772     0.0000    0.00000
     602   20.0333      -    1    0    -26.0471     4.5748   0.152687   -22.5429     4.4175    -2.8636     0.0000    0.00006
     603   20.0667      -    1    0    -26.0396     4.5793   0.152691   -22.5472     4.4111    -2.8678     0.0000    0.00000
     604   20.1000      -    1    0    -26.0538     4.5721   0.152697   -22.5393     4.5254    -2.7274     0.0000    0.00007
     605   20.1333      -    1    0    -26.0567     4.5747   0.152701   -22.5422     4.5286    -2.7178     0.0000    0.00000
     606   20.1667      -    1    0    -26.0639     4.5797   0.152730   -22.5428     4.5274    -2.7076     0.0000    0.00000
     607   20.2000      -    1    0    -26.0684     4.5728   0.152744   -23.1920     4.5734    -2.7534     0.0000    0.00019
     608   20.2333      -    1    0    -26.0651     4.5556   0.152748   -23.2346     4.7169    -2.8749     0.0000    0.00008
     609   20.2667      -    1    0    -26.0854     4.5165   0.152763   -23.9266     5.0675    -2.8990     0.0000    0.00000
     610   20.3000      -    1    0    -26.1086     4.4554   0.152796   -24.6368     5.6888    -2.8766     0.0000    0.00000
     611   20.3333      -    1    0    -26.1000     4.3906   0.152847   -25.3896     6.3517    -3.0972     0.0000    0.00000
     612   20.3667      -    1    0    -26.1016     4.3693   0.152883   -26.1107     6.7050    -3.0942     0.0000    0.00000
     613   20.4000      -    1    0    -26.0795     4.3510   0.152944   -27.5748     7.2664    -3.2428     0.0000    0.00000
     614   20.4333      -    1    0    -26.0164     4.3560   0.152944   -29.0462     7.6060    -3.6166     0.0000    0.00000
     615   20.4667      -    1    0    -25.9604     4.3567   0.152915   -30.8527     8.0303    -4.0018     0.0000    0.00000
     616   20.5000      -    1    0    -25.9208     4.3393   0.152890   -31.2626     8.2862    -4.3340     0.0000    0.00000
     617   20.5333      -    1    0    -25.8678     4.2906   0.152824   -33.1264     8.9924    -4.9914     0.0000    0.00000
     618   20.5667      -    1    0    -25.8082     4.2331   0.152750   -34.6650     9.6050    -5.7616     0.0000    0.00000
     619   20.6000      -    1    0    -25.7787     4.2009   0.152666   -35.4315     9.8759    -6.1741     0.0000    0.00000
     620   20.6333      -    1    0    -25.6999     4.1746   0.152451   -36.8482    10.1009    -7.0307     0.0000    0.00000
     621   20.6667      -    1    0    -25.5790     4.2060   0.152242   -40.1410     9.7865    -8.7118     0.0000    0.00001
     622   20.7000      -    1    0    -25.5026     4.2059   0.152166   -41.7428     9.5704    -9.8948     0.0000    0.00000
     623   20.7333      -    1    0    -25.4097     4.1231   0.152061   -44.2926     9.7137   -12.0953     0.0000    0.00001
     624   20.7667      -    1    0    -25.3744     4.0168   0.152129   -46.9926     9.9360   -14.0929     0.0000    0.00001
     625   20.8000      -    1    0    -25.3485     3.9552   0.152249   -49.5073     9.7431   -15.8834     0.0000    0.00001
     626   20.8333      -    1    0    -25.3321     3.9378   0.152321   -49.9008     9.7212   -16.5032     0.0000    0.00000
     627   20.8667      -    1    0    -25.2971     3.9094   0.152471   -50.6966     9.7913   -17.4725     0.0000    0.00000
     628   20.9000      -    1    0    -25.2420     3.8990   0.152570   -50.7450     9.7708   -18.0005     0.0000    0.00043
     629   20.9333      -    1    0    -25.2185     3.9074   0.152592   -50.7414     9.6988   -18.0616     0.0000    0.00002
     630   20.9667      -    1    0    -25.1608     3.9414   0.152572   -50.7386     9.5256   -18.1061     0.0000    0.00014
     631   21.0000      -    1    0    -25.0917     3.9856   0.152464   -50.8010     9.4352   -18.3122     0.0000    0.00026
     632   21.0333      -    1    0    -25.0085     4.0539   0.152251   -50.8384     9.2149   -18.3592     0.0000    0.00054
     633   21.0667      -    1    0    -24.9679     4.0554   0.152109   -50.8822     9.1943   -18.5868     0.0000    0.00015
     634   21.1000      -    1    0    -24.8814     4.0075   0.151797   -50.9418     9.1842   -19.0549     0.0000    0.00068
     635   21.1333      -    1    0    -24.8084     3.9663   0.151547   -51.3385     9.2017   -19.3167     0.0000    0.00000
     636   21.1667      -    1    0    -24.7737     3.9693   0.151452   -52.0040     8.9746   -19.4409     0.0000    0.00000
     637   21.2000      -    1    0    -24.7471     3.9517   0.151331   -53.3589     8.6629   -19.8572     0.0000    0.00000
     638   21.2333      -    1    0    -24.7729     3.8865   0.151322   -55.4232     8.4102   -20.6852     0.0000    0.00000
     639   21.2667      -    1    0    -24.7615     3.8463   0.151364   -56.4079     8.1588   -21.3352     0.0000    0.00000
     640   21.3000      -    1    0    -24.7434     3.7426   0.151535   -57.5305     8.0712   -22.6392     0.7529    0.00000
     641   21.3333      -    1    0    -24.7126     3.6920   0.151644   -58.9479     7.8593   -23.7693     2.0534    0.00000
     642   21.3667      -    1    0    -24.6836     3.7080   0.151765   -61.3747     7.2077   -24.7202     3.3258    0.00000
     643   21.4000      -    1    0    -24.6748     3.7092   0.151819   -62.0772     7.0312   -25.1370     4.8882    0.00000
     644   21.4333      -    1    0    -24.6270     3.6944   0.151912   -62.4351     6.7830   -25.9237     7.5920    0.00000
     645   21.4667      -    1    0    -24.5476     3.7171   0.152069   -63.0011     6.1608   -26.4179     9.2106    0.00000
     646   21.5000      -    1    0    -24.4420     3.7487   0.152255   -63.2022     5.5462   -26.7206    12.6723    0.00000
     647   21.5333      -    1    0    -24.3873     3.7703   0.152332   -63.1929     5.4217   -26.7239    14.0850    0.00010
     648   21.5667      -    1    0    -24.2649     3.8147   0.152456   -63.5246     5.1290   -26.7711    15.0580    0.00000
     649   21.6000      -    1    0    -24.1158     3.8326   0.152541   -64.8226     4.5103   -27.0964    15.4790    0.00000
     650   21.6333      -    1    0    -24.0336     3.8519   0.152548   -65.7851     4.0243   -27.1829    15.6381    0.00000
     651   21.6667      -    1    0    -23.8718     3.8760   0.152500   -67.6164     3.1079   -27.5244    16.2369    0.00000
     652   21.7000      -    1    0    -23.7111     3.9086   0.152355   -69.1972     2.2190   -27.6178    16.3865    0.00000
     653   21.7333      -    1    0    -23.6370     3.9211   0.152287   -70.2444     1.7059   -27.6654    16.3117    0.00000
     654   21.7667      -    1    0    -23.5154     3.9144   0.152151   -71.8058     0.9051   -27.7467    15.9936    0.00000
     655   21.8000      -    1    0    -23.4071     3.9105   0.151981   -75.2304    -0.6381   -27.7800    13.8043    0.00001
     656   21.8333      -    1    0    -23.3432     3.9032   0.151824   -78.0343    -2.0585   -27.9070    12.5039    0.00001
     657   21.8667      -    1    0    -23.2998     3.8955   0.151779   -78.5204    -2.6904   -28.0104    12.3168    0.00000
     658   21.9000      -    1    0    -23.2657     3.8691   0.151773   -78.6882    -3.2201   -28.2217    12.7471    0.00000
     659   21.9333      -    1    0    -23.2687     3.8599   0.151823   -78.9953    -3.3868   -28.4312    13.1026    0.00000
     660   21.9667      -    1    0    -23.2828     3.8492   0.151873   -79.0013    -3.3679   -28.6644    13.1494    0.00008
     661   22.0000      -    1    0    -23.3228     3.8182   0.151914   -79.0022    -3.3415   -29.1031    14.1224    0.00030
     662   22.0333      -    1    0    -23.3630     3.8208   0.151931   -79.0094    -3.2647   -29.0658    14.8616    0.00004
     663   22.0667      -    1    0    -23.3851     3.8191   0.152053   -79.0142    -3.1824   -29.0654    14.9925    0.00004
     664   22.1000      -    1    0    -23.3983     3.8149   0.152125   -78.7087    -3.0071   -29.0870    15.1610    0.00024
     665   22.1333      -    1    0    -23.4400     3.8084   0.152254   -77.4480    -2.3718   -29.1505    15.4416    0.00000
     666   22.1667      -    1    0    -23.4743     3.7993   0.152357   -76.6020    -1.9337   -29.1877    15.5726    0.00000
     667   22.2000      -    1    0    -23.5011     3.7920   0.152407   -75.5696    -1.4454   -29.2233    15.5164    0.00000
     668   22.2333      -    1    0    -23.5318     3.7821   0.152546   -74.6294    -0.9630   -29.2474    15.1142    0.00000
     669   22.2667      -    1    0    -23.5642     3.7708   0.152693   -74.3166    -0.7375   -29.2538    14.9551    0.00000
     670   22.3000      -    1    0    -23.6089     3.7419   0.152851   -73.6790    -0.3555   -29.2765    15.7504    0.00000
     671   22.3333      -    1    0    -23.6142     3.7219   0.152924   -73.0025    -0.2094   -29.3070    16.5176    0.00000
     672   22.3667      -    1    0    -23.6229     3.6660   0.153080   -72.8732    -0.2545   -29.3650    17.7057    0.00021
     673   22.4000      -    1    0    -23.6280     3.5980   0.153202   -72.4448    -0.2067   -29.4408    19.0810    0.00000
     674   22.4333      -    1    0    -23.6306     3.5736   0.153251   -72.4285    -0.1802   -29.4632    19.7079    0.00002
     675   22.4667      -    1    0    -23.6452     3.5235   0.153349   -72.0909     0.0409   -29.5066    20.6341    0.00000
     676   22.5000      -    1    0    -23.6500     3.4655   0.153429   -71.4357     0.3787   -29.5599    21.3077    0.00000
     677   22.5333      -    1    0    -23.6497     3.4501   0.153452   -71.1041     0.5244   -29.4676    21.5229    0.00021
     678   22.5667      -    1    0    -23.6500     3.4405   0.153436   -70.7387     0.6413   -29.0452    21.8504    0.00000
     679   22.6000      -    1    0    -23.6614     3.4369   0.153421   -70.3663     0.7504   -28.5668    21.9346    0.00000
     680   22.6333      -    1    0    -23.6627     3.4308   0.153458   -70.3367     0.7444   -28.3844    21.9720    0.00007
     681   22.6667      -    1    0    -23.6669     3.4275   0.153499   -70.0093     0.8843   -28.2735    21.9814    0.00021
     682   22.7000      -    1    0    -23.6816     3.4157   0.153657   -70.0022     0.9619   -28.2288    22.2153    0.00004
     683   22.7333      -    1    0    -23.7169     3.4048   0.153841   -69.9794     1.0568   -28.0469    22.5240    0.00012
     684   22.7667      -    1    0    -23.7352     3.3889   0.153948   -69.9728     1.1230   -28.0565    22.5708    0.00004
     685   22.8000      -    1    0    -23.7660     3.3526   0.154193   -69.9558     1.2583   -28.0719    22.9357    0.00020
     686   22.8333      -    1    0    -23.7941     3.3379   0.154417   -69.9535     1.3766   -28.0669    23.1976    0.00011
     687   22.8667      -    1    0    -23.8105     3.3542   0.154612   -69.9662     1.4388   -28.0389    23.2725    0.00007
     688   22.9000      -    1    0    -23.8146     3.3693   0.154706   -69.9783     1.4647   -28.0194    23.1134    0.00002
     689   22.9333      -    1    0    -23.8302     3.3801   0.154883   -69.9871     1.5256   -27.9976    22.5708    0.00005
     690   22.9667      -    1    0    -23.8444     3.3871   0.155025   -69.6764     1.6945   -27.9749    22.0656    0.00025
     691   23.0000      -    1    0    -23.8538     3.3866   0.155050   -69.3627     1.8391   -27.9626    21.4294    0.00019
     692   23.0333      -    1    0    -23.8769     3.3715   0.155033   -68.1066     2.3715   -27.9279    18.5197    0.00000
     693   23.0667      -    1    0    -23.8601     3.3540   0.154926   -67.4205     2.4237   -27.9541    13.2056    0.00015
     694   23.1000      -    1    0    -23.7671     3.3640   0.154769   -66.1812     2.0323   -28.0544     4.0275    0.00000
     695   23.1333      -    1    0    -23.7038     3.3784   0.154732   -65.3528     1.7166   -28.1362     0.0000    0.00000
     696   23.1667      -    1    0    -23.6286     3.4135   0.154735   -64.0911     1.1982   -28.0807     0.0000    0.00000
     697   23.2000      -    1    0    -23.5927     3.4380   0.154804   -63.5908     0.7676   -28.1923     0.0000    0.00000
     698   23.2333      -    1    0    -23.6046     3.4442   0.154864   -63.5739     0.7231   -28.1918     0.0000    0.00002
     699   23.2667      -    1    0    -23.6524     3.4435   0.154954   -63.5753     0.7963   -28.1640     0.0000    0.00008
     700   23.3000      -    1    0    -23.6734     3.4208   0.154970   -63.1873     0.8357   -28.1984     0.0000    0.00006
     701   23.3333      -    1    0    -23.6365     3.4221   0.154980   -60.4215     1.2339   -28.3274     0.0000    0.00000
     702   23.3667      -    1    0    -23.6257     3.4392   0.154976   -59.3978     1.3868   -28.1677     0.0000    0.00000
     703   23.4000      -    1    0    -23.6278     3.4501   0.154999   -57.4300     1.9002   -27.9855     0.0000    0.00000
     704   23.4333      -    1    0    -23.6370     3.4614   0.155054   -55.1278     2.5655   -27.6349     0.0000    0.00000
     705   23.4667      -    1    0    -23.6486     3.4489   0.155106   -53.8785     3.0943   -27.5898     0.0000    0.00000
     706   23.5000      -    1    0    -23.6444     3.4523   0.155268   -51.9336     3.7381   -27.5345     0.0000    0.00000
     707   23.5333      -    1    0    -23.6848     3.4474   0.155424   -48.8023     5.0520   -27.2636     0.0000    0.00001
     708   23.5667      -    1    0    -23.7085     3.4883   0.155607   -46.9425     5.8417   -27.0089     0.0000    0.00000
     709   23.6000      -    1    0    -23.7172     3.5146   0.155710   -46.3295     6.0918   -26.9078     0.0000    0.00000
     710   23.6333      -    1    0    -23.7059     3.5899   0.155911   -45.6905     6.1630   -26.8541     0.0000    0.00026
     711   23.6667      -    1    0    -23.6931     3.6727   0.156092   -45.1121     6.3622   -26.7172     0.0000    0.00000
     712   23.7000      -    1    0    -23.6811     3.7157   0.156180   -44.8258     6.4574   -26.6501     0.0000    0.00017
     713   23.7333      -    1    0    -23.6593     3.7828   0.156267   -43.2819     6.9732   -26.4461     0.0000    0.00000
     714   23.7667      -    1    0    -23.6181     3.8680   0.156326   -42.0252     7.2458   -26.1059     0.0000    0.00000
     715   23.8000      -    1    0    -23.5826     3.9220   0.156356   -41.3805     7.2995   -25.8521     0.0000    0.00000
     716   23.8333      -    1    0    -23.4985     4.0794   0.156390   -39.9577     6.9448   -24.8336     0.0000    0.00000
     717   23.8667      -    1    0    -23.4197     4.2059   0.156347   -38.5227     6.5758   -23.7761     0.0000    0.00000
     718   23.9000      -    1    0    -23.3537     4.2668   0.156310   -37.4533     6.2733   -23.1548     0.0000    0.00000
     719   23.9333      -    1    0    -23.3475     4.2802   0.156289   -37.4220     6.2254   -22.8480     0.0000    0.00017
     720   23.9667      -    1    0    -23.3242     4.2862   0.156263   -36.4055     6.3293   -22.5957     0.0000    0.00000
     721   24.0000      -    1    0    -23.3283     4.2980   0.156232   -36.0576     6.3343   -22.4196     0.0000    0.00018
     722   24.0333      -    1    0    -23.3327     4.2956   0.156221   -36.0614     6.3513   -22.4103     0.0000    0.00000
     723   24.0667      -    1    0    -23.3367     4.3035   0.156198   -35.7068     6.3579   -22.1926     0.0000    0.00000
     724   24.1000      -    1    0    -23.3454     4.3149   0.156173   -35.3545     6.3525   -22.0075     0.0000    0.00000
     725   24.1333      -    1    0    -23.3689     4.3267   0.156133   -35.3266     6.2609   -21.8456     0.0000    0.00009
     726   24.1667      -    1    0    -23.3781     4.3223   0.156127   -35.3280     6.2804   -21.8450     0.0000    0.00001
     727   24.2000      -    1    0    -23.3916     4.3165   0.156131   -35.3294     6.3150   -21.8206     0.0000    0.00001
     728   24.2333      -    1    0    -23.3950     4.3124   0.156156   -34.6812     6.5333   -21.7256     0.0000    0.00000
     729   24.2667      -    1    0    -23.3955     4.3123   0.156161   -34.6836     6.5413   -21.7188     0.0000    0.00000
     730   24.3000      -    1    0    -23.3936     4.3044   0.156166   -34.3526     6.6398   -21.6886     0.0000    0.00011
     731   24.3333      -    1    0    -23.3874     4.3047   0.156172   -34.0286     6.7308   -21.6543     0.0000    0.00010
     732   24.3667      -    1    0    -23.3864     4.3100   0.156161   -33.7075     6.8189   -21.6137     0.0000    0.00009
     733   24.4000      -    1    0    -23.3883     4.3115   0.156154   -33.7087     6.8173   -21.6121     0.0000    0.00000
     734   24.4333      -    1    0    -23.3819     4.3119   0.156135   -33.0574     6.9934   -21.5440     0.0000    0.00000
     735   24.4667      -    1    0    -23.3717     4.3416   0.156110   -32.7081     6.9262   -21.3750     0.0000    0.00000
     736   24.5000      -    1    0    -23.3647     4.3578   0.156101   -32.3939     6.9971   -21.3430     0.0000    0.00006
     737   24.5333      -    1    0    -23.3512     4.4024   0.156086   -31.4476     7.2251   -21.2081     0.0000    0.00000
     738   24.5667      -    1    0    -23.3507     4.4707   0.156075   -30.5054     7.4010   -20.8089     0.0000    0.00000
     739   24.6000      -    1    0    -23.3520     4.5453   0.156083   -30.2523     7.5180   -20.6558     0.0000    0.00027
     740   24.6333      -    1    0    -23.3624     4.5718   0.156078   -29.9751     7.6934   -20.4773     0.0000    0.00000
     741   24.6667      -    1    0    -23.3436     4.6507   0.156074   -29.3397     7.6913   -20.3093     0.0000    0.00000
     742   24.7000      -    1    0    -23.3484     4.7004   0.156072   -28.8284     7.8380   -20.0584     0.0000    0.00000
     743   24.7333      -    1    0    -23.3452     4.7250   0.156069   -28.7445     7.8317   -20.0457     0.0000    0.00002
     744   24.7667      -    1    0    -23.3439     4.7623   0.156034   -27.7881     8.0740   -19.6726     0.0000    0.00000
     745   24.8000      -    1    0    -23.3390     4.8108   0.156007   -27.1314     8.1205   -19.3233     0.0000    0.00000
     746   24.8333      -    1    0    -23.3330     4.8425   0.155987   -26.7764     8.0304   -19.1703     0.0000    0.00000
     747   24.8667      -    1    0    -23.3278     4.8995   0.155946   -26.0648     7.8656   -18.8404     0.0000    0.00000
     748   24.9000      -    1    0    -23.3137     4.9556   0.155910   -25.0139     7.7381   -18.4644     0.0000    0.00000
     749   24.9333      -    1    0    -23.3069     5.0434   0.155853   -23.9327     7.4422   -17.7688     0.0000    0.00000
     750   24.9667      -    1    0    -23.3044     5.0797   0.155843   -23.9120     7.2558   -17.6613     0.0000    0.00012
     751   25.0000      -    1    0    -23.2978     5.1239   0.155825   -22.9076     7.2911   -17.4476     0.0000    0.00000
     752   25.0333      -    1    0    -23.3040     5.1591   0.155815   -22.2936     7.4931   -17.2199     0.0000    0.00000
     753   25.0667      -    1    0    -23.2993     5.1840   0.155811   -21.9742     7.5316   -17.1762     0.0000    0.00002
     754   25.1000      -    1    0    -23.2968     5.2292   0.155818   -21.0040     7.6896   -17.0246     0.0000    0.00000
     755   25.1333      -    1    0    -23.3070     5.2883   0.155847   -20.3292     7.6314   -16.7739     0.0000    0.00000
     756   25.1667      -    1    0    -23.3155     5.3116   0.155943   -19.0381     7.8893   -16.5670     0.0000    0.00000
     757   25.2000      -    1    0    -23.3246     5.3472   0.156000   -18.6464     7.7811   -16.3754     0.0000    0.00000
     758   25.2333      -    1    0    -23.3660     5.3583   0.156121   -18.6540     7.8230   -16.3021     0.0000    0.00009
     759   25.2667      -    1    0    -23.4017     5.3681   0.156234   -18.6569     7.8551   -16.2155     0.0000    0.00007
     760   25.3000      -    1    0    -23.4657     5.3534   0.156321   -18.6925     8.1477   -15.7469     0.0000    0.00000
     761   25.3333      -    1    0    -23.5169     5.3478   0.156345   -20.0450     8.1567   -15.5572     0.0000    0.00000
     762   25.3667      -    1    0    -23.6676     5.3652   0.156331   -25.9024     7.7558   -15.4691     0.0000    0.00000
     763   25.4000      -    1    0    -23.6336     5.5386   0.156236   -26.2960     7.3188   -15.4898     0.0000    0.00000
     764   25.4333      -    1    0    -23.5918     5.6944   0.156162   -26.3489     6.9666   -15.3690     0.0000    0.00076
     765   25.4667      -    1    0    -23.4828     6.0553   0.156043   -26.5449     6.3498   -15.2928     0.0000    0.00000
     766   25.5000      -    1    0    -23.4034     6.3677   0.155984   -26.7575     5.9679   -15.3113     0.0000    0.00000
     767   25.5333      -    1    0    -23.4092     6.5202   0.155936   -28.4261     5.5871   -15.0799     0.0000    0.00000
     768   25.5667      -    1    0    -23.4544     6.8262   0.155952   -30.6428     4.9416   -13.9106     0.0000    0.00000
     769   25.6000      -    1    0    -23.5012     7.1512   0.156025   -31.2166     3.9955   -11.8044     0.0000    0.00000
     770   25.6333      -    1    0    -23.4584     7.4442   0.156188   -31.0773     2.6358   -10.4251     0.0000    0.00000
     771   25.6667      -    1    0    -23.4464     7.5273   0.156335   -31.0442     2.2672    -9.9760     0.0000    0.00000
     772   25.7000      -    1    0    -23.4464     7.5608   0.156640   -31.0108     2.0978    -9.6634     0.0000    0.00025
     773   25.7333      -    1    0    -23.4379     7.5553   0.156948   -30.9972     2.0472    -9.7538     0.0000    0.00005
     774   25.7667      -    1    0    -23.4443     7.5552   0.157085   -30.9991     2.0843    -9.7132     0.0000    0.00001
     775   25.8000      -    1    0    -23.4739     7.5795   0.157249   -30.9961     1.9857    -9.7702     0.0000    0.00013
     776   25.8333      -    1    0    -23.4950     7.6355   0.157410   -30.9823     1.7265    -9.6843     0.0000    0.00025
     777   25.8667      -    1    0    -23.4989     7.7135   0.157554   -30.2991     1.3367    -9.5091     0.0000    0.00000
     778   25.9000      -    1    0    -23.5022     7.7563   0.157620   -29.8991     1.1105    -9.2679     0.0000    0.00000
     779   25.9333      -    1    0    -23.4954     7.8182   0.157777   -29.1802     0.7204    -9.0763     0.0000    0.00000
     780   25.9667      -    1    0    -23.4648     7.8489   0.157936   -26.7822     0.5969    -9.0724     0.0000    0.00000
     781   26.0000      -    1    0    -23.4163     7.8767   0.158008   -25.0809     0.4425    -9.3719     0.0000    0.00000
     782   26.0333      -    1    0    -23.4009     7.9178   0.158140   -23.0342     0.3798    -9.2479     0.0000    0.00000
     783   26.0667      -    1    0    -23.3683     8.0379   0.158251   -20.2563    -0.3000    -9.1677     0.0000    0.00000
     784   26.1000      -    1    0    -23.3413     8.2016   0.158357   -16.7378    -1.3322    -8.8983     0.0000    0.00000
     785   26.1333      -    1    0    -23.3361     8.3033   0.158405   -15.2908    -2.0586    -8.6544     0.0000    0.00000
     786   26.1667      -    1    0    -23.3264     8.5008   0.158520   -12.4293    -3.4885    -8.2894     0.0000    0.00001
     787   26.2000      -    1    0    -23.3176     8.6797   0.158662   -10.2322    -4.7525    -8.0196     0.0000    0.00000
     788   26.2333      -    1    0    -23.3166     8.7631   0.158740    -8.8274    -5.2548    -7.9775     0.0000    0.00000
     789   26.2667      -    1    0    -23.3095     8.9120   0.158849    -6.0317    -6.0943    -7.9250     0.0000    0.00000
     790   26.3000      -    1    0    -23.3123     9.0740   0.158909    -3.5643    -7.0024    -7.5676     0.0000    0.00000
     791   26.3333      -    1    0    -23.3464     9.2035   0.158904    -2.1405    -7.8979    -6.9153     0.0000    0.00000
     792   26.3667      -    1    0    -23.3527     9.2529   0.158895    -1.4445    -8.2825    -6.8647     0.0000    0.00000
     793   26.4000      -    1    0    -23.3612     9.3009   0.158857     0.2696    -8.6070    -6.9597     0.0000    0.00000
     794   26.4333      -    1    0    -23.3702     9.3759   0.158843     2.3775    -9.1359    -7.1886     0.0000    0.00000
     795   26.4667      -    1    0    -23.3856     9.4203   0.158849     3.4310    -9.4886    -7.2776     0.0000    0.00000
     796   26.5000      -    1    0    -23.4341     9.5434   0.158891     5.5300   -10.3995    -7.4165     0.0000    0.00000
     797   26.5333      -    1    0    -23.4656     9.6081   0.158926     6.5980   -10.8311    -7.4766     0.0000    0.00000
     798   26.5667      -    1    0    -23.4967     9.6220   0.158935     8.2949   -10.8917    -7.7392     0.0000    0.00000
     799   26.6000      -    1    0    -23.5130     9.6453   0.158951     9.0284   -11.0495    -7.8494     0.0000    0.00000
     800   26.6333      -    1    0    -23.5537     9.7023   0.158972    10.7885   -11.3923    -8.1402     0.0000    0.00000
     801   26.6667      -    1    0    -23.6072     9.8177   0.159023    12.9426   -12.2053    -8.5224     0.0000    0.00000
     802   26.7000      -    1    0    -23.6380     9.8802   0.159054    14.0193   -12.6590    -8.7126     0.0000    0.00000
     803   26.7333      -    1    0    -23.7164    10.0189   0.159121    15.8458   -13.6928    -9.0657     0.0000    0.00000
     804   26.7667      -    1    0    -23.7942    10.1306   0.159159    17.9845   -14.4116    -9.5454     0.0000    0.00000
     805   26.8000      -    1    0    -23.8239    10.1929   0.159177    19.0616   -14.7586    -9.8118     0.0000    0.00000
     806   26.8333      -    1    0    -23.8997    10.3729   0.159239    21.5829   -15.7544   -10.3490     0.0000    0.00000
     807   26.8667      -    1    0    -23.9921    10.5572   0.159309    23.0359   -16.9037   -10.4360     0.0000    0.00000
     808   26.9000      -    1    0    -24.0423    10.6453   0.159317    23.2724   -17.4202   -10.2786     0.0000    0.00000
     809   26.9333      -    1    0    -24.0560    10.6580   0.159317    23.1847   -17.4478   -10.1102     0.0000    0.00006
     810   26.9667      -    1    0    -24.0507    10.6868   0.159276    23.0336   -17.2368    -9.9310     0.0000    0.00030
     811   27.0000      -    1    0    -24.0018    10.6897   0.159157    22.7777   -16.3519    -9.7091     0.0000    0.00000
     812   27.0333      -    1    0    -23.9786    10.7282   0.159094    22.6453   -16.0134    -9.6285     0.0000    0.00050
     813   27.0667      -    1    0    -23.9105    10.8435   0.158929    22.2756   -15.1534    -9.2261     0.0000    0.00000
     814   27.1000      -    1    0    -23.7912    10.9792   0.158744    21.0751   -13.8845    -8.4105     0.0000    0.00000
     815   27.1333      -    1    0    -23.6387    11.1261   0.158586    19.5394   -12.5369    -7.9568     0.0000    0.00000
     816   27.1667      -    1    0    -23.5895    11.2345   0.158520    18.9973   -12.1719    -7.6746     0.0000    0.00000
     817   27.2000      -    1    0    -23.4955    11.4416   0.158310    18.2708   -11.4161    -7.2140     0.0000    0.00000
     818   27.2333      -    1    0    -23.4267    11.5952   0.157997    17.2051   -10.6838    -6.5519     0.0000    0.00000
     819   27.2667      -    1    0    -23.3878    11.6368   0.157825    16.6549   -10.1615    -6.3125     0.0000    0.00000
     820   27.3000      -    1    0    -23.3207    11.6761   0.157454    15.6212    -9.1790    -5.8566     0.0000    0.00000
     821   27.3333      -    1    0    -23.2600    11.6752   0.157014    14.7299    -8.3663    -5.6323     0.0000    0.00000
     822   27.3667      -    1    0    -23.2047    11.6738   0.156531    14.2700    -7.8549    -5.5871     0.0000    0.00000
     823   27.4000      -    1    0    -23.1760    11.6890   0.156266    14.2184    -7.7064    -5.6055     0.0000    0.00014
     824   27.4333      -    1    0    -23.1049    11.7188   0.155748    13.4432    -7.3867    -5.6395     0.0000    0.00000
     825   27.4667      -    1    0    -23.0410    11.8311   0.155262    12.9654    -7.1629    -5.5988     0.0000    0.00097
     826   27.5000      -    1    0    -23.0060    11.8896   0.155004    12.4772    -6.7320    -5.2628     0.0000    0.00000
     827   27.5333      -    1    0    -22.8991    12.0085   0.154581    11.3974    -5.5205    -4.9437     0.0000    0.00000
     828   27.5667      -    1    0    -22.7839    12.2390   0.154248    10.2274    -4.5370    -4.6849     0.0000    0.00000
     829   27.6000      -    1    0    -22.6948    12.5116   0.153964     9.0539    -3.6764    -4.0939     0.0000    0.00000
     830   27.6333      -    1    0    -22.6508    12.6497   0.153865     8.8165    -3.2756    -3.9691     0.0000    0.00000
     831   27.6667      -    1    0    -22.5733    12.8719   0.153714     8.0297    -2.2845    -3.7339     0.0000    0.00000
     832   27.7000      -    1    0    -22.5267    13.0816   0.153547     7.3135    -1.4781    -3.3906     0.0000    0.00000
     833   27.7333      -    1    0    -22.5046    13.1376   0.153469     6.4641    -0.8858    -3.3017     0.0000    0.00000
     834   27.7667      -    1    0    -22.4921    13.2487   0.153310     5.8529    -0.0554    -3.1538     0.0000    0.00000
     835   27.8000      -    1    0    -22.5217    13.3329   0.153126     4.9653     0.6714    -2.8125     0.0000    0.00000
     836   27.8333      -    1    0    -22.5411    13.3474   0.153032     4.5447     1.0383    -2.7304     0.0000    0.00000
     837   27.8667      -    1    0    -22.5878    13.3548   0.152859     4.0905     1.6828    -2.5759     0.0000    0.00000
     838   27.9000      -    1    0    -22.6533    13.3502   0.152680     3.3653     2.0530    -2.2913     0.0000    0.00000
     839   27.9333      -    1    0    -22.7159    13.2398   0.152517     2.0023     2.7794    -2.0788     0.0000    0.00000
     840   27.9667      -    1    0    -22.7441    13.1598   0.152456     1.3289     3.2403    -1.9001     0.0000    0.00000
     841   28.0000      -    1    0    -22.8113    12.9503   0.152299    -0.0031     4.3941    -1.3542     0.0000    0.00000
     842   28.0333      -    1    0    -22.9010    12.6337   0.152188    -1.6469     6.0464    -0.8845     0.0000    0.00000
     843   28.0667      -    1    0    -22.9543    12.4601   0.152182    -2.2930     6.8587    -0.7495     0.0000    0.00000
     844   28.1000      -    1    0    -23.1120    12.0872   0.152140    -4.0778     8.3640    -0.5247     0.0000    0.00000
     845   28.1333      -    1    0    -23.3016    11.7458   0.152083    -5.3377     9.5936     0.0147     0.0000    0.00000
     846   28.1667      -    1    0    -23.4920    11.4454   0.152000    -6.8513    10.6625     0.3587     0.0000    0.00000
     847   28.2000      -    1    0    -23.5981    11.2461   0.151971    -8.1177    11.5650     0.3502     0.0000    0.00000
     848   28.2333      -    1    0    -23.7767    10.8493   0.151954    -9.6994    13.4824     0.2023     0.0000    0.00000
     849   28.2667      -    1    0    -23.9341    10.5472   0.151921   -11.5767    15.1829    -0.0112     0.0000    0.00000
     850   28.3000      -    1    0    -24.0045    10.4421   0.151871   -12.3347    15.8466     0.0479     0.0000    0.00000
     851   28.3333      -    1    0    -24.1326    10.2390   0.151839   -14.3925    17.3361    -0.3824     0.0000    0.00001
     852   28.3667      -    1    0    -24.2306    10.0734   0.151883   -16.1556    18.6782    -0.9307     0.0000    0.00000
     853   28.4000      -    1    0    -24.3082     9.9102   0.151911   -17.6124    20.0046    -1.5643     0.0000    0.00000
     854   28.4333      -    1    0    -24.3489     9.8373   0.151948   -18.3409    20.6004    -1.8758     0.0000    0.00000
     855   28.4667      -    1    0    -24.4056     9.6978   0.151968   -19.4571    21.6227    -2.4660     0.0000    0.00000
     856   28.5000      -    1    0    -24.4778     9.5955   0.151926   -20.8845    22.2580    -2.9073     0.0000    0.00000
     857   28.5333      -    1    0    -24.4967     9.5488   0.151878   -21.2544    22.4777    -3.1284     0.0000    0.00000
     858   28.5667      -    1    0    -24.5364     9.4072   0.151861   -22.0475    23.3315    -3.6583     0.0000    0.00000
     859   28.6000      -    1    0    -24.5326     9.2581   0.151942   -22.5289    24.1925    -4.3176     0.0000    0.00000
     860   28.6333      -    1    0    -24.5819     9.0744   0.152065   -24.1565    25.3435    -5.5446     0.0000    0.00001
     861   28.6667      -    1    0    -24.5873     8.9841   0.152117   -24.2304    25.8712    -5.8362     0.0000    0.00000
     862   28.7000      -    1    0    -24.6303     8.9123   0.152129   -25.7494    26.2328    -6.6085     0.0000    0.00000
     863   28.7333      -    1    0    -24.7081     8.7988   0.152177   -27.2543    26.6379    -7.4704     0.0000    0.00000
     864   28.7667      -    1    0    -24.7534     8.6848   0.152263   -28.0635    27.1337    -8.1303     0.0000    0.00000
     865   28.8000      -    1    0    -24.8658     8.4311   0.152419   -30.0450    28.1943    -9.6398     0.0000    0.00001
     866   28.8333      -    1    0    -24.9934     8.2370   0.152601   -32.4205    28.8779   -11.1571     0.0000    0.00001
     867   28.8667      -    1    0    -25.0686     8.0804   0.152700   -34.0576    29.4264   -12.3915     0.0000    0.00000
     868   28.9000      -    1    0    -25.1003     8.0420   0.152718   -34.8698    29.5639   -12.9289     0.0000    0.00000
     869   28.9333      -    1    0    -25.1574     7.9689   0.152754   -36.9197    29.7628   -14.4758     0.0000    0.00001
     870   28.9667      -    1    0    -25.2116     7.8353   0.152851   -38.7159    30.3527   -16.0523     0.0000    0.00001
     871   29.0000      -    1    0    -25.2541     7.7534   0.152917   -39.5301    30.7961   -16.6652     0.0000    0.00000
     872   29.0333      -    1    0    -25.3067     7.6311   0.152973   -40.9828    31.2085   -17.8821     0.0000    0.00000
     873   29.0667      -    1    0    -25.3432     7.5129   0.153004   -42.2940    31.4787   -19.0000     0.0000    0.00000
     874   29.1000      -    1    0    -25.3716     7.3865   0.153006   -43.3145    31.9086   -20.0189     0.0000    0.00000
     875   29.1333      -    1    0    -25.3914     7.3475   0.152983   -44.2013    31.9970   -20.6934     0.0000    0.00000
     876   29.1667      -    1    0    -25.4330     7.2861   0.152927   -45.8893    32.1860   -21.9657     0.0000    0.00000
     877   29.2000      -    1    0    -25.4317     7.2037   0.152891   -46.2818    32.5561   -22.7265     0.0000    0.00000
     878   29.2333      -    1    0    -25.4263     7.1820   0.152821   -46.3674    32.6419   -22.9326     0.0000    0.00006
     879   29.2667      -    1    0    -25.4222     7.1829   0.152716   -47.1976    32.4769   -23.5224     0.0000    0.00000
     880   29.3000      -    1    0    -25.3869     7.1437   0.152685   -47.3390    32.5022   -24.0598     0.0000    0.00035
     881   29.3333      -    1    0    -25.3617     7.1167   0.152674   -47.4229    32.5602   -24.2706     0.0000    0.00007
     882   29.3667      -    1    0    -25.3543     7.0901   0.152713   -47.4862    32.6435   -24.4484     0.0000    0.00005
     883   29.4000      -    1    0    -25.3429     7.0340   0.152753   -47.4910    32.6622   -24.5452     0.0000    0.00008
     884   29.4333      -    1    0    -25.3314     6.9458   0.152810   -47.4727    32.7063   -24.6401     0.0000    0.00018
     885   29.4667      -    1    0    -25.3234     6.8938   0.152850   -47.4617    32.7427   -24.6900     0.0000    0.00006
     886   29.5000      -    1    0    -25.3116     6.8092   0.152896   -47.4275    32.8425   -24.5394     0.0000    0.00024
     887   29.5333      -    1    0    -25.3130     6.7959   0.152885   -47.1973    32.7029   -23.8854     0.0000    0.00000
     888   29.5667      -    1    0    -25.3117     6.8090   0.152851   -47.0578    32.5685   -23.5690     0.0000    0.00024
     889   29.6000      -    1    0    -25.3197     6.8271   0.152855   -46.9503    32.4810   -23.3183     0.0000    0.00014
     890   29.6333      -    1    0    -25.3270     6.8736   0.152824   -46.9697    32.4362   -23.3097     0.0000    0.00006
     891   29.6667      -    1    0    -25.3541     6.9228   0.152759   -47.0238    32.5166   -23.1791     0.0000    0.00017
     892   29.7000      -    1    0    -25.3579     6.9451   0.152727   -47.0310    32.4809   -23.1728     0.0000    0.00002
     893   29.7333      -    1    0    -25.3777     6.9640   0.152689   -47.0295    32.4603   -23.1559     0.0000    0.00003
     894   29.7667      -    1    0    -25.3950     6.9622   0.152681   -47.0230    32.4500   -23.1617     0.0000    0.00001
     895   29.8000      -    1    0    -25.3985     6.9627   0.152679   -47.0225    32.4411   -23.1669     0.0000    0.00000
     896   29.8333      -    1    0    -25.4033     6.9642   0.152670   -47.0215    32.4383   -23.1656     0.0000    0.00000
     897   29.8667      -    1    0    -25.3957     6.9713   0.152635   -47.0313    32.4071   -23.1804     0.0000    0.00001
     898   29.9000      -    1    0    -25.4054     6.9608   0.152602   -47.0753    32.5385   -23.1010     0.0000    0.00007
     899   29.9333      -    1    0    -25.4024     6.9603   0.152592   -47.0776    32.5331   -23.1065     0.0000    0.00000
     900   29.9667      -    1    0    -25.4012     6.9630   0.152556   -47.0828    32.5088   -23.1206     0.0000    0.00001
     901   30.0000      -    1    0    -25.3947     6.9586   0.152515   -47.0894    32.4885   -23.1431     0.0000    0.00001
     902   30.0333      -    1    0    -25.3878     6.9536   0.152497   -47.0932    32.4813   -23.1571     0.0000    0.00001
     903   30.0667      -    1    0    -25.3749     6.9552   0.152503   -47.1013    32.4589   -23.1752     0.0000    0.00001
     904   30.1000      -    1    0    -25.3713     6.9456   0.152533   -47.1823    32.5373   -23.3728     0.0000    0.00005
     905   30.1333      -    1    0    -25.3717     6.9422   0.152540   -47.1837    32.5397   -23.3724     0.0000    0.00000
     906   30.1667      -    1    0    -25.3763     6.9318   0.152544   -47.1782    32.5492   -23.3776     0.0000    0.00000
     907   30.2000      -    1    0    -25.3825     6.9085   0.152581   -47.2546    32.6614   -23.5733     0.0000    0.00007
     908   30.2333      -    1    0    -25.3635     6.9145   0.152536   -47.2154    32.5088   -23.6642     0.0000    0.00010
     909   30.2667      -    1    0    -25.3624     6.9107   0.152511   -47.2167    32.5058   -23.6716     0.0000    0.00000
     910   30.3000      -    1    0    -25.3566     6.9075   0.152458   -47.2237    32.4838   -23.6932     0.0000    0.00001
     911   30.3333      -    1    0    -25.3523     6.9049   0.152404   -47.2302    32.4574   -23.7168     0.0000    0.00001
     912   30.3667      -    1    0    -25.3520     6.9038   0.152355   -47.2335    32.4470   -23.7254     0.0000    0.00000
     913   30.4000      -    1    0    -25.3537     6.9003   0.152340   -47.2329    32.4492   -23.7281     0.0000    0.00000
     914   30.4333      -    1    0    -25.3479     6.9033   0.152345   -47.2365    32.4399   -23.7322     0.0000    0.00000
     915   30.4667      -    1    0    -25.3444     6.9049   0.152367   -47.2374    32.4390   -23.7319     0.0000    0.00000
     916   30.5000      -    1    0    -25.3507     6.9021   0.152421   -47.2298    32.4550   -23.7232     0.0000    0.00000
     917   30.5333      -    1    0    -25.3552     6.8974   0.152444   -47.2249    32.4636   -23.7228     0.0000    0.00000
     918   30.5667      -    1    0    -25.3531     6.9036   0.152456   -47.2280    32.4452   -23.7286     0.0000    0.00000
     919   30.6000      -    1    0    -25.3513     6.9072   0.152443   -47.2310    32.4356   -23.7308     0.0000    0.00000
     920   30.6333      -    1    0    -25.3485     6.9065   0.152428   -47.2333    32.4304   -23.7361     0.0000    0.00000
     921   30.6667      -    1    0    -25.3478     6.9045   0.152434   -47.2329    32.4326   -23.7376     0.0000    0.00000
     922   30.7000      -    1    0    -25.3422     6.9080   0.152444   -47.2362    32.4243   -23.7405     0.0000    0.00000
     923   30.7333      -    1    0    -25.3420     6.9056   0.152446   -47.2358    32.4269   -23.7420     0.0000    0.00000
     924   30.7667      -    1    0    -25.3450     6.9041   0.152457   -47.2328    32.4348   -23.7377     0.0000    0.00000
     925   30.8000      -    1    0    -25.3505     6.9026   0.152440   -47.2304    32.4392   -23.7348     0.0000    0.00000
     926   30.8333      -    1    0    -25.3530     6.9034   0.152423   -47.2304    32.4378   -23.7338     0.0000    0.00000
     927   30.8667      -    1    0    -25.3755     6.8999   0.152405   -47.2699    32.5748   -23.6377     0.0000    0.00008
     928   30.9000      -    1    0    -25.3771     6.8966   0.152389   -47.2690    32.5767   -23.6403     0.0000    0.00000
     929   30.9333      -    1    0    -25.3732     6.9009   0.152355   -47.2749    32.5604   -23.6469     0.0000    0.00001
     930   30.9667      -    1    0    -25.3734     6.9013   0.152360   -47.2746    32.5604   -23.6462     0.0000    0.00000
     931   31.0000      -    1    0    -25.3745     6.8960   0.152373   -47.2722    32.5646   -23.6508     0.0000    0.00000
     932   31.0333      -    1    0    -25.3785     6.8844   0.152394   -47.2661    32.5788   -23.6561     0.0000    0.00000
     933   31.0667      -    1    0    -25.3808     6.8848   0.152399   -47.2644    32.5824   -23.6523     0.0000    0.00000
     934   31.1000      -    1    0    -25.3834     6.8851   0.152409   -47.2624    32.5876   -23.6476     0.0000    0.00000
     935   31.1333      -    1    0    -25.3875     6.8794   0.152417   -47.2584    32.5941   -23.6499     0.0000    0.00000
     936   31.1667      -    1    0    -25.4069     6.8607   0.152417   -47.2423    32.6371   -23.6395     0.0000    0.00002
     937   31.2000      -    1    0    -25.4150     6.8549   0.152424   -47.2369    32.6415   -23.6426     0.0000    0.00000
     938   31.2333      -    1    0    -25.4264     6.8545   0.152420   -47.2309    32.6492   -23.6345     0.0000    0.00000
     939   31.2667      -    1    0    -25.4379     6.8538   0.152416   -47.2259    32.6511   -23.6310     0.0000    0.00000
     940   31.3000      -    1    0    -25.4447     6.8531   0.152410   -47.2220    32.6595   -23.6240     0.0000    0.00000
     941   31.3333      -    1    0    -25.4647     6.8502   0.152391   -47.2112    32.6836   -23.6046     0.0000    0.00002
     942   31.3667      -    1    0    -25.4803     6.8535   0.152367   -47.2063    32.6760   -23.6014     0.0000    0.00001
     943   31.4000      -    1    0    -25.4976     6.8417   0.152388   -47.2814    32.8094   -23.7693     0.0000    0.00007
     944   31.4333      -    1    0    -25.5062     6.8400   0.152392   -47.2716    32.8172   -23.7480     0.0000    0.00000
     945   31.4667      -    1    0    -25.5088     6.8464   0.152381   -47.2720    32.8039   -23.7450     0.0000    0.00000
     946   31.5000      -    1    0    -25.5033     6.8573   0.152376   -47.2781    32.7858   -23.7442     0.0000    0.00001
     947   31.5333      -    1    0    -25.5022     6.8602   0.152379   -47.2799    32.7760   -23.7478     0.0000    0.00000
     948   31.5667      -    1    0    -25.4998     6.8548   0.152388   -47.2799    32.7735   -23.7581     0.0000    0.00000
     949   31.6000      -    1    0    -25.5032     6.8495   0.152407   -47.2750    32.7876   -23.7545     0.0000    0.00000
     950   31.6333      -    1    0    -25.5109     6.8534   0.152462   -47.2680    32.7988   -23.7396     0.0000    0.00000
     951   31.6667      -    1    0    -25.4939     6.8587   0.152456   -47.2256    32.6666   -23.8270     0.0000    0.00008
     952   31.7000      -    1    0    -25.4951     6.8630   0.152488   -47.2249    32.6717   -23.8175     0.0000    0.00000
     953   31.7333      -    1    0    -25.4759     6.8718   0.152559   -47.1799    32.5525   -23.8924     0.0000    0.00006
     954   31.7667      -    1    0    -25.4804     6.8707   0.152640   -47.1712    32.5771   -23.8759     0.0000    0.00000
     955   31.8000      -    1    0    -25.5014     6.8807   0.152795   -47.1509    32.6216   -23.8255     0.0000    0.00005
     956   31.8333      -    1    0    -25.5491     6.8976   0.152886   -47.1213    32.6794   -23.7473     0.0000    0.00008
     957   31.8667      -    1    0    -25.6157     6.9147   0.152962   -47.0823    32.7514   -23.6529     0.0000    0.00013
     958   31.9000      -    1    0    -25.6555     6.9193   0.152994   -47.0590    32.7918   -23.6063     0.0000    0.00004
     959   31.9333      -    1    0    -25.7508     6.9134   0.153031   -46.9158    32.8111   -23.3335     0.0000    0.00027
     960   31.9667      -    1    0    -25.8519     6.8826   0.152962   -46.8620    32.8857   -23.2998     0.0000    0.00028
     961   32.0000      -    1    0    -25.8883     6.8752   0.152875   -46.8461    32.9076   -23.2829     0.0000    0.00007
     962   32.0333      -    1    0    -25.9233     6.9260   0.152613   -46.6070    32.6001   -22.7001     0.0000    0.00000
     963   32.0667      -    1    0    -25.9774     6.9627   0.152500   -46.4141    32.5776   -21.9190     0.0000    0.00000
     964   32.1000      -    1    0    -26.0799     6.9827   0.152462   -46.1955    32.7930   -20.8109     1.5107    0.00000
     965   32.1333      -    1    0    -26.1079     6.9842   0.152454   -46.0823    32.7900   -20.5436     1.9973    0.00012
     966   32.1667      -    1    0    -26.1541     7.0202   0.152362   -45.7604    32.5427   -19.7666     2.2873    0.00000
     967   32.2000      -    1    0    -26.2212     7.0464   0.152324   -45.5063    32.4599   -19.0005     1.4266    0.00000
     968   32.2333      -    1    0    -26.2271     7.0575   0.152302   -45.3935    32.2446   -18.9215     0.7155    0.00021
     969   32.2667      -    1    0    -26.2042     7.0772   0.152258   -45.3441    31.9715   -19.1317     1.3236    0.00031
     970   32.3000      -    1    0    -26.1982     7.0965   0.152179   -45.3228    31.8010   -19.2333     2.4089    0.00013
     971   32.3333      -    1    0    -26.1390     7.1657   0.152010   -45.3103    31.3797   -19.4645     2.9609    0.00074
     972   32.3667      -    1    0    -26.1219     7.2084   0.151913   -45.3408    31.2991   -19.4702     3.3819    0.00011
     973   32.4000      -    1    0    -26.0877     7.2898   0.151687   -45.4029    31.1231   -19.4984     3.4100    0.00043
     974   32.4333      -    1    0    -26.0330     7.3950   0.151385   -45.4910    30.8633   -19.5622     3.1200    0.00078
     975   32.4667      -    1    0    -25.9857     7.4571   0.151172   -45.5525    30.6924   -19.6162     2.9609    0.00037
     976   32.5000      -    1    0    -25.8443     7.6260   0.150643   -45.7135    30.2847   -19.7166     2.1657    0.00000
     977   32.5333      -    1    0    -25.7004     7.7913   0.150156   -45.9135    30.0488   -19.7009     1.4078    0.00000
     978   32.5667      -    1    0    -25.6307     7.8596   0.149904   -46.0280    29.9916   -19.6650     1.1833    0.00054
     979   32.6000      -    1    0    -25.4052     7.9743   0.149325   -44.7160    30.0472   -18.7346     0.8839    0.00000
     980   32.6333      -    1    0    -25.1481     8.1028   0.148802   -44.1287    29.8590   -18.2604     1.8569    0.00000
     981   32.6667      -    1    0    -24.8723     8.1922   0.148274   -42.7322    29.6839   -17.3665     2.7644    0.00000
     982   32.7000      -    1    0    -24.7456     8.2133   0.148050   -42.0455    29.7127   -16.9004     2.6148    0.00000
     983   32.7333      -    1    0    -24.4343     8.2720   0.147652   -40.1569    29.3593   -15.8091     2.9422    0.00000
     984   32.7667      -    1    0    -24.2089     8.3225   0.147347   -39.6880    28.7816   -15.3218     4.2520    0.00000
     985   32.8000      -    1    0    -24.0959     8.3259   0.147185   -38.8403    28.5335   -14.7286     4.3175    0.00000
     986   32.8333      -    1    0    -23.8764     8.3698   0.146883   -37.0463    27.7857   -13.3024     3.7281    0.00001
     987   32.8667      -    1    0    -23.7347     8.4511   0.146614   -36.7202    26.9615   -12.4063     3.3445    0.00000
     988   32.9000      -    1    0    -23.6236     8.4712   0.146346   -36.1649    26.5946   -11.7001     1.9411    0.00000
     989   32.9333      -    1    0    -23.5610     8.4538   0.146235   -35.8124    26.6151   -11.5773     0.7529    0.00014
     990   32.9667      -    1    0    -23.4028     8.4541   0.146052   -34.3468    26.4373   -10.7515     0.0000    0.00000
     991   33.0000      -    1    0    -23.2927     8.4621   0.145916   -33.0976    26.1302    -9.6739     0.0000    0.00000
     992   33.0333      -    1    0    -23.2463     8.4583   0.145836   -32.6077    25.9096    -9.3158     0.0000    0.00000
     993   33.0667      -    1    0    -23.1578     8.4632   0.145698   -31.2404    25.2593    -8.2729     0.0000    0.00000
     994   33.1000      -    1    0    -23.1071     8.4680   0.145626   -30.9944    24.6461    -7.7161     0.0000    0.00000
     995   33.1333      -    1    0    -23.0844     8.3952   0.145625   -30.8881    24.5375    -7.5878     0.0000    0.00025
     996   33.1667      -    1    0    -23.0612     8.3501   0.145640   -30.5152    24.5735    -7.5047     0.0000    0.00008
     997   33.2000      -    1    0    -22.9996     8.2776   0.145681   -29.7822    24.5979    -7.3455     0.0000    0.00037
     998   33.2333      -    1    0    -22.9375     8.2515   0.145721   -29.3792    24.4308    -7.1805     0.0000    0.00000
     999   33.2667      -    1    0    -22.8990     8.2608   0.145709   -28.9828    24.2625    -6.9629     0.0000    0.00000
    1000   33.3000      -    1    0    -22.8530     8.2554   0.145704   -28.2236    24.2151    -6.4621     0.0000    0.00000
    1001   33.3333      -    1    0    -22.8278     8.2331   0.145730   -27.8577    24.3259    -6.2352     0.0000    0.00000
    1002   33.3667      -    1    0    -22.8259     8.2075   0.145756   -27.8540    24.4439    -6.1156     0.0000    0.00007
    1003   33.4000      -    1    0    -22.8049     8.1992   0.145747   -27.4842    24.4149    -5.9829     0.0000    0.00012
    1004   33.4333      -    1    0    -22.7546     8.1978   0.145724   -26.3285    24.1990    -5.4380     0.0000    0.00000
    1005   33.4667      -    1    0    -22.7155     8.2431   0.145671   -25.4434    23.6223    -4.7607     0.0000    0.00000
    1006   33.5000      -    1    0    -22.7010     8.2658   0.145645   -24.9897    23.3153    -4.3951     0.0000    0.00000
    1007   33.5333      -    1    0    -22.6888     8.2716   0.145620   -24.4783    22.8998    -3.9287     0.0000    0.00000
    1008   33.5667      -    1    0    -22.6704     8.2196   0.145683   -23.9965    22.6849    -3.6068     0.0000    0.00000
    1009   33.6000      -    1    0    -22.6649     8.1582   0.145744   -23.9666    22.7620    -3.6374     0.0000    0.00009
    1010   33.6333      -    1    0    -22.6458     8.0580   0.145818   -23.8779    22.7159    -3.5984     0.0000    0.00031
    1011   33.6667      -    1    0    -22.6021     7.9693   0.145906   -23.4371    22.6285    -3.4362     0.0000    0.00053
    1012   33.7000      -    1    0    -22.5291     7.9346   0.145959   -22.5799    22.1722    -2.9438     0.0000    0.00000
    1013   33.7333      -    1    0    -22.5042     7.9401   0.145961   -22.4766    21.8047    -2.6952     0.0000    0.00000
    1014   33.7667      -    1    0    -22.4747     7.9081   0.145952   -22.2688    21.2129    -2.2619     0.0000    0.00000
    1015   33.8000      -    1    0    -22.4492     7.8760   0.145930   -21.6844    20.5416    -1.6531     0.0000    0.00000
    1016   33.8333      -    1    0    -22.4449     7.8585   0.145923   -21.5739    20.2294    -1.4094     0.0000    0.00000
    1017   33.8667      -    1    0    -22.4387     7.8027   0.145938   -21.4004    19.8229    -1.0686     0.0000    0.00000
    1018   33.9000      -    1    0    -22.4295     7.6998   0.145984   -21.3014    19.7904    -1.0055     0.0000    0.00029
    1019   33.9333      -    1    0    -22.4144     7.6261   0.146050   -21.2279    19.7089    -0.9664     0.0000    0.00022
    1020   33.9667      -    1    0    -22.4004     7.6090   0.146093   -21.1969    19.6052    -0.9358     0.0000    0.00007
    1021   34.0000      -    1    0    -22.3563     7.5504   0.146222   -21.1598    19.4947    -1.1015     0.0000    0.00029
    1022   34.0333      -    1    0    -22.2902     7.4952   0.146343   -21.1313    19.2092    -1.5286     0.0000    0.00000
    1023   34.0667      -    1    0    -22.2515     7.4144   0.146503   -21.1002    19.1456    -1.8428     0.0000    0.00043
    1024   34.1000      -    1    0    -22.2223     7.3849   0.146605   -21.0937    19.0198    -2.1445     0.0000    0.00023
    1025   34.1333      -    1    0    -22.2021     7.3251   0.146822   -21.0589    18.9404    -2.4301     0.0000    0.00038
    1026   34.1667      -    1    0    -22.1822     7.2883   0.147010   -21.0368    18.7577    -2.8459     0.0000    0.00000
    1027   34.2000      -    1    0    -22.1668     7.2764   0.147108   -21.0307    18.6180    -3.1264     0.0000    0.00019
    1028   34.2333      -    1    0    -22.1318     7.2446   0.147353   -21.0080    18.2821    -3.8055     0.0000    0.00000
    1029   34.2667      -    1    0    -22.1349     7.1732   0.147615   -20.9460    18.1688    -4.1660     0.0000    0.00000
    1030   34.3000      -    1    0    -22.1446     7.1272   0.147737   -20.9073    18.1648    -4.2730     0.0000    0.00013
    1031   34.3333      -    1    0    -22.1594     7.0130   0.147995   -20.8209    18.2417    -4.3885     0.0000    0.00060
    1032   34.3667      -    1    0    -22.1141     6.9530   0.148209   -20.7488    17.9392    -4.7123     0.0000    0.00000
    1033   34.4000      -    1    0    -22.0713     6.8782   0.148401   -20.6769    17.7832    -4.8438     0.0000    0.00049
    1034   34.4333      -    1    0    -22.0519     6.8460   0.148455   -20.6259    17.6624    -4.7752     0.0000    0.00014
    1035   34.4667      -    1    0    -22.0106     6.7851   0.148547   -20.5640    17.5565    -4.7417     0.0000    0.00026
    1036   34.5000      -    1    0    -21.9223     6.7844   0.148565   -20.5187    17.0576    -4.9581     0.0000    0.00000
    1037   34.5333      -    1    0    -21.8834     6.7851   0.148574   -20.4978    16.8913    -4.9134     0.0000    0.00012
    1038   34.5667      -    1    0    -21.7777     6.7852   0.148591   -20.5017    16.6421    -5.0839     0.0000    0.00037
    1039   34.6000      -    1    0    -21.6429     6.7924   0.148623   -20.1581    16.3072    -5.2693     0.0000    0.00000
    1040   34.6333      -    1    0    -21.5382     6.7429   0.148734   -19.8065    16.2886    -5.3566     0.0000    0.00000
    1041   34.6667      -    1    0    -21.4849     6.7086   0.148815   -19.4409    16.2627    -5.3455     0.0000    0.00022
    1042   34.7000      -    1    0    -21.3625     6.6398   0.148958   -18.6926    16.0437    -5.4451     0.0000    0.00000
    1043   34.7333      -    1    0    -21.2649     6.5457   0.149127   -18.2660    15.8324    -5.6126     0.0000    0.00000
    1044   34.7667      -    1    0    -21.2329     6.4713   0.149219   -18.2297    15.8830    -5.7343     0.0000    0.00018
    1045   34.8000      -    1    0    -21.1585     6.3443   0.149374   -18.1286    15.6985    -6.0487     0.0000    0.00000
    1046   34.8333      -    1    0    -21.0872     6.2360   0.149501   -18.0306    15.4143    -6.4994     0.0000    0.00000
    1047   34.8667      -    1    0    -21.0595     6.1789   0.149581   -17.9940    15.3546    -6.7694     0.0000    0.00024
    1048   34.9000      -    1    0    -21.0306     6.0694   0.149722   -17.9207    15.3538    -7.0404     0.0000    0.00049
    1049   34.9333      -    1    0    -21.0040     6.0189   0.149822   -17.8829    15.2923    -7.2862     0.0000    0.00021
    1050   34.9667      -    1    0    -20.9936     6.0189   0.149920   -17.8763    15.2533    -7.3660     0.0000    0.00002
    1051   35.0000      -    1    0    -20.9919     6.0282   0.149974   -17.8794    15.2478    -7.3565     0.0000    0.00001
    1052   35.0333      -    1    0    -21.0009     6.0521   0.150122   -17.8825    15.2432    -7.3093     0.0000    0.00006
    1053   35.0667      -    1    0    -21.0012     6.0713   0.150286   -17.8785    15.1638    -7.4174     0.0000    0.00006
    1054   35.1000      -    1    0    -20.9958     6.0796   0.150369   -17.8738    15.0798    -7.5602     0.0000    0.00005
    1055   35.1333      -    1    0    -20.9821     6.1078   0.150505   -17.8702    14.8670    -7.9044     0.0000    0.00029
    1056   35.1667      -    1    0    -20.9833     6.1221   0.150622   -17.8667    14.8217    -7.9583     0.0000    0.00003
    1057   35.2000      -    1    0    -20.9844     6.1299   0.150706   -17.8699    14.8267    -7.9859     0.0000    0.00001
    1058   35.2333      -    1    0    -20.9871     6.1188   0.150746   -17.8946    14.9786    -8.0624     0.0000    0.00007
    1059   35.2667      -    1    0    -20.9920     6.1303   0.150807   -17.8935    14.9635    -8.0328     0.0000    0.00001
    1060   35.3000      -    1    0    -20.9825     6.1257   0.150898   -17.9182    15.0431    -8.2652     0.0000    0.00009
    1061   35.3333      -    1    0    -20.9858     6.1330   0.150930   -17.9194    15.0357    -8.2558     0.0000    0.00000
    1062   35.3667      -    1    0    -20.9769     6.1213   0.150997   -17.9425    15.1185    -8.5255     0.0000    0.00012
    1063   35.4000      -    1    0    -20.9753     6.1273   0.151018   -17.9398    15.0777    -8.5556     0.0000    0.00001
    1064   35.4333      -    1    0    -20.9735     6.1177   0.151012   -17.9581    15.1756    -8.6198     0.0000    0.00003
    1065   35.4667      -    1    0    -20.9739     6.1089   0.151002   -17.9699    15.2470    -8.6637     0.0000    0.00002
    1066   35.5000      -    1    0    -20.9672     6.1154   0.150970   -17.9744    15.2177    -8.6817     0.0000    0.00001
    1067   35.5333      -    1    0    -20.9670     6.1209   0.150935   -17.9800    15.2101    -8.6823     0.0000    0.00000
    1068   35.5667      -    1    0    -20.9634     6.1285   0.150916   -17.9866    15.1965    -8.6916     0.0000    0.00001
    1069   35.6000      -    1    0    -20.9587     6.1416   0.150906   -17.9963    15.1804    -8.6936     0.0000    0.00001
    1070   35.6333      -    1    0    -20.9599     6.1460   0.150909   -17.9985    15.1762    -8.6909     0.0000    0.00000
    1071   35.6667      -    1    0    -20.9601     6.1486   0.150912   -17.9997    15.1737    -8.6897     0.0000    0.00000
    1072   35.7000      -    1    0    -20.9585     6.1527   0.150905   -18.0029    15.1670    -8.6934     0.0000    0.00000
    1073   35.7333      -    1    0    -20.9512     6.1754   0.150875   -18.0200    15.1315    -8.7105     0.0000    0.00002
    1074   35.7667      -    1    0    -20.9443     6.2043   0.150814   -18.0423    15.0852    -8.7326     0.0000    0.00005
    1075   35.8000      -    1    0    -20.9411     6.2176   0.150782   -18.0527    15.0630    -8.7444     0.0000    0.00001
    1076   35.8333      -    1    0    -20.9368     6.2298   0.150713   -18.0650    15.0372    -8.7652     0.0000    0.00002
    1077   35.8667      -    1    0    -20.9339     6.2300   0.150635   -18.0702    15.0253    -8.7868     0.0000    0.00001
    1078   35.9000      -    1    0    -20.9299     6.2389   0.150553   -18.0811    15.0056    -8.8034     0.0000    0.00002
    1079   35.9333      -    1    0    -20.9289     6.2473   0.150523   -18.0882    14.9915    -8.8102     0.0000    0.00001
    1080   35.9667      -    1    0    -20.9329     6.2761   0.150468   -18.1067    14.9530    -8.8137     0.0000    0.00004
    1081   36.0000      -    1    0    -20.9463     6.3105   0.150406   -18.1260    14.9131    -8.8030     0.0000    0.00006
    1082   36.0333      -    1    0    -20.9581     6.3270   0.150376   -18.1339    14.8974    -8.7889     0.0000    0.00002
    1083   36.0667      -    1    0    -20.9878     6.3546   0.150326   -18.1434    14.8735    -8.7571     0.0000    0.00006
    1084   36.1000      -    1    0    -21.0162     6.3740   0.150267   -18.1497    14.8610    -8.7234     0.0000    0.00005
    1085   36.1333      -    1    0    -21.0418     6.3883   0.150221   -18.1529    14.8551    -8.6904     0.0000    0.00004
    1086   36.1667      -    1    0    -21.0504     6.3942   0.150187   -18.1552    14.8456    -8.6906     0.0000    0.00001
    1087   36.2000      -    1    0    -21.0600     6.4046   0.150109   -18.1627    14.8332    -8.6844     0.0000    0.00002
    1088   36.2333      -    1    0    -21.0563     6.4226   0.150054   -18.1773    14.8024    -8.7013     0.0000    0.00003
    1089   36.2667      -    1    0    -21.0504     6.4344   0.150028   -18.1874    14.7817    -8.7148     0.0000    0.00001
    1090   36.3000      -    1    0    -21.0416     6.4618   0.149975   -18.2091    14.7406    -8.7312     0.0000    0.00004
    1091   36.3333      -    1    0    -21.0337     6.4854   0.149924   -18.2277    14.7011    -8.7534     0.0000    0.00003
    1092   36.3667      -    1    0    -21.0267     6.4988   0.149888   -18.2393    14.6764    -8.7710     0.0000    0.00002
    1093   36.4000      -    1    0    -21.0248     6.5064   0.149875   -18.2455    14.6679    -8.7698     0.0000    0.00000
    1094   36.4333      -    1    0    -21.0279     6.5208   0.149861   -18.2537    14.6511    -8.7667     0.0000    0.00001
    1095   36.4667      -    1    0    -21.0401     6.5220   0.149854   -18.2507    14.6530    -8.7554     0.0000    0.00001
    1096   36.5000      -    1    0    -21.0465     6.5196   0.149859   -18.2472    14.6605    -8.7444     0.0000    0.00000
    1097   36.5333      -    1    0    -21.0545     6.5204   0.149875   -18.2444    14.6667    -8.7281     0.0000    0.00000
    1098   36.5667      -    1    0    -21.0560     6.5193   0.149891   -18.2425    14.6711    -8.7221     0.0000    0.00000
    1099   36.6000      -    1    0    -21.0554     6.5154   0.149899   -18.2401    14.6763    -8.7216     0.0000    0.00000
    1100   36.6333      -    1    0    -21.0563     6.5051   0.149909   -18.2332    14.6906    -8.7185     0.0000    0.00000
    1101   36.6667      -    1    0    -21.0591     6.5024   0.149909   -18.2309    14.6954    -8.7144     0.0000    0.00000
    1102   36.7000      -    1    0    -21.0582     6.4946   0.149924   -18.2259    14.7060    -8.7131     0.0000    0.00000
    1103   36.7333      -    1    0    -21.0611     6.4867   0.149938   -18.2196    14.7190    -8.7060     0.0000    0.00000
    1104   36.7667      -    1    0    -21.0671     6.4715   0.149980   -18.2069    14.7460    -8.6886     0.0000    0.00001
    1105   36.8000      -    1    0    -21.0674     6.4688   0.150029   -18.2027    14.7555    -8.6779     0.0000    0.00000
    1106   36.8333      -    1    0    -21.0687     6.4710   0.150054   -18.2022    14.7572    -8.6697     0.0000    0.00000
    1107   36.8667      -    1    0    -21.0657     6.4726   0.150071   -18.2032    14.7550    -8.6717     0.0000    0.00000
    1108   36.9000      -    1    0    -21.0612     6.4709   0.150074   -18.2034    14.7543    -8.6788     0.0000    0.00000
    1109   36.9333      -    1    0    -21.0602     6.4742   0.150083   -18.2050    14.7515    -8.6773     0.0000    0.00000
    1110   36.9667      -    1    0    -21.0602     6.4742   0.150083   -18.2050    14.7515    -8.6773     0.0000    0.00000
    1111   37.0000      -    1    0    -21.0559     6.4764   0.150079   -18.2078    14.7453    -8.6853     0.0000    0.00000
    1112   37.0333      -    1    0    -21.0524     6.4753   0.150091   -18.2077    14.7457    -8.6888     0.0000    0.00000
    1113   37.0667      -    1    0    -21.0492     6.4767   0.150102   -18.2087    14.7436    -8.6912     0.0000    0.00000
    1114   37.1000      -    1    0    -21.0353     6.4811   0.150116   -18.2147    14.7309    -8.7105     0.0000    0.00001
    1115   37.1333      -    1    0    -21.0279     6.4808   0.150131   -18.2159    14.7288    -8.7186     0.0000    0.00000
    1116   37.1667      -    1    0    -21.0279     6.4808   0.150131   -18.2159    14.7288    -8.7186     0.0000    0.00000
    1117   37.2000      -    1    0    -21.0314     6.4820   0.150124   -18.2161    14.7283    -8.7151     0.0000    0.00000
    1118   37.2333      -    1    0    -21.0299     6.4797   0.150120   -18.2153    14.7297    -8.7185     0.0000    0.00000
    1119   37.2667      -    1    0    -21.0266     6.4793   0.150111   -18.2164    14.7271    -8.7254     0.0000    0.00000
    1120   37.3000      -    1    0    -21.0281     6.4812   0.150109   -18.2172    14.7255    -8.7233     0.0000    0.00000
    1121   37.3333      -    1    0    -21.0286     6.4817   0.150115   -18.2170    14.7259    -8.7214     0.0000    0.00000
    1122   37.3667      -    1    0    -21.0266     6.4793   0.150111   -18.2164    14.7271    -8.7253     0.0000    0.00000
    1123   37.4000      -    1    0    -21.0286     6.4817   0.150115   -18.2171    14.7258    -8.7214     0.0000    0.00000
    1124   37.4333      -    1    0    -21.0255     6.4862   0.150114   -18.2207    14.7184    -8.7262     0.0000    0.00000
    1125   37.4667      -    1    0    -21.0212     6.4875   0.150104   -18.2237    14.7165    -8.7283     0.0000    0.00000
    1126   37.5000      -    1    0    -21.0212     6.4888   0.150093   -18.2251    14.7137    -8.7304     0.0000    0.00000
    1127   37.5333      -    1    0    -21.0224     6.4917   0.150097   -18.2260    14.7117    -8.7271     0.0000    0.00000
    1128   37.5667      -    1    0    -21.0210     6.4998   0.150088   -18.2317    14.6996    -8.7314     0.0000    0.00000
    1129   37.6000      -    1    0    -21.0185     6.4978   0.150063   -18.2326    14.6974    -8.7407     0.0000    0.00000
    1130   37.6333      -    1    0    -21.0183     6.4973   0.150058   -18.2327    14.6977    -8.7412     0.0000    0.00000
    1131   37.6667      -    1    0    -21.0200     6.4974   0.150057   -18.2321    14.6981    -8.7396     0.0000    0.00000
    1132   37.7000      -    1    0    -21.0209     6.4992   0.150050   -18.2331    14.6958    -8.7393     0.0000    0.00000
    1133   37.7333      -    1    0    -21.0202     6.5013   0.150050   -18.2347    14.6928    -8.7405     0.0000    0.00000
    1134   37.7667      -    1    0    -21.0206     6.5018   0.150055   -18.2345    14.6932    -8.7386     0.0000    0.00000
    1135   37.8000      -    1    0    -21.0215     6.4998   0.150061   -18.2329    14.6968    -8.7361     0.0000    0.00000
    1136   37.8333      -    1    0    -21.0187     6.5017   0.150056   -18.2352    14.6920    -8.7416     0.0000    0.00000
    1137   37.8667      -    1    0    -21.0187     6.5017   0.150056   -18.2352    14.6920    -8.7416     0.0000    0.00000
    1138   37.9000      -    1    0    -21.0202     6.5013   0.150050   -18.2347    14.6927    -8.7405     0.0000    0.00000
    1139   37.9333      -    1    0    -21.0234     6.5021   0.150064   -18.2335    14.6956    -8.7322     0.0000    0.00000
    1140   37.9667      -    1    0    -21.0234     6.5021   0.150064   -18.2335    14.6956    -8.7322     0.0000    0.00000
    1141   38.0000      -    1    0    -21.0234     6.5021   0.150064   -18.2335    14.6956    -8.7322     0.0000    0.00000
    1142   38.0333      -    1    0    -21.0229     6.5046   0.150063   -18.2350    14.6923    -8.7331     0.0000    0.00000
    1143   38.0667      -    1    0    -21.0309     6.5038   0.150065   -18.2323    14.6986    -8.7199     0.0000    0.00000
    1144   38.1000      -    1    0    -21.0349     6.5033   0.150063   -18.2309    14.7014    -8.7140     0.0000    0.00000
    1145   38.1333      -    1    0    -21.0356     6.5079   0.150060   -18.2333    14.6962    -8.7129     0.0000    0.00000
    1146   38.1667      -    1    0    -21.0330     6.5189   0.150056   -18.2409    14.6808    -8.7174     0.0000    0.00001
    1147   38.2000      -    1    0    -21.0354     6.5227   0.150053   -18.2427    14.6775    -8.7138     0.0000    0.00000
    1148   38.2333      -    1    0    -21.0344     6.5208   0.150054   -18.2417    14.6792    -8.7154     0.0000    0.00000
    1149   38.2667      -    1    0    -21.0335     6.5203   0.150050   -18.2420    14.6787    -8.7177     0.0000    0.00000
    1150   38.3000      -    1    0    -21.0330     6.5198   0.150045   -18.2422    14.6783    -8.7196     0.0000    0.00000
    1151   38.3333      -    1    0    -21.0360     6.5196   0.150044   -18.2412    14.6807    -8.7145     0.0000    0.00000
    1152   38.3667      -    1    0    -21.0370     6.5177   0.150044   -18.2393    14.6796    -8.7206     0.0000    0.00000
    1153   38.4000      -    1    0    -21.0383     6.5198   0.150042   -18.2402    14.6777    -8.7187     0.0000    0.00000
    1154   38.4333      -    1    0    -21.0395     6.5191   0.150037   -18.2398    14.6787    -8.7178     0.0000    0.00000
    1155   38.4667      -    1    0    -21.0395     6.5191   0.150037   -18.2398    14.6787    -8.7178     0.0000    0.00000
    1156   38.5000      -    1    0    -21.0401     6.5170   0.150037   -18.2383    14.6817    -8.7169     0.0000    0.00000
    1157   38.5333      -    1    0    -21.0395     6.5168   0.150033   -18.2385    14.6810    -8.7187     0.0000    0.00000
    1158   38.5667      -    1    0    -21.0414     6.5161   0.150027   -18.2379    14.6828    -8.7163     0.0000    0.00000
    1159   38.6000      -    1    0    -21.0473     6.5150   0.150020   -18.2359    14.6867    -8.7088     0.0000    0.00000
    1160   38.6333      -    1    0    -21.0589     6.5140   0.150020   -18.2319    14.6955    -8.6901     0.0000    0.00001
    1161   38.6667      -    1    0    -21.0799     6.5104   0.150023   -18.2234    14.7135    -8.6563     0.0000    0.00001
    1162   38.7000      -    1    0    -21.0864     6.5106   0.150031   -18.2212    14.7184    -8.6441     0.0000    0.00000
    1163   38.7333      -    1    0    -21.0905     6.5146   0.150059   -18.2211    14.7196    -8.6314     0.0000    0.00000
    1164   38.7667      -    1    0    -21.0885     6.5166   0.150080   -18.2216    14.7186    -8.6299     0.0000    0.00000
    1165   38.8000      -    1    0    -21.0890     6.5172   0.150090   -18.2214    14.7196    -8.6267     0.0000    0.00000
    1166   38.8333      -    1    0    -21.0928     6.5136   0.150101   -18.2174    14.7278    -8.6184     0.0000    0.00000
    1167   38.8667      -    1    0    -21.0953     6.5135   0.150105   -18.2166    14.7299    -8.6137     0.0000    0.00000
    1168   38.9000      -    1    0    -21.0951     6.5103   0.150117   -18.2140    14.7352    -8.6113     0.0000    0.00000
    1169   38.9333      -    1    0    -21.0967     6.5062   0.150124   -18.2108    14.7420    -8.6076     0.0000    0.00000
    1170   38.9667      -    1    0    -21.0949     6.5062   0.150125   -18.2114    14.7408    -8.6105     0.0000    0.00000
    1171   39.0000      -    1    0    -21.0964     6.5073   0.150140   -18.2109    14.7423    -8.6049     0.0000    0.00000
    1172   39.0333      -    1    0    -21.0964     6.5073   0.150140   -18.2109    14.7423    -8.6049     0.0000    0.00000
    1173   39.0667      -    1    0    -21.0967     6.5077   0.150145   -18.2108    14.7426    -8.6033     0.0000    0.00000
    1174   39.1000      -    1    0    -21.0985     6.5083   0.150154   -18.2101    14.7446    -8.5977     0.0000    0.00000
    1175   39.1333      -    1    0    -21.0987     6.5093   0.150164   -18.2100    14.7445    -8.5958     0.0000    0.00000
    1176   39.1667      -    1    0    -21.0974     6.5100   0.150170   -18.2104    14.7436    -8.5967     0.0000    0.00000
    1177   39.2000      -    1    0    -21.0954     6.5121   0.150170   -18.2124    14.7395    -8.6002     0.0000    0.00000
    1178   39.2333      -    1    0    -21.0970     6.5117   0.150190   -18.2105    14.7439    -8.5927     0.0000    0.00000
    1179   39.2667      -    1    0    -21.1025     6.5115   0.150220   -18.2072    14.7513    -8.5778     0.0000    0.00000
    1180   39.3000      -    1    0    -21.1126     6.5110   0.150279   -18.2009    14.7658    -8.5487     0.0000    0.00001
    1181   39.3333      -    1    0    -21.1154     6.5073   0.150285   -18.1971    14.7690    -8.5502     0.0000    0.00000
    1182   39.3667      -    1    0    -21.1169     6.5071   0.150290   -18.1968    14.7744    -8.5401     0.0000    0.00000
    1183   39.4000      -    1    0    -21.1182     6.5086   0.150310   -18.1962    14.7761    -8.5334     0.0000    0.00000
    1184   39.4333      -    1    0    -21.1227     6.5095   0.150350   -18.1932    14.7828    -8.5176     0.0000    0.00000
    1185   39.4667      -    1    0    -21.1210     6.5108   0.150361   -18.1936    14.7778    -8.5249     0.0000    0.00000
    1186   39.5000      -    1    0    -21.1210     6.5108   0.150361   -18.1936    14.7778    -8.5249     0.0000    0.00000
    1187   39.5333      -    1    0    -21.1243     6.5116   0.150375   -18.1925    14.7807    -8.5167     0.0000    0.00000
    1188   39.5667      -    1    0    -21.1243     6.5116   0.150375   -18.1925    14.7807    -8.5167     0.0000    0.00000
    1189   39.6000      -    1    0    -21.1252     6.5107   0.150364   -18.1921    14.7810    -8.5174     0.0000    0.00000
    1190   39.6333      -    1    0    -21.1210     6.5116   0.150344   -18.1950    14.7748    -8.5284     0.0000    0.00000
    1191   39.6667      -    1    0    -21.1185     6.5116   0.150340   -18.1958    14.7727    -8.5332     0.0000    0.00000
    1192   39.7000      -    1    0    -21.1196     6.5117   0.150345   -18.1956    14.7776    -8.5233     0.0000    0.00000
    1193   39.7333      -    1    0    -21.1215     6.5116   0.150350   -18.1950    14.7796    -8.5192     0.0000    0.00000
    1194   39.7667      -    1    0    -21.1206     6.5115   0.150345   -18.1953    14.7782    -8.5225     0.0000    0.00000
    1195   39.8000      -    1    0    -21.1189     6.5108   0.150335   -18.1959    14.7769    -8.5268     0.0000    0.00000
    1196   39.8333      -    1    0    -21.1181     6.5129   0.150334   -18.1975    14.7739    -8.5280     0.0000    0.00000
    1197   39.8667      -    1    0    -21.1185     6.5164   0.150322   -18.2000    14.7683    -8.5300     0.0000    0.00000
    1198   39.9000      -    1    0    -21.1125     6.5227   0.150311   -18.2061    14.7555    -8.5419     0.0000    0.00001
    1199   39.9333      -    1    0    -21.1059     6.5281   0.150316   -18.2110    14.7456    -8.5508     0.0000    0.00000
    1200   39.9667      -    1    0    -21.1044     6.5288   0.150321   -18.2114    14.7446    -8.5519     0.0000    0.00000
    1201   40.0000      -    1    0    -21.1072     6.5273   0.150332   -18.2092    14.7496    -8.5449     0.0000    0.00000
    1202   40.0333      -    1    0    -21.1069     6.5287   0.150326   -18.2106    14.7467    -8.5471     0.0000    0.00000
    1203   40.0667      -    1    0    -21.1059     6.5268   0.150327   -18.2096    14.7484    -8.5487     0.0000    0.00000
    1204   40.1000      -    1    0    -21.1049     6.5292   0.150326   -18.2113    14.7450    -8.5500     0.0000    0.00000
    1205   40.1333      -    1    0    -21.1059     6.5333   0.150324   -18.2136    14.7403    -8.5489     0.0000    0.00000
    1206   40.1667      -    1    0    -21.1059     6.5333   0.150324   -18.2136    14.7403    -8.5489     0.0000    0.00000
    1207   40.2000      -    1    0    -21.1033     6.5385   0.150328   -18.2171    14.7331    -8.5517     0.0000    0.00000
    1208   40.2333      -    1    0    -21.1017     6.5449   0.150325   -18.2216    14.7240    -8.5545     0.0000    0.00000
    1209   40.2667      -    1    0    -21.0999     6.5554   0.150315   -18.2289    14.7093    -8.5586     0.0000    0.00001
    1210   40.3000      -    1    0    -21.0991     6.5640   0.150311   -18.2345    14.6982    -8.5599     0.0000    0.00000
    1211   40.3333      -    1    0    -21.0965     6.5792   0.150299   -18.2446    14.6766    -8.5664     0.0000    0.00001
    1212   40.3667      -    1    0    -21.0918     6.5915   0.150279   -18.2541    14.6565    -8.5773     0.0000    0.00001
    1213   40.4000      -    1    0    -21.0908     6.5932   0.150273   -18.2558    14.6531    -8.5801     0.0000    0.00000
    1214   40.4333      -    1    0    -21.0939     6.5910   0.150278   -18.2534    14.6582    -8.5744     0.0000    0.00000
    1215   40.4667      -    1    0    -21.0918     6.5915   0.150279   -18.2540    14.6565    -8.5773     0.0000    0.00000
    1216   40.5000      -    1    0    -21.0918     6.5915   0.150279   -18.2540    14.6565    -8.5773     0.0000    0.00000
    1217   40.5333      -    1    0    -21.0918     6.5915   0.150279   -18.2540    14.6565    -8.5773     0.0000    0.00000
    1218   40.5667      -    1    0    -21.0939     6.5910   0.150278   -18.2534    14.6582    -8.5744     0.0000    0.00000
    1219   40.6000      -    1    0    -21.0941     6.5927   0.150272   -18.2546    14.6558    -8.5749     0.0000    0.00000
    1220   40.6333      -    1    0    -21.0961     6.5923   0.150265   -18.2540    14.6566    -8.5732     0.0000    0.00000
    1221   40.6667      -    1    0    -21.0961     6.5923   0.150265   -18.2540    14.6566    -8.5732     0.0000    0.00000
    1222   40.7000      -    1    0    -21.0938     6.5948   0.150270   -18.2560    14.6528    -8.5756     0.0000    0.00000
    1223   40.7333      -    1    0    -21.0938     6.5948   0.150270   -18.2560    14.6528    -8.5756     0.0000    0.00000
    1224   40.7667      -    1    0    -21.0920     6.5954   0.150272   -18.2567    14.6511    -8.5782     0.0000    0.00000
    1225   40.8000      -    1    0    -21.0916     6.5949   0.150266   -18.2569    14.6507    -8.5801     0.0000    0.00000
    1226   40.8333      -    1    0    -21.0938     6.5947   0.150265   -18.2561    14.6522    -8.5769     0.0000    0.00000
    1227   40.8667      -    1    0    -21.0930     6.5945   0.150260   -18.2563    14.6515    -8.5789     0.0000    0.00000
    1228   40.9000      -    1    0    -21.0905     6.5966   0.150261   -18.2586    14.6473    -8.5828     0.0000    0.00000
    1229   40.9333      -    1    0    -21.0910     6.5973   0.150265   -18.2584    14.6474    -8.5809     0.0000    0.00000
    1230   40.9667      -    1    0    -21.0928     6.5971   0.150265   -18.2578    14.6488    -8.5782     0.0000    0.00000
    1231   41.0000      -    1    0    -21.0935     6.5973   0.150270   -18.2575    14.6496    -8.5762     0.0000    0.00000
    1232   41.0333      -    1    0    -21.0935     6.5973   0.150270   -18.2575    14.6496    -8.5762     0.0000    0.00000
    1233   41.0667      -    1    0    -21.0928     6.5994   0.150269   -18.2591    14.6465    -8.5773     0.0000    0.00000
    1234   41.1000      -    1    0    -21.0935     6.5973   0.150270   -18.2575    14.6496    -8.5762     0.0000    0.00000
    1235   41.1333      -    1    0    -21.0943     6.5953   0.150275   -18.2559    14.6532    -8.5737     0.0000    0.00000
    1236   41.1667      -    1    0    -21.0981     6.5968   0.150294   -18.2545    14.6562    -8.5635     0.0000    0.00000
    1237   41.2000      -    1    0    -21.0988     6.5992   0.150324   -18.2542    14.6577    -8.5556     0.0000    0.00000
    1238   41.2333      -    1    0    -21.1024     6.5974   0.150334   -18.2516    14.6632    -8.5481     0.0000    0.00000
    1239   41.2667      -    1    0    -21.1084     6.5950   0.150338   -18.2482    14.6706    -8.5373     0.0000    0.00000
    1240   41.3000      -    1    0    -21.1212     6.5932   0.150328   -18.2439    14.6797    -8.5191     0.0000    0.00001
    1241   41.3333      -    1    0    -21.1274     6.5925   0.150326   -18.2417    14.6841    -8.5100     0.0000    0.00000
    1242   41.3667      -    1    0    -21.1369     6.5913   0.150322   -18.2385    14.6911    -8.4957     0.0000    0.00000
    1243   41.4000      -    1    0    -21.1432     6.5889   0.150327   -18.2349    14.6986    -8.4847     0.0000    0.00000
    1244   41.4333      -    1    0    -21.1420     6.5874   0.150333   -18.2340    14.7005    -8.4851     0.0000    0.00000
    1245   41.4667      -    1    0    -21.1421     6.5837   0.150346   -18.2314    14.7064    -8.4827     0.0000    0.00000
    1246   41.5000      -    1    0    -21.1468     6.5704   0.150371   -18.2203    14.7250    -8.4772     0.0000    0.00000
    1247   41.5333      -    1    0    -21.1535     6.5582   0.150396   -18.2100    14.7468    -8.4619     0.0000    0.00000
    1248   41.5667      -    1    0    -21.1568     6.5516   0.150398   -18.2049    14.7571    -8.4564     0.0000    0.00000
    1249   41.6000      -    1    0    -21.1551     6.5490   0.150395   -18.2042    14.7587    -8.4602     0.0000    0.00000
    1250   41.6333      -    1    0    -21.1551     6.5490   0.150395   -18.2042    14.7587    -8.4602     0.0000    0.00000
    1251   41.6667      -    1    0    -21.1575     6.5495   0.150399   -18.2033    14.7602    -8.4553     0.0000    0.00000
    1252   41.7000      -    1    0    -21.1538     6.5497   0.150400   -18.2046    14.7577    -8.4610     0.0000    0.00000
    1253   41.7333      -    1    0    -21.1543     6.5501   0.150405   -18.2044    14.7581    -8.4592     0.0000    0.00000
    1254   41.7667      -    1    0    -21.1563     6.5525   0.150409   -18.2050    14.7569    -8.4553     0.0000    0.00000
    1255   41.8000      -    1    0    -21.1547     6.5523   0.150404   -18.2055    14.7554    -8.4592     0.0000    0.00000
    1256   41.8333      -    1    0    -21.1530     6.5547   0.150403   -18.2075    14.7517    -8.4612     0.0000    0.00000
    1257   41.8667      -    1    0    -21.1560     6.5551   0.150413   -18.2064    14.7542    -8.4546     0.0000    0.00000
    1258   41.9000      -    1    0    -21.1583     6.5527   0.150413   -18.2043    14.7586    -8.4509     0.0000    0.00000
    1259   41.9333      -    1    0    -21.1570     6.5557   0.150422   -18.2060    14.7554    -8.4509     0.0000    0.00000
    1260   41.9667      -    1    0    -21.1571     6.5527   0.150440   -18.2033    14.7613    -8.4469     0.0000    0.00000
    1261   42.0000      -    1    0    -21.1589     6.5460   0.150442   -18.1988    14.7706    -8.4440     0.0000    0.00000
    1262   42.0333      -    1    0    -21.1605     6.5396   0.150445   -18.1943    14.7796    -8.4413     0.0000    0.00000
    1263   42.0667      -    1    0    -21.1823     6.4987   0.150470   -18.8641    14.8063    -8.5956     0.0000    0.00000
    1264   42.1000      -    1    0    -21.2004     6.4490   0.150502   -19.1469    14.8657    -8.6472     0.0000    0.00011
    1265   42.1333      -    1    0    -21.2041     6.4359   0.150508   -19.1692    14.8818    -8.6499     0.0000    0.00000
    1266   42.1667      -    1    0    -21.2121     6.4328   0.150521   -19.5144    14.8737    -8.7273     0.0000    0.00002
    1267   42.2000      -    1    0    -21.2105     6.4398   0.150518   -19.5182    14.8639    -8.7296     0.0000    0.00000
    1268   42.2333      -    1    0    -21.2120     6.4388   0.150512   -19.5172    14.8653    -8.7284     0.0000    0.00000
    1269   42.2667      -    1    0    -21.2120     6.4388   0.150512   -19.5172    14.8653    -8.7284     0.0000    0.00100
    1270   42.3000      -    1    0    -21.2160     6.4389   0.150489   -19.5168    14.8654    -8.7261     0.0000    0.00000
    1271   42.3333      -    1    0    -21.2200     6.4356   0.150451   -19.5154    14.8673    -8.7276     0.0000    0.00000
    1272   42.3667      -    1    0    -21.2205     6.4348   0.150441   -19.5152    14.8669    -8.7299     0.0000    0.00000
    1273   42.4000      -    1    0    -21.2265     6.4306   0.150425   -19.5118    14.8740    -8.7237     0.0000    0.00000
    1274   42.4333      -    1    0    -21.2363     6.4276   0.150401   -19.5084    14.8809    -8.7137     0.0000    0.00001
    1275   42.4667      -    1    0    -21.2483     6.4279   0.150390   -19.5057    14.8874    -8.6968     0.0000    0.00001
    1276   42.5000      -    1    0    -21.2573     6.4295   0.150391   -19.5039    14.8917    -8.6820     0.0000    0.00000
    1277   42.5333      -    1    0    -21.2744     6.4297   0.150378   -19.4992    14.8976    -8.6644     0.0000    0.00001
    1278   42.5667      -    1    0    -21.2913     6.4523   0.150369   -19.5078    14.8814    -8.6368     0.0000    0.00002
    1279   42.6000      -    1    0    -21.2994     6.4672   0.150368   -19.5141    14.8692    -8.6225     0.0000    0.00001
    1280   42.6333      -    1    0    -21.3088     6.4921   0.150351   -19.5265    14.8437    -8.6092     0.0000    0.00002
    1281   42.6667      -    1    0    -21.3032     6.5148   0.150347   -19.5415    14.8121    -8.6175     0.0000    0.00002
    1282   42.7000      -    1    0    -21.3007     6.5197   0.150351   -19.5449    14.8057    -8.6191     0.0000    0.00000
    1283   42.7333      -    1    0    -21.3040     6.5178   0.150356   -19.5425    14.8108    -8.6133     0.0000    0.00000
    1284   42.7667      -    1    0    -21.3085     6.5178   0.150360   -19.5409    14.8141    -8.6056     0.0000    0.00000
    1285   42.8000      -    1    0    -21.3150     6.5189   0.150356   -19.5400    14.8169    -8.5956     0.0000    0.00000
    1286   42.8333      -    1    0    -21.3203     6.5184   0.150354   -19.5382    14.8208    -8.5875     0.0000    0.00000
    1287   42.8667      -    1    0    -21.3495     6.5150   0.150352   -19.8781    14.8230    -8.6401     0.0000    0.00004
    1288   42.9000      -    1    0    -21.3744     6.5152   0.150352   -19.8706    14.8390    -8.6017     0.0000    0.00002
    1289   42.9333      -    1    0    -21.3932     6.5158   0.150390   -20.2139    14.8343    -8.6632     0.0000    0.00003
    1290   42.9667      -    1    0    -21.3959     6.5169   0.150404   -20.2126    14.8365    -8.6554     0.0000    0.00000
    1291   43.0000      -    1    0    -21.4126     6.5188   0.150419   -20.9089    14.8100    -8.8099     0.0000    0.00000
    1292   43.0333      -    1    0    -21.4340     6.5190   0.150412   -21.6032    14.7849    -8.9607     0.0000    0.00000
    1293   43.0667      -    1    0    -21.4494     6.5147   0.150412   -21.9461    14.7806    -9.0295     0.0000    0.00002
    1294   43.1000      -    1    0    -21.4866     6.5108   0.150404   -22.9829    14.7443    -9.2548     0.0000    0.00000
    1295   43.1333      -    1    0    -21.5104     6.5130   0.150369   -23.3264    14.7242    -9.3288     0.0000    0.00003
    1296   43.1667      -    1    0    -21.5210     6.5114   0.150361   -23.3220    14.7324    -9.3142     0.0000    0.00001
    1297   43.2000      -    1    0    -21.5676     6.5107   0.150363   -24.3566    14.6974    -9.5223     0.0000    0.00000
    1298   43.2333      -    1    0    -21.5990     6.5099   0.150348   -24.6945    14.6839    -9.5874     0.0000    0.00003
    1299   43.2667      -    1    0    -21.6268     6.5119   0.150344   -25.0355    14.6750    -9.6425     0.0000    0.00003
    1300   43.3000      -    1    0    -21.6351     6.5127   0.150341   -25.0334    14.6803    -9.6302     0.0000    0.00000
    1301   43.3333      -    1    0    -21.6390     6.5105   0.150339   -25.0296    14.6816    -9.6313     0.0000    0.00000
    1302   43.3667      -    1    0    -21.6377     6.5172   0.150340   -25.3823    14.6490    -9.7219     0.0000    0.00006
    1303   43.4000      -    1    0    -21.6347     6.5196   0.150340   -25.3840    14.6434    -9.7254     0.0000    0.00000
    1304   43.4333      -    1    0    -21.6374     6.5286   0.150349   -25.7369    14.6124    -9.8077     0.0000    0.00006
    1305   43.4667      -    1    0    -21.6342     6.5321   0.150338   -25.7397    14.6077    -9.8071     0.0000    0.00000
    1306   43.5000      -    1    0    -21.6313     6.5370   0.150336   -25.7425    14.5995    -9.8105     0.0000    0.00000
    1307   43.5333      -    1    0    -21.6308     6.5388   0.150335   -25.7437    14.5968    -9.8111     0.0000    0.00000
    1308   43.5667      -    1    0    -21.6251     6.5447   0.150319   -25.7489    14.5823    -9.8220     0.0000    0.00001
    1309   43.6000      -    1    0    -21.6126     6.5518   0.150309   -25.7563    14.5624    -9.8405     0.0000    0.00001
    1310   43.6333      -    1    0    -21.5986     6.5562   0.150318   -25.7617    14.5473    -9.8583     0.0000    0.00001
    1311   43.6667      -    1    0    -21.5964     6.5564   0.150319   -25.7623    14.5455    -9.8612     0.0000    0.00000
    1312   43.7000      -    1    0    -21.5992     6.5538   0.150320   -25.7602    14.5508    -9.8578     0.0000    0.00000
    1313   43.7333      -    1    0    -21.6022     6.5537   0.150324   -25.7592    14.5537    -9.8529     0.0000    0.00000
    1314   43.7667      -    1    0    -21.6025     6.5541   0.150328   -25.7591    14.5543    -9.8513     0.0000    0.00000
    1315   43.8000      -    1    0    -21.6040     6.5528   0.150339   -25.7573    14.5586    -9.8472     0.0000    0.00000
    1316   43.8333      -    1    0    -21.6077     6.5541   0.150358   -25.7561    14.5632    -9.8377     0.0000    0.00000
    1317   43.8667      -    1    0    -21.6096     6.5504   0.150370   -25.7530    14.5709    -9.8334     0.0000    0.00000
    1318   43.9000      -    1    0    -21.6140     6.5443   0.150382   -25.7479    14.5834    -9.8258     0.0000    0.00000
    1319   43.9333      -    1    0    -21.6167     6.5488   0.150384   -25.7495    14.5810    -9.8202     0.0000    0.00000
    1320   43.9667      -    1    0    -21.6181     6.5551   0.150385   -25.7528    14.5746    -9.8168     0.0000    0.00000
    1321   44.0000      -    1    0    -21.6204     6.5527   0.150385   -25.7508    14.5794    -9.8138     0.0000    0.00000
    1322   44.0333      -    1    0    -21.6209     6.5531   0.150391   -25.7507    14.5801    -9.8120     0.0000    0.00000
    1323   44.0667      -    1    0    -21.6198     6.5551   0.150384   -25.7523    14.5761    -9.8142     0.0000    0.00000
    1324   44.1000      -    1    0    -21.6196     6.5554   0.150384   -25.7523    14.5757    -9.8143     0.0000    0.00000
    1325   44.1333      -    1    0    -21.6146     6.5593   0.150374   -25.7563    14.5651    -9.8233     0.0000    0.00000
    1326   44.1667      -    1    0    -21.6067     6.5744   0.150333   -25.7688    14.5354    -9.8388     0.0000    0.00002
    1327   44.2000      -    1    0    -21.5974     6.5946   0.150267   -25.7853    14.4937    -9.8616     0.0000    0.00004
    1328   44.2333      -    1    0    -21.5875     6.6112   0.150219   -25.7998    14.4635    -9.8753     0.0000    0.00003
    1329   44.2667      -    1    0    -21.5605     6.6556   0.150101   -25.8366    14.3715    -9.9285     0.0000    0.00015
    1330   44.3000      -    1    0    -21.5101     6.7258   0.149921   -25.8973    14.2294   -10.0101     0.0000    0.00036
    1331   44.3333      -    1    0    -21.4790     6.7689   0.149837   -25.9327    14.1406   -10.0626     0.0000    0.00012
    1332   44.3667      -    1    0    -21.4132     6.8435   0.149673   -26.0100    14.0657   -10.0465     0.0000    0.00040
    1333   44.4000      -    1    0    -21.3638     6.8871   0.149519   -25.7423    14.3509    -9.4243     0.0000    0.00000
    1334   44.4333      -    1    0    -21.3353     6.9133   0.149455   -25.4101    14.4071    -9.0259     0.0000    0.00000
    1335   44.4667      -    1    0    -21.2591     6.9620   0.149380   -25.4318    14.2536    -8.8888     0.0000    0.00029
    1336   44.5000      -    1    0    -21.2119     6.9475   0.149326   -25.4524    14.3321    -8.8335     0.0000    0.00010
    1337   44.5333      -    1    0    -21.1748     6.9119   0.149272   -24.7658    14.5663    -8.4471     0.0000    0.00000
    1338   44.5667      -    1    0    -21.1424     6.9201   0.149211   -23.8034    14.5340    -7.9688     0.0000    0.00000
    1339   44.6000      -    1    0    -21.1089     6.9390   0.149067   -22.9780    14.6436    -6.9739     0.0000    0.00000
    1340   44.6333      -    1    0    -21.0304     6.9874   0.148912   -22.2660    14.3808    -6.5177     0.0000    0.00000
    1341   44.6667      -    1    0    -21.0104     6.9947   0.148850   -22.2594    14.3619    -6.3059     0.0000    0.00009
    1342   44.7000      -    1    0    -20.9533     7.0065   0.148744   -22.2462    14.2049    -6.1620     0.0000    0.00020
    1343   44.7333      -    1    0    -20.9077     7.0282   0.148626   -21.8611    14.0418    -5.6758     0.0000    0.00000
    1344   44.7667      -    1    0    -20.8673     7.0048   0.148523   -21.8735    14.2108    -5.4718     0.0000    0.00023
    1345   44.8000      -    1    0    -20.8399     6.9954   0.148469   -21.8827    14.2828    -5.3832     0.0000    0.00006
    1346   44.8333      -    1    0    -20.7800     6.9701   0.148328   -21.9052    14.5217    -5.0598     0.0000    0.00050
    1347   44.8667      -    1    0    -20.7133     6.9428   0.148196   -21.9225    14.6727    -4.8878     0.0000    0.00031
    1348   44.9000      -    1    0    -20.6517     6.9039   0.148055   -21.9311    14.8237    -4.7383     0.7436    0.00030
    1349   44.9333      -    1    0    -20.6347     6.8800   0.147975   -21.9313    14.9947    -4.5097     1.5575    0.00019
    1350   44.9667      -    1    0    -20.5630     6.8600   0.147787   -21.9541    15.0436    -4.4916     3.0358    0.00029
    1351   45.0000      -    1    0    -20.4830     6.8624   0.147619   -21.9438    14.8243    -4.5369     4.4578    0.00033
    1352   45.0333      -    1    0    -20.4692     6.8493   0.147540   -21.9158    14.8704    -4.2318     5.1221    0.00017
    1353   45.0667      -    1    0    -20.4163     6.8115   0.147360   -21.9122    15.0125    -4.0296     5.9173    0.00031
    1354   45.1000      -    1    0    -20.3845     6.8251   0.147175   -21.8598    14.9610    -3.4371     7.4798    0.00061
    1355   45.1333      -    1    0    -20.3683     6.8070   0.147072   -21.8573    15.0570    -3.3200     9.0235    0.00007
    1356   45.1667      -    1    0    -20.3617     6.8012   0.147014   -21.8584    15.0438    -3.3576     9.3229    0.00001
    1357   45.2000      -    1    0    -20.3640     6.7963   0.146919   -21.8592    15.0262    -3.3946     9.2012    0.00001
    1358   45.2333      -    1    0    -20.3791     6.7913   0.146858   -21.8539    15.0190    -3.4107     8.4996    0.00002
    1359   45.2667      -    1    0    -20.3882     6.7897   0.146838   -21.8504    15.0084    -3.4280     7.8634    0.00000
    1360   45.3000      -    1    0    -20.4091     6.7887   0.146811   -21.8444    15.0134    -3.4141     6.0858    0.00002
    1361   45.3333      -    1    0    -20.4387     6.7845   0.146808   -21.8325    15.0277    -3.3889     4.5140    0.00002
    1362   45.3667      -    1    0    -20.4561     6.7827   0.146800   -21.8264    15.0333    -3.3770     3.9433    0.00001
    1363   45.4000      -    1    0    -20.4962     6.7783   0.146775   -21.8121    15.0485    -3.3465     2.4370    0.00004
    1364   45.4333      -    1    0    -20.5462     6.7744   0.146752   -21.7959    15.0787    -3.2863     0.2009    0.00006
    1365   45.4667      -    1    0    -20.6062     6.7636   0.146753   -21.7707    15.1144    -3.2289     0.0000    0.00008
    1366   45.5000      -    1    0    -20.6379     6.7621   0.146759   -21.7593    15.1325    -3.1911     0.0000    0.00002
    1367   45.5333      -    1    0    -20.6930     6.7619   0.146752   -21.7422    15.1557    -3.1331     0.0000    0.00007
    1368   45.5667      -    1    0    -20.7429     6.7566   0.146755   -21.7230    15.1826    -3.0821     0.0000    0.00005
    1369   45.6000      -    1    0    -20.7646     6.7547   0.146746   -21.7152    15.1912    -3.0640     0.0000    0.00001
    1370   45.6333      -    1    0    -20.8015     6.7516   0.146739   -21.7019    15.2086    -3.0283     0.0000    0.00003
    1371   45.6667      -    1    0    -20.8222     6.7476   0.146730   -21.6931    15.2147    -3.0192     0.0000    0.00001
    1372   45.7000      -    1    0    -20.8363     6.7434   0.146715   -21.6868    15.2245    -3.0065     0.0000    0.00001
    1373   45.7333      -    1    0    -20.8417     6.7423   0.146706   -21.6849    15.2243    -3.0071     0.0000    0.00000
    1374   45.7667      -    1    0    -20.8474     6.7432   0.146687   -21.6840    15.2167    -3.0152     0.0000    0.00000
    1375   45.8000      -    1    0    -20.8489     6.7415   0.146665   -21.6835    15.2172    -3.0171     0.0000    0.00000
    1376   45.8333      -    1    0    -20.8526     6.7387   0.146665   -21.6810    15.2233    -3.0115     0.0000    0.00000
    1377   45.8667      -    1    0    -20.8587     6.7389   0.146672   -21.6787    15.2243    -3.0074     0.0000    0.00000
    1378   45.9000      -    1    0    -20.8669     6.7281   0.146679   -21.6692    15.2357    -3.0087     0.0000    0.00000
    1379   45.9333      -    1    0    -20.8697     6.7213   0.146680   -21.6644    15.2420    -3.0118     0.0000    0.00000
    1380   45.9667      -    1    0    -20.8735     6.7119   0.146683   -21.6580    15.2564    -3.0066     0.0000    0.00000
    1381   46.0000      -    1    0    -20.8593     6.7177   0.146678   -21.6664    15.1581    -3.1630     0.0000    0.00007
    1382   46.0333      -    1    0    -20.8565     6.7153   0.146675   -21.6659    15.1583    -3.1687     0.0000    0.00000
    1383   46.0667      -    1    0    -20.8564     6.7156   0.146680   -21.6660    15.1593    -3.1664     0.0000    0.00000
    1384   46.1000      -    1    0    -20.8542     6.7147   0.146675   -21.3130    15.1367    -3.0896     0.0000    0.00008
    1385   46.1333      -    1    0    -20.8523     6.7091   0.146657   -21.3115    15.1356    -3.1037     0.0000    0.00000
    1386   46.1667      -    1    0    -20.8517     6.7090   0.146653   -21.3119    15.1347    -3.1056     0.0000    0.00000
    1387   46.2000      -    1    0    -20.8418     6.7123   0.146645   -20.9647    15.1093    -3.0266     0.0000    0.00009
    1388   46.2333      -    1    0    -20.8447     6.7127   0.146655   -20.9642    15.1120    -3.0204     0.0000    0.00000
    1389   46.2667      -    1    0    -20.8458     6.7124   0.146681   -20.9627    15.1166    -3.0135     0.0000    0.00000
    1390   46.3000      -    1    0    -20.8485     6.7117   0.146701   -20.9605    15.1220    -3.0053     0.0000    0.00000
    1391   46.3333      -    1    0    -20.8523     6.7082   0.146716   -20.9566    15.1269    -3.0036     0.0000    0.00000
    1392   46.3667      -    1    0    -20.8572     6.7072   0.146709   -20.9551    15.1307    -2.9973     0.0000    0.00000
    1393   46.4000      -    1    0    -20.8624     6.7063   0.146696   -20.9532    15.1301    -2.9982     0.0000    0.00000
    1394   46.4333      -    1    0    -20.8902     6.7014   0.146664   -20.9436    15.1474    -2.9684     0.0000    0.00003
    1395   46.4667      -    1    0    -20.9227     6.6970   0.146618   -20.9336    15.1653    -2.9342     0.0000    0.00004
    1396   46.5000      -    1    0    -20.9381     6.6993   0.146599   -20.9308    15.1667    -2.9209     0.0000    0.00001
    1397   46.5333      -    1    0    -20.9415     6.6992   0.146598   -20.9295    15.1649    -2.9229     0.0000    0.00000
    1398   46.5667      -    1    0    -20.9450     6.6970   0.146602   -20.9269    15.1668    -2.9233     0.0000    0.00000
    1399   46.6000      -    1    0    -20.9405     6.7017   0.146596   -20.9310    15.1576    -2.9302     0.0000    0.00000
    1400   46.6333      -    1    0    -20.9440     6.6990   0.146595   -20.9286    15.1636    -2.9247     0.0000    0.00000
    1401   46.6667      -    1    0    -20.9487     6.6982   0.146588   -20.9268    15.1628    -2.9259     0.0000    0.00000
    1402   46.7000      -    1    0    -20.9446     6.6980   0.146569   -20.5763    15.1432    -2.8407     0.0000    0.00008
    1403   46.7333      -    1    0    -20.9352     6.6996   0.146535   -20.2293    15.1114    -2.7734     0.0000    0.00010
    1404   46.7667      -    1    0    -20.9350     6.6979   0.146515   -20.2298    15.1105    -2.7782     0.0000    0.00000
    1405   46.8000      -    1    0    -20.9342     6.7058   0.146501   -20.2358    15.1028    -2.7744     0.0000    0.00000
    1406   46.8333      -    1    0    -20.9353     6.7036   0.146497   -20.2343    15.1018    -2.7807     0.0000    0.00000
    1407   46.8667      -    1    0    -20.9341     6.7036   0.146489   -19.9892    15.0899    -2.7169     0.0000    0.00004
    1408   46.9000      -    1    0    -20.9469     6.7016   0.146444   -19.8802    15.0862    -2.6843     0.0000    0.00002
    1409   46.9333      -    1    0    -20.9702     6.7001   0.146418   -19.8737    15.1004    -2.6531     0.0000    0.00002
    1410   46.9667      -    1    0    -20.9846     6.7081   0.146412   -19.8739    15.0962    -2.6372     0.0000    0.00001
    1411   47.0000      -    1    0    -20.9898     6.7119   0.146407   -19.8747    15.0909    -2.6361     0.0000    0.00000
    1412   47.0333      -    1    0    -21.0055     6.7075   0.146391   -19.8679    15.1004    -2.6227     0.0000    0.00001
    1413   47.0667      -    1    0    -21.0112     6.7068   0.146389   -19.8661    15.1049    -2.6143     0.0000    0.00000
    1414   47.1000      -    1    0    -21.0108     6.7090   0.146388   -19.8675    15.0981    -2.6213     0.0000    0.00000
    1415   47.1333      -    1    0    -21.0129     6.7086   0.146381   -19.8668    15.0998    -2.6185     0.0000    0.00000
    1416   47.1667      -    1    0    -21.0173     6.7135   0.146360   -19.8692    15.0937    -2.6161     0.0000    0.00000
    1417   47.2000      -    1    0    -21.0139     6.7341   0.146352   -19.8820    15.0660    -2.6207     0.0000    0.00001
    1418   47.2333      -    1    0    -21.0126     6.7385   0.146351   -19.8851    15.0596    -2.6226     0.0000    0.00000
    1419   47.2667      -    1    0    -21.0142     6.7359   0.146346   -19.8833    15.0634    -2.6210     0.0000    0.00000
    1420   47.3000      -    1    0    -21.0157     6.7338   0.146352   -19.8814    15.0674    -2.6180     0.0000    0.00000
    1421   47.3333      -    1    0    -21.0149     6.7360   0.146351   -19.8830    15.0643    -2.6190     0.0000    0.00000
    1422   47.3667      -    1    0    -21.0189     6.7377   0.146348   -19.8829    15.0649    -2.6125     0.0000    0.00000
    1423   47.4000      -    1    0    -21.0255     6.7379   0.146350   -19.8804    15.0654    -2.6089     0.0000    0.00000
    1424   47.4333      -    1    0    -21.0322     6.7386   0.146340   -19.8794    15.0678    -2.6002     0.0000    0.00000
    1425   47.4667      -    1    0    -21.0383     6.7360   0.146339   -19.8759    15.0714    -2.5972     0.0000    0.00000
    1426   47.5000      -    1    0    -21.0627     6.7294   0.146335   -19.8646    15.0914    -2.5671     0.0000    0.00002
    1427   47.5333      -    1    0    -21.0932     6.7249   0.146331   -19.8535    15.0326    -2.6707     0.0000    0.00006
    1428   47.5667      -    1    0    -21.1232     6.7228   0.146334   -19.8429    15.0563    -2.6220     0.0000    0.00002
    1429   47.6000      -    1    0    -21.1726     6.7234   0.146328   -19.8290    15.0034    -2.6962     0.0000    0.00009
    1430   47.6333      -    1    0    -21.2447     6.7129   0.146320   -19.8007    15.0523    -2.6052     0.0000    0.00012
    1431   47.6667      -    1    0    -21.2825     6.7132   0.146324   -19.7883    15.0705    -2.5580     0.0000    0.00003
    1432   47.7000      -    1    0    -21.3533     6.7141   0.146346   -19.7637    15.0935    -2.4889     0.0000    0.00011
    1433   47.7333      -    1    0    -21.3961     6.7256   0.146365   -19.7557    15.0176    -2.5833     0.0000    0.00009
    1434   47.7667      -    1    0    -21.4251     6.7280   0.146400   -19.7466    15.0394    -2.5288     0.0000    0.00002
    1435   47.8000      -    1    0    -21.4288     6.7292   0.146412   -19.7451    15.0387    -2.5263     0.0000    0.00000
    1436   47.8333      -    1    0    -21.4223     6.7326   0.146407   -19.7484    15.0186    -2.5570     0.0000    0.00001
    1437   47.8667      -    1    0    -21.4076     6.7493   0.146373   -19.7642    14.9885    -2.5781     0.0000    0.00003
    1438   47.9000      -    1    0    -21.3952     6.7588   0.146337   -19.7752    14.9643    -2.6040     0.0000    0.00002
    1439   47.9333      -    1    0    -21.3811     6.7682   0.146296   -19.7868    14.9383    -2.6337     0.0000    0.00002
    1440   47.9667      -    1    0    -21.3773     6.7650   0.146278   -19.7869    14.9375    -2.6434     0.0000    0.00000
    1441   48.0000      -    1    0    -21.3711     6.7662   0.146258   -19.7905    14.9293    -2.6572     0.0000    0.00001
    1442   48.0333      -    1    0    -21.3693     6.7678   0.146248   -19.7925    14.9250    -2.6618     0.0000    0.00000
    1443   48.0667      -    1    0    -21.3639     6.7636   0.146194   -19.7946    14.9192    -2.6819     0.0000    0.00001
    1444   48.1000      -    1    0    -21.3500     6.7648   0.146109   -19.8037    14.8975    -2.7211     0.0000    0.00003
    1445   48.1333      -    1    0    -21.3377     6.7695   0.146069   -19.8120    14.8783    -2.7486     0.0000    0.00002
    1446   48.1667      -    1    0    -21.3046     6.7850   0.145975   -19.8358    14.8294    -2.8113     0.0000    0.00009
    1447   48.2000      -    1    0    -21.2784     6.8100   0.145890   -19.8621    14.7756    -2.8591     0.0000    0.00008
    1448   48.2333      -    1    0    -21.2671     6.8544   0.145793   -19.8947    14.7034    -2.8907     0.0000    0.00010
    1449   48.2667      -    1    0    -21.2707     6.8743   0.145749   -19.9064    14.6730    -2.8980     0.0000    0.00002
    1450   48.3000      -    1    0    -21.2905     6.9131   0.145641   -19.9269    14.6265    -2.8842     0.0000    0.00010
    1451   48.3333      -    1    0    -21.3119     6.9469   0.145535   -19.9443    14.5870    -2.8685     0.0000    0.00009
    1452   48.3667      -    1    0    -21.3177     6.9748   0.145481   -19.9604    14.5511    -2.8666     0.0000    0.00004
    1453   48.4000      -    1    0    -21.3242     7.0517   0.145327   -21.0633    14.4919    -3.1452     0.0000    0.00000
    1454   48.4333      -    1    0    -21.3233     7.1393   0.145095   -25.0037    14.4811    -4.3762     0.0000    0.00001
    1455   48.4667      -    1    0    -21.2990     7.2085   0.144930   -26.8227    14.3366    -5.0312     0.0000    0.00000
    1456   48.5000      -    1    0    -21.2289     7.3483   0.144550   -30.1840    14.3825    -6.0986     0.0000    0.00001
    1457   48.5333      -    1    0    -21.1357     7.5176   0.144238   -34.5481    14.1834    -7.2617     0.0000    0.00001
    1458   48.5667      -    1    0    -21.0672     7.6549   0.144109   -41.3015    13.8006    -8.9993     0.0000    0.00004
    1459   48.6000      -    1    0    -21.0359     7.6734   0.144084   -44.7640    13.6971   -10.0581     0.0000    0.00001
    1460   48.6333      -    1    0    -20.9693     7.6943   0.144102   -52.2464    13.1836   -12.1491     0.0000    0.00007
    1461   48.6667      -    1    0    -20.9047     7.6570   0.144275   -57.4570    12.5177   -13.6419     0.0000    0.00002
    1462   48.7000      -    1    0    -20.8633     7.5173   0.144573   -60.4752    11.9964   -14.7878     0.0000    0.00001
    1463   48.7333      -    1    0    -20.7873     7.4453   0.144737   -60.7262    11.4244   -15.3399     0.0000    0.00000
    1464   48.7667      -    1    0    -20.6150     7.2679   0.145115   -60.5096    10.0657   -16.9240     0.0000    0.00000
    1465   48.8000      -    1    0    -20.4751     7.0638   0.145510   -62.3156     8.3346   -19.5080     0.0000    0.00002
    1466   48.8333      -    1    0    -20.4378     6.9580   0.145683   -63.9198     7.5702   -20.8672     0.0000    0.00000
    1467   48.8667      -    1    0    -20.3974     6.7291   0.145964   -64.6393     7.2163   -23.0364     0.0000    0.00000
    1468   48.9000      -    1    0    -20.3106     6.6124   0.146276   -64.7616     7.0167   -24.7617     0.0000    0.00000
    1469   48.9333      -    1    0    -20.2616     6.5993   0.146416   -64.8111     6.8484   -25.3919     0.0000    0.00000
    1470   48.9667      -    1    0    -20.1692     6.6003   0.146504   -64.8481     6.3493   -26.3480     0.0000    0.00000
    1471   49.0000      -    1    0    -20.0973     6.6386   0.146428   -64.8550     5.8799   -26.8425     0.0000    0.00000
    1472   49.0333      -    1    0    -20.0327     6.7398   0.146297   -64.8411     5.4408   -26.8267     0.0000    0.00073
    1473   49.0667      -    1    0    -20.0100     6.7955   0.146219   -64.8605     5.3105   -26.8009     0.0000    0.00014
    1474   49.1000      -    1    0    -19.9828     6.9382   0.146036   -64.9446     5.1559   -26.6810     0.0000    0.00067
    1475   49.1333      -    1    0    -19.9726     7.1098   0.145811   -65.0978     5.1090   -26.4916     0.0000    0.00098
    1476   49.1667      -    1    0    -19.9648     7.1933   0.145691   -65.4926     5.0489   -26.4042     0.0000    0.00000
    1477   49.2000      -    1    0    -19.8157     7.3823   0.145474   -67.8625     3.8864   -26.6439     0.0000    0.00000
    1478   49.2333      -    1    0    -19.6391     7.5270   0.145316   -69.5966     2.9435   -26.8409     0.0000    0.00000
    1479   49.2667      -    1    0    -19.4838     7.6208   0.145197   -74.3598     0.8808   -27.2858     0.0000    0.00002
    1480   49.3000      -    1    0    -19.4453     7.6290   0.145148   -76.2895     0.0707   -27.4917     0.0000    0.00000
    1481   49.3333      -    1    0    -19.4335     7.5769   0.145134   -76.7464    -0.0996   -28.1345     0.0000    0.00000
    1482   49.3667      -    1    0    -19.4190     7.5162   0.145229   -76.7493    -0.1223   -28.5850     0.0000    0.00033
    1483   49.4000      -    1    0    -19.4299     7.4965   0.145306   -76.7306    -0.1055   -28.6058     0.0000    0.00003
    1484   49.4333      -    1    0    -19.4921     7.4458   0.145457   -76.6916     0.0353   -28.6349     0.0000    0.00024
    1485   49.4667      -    1    0    -19.5422     7.3716   0.145661   -76.6943     0.2130   -29.0165     0.0000    0.00050
    1486   49.5000      -    1    0    -19.5671     7.2942   0.145942   -76.6762     0.3454   -29.3016     0.0000    0.00046
    1487   49.5333      -    1    0    -19.5728     7.2561   0.146083   -76.6732     0.4006   -29.4915     0.0000    0.00011
    1488   49.5667      -    1    0    -19.5865     7.2089   0.146337   -76.6829     0.5087   -29.7786     0.2196    0.00028
    1489   49.6000      -    1    0    -19.6204     7.1614   0.146556   -76.4094     0.7456   -30.2726     0.2851    0.00000
    1490   49.6333      -    1    0    -19.6274     7.1544   0.146637   -76.4219     0.7568   -30.4128     0.7717    0.00003
    1491   49.6667      -    1    0    -19.6500     7.1514   0.146828   -75.9269     1.0477   -30.6137     1.8195    0.00000
    1492   49.7000      -    1    0    -19.6887     7.1284   0.147063   -74.6418     1.7748   -30.9119     3.2603    0.00000
    1493   49.7333      -    1    0    -19.7013     7.1311   0.147333   -74.4005     2.0133   -31.2293     5.9173    0.00000
    1494   49.7667      -    1    0    -19.7125     7.1155   0.147477   -74.4503     2.0811   -31.5880     7.5265    0.00020
    1495   49.8000      -    1    0    -19.7434     7.0874   0.147659   -74.1865     2.3124   -31.9398     9.7532    0.00000
    1496   49.8333      -    1    0    -19.7669     7.0958   0.147813   -73.8824     2.5129   -31.8809    10.4923    0.00000
    1497   49.8667      -    1    0    -19.7822     7.0997   0.147900   -73.8872     2.5619   -31.8688    10.5111    0.00002
    1498   49.9000      -    1    0    -19.8196     7.0969   0.148058   -73.8892     2.6658   -31.8559    10.1368    0.00009
    1499   49.9333      -    1    0    -19.8301     7.0829   0.148243   -73.8064     2.5905   -31.8853    10.2211    0.00009
    1500   49.9667      -    1    0    -19.8391     7.0568   0.148434   -73.7151     2.5155   -31.9284    10.5859    0.00014
    1501   50.0000      -    1    0    -19.8582     7.0349   0.148516   -73.7012     2.5712   -31.9443    10.5017    0.00004
    1502   50.0333      -    1    0    -19.8455     7.0205   0.148661   -73.5460     2.3249   -32.0012    10.2585    0.00031
    1503   50.0667      -    1    0    -19.8655     7.0185   0.148807   -73.5440     2.3830   -31.9955    10.2211    0.00004
    1504   50.1000      -    1    0    -19.8489     7.0272   0.148861   -73.4737     2.2265   -32.0121    10.2211    0.00008
    1505   50.1333      -    1    0    -19.8551     7.0415   0.148914   -73.4862     2.2490   -31.9931    10.1836    0.00001
    1506   50.1667      -    1    0    -19.8844     7.0392   0.148989   -72.5732     2.7538   -31.9476    10.1743    0.00000
    1507   50.2000      -    1    0    -19.8785     7.0374   0.149077   -72.2228     2.7859   -32.1324    10.2585    0.00000
    1508   50.2333      -    1    0    -19.8848     7.0366   0.149109   -71.9199     2.9417   -32.1217    10.3146    0.00019
    1509   50.2667      -    1    0    -19.9130     7.0351   0.149212   -71.3111     3.2993   -32.0711    10.3053    0.00000
    1510   50.3000      -    1    0    -19.9193     7.0505   0.149337   -71.2483     3.1928   -32.0751    10.2679    0.00004
    1511   50.3333      -    1    0    -19.9084     7.0494   0.149390   -70.9013     3.2082   -32.2791    10.2772    0.00000
    1512   50.3667      -    1    0    -19.9154     7.0583   0.149426   -70.6015     3.3660   -32.2315    10.1462    0.00020
    1513   50.4000      -    1    0    -19.9446     7.0480   0.149502   -69.3837     4.0298   -32.1518     9.8936    0.00000
    1514   50.4333      -    1    0    -19.9618     7.0467   0.149546   -68.7756     4.3565   -32.1027     9.8468    0.00000
    1515   50.4667      -    1    0    -19.9596     7.0648   0.149611   -68.4405     4.3875   -32.2427     9.8094    0.00015
    1516   50.5000      -    1    0    -19.9500     7.0770   0.149667   -68.0342     4.2640   -32.4875     9.5474    0.00000
    1517   50.5333      -    1    0    -19.9475     7.0931   0.149746   -67.6130     4.1163   -32.6901     9.1638    0.00000
    1518   50.5667      -    1    0    -19.9522     7.0972   0.149798   -66.9374     4.2667   -32.7359     8.8925    0.00000
    1519   50.6000      -    1    0    -19.9807     7.1026   0.149969   -64.7579     5.1927   -32.7092     7.8727    0.00000
    1520   50.6333      -    1    0    -19.9507     7.1689   0.150212   -64.0373     5.1671   -32.6905     7.4424    0.00000
    1521   50.6667      -    1    0    -19.9378     7.2023   0.150321   -63.9815     5.0093   -32.7068     7.6201    0.00008
    1522   50.7000      -    1    0    -19.9454     7.2390   0.150503   -63.9662     4.9275   -32.8878     7.8727    0.00014
    1523   50.7333      -    1    0    -19.9881     7.2430   0.150616   -63.7012     5.1838   -32.9845     7.9101    0.00000
    1524   50.7667      -    1    0    -20.0374     7.2212   0.150689   -63.1602     5.6559   -33.2444     7.9195    0.00000
    1525   50.8000      -    1    0    -20.0401     7.2225   0.150695   -62.4835     5.8266   -33.2404     7.9382    0.00000
    1526   50.8333      -    1    0    -20.0769     7.1995   0.150705   -60.0139     6.9655   -33.0255     7.9850    0.00000
    1527   50.8667      -    1    0    -20.0520     7.2447   0.150688   -59.2954     7.0237   -32.8197     8.2751    0.00000
    1528   50.9000      -    1    0    -20.0240     7.2685   0.150678   -59.2374     6.8294   -32.8816     8.5838    0.00012
    1529   50.9333      -    1    0    -19.9977     7.2964   0.150644   -59.1850     6.6423   -32.9315     8.6680    0.00012
    1530   50.9667      -    1    0    -19.9885     7.3034   0.150628   -59.1175     6.4884   -32.9897     8.5557    0.00009
    1531   51.0000      -    1    0    -19.9669     7.2935   0.150601   -58.9650     6.1976   -33.1295     8.9767    0.00000
    1532   51.0333      -    1    0    -19.9591     7.2877   0.150577   -58.8865     6.0483   -33.2016     9.2948    0.00009
    1533   51.0667      -    1    0    -19.9574     7.2873   0.150487   -58.7136     5.7194   -33.2516     9.4258    0.00045
    1534   51.1000      -    1    0    -19.9672     7.2865   0.150404   -58.2355     5.5381   -33.2745     8.4809    0.00000
    1535   51.1333      -    1    0    -19.9748     7.2851   0.150371   -57.8541     5.5364   -33.3183     7.4798    0.00015
    1536   51.1667      -    1    0    -19.9772     7.3137   0.150339   -56.9987     5.3338   -33.2674     5.4776    0.00000
    1537   51.2000      -    1    0    -19.9622     7.3426   0.150394   -55.8027     5.1622   -33.4763     3.3913    0.00000
    1538   51.2333      -    1    0    -19.9242     7.3899   0.150544   -55.1976     4.5887   -33.7670     2.5305    0.00000
    1539   51.2667      -    1    0    -19.9040     7.4066   0.150653   -55.0734     4.2771   -34.1155     2.9329    0.00000
    1540   51.3000      -    1    0    -19.9598     7.4110   0.150814   -53.5141     4.8699   -34.0722     4.0368    0.00000
    1541   51.3333      -    1    0    -20.0170     7.4065   0.150995   -51.1004     5.8902   -33.9793     4.4859    0.00000
    1542   51.3667      -    1    0    -20.0199     7.4342   0.151090   -50.6501     5.9383   -34.0029     4.6356    0.00007
    1543   51.4000      -    1    0    -20.0118     7.4813   0.151282   -49.3428     6.2871   -34.0051     4.5233    0.00000
    1544   51.4333      -    1    0    -20.0240     7.4828   0.151429   -46.8876     7.4534   -33.7945     2.5212    0.00000
    1545   51.4667      -    1    0    -20.0046     7.4976   0.151526   -45.8628     7.6734   -33.8521     0.7155    0.00000
    1546   51.5000      -    1    0    -19.9551     7.5371   0.151741   -45.0238     7.4757   -34.1262     0.0000    0.00000
    1547   51.5333      -    1    0    -19.9476     7.5501   0.151917   -44.6471     7.4535   -34.2134     0.0000    0.00019
    1548   51.5667      -    1    0    -19.9509     7.5453   0.152033   -44.5644     7.3207   -34.3248     0.0000    0.00010
    1549   51.6000      -    1    0    -19.9517     7.5379   0.152079   -44.5603     7.3375   -34.3231     0.0000    0.00000
    1550   51.6333      -    1    0    -19.9228     7.5478   0.152119   -44.5753     7.3288   -34.3220     0.0000    0.00003
    1551   51.6667      -    1    0    -19.8848     7.5767   0.152105   -44.5458     7.1742   -34.1725     0.0000    0.00013
    1552   51.7000      -    1    0    -19.8737     7.5823   0.152098   -44.5568     7.1573   -34.1954     0.0000    0.00001
    1553   51.7333      -    1    0    -19.8541     7.6000   0.152076   -44.5239     7.0241   -34.0638     0.0000    0.00010
    1554   51.7667      -    1    0    -19.8289     7.6057   0.152034   -44.4633     6.8717   -34.1863     0.0000    0.00009
    1555   51.8000      -    1    0    -19.8175     7.6357   0.152035   -44.0688     6.7795   -34.0902     0.0000    0.00035
    1556   51.8333      -    1    0    -19.8003     7.6587   0.152022   -43.3702     6.8298   -33.9806     0.0000    0.00000
    1557   51.8667      -    1    0    -19.7900     7.6950   0.151981   -43.0025     6.7387   -33.6570     0.0000    0.00000
    1558   51.9000      -    1    0    -19.7590     7.7361   0.151903   -42.8734     6.3431   -33.4934     0.0000    0.00000
    1559   51.9333      -    1    0    -19.7547     7.7593   0.151859   -42.5143     6.2865   -33.2268     0.0000    0.00000
    1560   51.9667      -    1    0    -19.7383     7.8013   0.151712   -41.4995     6.3518   -32.7674     0.0000    0.00000
    1561   52.0000      -    1    0    -19.7360     7.8650   0.151533   -40.7475     6.1153   -32.2003     0.0000    0.00000
    1562   52.0333      -    1    0    -19.7213     7.9861   0.151312   -39.3386     5.8576   -31.4463     0.0000    0.00000
    1563   52.0667      -    1    0    -19.7030     8.0733   0.151181   -38.6358     5.6370   -31.0628     0.0000    0.00000
    1564   52.1000      -    1    0    -19.6520     8.2713   0.150961   -37.8742     4.8922   -30.4453     0.0000    0.00000
    1565   52.1333      -    1    0    -19.6071     8.4368   0.150748   -37.4385     4.1352   -30.0425     0.0000    0.00000
    1566   52.1667      -    1    0    -19.5844     8.5061   0.150661   -37.0836     3.9007   -29.9021     0.0000    0.00000
    1567   52.2000      -    1    0    -19.5629     8.6173   0.150511   -35.4622     3.9891   -29.3380     0.0000    0.00000
    1568   52.2333      -    1    0    -19.5693     8.7290   0.150378   -33.8951     4.2183   -28.3039     0.0000    0.00000
    1569   52.2667      -    1    0    -19.5630     8.8802   0.150246   -32.5516     3.9553   -27.3012     0.0000    0.00000
    1570   52.3000      -    1    0    -19.5567     8.9530   0.150170   -31.5418     3.8635   -26.7756     0.0000    0.00000
    1571   52.3333      -    1    0    -19.5398     9.0697   0.150072   -29.8478     3.6591   -25.8633     0.0000    0.00000
    1572   52.3667      -    1    0    -19.5776     9.1001   0.150009   -28.5856     3.9421   -24.9393     0.0000    0.00000
    1573   52.4000      -    1    0    -19.5844     9.0976   0.150017   -28.6120     3.9450   -24.9370     0.0000    0.00000
    1574   52.4333      -    1    0    -19.6055     9.0925   0.150015   -28.6949     4.0828   -24.7631     0.0000    0.00014
    1575   52.4667      -    1    0    -19.6223     9.0987   0.149998   -28.0714     4.2986   -24.3871     0.0000    0.00000
    1576   52.5000      -    1    0    -19.6285     9.1141   0.150001   -28.0667     4.2439   -24.1497     0.0000    0.00011
    1577   52.5333      -    1    0    -19.6244     9.1233   0.149996   -27.7040     4.2313   -24.0520     0.0000    0.00015
    1578   52.5667      -    1    0    -19.6408     9.1256   0.149972   -27.0318     4.3983   -23.7185     0.0000    0.00000
    1579   52.6000      -    1    0    -19.6587     9.1063   0.149961   -26.4199     4.7463   -23.5226     0.0000    0.00000
    1580   52.6333      -    1    0    -19.6563     9.1223   0.149939   -26.0469     4.6971   -23.3710     0.0000    0.00025
    1581   52.6667      -    1    0    -19.6705     9.1091   0.149907   -25.7894     4.9255   -23.1923     0.0000    0.00000
    1582   52.7000      -    1    0    -19.6676     9.1084   0.149866   -25.4529     5.0447   -23.1468     0.0000    0.00015
    1583   52.7333      -    1    0    -19.6683     9.1113   0.149852   -25.4569     5.0781   -23.0940     0.0000    0.00001
    1584   52.7667      -    1    0    -19.6692     9.1085   0.149853   -25.4579     5.0911   -23.0796     0.0000    0.00000
    1585   52.8000      -    1    0    -19.6744     9.1058   0.149867   -25.4586     5.1083   -23.0580     0.0000    0.00000
    1586   52.8333      -    1    0    -19.6696     9.1180   0.149869   -24.7626     5.1635   -22.8938     0.0000    0.00000
    1587   52.8667      -    1    0    -19.6837     9.1091   0.149862   -24.7889     5.2713   -22.7448     0.0000    0.00008
    1588   52.9000      -    1    0    -19.6892     9.1121   0.149848   -24.7903     5.2686   -22.7415     0.0000    0.00000
    1589   52.9333      -    1    0    -19.6833     9.1192   0.149794   -24.1505     5.4510   -22.6894     0.0000    0.00000
    1590   52.9667      -    1    0    -19.6855     9.1388   0.149642   -23.5767     5.7689   -22.3786     0.0000    0.00000
    1591   53.0000      -    1    0    -19.6804     9.1577   0.149557   -23.2942     5.9057   -22.2362     0.0000    0.00019
    1592   53.0333      -    1    0    -19.6523     9.1987   0.149378   -23.0913     6.1184   -22.2444     0.0000    0.00038
    1593   53.0667      -    1    0    -19.6242     9.2759   0.149207   -22.5200     6.2489   -22.0970     0.0000    0.00000
    1594   53.1000      -    1    0    -19.6072     9.3136   0.149132   -22.2225     6.2789   -22.0915     0.0000    0.00009
    1595   53.1333      -    1    0    -19.6007     9.3562   0.148985   -21.9592     6.3911   -21.9250     0.0000    0.00015
    1596   53.1667      -    1    0    -19.5866     9.3808   0.148843   -21.3587     6.6032   -21.7438     0.0000    0.00000
    1597   53.2000      -    1    0    -19.5833     9.4004   0.148775   -21.0702     6.6694   -21.5261     0.0000    0.00000
    1598   53.2333      -    1    0    -19.5715     9.4464   0.148654   -20.7420     6.6943   -21.3353     0.0000    0.00000
    1599   53.2667      -    1    0    -19.5703     9.4726   0.148540   -19.8057     6.9961   -21.0922     0.0000    0.00000
    1600   53.3000      -    1    0    -19.5415     9.4982   0.148447   -18.6200     7.2753   -20.9823     0.0000    0.00000
    1601   53.3333      -    1    0    -19.5427     9.5051   0.148399   -18.2229     7.4514   -20.7780     0.0000    0.00000
    1602   53.3667      -    1    0    -19.5308     9.5239   0.148336   -17.2557     7.6835   -20.6611     0.0000    0.00000
    1603   53.4000      -    1    0    -19.5655     9.5473   0.148274   -16.9597     7.8223   -20.4219     0.0000    0.00000
    1604   53.4333      -    1    0    -19.5730     9.5620   0.148256   -16.3090     7.9788   -20.3174     0.0000    0.00000
    1605   53.4667      -    1    0    -19.5914     9.5887   0.148254   -15.7304     8.2757   -20.2844     0.0000    0.00000
    1606   53.5000      -    1    0    -19.6250     9.6447   0.148267   -15.5080     8.5083   -20.1121     0.0000    0.00000
    1607   53.5333      -    1    0    -19.6348     9.7674   0.148328   -15.2513     8.4619   -20.0095     0.0000    0.00036
    1608   53.5667      -    1    0    -19.6343     9.8202   0.148389   -14.6226     8.5778   -19.8787     0.0000    0.00000
    1609   53.6000      -    1    0    -19.6553     9.8927   0.148581   -14.4837     8.9813   -19.7381     0.0000    0.00000
    1610   53.6333      -    1    0    -19.6642     9.9565   0.148808   -14.2462     9.1532   -19.7115     0.0000    0.00042
    1611   53.6667      -    1    0    -19.6737     9.9633   0.148951   -14.3083     9.3106   -19.7454     0.0000    0.00009
    1612   53.7000      -    1    0    -19.7020     9.9552   0.149260   -14.4181     9.6633   -19.7970     0.0000    0.00037
    1613   53.7333      -    1    0    -19.7311     9.8709   0.149611   -14.6149    10.4098   -20.0424     0.0000    0.00000
    1614   53.7667      -    1    0    -19.7738     9.8111   0.150007   -14.7369    10.9413   -20.1827     0.0000    0.00000
    1615   53.8000      -    1    0    -19.8022     9.7988   0.150225   -14.7633    11.1000   -20.1768     0.0000    0.00011
    1616   53.8333      -    1    0    -19.8625     9.7670   0.150629   -14.8489    11.5212   -20.1667     0.0000    0.00060
    1617   53.8667      -    1    0    -19.9228     9.7047   0.151048   -14.9623    12.0854   -20.2241     0.0000    0.00000
    1618   53.9000      -    1    0    -19.9562     9.6739   0.151246   -15.0267    12.3824   -20.2708     0.0000    0.00027
    1619   53.9333      -    1    0    -20.0008     9.6342   0.151536   -15.1609    12.8688   -20.5664     0.0000    0.00000
    1620   53.9667      -    1    0    -19.9788     9.6397   0.151818   -15.2293    12.9479   -21.3956     0.0000    0.00000
    1621   54.0000      -    1    0    -19.9327     9.6657   0.152015   -14.8185    12.6359   -22.2560     0.0000    0.00000
    1622   54.0333      -    1    0    -19.8944     9.6616   0.152131   -14.4218    12.5224   -22.7794     0.0000    0.00000
    1623   54.0667      -    1    0    -19.8379     9.6080   0.152296   -13.0196    12.7073   -23.2829     0.0000    0.00000
    1624   54.1000      -    1    0    -19.8263     9.5149   0.152333   -11.9762    13.0581   -23.2416     0.0000    0.00000
    1625   54.1333      -    1    0    -19.8252     9.4675   0.152333   -11.2866    13.3179   -23.0810     0.0000    0.00000
    1626   54.1667      -    1    0    -19.8321     9.3957   0.152285   -10.2472    13.7178   -22.7856     0.0000    0.00000
    1627   54.2000      -    1    0    -19.8074     9.3900   0.152258    -8.2910    14.3039   -22.2991     0.0000    0.00000
    1628   54.2333      -    1    0    -19.7835     9.4296   0.152258    -7.6166    14.4187   -22.3036     0.0000    0.00037
    1629   54.2667      -    1    0    -19.7070     9.5917   0.152307    -5.9498    14.3485   -22.7576     0.0000    0.00000
    1630   54.3000      -    1    0    -19.6069     9.8378   0.152268    -3.8496    13.7975   -23.3876     0.0000    0.00000
    1631   54.3333      -    1    0    -19.5206    10.0199   0.152118    -1.8152    13.4594   -23.5777     0.0000    0.00000
    1632   54.3667      -    1    0    -19.4941    10.0639   0.152014    -1.4390    13.2981   -23.6783     0.0000    0.00000
    1633   54.4000      -    1    0    -19.4633    10.0255   0.151810    -0.8036    13.5474   -23.7476     0.0000    0.00000
    1634   54.4333      -    1    0    -19.4632     9.9256   0.151740    -0.4794    13.9472   -23.6195     0.0000    0.00000
    1635   54.4667      -    1    0    -19.4678     9.8655   0.151756    -0.5095    14.2120   -23.6056     0.0000    0.00019
    1636   54.5000      -    1    0    -19.4958     9.8052   0.151935    -0.6189    14.7135   -23.6141     0.0000    0.00070
    1637   54.5333      -    1    0    -19.5150     9.8059   0.152221    -0.7278    15.0597   -23.7706     0.0000    0.00000
    1638   54.5667      -    1    0    -19.5064     9.8522   0.152585    -0.2001    15.5156   -23.7849     0.0000    0.00000
    1639   54.6000      -    1    0    -19.5066     9.8831   0.152734     0.0535    15.7609   -23.6998     0.0000    0.00000
    1640   54.6333      -    1    0    -19.5084     9.9775   0.152995     0.2044    16.0856   -23.6443     0.0000    0.00078
    1641   54.6667      -    1    0    -19.5089    10.1068   0.153199     0.7340    16.3038   -23.4654     0.0000    0.00000
    1642   54.7000      -    1    0    -19.5164    10.1776   0.153281     1.2419    16.4486   -23.2783     0.0000    0.00000
    1643   54.7333      -    1    0    -19.5404    10.3221   0.153479     2.2347    16.7261   -23.0664     0.0000    0.00000
    1644   54.7667      -    1    0    -19.5616    10.5303   0.153708     3.5281    16.7180   -23.1037     0.0000    0.00000
    1645   54.8000      -    1    0    -19.5747    10.7478   0.154008     5.1302    16.7980   -23.2458     0.0000    0.00000
    1646   54.8333      -    1    0    -19.5865    10.8641   0.154153     5.6854    16.7127   -23.4005     0.0000    0.00000
    1647   54.8667      -    1    0    -19.6281    11.0581   0.154415     6.6696    16.8342   -23.4041     0.0000    0.00000
    1648   54.9000      -    1    0    -19.6956    11.2461   0.154605     7.9840    16.8624   -22.8882     0.0000    0.00000
    1649   54.9333      -    1    0    -19.7251    11.3377   0.154638     8.6382    16.7668   -22.6587     0.0000    0.00000
    1650   54.9667      -    1    0    -19.8037    11.4935   0.154659     9.3736    16.4568   -22.3742     0.0000    0.00000
    1651   55.0000      -    1    0    -19.8651    11.5555   0.154609    10.0184    16.5893   -22.1037     0.0000    0.00000
    1652   55.0333      -    1    0    -19.9022    11.5915   0.154520    10.7420    16.5572   -21.8667     0.0000    0.00000
    1653   55.0667      -    1    0    -19.9211    11.6163   0.154460    10.7948    16.3293   -21.8567     0.0000    0.00018
    1654   55.1000      -    1    0    -19.9129    11.6781   0.154319    12.2635    16.0760   -21.7340     0.0000    0.00000
    1655   55.1333      -    1    0    -19.8915    11.7541   0.154167    13.3670    15.7577   -21.5862     0.0000    0.00000
    1656   55.1667      -    1    0    -19.8699    11.7627   0.154110    14.0189    15.9239   -21.4386     0.0000    0.00000
    1657   55.2000      -    1    0    -19.8360    11.7905   0.154032    15.5760    16.3076   -20.8848     0.0000    0.00000
    1658   55.2333      -    1    0    -19.8312    11.9009   0.153923    16.3421    16.1347   -20.5969     0.0000    0.00000
    1659   55.2667      -    1    0    -19.8403    12.0362   0.153817    17.3318    15.9748   -20.4351     0.0000    0.00000
    1660   55.3000      -    1    0    -19.8664    12.1072   0.153749    17.6713    15.8151   -20.3774     0.0000    0.00000
    1661   55.3333      -    1    0    -19.9597    12.2438   0.153618    18.0310    15.4085   -20.2944     0.0000    0.00000
    1662   55.3667      -    1    0    -20.0443    12.3895   0.153471    20.0999    15.3502   -19.4520     0.0000    0.00000
    1663   55.4000      -    1    0    -20.1015    12.4968   0.153366    20.4770    14.9800   -19.2669     0.0000    0.00000
    1664   55.4333      -    1    0    -20.2163    12.6932   0.153192    21.5034    14.5335   -18.9429     0.0000    0.00000
    1665   55.4667      -    1    0    -20.2988    12.8672   0.153104    23.1203    14.6259   -18.1828     0.0000    0.00000
    1666   55.5000      -    1    0    -20.3880    13.0842   0.152999    23.6856    14.4196   -17.7347     0.0000    0.00000
    1667   55.5333      -    1    0    -20.4308    13.1835   0.152967    23.6216    14.2976   -17.7283     0.0000    0.00027
    1668   55.5667      -    1    0    -20.4926    13.3552   0.152936    24.5275    14.3055   -17.5057     0.0000    0.00000
    1669   55.6000      -    1    0    -20.5644    13.5300   0.152854    25.1939    13.9353   -17.4310     0.0000    0.00000
    1670   55.6333      -    1    0    -20.5863    13.5815   0.152841    25.1479    13.9071   -17.6060     0.0000    0.00011
    1671   55.6667      -    1    0    -20.6107    13.6300   0.152833    25.4328    14.0247   -17.7979     0.0000    0.00035
    1672   55.7000      -    1    0    -20.6215    13.7119   0.152789    26.1174    13.8532   -18.0022     0.0000    0.00000
    1673   55.7333      -    1    0    -20.6223    13.7683   0.152760    26.4666    13.6616   -18.2301     0.0000    0.00000
    1674   55.7667      -    1    0    -20.6385    13.9078   0.152625    27.5417    13.0929   -18.3843     0.0000    0.00000
    1675   55.8000      -    1    0    -20.6544    14.0164   0.152501    27.5484    12.5793   -18.8479     0.0000    0.00000
    1676   55.8333      -    1    0    -20.6610    14.0808   0.152403    27.5383    12.3273   -19.1961     0.0000    0.00000
    1677   55.8667      -    1    0    -20.6348    14.1214   0.152369    27.4928    12.2846   -19.6549     0.0000    0.00031
    1678   55.9000      -    1    0    -20.6137    14.2076   0.152246    28.1448    12.1445   -19.9051     0.0000    0.00000
    1679   55.9333      -    1    0    -20.5982    14.3323   0.152124    28.8187    11.7426   -20.2809     0.0000    0.00000
    1680   55.9667      -    1    0    -20.5919    14.3957   0.152068    28.8249    11.4808   -20.6270     0.0000    0.00000
    1681   56.0000      -    1    0    -20.5842    14.5007   0.151952    28.8633    10.8986   -21.3600     0.0000    0.00000
    1682   56.0333      -    1    0    -20.5523    14.5795   0.151915    29.5923    10.5111   -22.0795     0.0000    0.00000
    1683   56.0667      -    1    0    -20.5428    14.6177   0.151777    30.0311    10.0852   -22.7487     0.0000    0.00000
    1684   56.1000      -    1    0    -20.5169    14.5919   0.151791    30.0382    10.1026   -23.2468     0.0000    0.00039
    1685   56.1333      -    1    0    -20.4690    14.5660   0.151808    30.1269     9.8710   -24.0264     0.0000    0.00000
    1686   56.1667      -    1    0    -20.3791    14.4534   0.151826    30.0920    10.2646   -24.6936     0.0000    0.00000
    1687   56.2000      -    1    0    -20.3169    14.3801   0.151917    30.0442    10.5887   -25.2171     0.0000    0.00000
    1688   56.2333      -    1    0    -20.2156    14.2612   0.152039    29.7528    10.6813   -26.1573     0.0000    0.00000
    1689   56.2667      -    1    0    -20.1314    14.2518   0.152135    28.3468     9.4750   -27.5839     0.0000    0.00001
    1690   56.3000      -    1    0    -19.9932    14.2588   0.152211    27.3287     8.1357   -29.2369     0.0000    0.00001
    1691   56.3333      -    1    0    -19.8994    14.2556   0.152244    27.1701     7.5788   -30.0495     0.0000    0.00000
    1692   56.3667      -    1    0    -19.6989    14.2940   0.152189    27.5180     6.6389   -31.4423     0.0000    0.00000
    1693   56.4000      -    1    0    -19.5238    14.3416   0.152104    27.1671     5.6577   -32.5833     0.0000    0.00000
    1694   56.4333      -    1    0    -19.4414    14.3774   0.152085    27.0645     5.2368   -33.0543     0.0000    0.00000
    1695   56.4667      -    1    0    -19.2997    14.4926   0.152077    27.1681     4.4939   -34.0290     0.0000    0.00000
    1696   56.5000      -    1    0    -19.1862    14.6107   0.152144    27.2970     3.8893   -35.2082     0.0000    0.00000
    1697   56.5333      -    1    0    -19.1360    14.7316   0.152204    27.4959     3.2253   -35.9943     0.0000    0.00000
    1698   56.5667      -    1    0    -19.1230    14.7858   0.152245    27.5811     2.9271   -36.4350     0.0000    0.00000
    1699   56.6000      -    1    0    -19.1027    14.8313   0.152347    27.6209     2.7288   -37.2546     0.0000    0.00000
    1700   56.6333      -    1    0    -19.1322    14.8999   0.152434    27.8018     2.2535   -37.5355     0.0000    0.00000
    1701   56.6667      -    1    0    -19.1380    14.9165   0.152483    27.8200     2.1533   -37.7544     0.0000    0.00009
    1702   56.7000      -    1    0    -19.1585    14.9072   0.152568    27.8325     2.0862   -38.0627     0.0000    0.00016
    1703   56.7333      -    1    0    -19.1814    14.9497   0.152670    27.9236     1.7736   -38.3077     0.0000    0.00000
    1704   56.7667      -    1    0    -19.1786    14.9843   0.152742    28.2119     1.8321   -38.2970     0.0000    0.00005
    1705   56.8000      -    1    0    -19.1707    15.0001   0.152805    28.1902     1.7962   -38.4770     0.0000    0.00005
    1706   56.8333      -    1    0    -19.1763    15.0306   0.152943    28.8070     1.9672   -38.4759     0.0000    0.00000
    1707   56.8667      -    1    0    -19.1876    15.0230   0.153078    29.6476     2.4992   -38.3713     0.0000    0.00000
    1708   56.9000      -    1    0    -19.1980    15.0543   0.153121    29.9833     2.5014   -38.4109     0.0000    0.00012
    1709   56.9333      -    1    0    -19.2000    15.1042   0.153201    31.1417     2.9772   -38.3749     0.0000    0.00000
    1710   56.9667      -    1    0    -19.2252    15.1763   0.153196    32.4090     3.2717   -38.1108     0.0000    0.00000
    1711   57.0000      -    1    0    -19.2559    15.2573   0.153165    33.0994     3.2370   -37.9260     0.0000    0.00000
    1712   57.0333      -    1    0    -19.2491    15.3045   0.153164    33.6964     3.4134   -38.0126     0.0000    0.00000
    1713   57.0667      -    1    0    -19.2740    15.4717   0.153097    35.1060     3.2616   -37.7864     0.0000    0.00000
    1714   57.1000      -    1    0    -19.2626    15.6193   0.153061    36.0083     3.3466   -38.0556     0.0000    0.00000
    1715   57.1333      -    1    0    -19.2814    15.6945   0.153017    36.6455     3.4064   -38.0162     0.0000    0.00023
    1716   57.1667      -    1    0    -19.3592    15.8898   0.152989    38.0518     3.1337   -38.3181     0.0000    0.00000
    1717   57.2000      -    1    0    -19.4630    16.0447   0.152973    39.4637     2.9352   -38.6102     0.0000    0.00000
    1718   57.2333      -    1    0    -19.6211    16.2003   0.153017    40.7355     2.3764   -38.8264     0.0000    0.00000
    1719   57.2667      -    1    0    -19.6777    16.2421   0.153064    41.4091     2.4357   -39.0036     0.0000    0.00000
    1720   57.3000      -    1    0    -19.8117    16.2987   0.153180    42.4734     2.4070   -39.2293     0.0000    0.00000
    1721   57.3333      -    1    0    -19.9476    16.3403   0.153257    43.8300     2.5392   -39.3956     0.0000    0.00000
    1722   57.3667      -    1    0    -20.0387    16.3633   0.153289    44.5815     2.4570   -39.3419     0.0000    0.00000
    1723   57.4000      -    1    0    -20.1953    16.3660   0.153322    45.0263     2.2672   -39.3600     0.0000    0.00000
    1724   57.4333      -    1    0    -20.3229    16.3915   0.153353    46.0177     2.4241   -39.4030     0.0000    0.00044
    1725   57.4667      -    1    0    -20.3837    16.4069   0.153372    46.6408     2.5815   -39.4221     0.0000    0.00017
    1726   57.5000      -    1    0    -20.5228    16.4385   0.153361    47.3239     2.5337   -39.4826     0.0000    0.00000
    1727   57.5333      -    1    0    -20.6797    16.4953   0.153354    48.4262     2.4815   -39.5674     0.0000    0.00000
    1728   57.5667      -    1    0    -20.8549    16.5598   0.153336    49.8436     2.5025   -39.9292     0.0000    0.00000
    1729   57.6000      -    1    0    -20.9736    16.6237   0.153306    50.9950     2.4040   -40.0243     0.0000    0.00000
    1730   57.6333      -    1    0    -21.2002    16.7978   0.153283    52.9521     2.1346   -40.5936     0.0000    0.00000
    1731   57.6667      -    1    0    -21.4125    16.9669   0.153262    54.1800     1.8928   -41.2096     0.0000    0.00000
    1732   57.7000      -    1    0    -21.5103    17.0562   0.153250    54.6044     1.7562   -41.4304     0.0000    0.00000
    1733   57.7333      -    1    0    -21.7035    17.2469   0.153234    55.7588     1.5947   -41.6411     0.0000    0.00000
    1734   57.7667      -    1    0    -21.8509    17.4311   0.153256    56.0751     1.3302   -42.0270     0.0000    0.00000
    1735   57.8000      -    1    0    -21.9470    17.6476   0.153232    56.3390     1.0607   -42.2216     0.0000    0.00000
    1736   57.8333      -    1    0    -21.9703    17.7799   0.153220    56.3068     0.8630   -42.3500     0.0000    0.00043
    1737   57.8667      -    1    0    -21.9678    18.0099   0.153133    56.5183     0.7866   -42.2707     0.0000    0.00000
    1738   57.9000      -    1    0    -21.9032    18.2076   0.153041    56.4227     0.6801   -42.1409     0.0000    0.00000
    1739   57.9333      -    1    0    -21.8695    18.2918   0.152986    56.3851     0.6502   -42.0649     0.0000    0.00023
    1740   57.9667      -    1    0    -21.8166    18.4198   0.152795    56.6680     0.7450   -41.7145     0.0000    0.00000
    1741   58.0000      -    1    0    -21.7659    18.4786   0.152612    56.5557     0.9260   -41.5028     0.0000    0.00033
    1742   58.0333      -    1    0    -21.7552    18.4706   0.152400    56.5841     0.9613   -41.3104     0.0000    0.00011
    1743   58.0667      -    1    0    -21.7706    18.4716   0.152237    56.7470     0.7672   -41.1084     0.0000    0.00031
    1744   58.1000      -    1    0    -21.7478    18.4812   0.151843    56.9601     0.5579   -40.8792     0.0000    0.00000
    1745   58.1333      -    1    0    -21.6724    18.4522   0.151340    57.1114     0.5384   -40.5180     0.0000    0.00000
    1746   58.1667      -    1    0    -21.6153    18.4312   0.151020    57.1934     0.5788   -40.2591     0.0000    0.00042
    1747   58.2000      -    1    0    -21.5248    18.3992   0.150211    56.9733     0.0952   -39.5689     0.0000    0.00000
    1748   58.2333      -    1    0    -21.4387    18.3490   0.149267    56.0539    -0.5774   -38.7527     0.0000    0.00000
    1749   58.2667      -    1    0    -21.3493    18.2823   0.148251    55.4331    -0.9774   -37.9759     0.0000    0.00000
    1750   58.3000      -    1    0    -21.3251    18.2557   0.147691    54.8024    -1.4723   -37.3850     0.0000    0.00000
    1751   58.3333      -    1    0    -21.2879    18.2150   0.146467    54.1096    -2.2525   -35.9122     0.0000    0.00000
    1752   58.3667      -    1    0    -21.2277    18.1645   0.145261    52.2109    -3.1427   -34.4743     0.0000    0.00001
    1753   58.4000      -    1    0    -21.2172    18.1234   0.144672    51.2328    -3.6232   -33.4912     0.0000    0.00000
    1754   58.4333      -    1    0    -21.2112    18.0459   0.143446    48.8458    -4.7518   -31.2657     0.0000    0.00001
    1755   58.4667      -    1    0    -21.2462    18.0540   0.142343    46.9332    -6.2454   -29.2940     0.0000    0.00001
    1756   58.5000      -    1    0    -21.3197    18.0298   0.141293    44.2430    -7.7258   -26.7598     0.0000    0.00003
    1757   58.5333      -    1    0    -21.3569    17.9863   0.140759    42.2793    -8.3722   -25.0513     0.0000    0.00001
    1758   58.5667      -    1    0    -21.4117    17.8910   0.139785    39.5796    -8.8399   -22.1972     0.0000    0.00002
    1759   58.6000      -    1    0    -21.5256    17.7874   0.138829    35.6114    -9.4662   -18.8310     0.0000    0.00005
    1760   58.6333      -    1    0    -21.5850    17.7059   0.138387    33.5676    -9.5997   -17.1033     0.0000    0.00001
    1761   58.6667      -    1    0    -21.6846    17.4951   0.137554    29.8743    -9.4291   -13.8920     0.0000    0.00004
    1762   58.7000      -    1    0    -21.8025    17.2629   0.136672    25.5557    -9.1149   -10.3346     0.0000    0.00007
    1763   58.7333      -    1    0    -21.8372    16.8359   0.135766    20.9440    -7.5491    -7.3695     0.0000    0.00008
    1764   58.7667      -    1    0    -21.8540    16.5616   0.135365    19.2455    -6.4932    -6.0889     0.0000    0.00000
    1765   58.8000      -    1    0    -21.9310    15.9754   0.134610    15.7393    -4.6415    -3.7898     0.0000    0.00004
    1766   58.8333      -    1    0    -22.0937    15.2940   0.133936    12.0346    -2.8541    -1.1210     0.0000    0.00005
    1767   58.8667      -    1    0    -22.1553    14.9034   0.133596    10.6373    -1.7534    -0.1416     0.0000    0.00000
    1768   58.9000      -    1    0    -22.3189    14.0858   0.132942     7.4672     0.4969     2.0636     0.0000    0.00004
    1769   58.9333      -    1    0    -22.4921    13.4062   0.132435     4.3718     2.1277     3.9715     0.0000    0.00002
    1770   58.9667      -    1    0    -22.5356    13.1239   0.132206     2.5709     2.9360     4.3667     0.0000    0.00000
    1771   59.0000      -    1    0    -22.6480    12.6388   0.131663    -0.3253     4.5563     5.7442     0.0000    0.00001
    1772   59.0333      -    1    0    -22.7855    12.2201   0.131122    -3.4497     6.6798     7.4114     0.0000    0.00002
    1773   59.0667      -    1    0    -22.8646    11.9763   0.130756    -6.0746     8.3828     8.2068     0.0000    0.00001
    1774   59.1000      -    1    0    -22.8900    11.8591   0.130597    -7.0395     9.2800     8.4778     0.0000    0.00000
    1775   59.1333      -    1    0    -22.9408    11.6936   0.130347    -7.9930    10.6335     9.1484     0.0000    0.00000
    1776   59.1667      -    1    0    -23.0703    11.5463   0.130224    -9.8583    12.0241    10.0963     0.0000    0.00000
    1777   59.2000      -    1    0    -23.1121    11.4590   0.130185   -10.7171    12.7541    10.1546     0.0000    0.00000
    1778   59.2333      -    1    0    -23.1841    11.3279   0.130248   -11.9964    13.7808    10.1521     0.0000    0.00000
    1779   59.2667      -    1    0    -23.2834    11.1218   0.130348   -12.9893    15.1805    10.3750     0.0000    0.00000
    1780   59.3000      -    1    0    -23.3418    10.9688   0.130475   -13.9498    16.0954    10.1690     0.0000    0.00000
    1781   59.3333      -    1    0    -23.3789    10.8804   0.130550   -14.2298    16.6272    10.3110     0.0000    0.00000
    1782   59.3667      -    1    0    -23.5016    10.6906   0.130643   -15.7868    17.9169    10.4173     0.0000    0.00000
    1783   59.4000      -    1    0    -23.6418    10.4885   0.130715   -16.9806    19.1178    10.6139     0.0000    0.00000
    1784   59.4333      -    1    0    -23.7290    10.3685   0.130753   -17.9168    19.8260    10.5493     0.0000    0.00000
    1785   59.4667      -    1    0    -23.9269    10.0475   0.130916   -19.4478    21.6609    10.2955     0.0000    0.00001
    1786   59.5000      -    1    0    -24.1745     9.7010   0.131093   -21.0333    23.6592    10.0687     0.0000    0.00001
    1787   59.5333      -    1    0    -24.4261     9.4121   0.131240   -22.2272    25.2973    10.0532     0.0000    0.00000
    1788   59.5667      -    1    0    -24.5592     9.3138   0.131301   -23.1798    25.9377     9.9121     0.0000    0.00000
    1789   59.6000      -    1    0    -24.8206     9.0784   0.131461   -24.7722    27.5685     9.6580     0.0000    0.00001
    1790   59.6333      -    1    0    -25.0747     8.7653   0.131633   -26.4282    29.4233     9.1623     0.0000    0.00001
    1791   59.6667      -    1    0    -25.3514     8.4515   0.131767   -28.4239    31.0051     8.4837     0.0000    0.00001
    1792   59.7000      -    1    0    -25.4847     8.2726   0.131860   -29.0488    31.7849     8.3581     0.0000    0.00000
    1793   59.7333      -    1    0    -25.7121     7.9170   0.132059   -31.2522    33.2903     7.0010     0.0000    0.00002
    1794   59.7667      -    1    0    -25.8965     7.5348   0.132328   -33.0054    34.6969     5.9022     0.0000    0.00001
    1795   59.8000      -    1    0    -25.9635     7.3952   0.132413   -33.8583    35.1784     5.4594     0.0000    0.00000
    1796   59.8333      -    1    0    -26.0579     7.1511   0.132611   -35.0340    36.1523     4.7151     0.0000    0.00001
    1797   59.8667      -    1    0    -26.1166     6.9455   0.132766   -35.9938    37.1700     3.8987     0.0000    0.00000
    1798   59.9000      -    1    0    -26.1354     6.8813   0.132782   -36.4901    37.5832     3.5210     0.0000    0.00000
    1799   59.9333      -    1    0    -26.2018     6.8572   0.132833   -37.7669    38.0147     2.7789     0.0000    0.00000
    1800   59.9667      -    1    0    -26.2548     6.8100   0.132893   -38.9071    38.6610     1.5861     0.0000    0.00000
    1801   60.0000      -    1    0    -26.2730     6.7623   0.132964   -39.1396    39.0547     1.0908     0.0000    0.00000
    1802   60.0333      -    1    0    -26.3406     6.7221   0.133166   -40.3572    39.7535    -0.1731     0.0000    0.00001
    1803   60.0667      -    1    0    -26.4399     6.6859   0.133439   -41.9555    40.5422    -1.5080     0.0000    0.00001
    1804   60.1000      -    1    0    -26.4465     6.6334   0.133550   -42.3251    41.0045    -2.2293     0.0000    0.00000
    1805   60.1333      -    1    0    -26.4662     6.6462   0.133556   -42.7568    41.0048    -2.4766     0.0000    0.00000
    1806   60.1667      -    1    0    -26.5567     6.6709   0.133658   -44.4527    41.1066    -3.5414     0.0000    0.00000
    1807   60.2000      -    1    0    -26.6229     6.5868   0.133793   -45.5096    41.4027    -4.5773     0.0000    0.00000
    1808   60.2333      -    1    0    -26.6651     6.5426   0.133840   -45.9226    41.5845    -4.7658     0.0000    0.00000
    1809   60.2667      -    1    0    -26.7743     6.4547   0.133952   -47.6259    41.9117    -5.8265     0.0000    0.00000
    1810   60.3000      -    1    0    -26.8864     6.3038   0.134050   -48.9218    42.3504    -6.6178     0.0000    0.00000
    1811   60.3333      -    1    0    -26.9801     6.1502   0.134108   -50.2254    42.6894    -7.5048     0.0000    0.00000
    1812   60.3667      -    1    0    -26.9968     6.0527   0.134153   -50.2187    42.7888    -7.5826     0.0000    0.00018
    1813   60.4000      -    1    0    -27.0400     5.9297   0.134187   -51.0283    42.7621    -8.1673     0.0000    0.00000
    1814   60.4333      -    1    0    -27.0920     5.8550   0.134223   -51.7888    42.8824    -8.5150     0.0000    0.00000
    1815   60.4667      -    1    0    -27.1055     5.8320   0.134247   -52.2194    42.9085    -8.8281     0.0000    0.00000
    1816   60.5000      -    1    0    -27.0891     5.7844   0.134287   -52.2383    42.9144    -8.9139     0.0000    0.00005
    1817   60.5333      -    1    0    -27.1132     5.7638   0.134338   -52.6961    43.0296    -9.1732     0.0000    0.00000
    1818   60.5667      -    1    0    -27.1292     5.7437   0.134367   -53.1445    43.0319    -9.5028     0.0000    0.00000
    1819   60.6000      -    1    0    -27.1292     5.7294   0.134373   -53.0831    42.9949    -9.3980     0.0000    0.00005
    1820   60.6333      -    1    0    -27.1287     5.6952   0.134424   -53.0278    42.9903    -9.3510     0.0000    0.00005
    1821   60.6667      -    1    0    -27.1307     5.6905   0.134461   -53.4847    42.9469    -9.6923     0.0000    0.00000
    1822   60.7000      -    1    0    -27.1273     5.6826   0.134474   -53.5077    43.0485    -9.6468     0.0000    0.00003
    1823   60.7333      -    1    0    -27.0994     5.6777   0.134493   -53.5450    43.1626    -9.5967     0.0000    0.00007
    1824   60.7667      -    1    0    -27.0475     5.6610   0.134457   -53.5868    43.0924    -9.6828     0.0000    0.00009
    1825   60.8000      -    1    0    -27.0111     5.6194   0.134430   -53.6213    43.0685    -9.7744     0.0000    0.00008
    1826   60.8333      -    1    0    -26.9993     5.5933   0.134432   -53.6354    43.0632    -9.8226     0.0000    0.00002
    1827   60.8667      -    1    0    -26.9864     5.5191   0.134494   -53.6568    43.0836    -9.9327     0.0000    0.00012
    1828   60.9000      -    1    0    -26.9774     5.4301   0.134525   -53.6819    43.1040   -10.0645     0.0000    0.00016
    1829   60.9333      -    1    0    -26.9763     5.3914   0.134552   -53.6902    43.1157   -10.1193     0.0000    0.00003
    1830   60.9667      -    1    0    -26.9715     5.3298   0.134566   -53.7065    43.1336   -10.2074     0.0000    0.00007
    1831   61.0000      -    1    0    -26.9789     5.2864   0.134556   -53.7106    43.1667   -10.2527     0.0000    0.00004
    1832   61.0333      -    1    0    -26.9809     5.2813   0.134522   -53.5989    43.0706   -10.0556     0.0000    0.00012
    1833   61.0667      -    1    0    -26.9799     5.2795   0.134513   -53.5918    43.0741   -10.0601     0.0000    0.00000
    1834   61.1000      -    1    0    -26.9687     5.2867   0.134479   -53.6032    43.0484   -10.0761     0.0000    0.00002
    1835   61.1333      -    1    0    -26.9599     5.2815   0.134493   -53.6106    43.0377   -10.0947     0.0000    0.00000
    1836   61.1667      -    1    0    -26.9541     5.2780   0.134511   -53.6184    43.0042   -10.1241     0.0000    0.00001
    1837   61.2000      -    1    0    -26.9545     5.2672   0.134565   -53.6206    42.9927   -10.1502     0.0000    0.00001
    1838   61.2333      -    1    0    -26.9696     5.2799   0.134578   -54.0659    42.9419   -10.4581     0.0000    0.00000
    1839   61.2667      -    1    0    -26.9679     5.2814   0.134586   -54.0680    42.9259   -10.4664     0.0000    0.00000
    1840   61.3000      -    1    0    -26.9566     5.2865   0.134576   -54.0802    42.8651   -10.4998     0.0000    0.00002
    1841   61.3333      -    1    0    -26.9588     5.3053   0.134549   -54.5311    42.8091   -10.8012     0.0000    0.00000
    1842   61.3667      -    1    0    -26.9497     5.3092   0.134538   -54.5398    42.7643   -10.8246     0.0000    0.00002
    1843   61.4000      -    1    0    -26.9447     5.3049   0.134552   -54.6657    42.8249   -11.0654     0.0000    0.00007
    1844   61.4333      -    1    0    -26.9599     5.3150   0.134581   -55.2285    42.8721   -11.5635     0.0000    0.00000
    1845   61.4667      -    1    0    -26.9513     5.3274   0.134574   -55.2328    42.8389   -11.5467     0.0000    0.00001
    1846   61.5000      -    1    0    -26.9360     5.3426   0.134564   -55.2400    42.8019   -11.5479     0.0000    0.00002
    1847   61.5333      -    1    0    -26.9015     5.3577   0.134556   -55.2603    42.7290   -11.5766     0.0000    0.00004
    1848   61.5667      -    1    0    -26.8748     5.3588   0.134563   -55.2781    42.6732   -11.6153     0.0000    0.00002
    1849   61.6000      -    1    0    -26.8423     5.3770   0.134547   -55.2958    42.6177   -11.6285     0.0000    0.00004
    1850   61.6333      -    1    0    -26.8318     5.3891   0.134531   -55.3013    42.5900   -11.6287     0.0000    0.00001
    1851   61.6667      -    1    0    -26.8286     5.3949   0.134553   -55.3026    42.5653   -11.6355     0.0000    0.00000
    1852   61.7000      -    1    0    -26.8157     5.4083   0.134539   -55.3108    42.5198   -11.6451     0.0000    0.00002
    1853   61.7333      -    1    0    -26.8110     5.4228   0.134534   -55.3119    42.5000   -11.6353     0.0000    0.00001
    1854   61.7667      -    1    0    -26.7909     5.4456   0.134514   -55.2990    42.3168   -11.7069     0.0000    0.00012
    1855   61.8000      -    1    0    -26.7824     5.4492   0.134515   -55.2787    42.1752   -11.7805     0.0000    0.00008
    1856   61.8333      -    1    0    -26.7938     5.4403   0.134567   -55.2707    42.2042   -11.7753     0.0000    0.00001
    1857   61.8667      -    1    0    -26.7898     5.4443   0.134547   -55.2746    42.1846   -11.7814     0.0000    0.00001
    1858   61.9000      -    1    0    -26.7766     5.4579   0.134458   -55.2867    42.1365   -11.7905     0.0000    0.00004
    1859   61.9333      -    1    0    -26.7549     5.4821   0.134329   -55.3056    42.0527   -11.8060     0.0000    0.00010
    1860   61.9667      -    1    0    -26.7418     5.5019   0.134290   -55.3128    42.0169   -11.7993     0.0000    0.00003
    1861   62.0000      -    1    0    -26.7301     5.5235   0.134234   -55.3213    41.9642   -11.7990     0.0000    0.00004
    1862   62.0333      -    1    0    -26.7322     5.5232   0.134198   -55.3232    41.9528   -11.8049     0.0000    0.00000
    1863   62.0667      -    1    0    -26.7255     5.5195   0.134174   -55.3293    41.9421   -11.8183     0.0000    0.00001
    1864   62.1000      -    1    0    -26.7258     5.5216   0.134165   -55.3301    41.9320   -11.8207     0.0000    0.00000
    1865   62.1333      -    1    0    -26.7224     5.5259   0.134151   -55.3332    41.9141   -11.8253     0.0000    0.00001
    1866   62.1667      -    1    0    -26.7169     5.5330   0.134135   -55.3374    41.8904   -11.8296     0.0000    0.00001
    1867   62.2000      -    1    0    -26.7122     5.5371   0.134116   -55.3416    41.8702   -11.8360     0.0000    0.00001
    1868   62.2333      -    1    0    -26.7082     5.5501   0.134087   -55.3441    41.8477   -11.8297     0.0000    0.00001
    1869   62.2667      -    1    0    -26.7034     5.5680   0.134086   -55.3436    41.8325   -11.8124     0.0000    0.00001
    1870   62.3000      -    1    0    -26.7033     5.5752   0.134088   -55.4177    41.8680   -11.9523     0.0000    0.00003
    1871   62.3333      -    1    0    -26.7040     5.5774   0.134089   -55.4664    41.8933   -12.0218     0.0000    0.00001
    1872   62.3667      -    1    0    -26.7006     5.5772   0.134072   -55.4670    41.8799   -12.0172     0.0000    0.00000
    1873   62.4000      -    1    0    -26.6981     5.5788   0.134060   -55.4684    41.8732   -12.0185     0.0000    0.00000
    1874   62.4333      -    1    0    -26.6979     5.5793   0.134064   -55.4687    41.8663   -12.0216     0.0000    0.00000
    1875   62.4667      -    1    0    -26.7003     5.5813   0.134064   -55.4658    41.8747   -12.0127     0.0000    0.00000
    1876   62.5000      -    1    0    -26.6990     5.5844   0.134062   -55.4666    41.8630   -12.0151     0.0000    0.00000
    1877   62.5333      -    1    0    -26.6935     5.5882   0.134044   -55.4706    41.8489   -12.0186     0.0000    0.00001
    1878   62.5667      -    1    0    -26.6900     5.5914   0.134020   -55.4737    41.8365   -12.0212     0.0000    0.00000
    1879   62.6000      -    1    0    -26.6823     5.6045   0.133958   -55.4804    41.8020   -12.0219     0.0000    0.00002
    1880   62.6333      -    1    0    -26.6736     5.6148   0.133895   -55.4876    41.7748   -12.0230     0.0000    0.00002
    1881   62.6667      -    1    0    -26.6701     5.6180   0.133872   -55.4908    41.7624   -12.0257     0.0000    0.00000
    1882   62.7000      -    1    0    -26.6609     5.6219   0.133821   -55.4992    41.7362   -12.0364     0.0000    0.00002
    1883   62.7333      -    1    0    -26.6541     5.6258   0.133770   -55.5062    41.7129   -12.0448     0.0000    0.00001
    1884   62.7667      -    1    0    -26.6480     5.6304   0.133728   -55.5118    41.6925   -12.0504     0.0000    0.00001
    1885   62.8000      -    1    0    -26.6452     5.6371   0.133715   -55.5135    41.6799   -12.0478     0.0000    0.00000
    1886   62.8333      -    1    0    -26.6392     5.6571   0.133703   -55.5155    41.6458   -12.0384     0.0000    0.00002
    1887   62.8667      -    1    0    -26.6355     5.6811   0.133689   -55.5145    41.6238   -12.0149     0.0000    0.00002
    1888   62.9000      -    1    0    -26.6338     5.6883   0.133685   -55.5149    41.6145   -12.0097     0.0000    0.00000
    1889   62.9333      -    1    0    -26.6286     5.7040   0.133689   -55.5156    41.5951   -11.9984     0.0000    0.00001
    1890   62.9667      -    1    0    -26.6244     5.7100   0.133691   -55.5178    41.5782   -12.0002     0.0000    0.00000
    1891   63.0000      -    1    0    -26.6262     5.7118   0.133686   -55.5159    41.5848   -11.9930     0.0000    0.00000
    1892   63.0333      -    1    0    -26.6261     5.7142   0.133685   -55.5157    41.5822   -11.9908     0.0000    0.00000
    1893   63.0667      -    1    0    -26.6246     5.7164   0.133678   -55.5167    41.5772   -11.9907     0.0000    0.00000
    1894   63.1000      -    1    0    -26.6231     5.7220   0.133680   -55.5173    41.5638   -11.9903     0.0000    0.00000
    1895   63.1333      -    1    0    -26.6241     5.7243   0.133686   -55.5155    41.5710   -11.9823     0.0000    0.00000
    1896   63.1667      -    1    0    -26.6166     5.7372   0.133681   -55.5185    41.5488   -11.9774     0.0000    0.00001
    1897   63.2000      -    1    0    -26.6147     5.7431   0.133662   -55.5202    41.5373   -11.9751     0.0000    0.00000
    1898   63.2333      -    1    0    -26.6164     5.7494   0.133646   -55.5191    41.5309   -11.9683     0.0000    0.00000
    1899   63.2667      -    1    0    -26.6109     5.7661   0.133628   -55.5213    41.5053   -11.9588     0.0000    0.00001
    1900   63.3000      -    1    0    -26.6111     5.7682   0.133593   -55.5230    41.4963   -11.9599     0.0000    0.00000
    1901   63.3333      -    1    0    -26.6098     5.7627   0.133583   -55.5260    41.4907   -11.9719     0.0000    0.00000
    1902   63.3667      -    1    0    -26.6108     5.7637   0.133593   -55.5244    41.4936   -11.9686     0.0000    0.00000
    1903   63.4000      -    1    0    -26.6096     5.7659   0.133621   -55.5233    41.4955   -11.9651     0.0000    0.00000
    1904   63.4333      -    1    0    -26.6107     5.7672   0.133664   -55.5204    41.4985   -11.9621     0.0000    0.00000
    1905   63.4667      -    1    0    -26.6099     5.7715   0.133685   -55.5191    41.4971   -11.9570     0.0000    0.00000
    1906   63.5000      -    1    0    -26.6139     5.7689   0.133732   -55.6312    41.5808   -12.1721     0.0000    0.00006
    1907   63.5333      -    1    0    -26.6148     5.7699   0.133724   -55.6364    41.5699   -12.1628     0.0000    0.00000
    1908   63.5667      -    1    0    -26.6110     5.7690   0.133708   -55.6389    41.5619   -12.1679     0.0000    0.00000
    1909   63.6000      -    1    0    -26.6079     5.7688   0.133703   -55.6409    41.5572   -12.1716     0.0000    0.00000
    1910   63.6333      -    1    0    -26.6019     5.7690   0.133697   -55.6453    41.5410   -12.1821     0.0000    0.00001
    1911   63.6667      -    1    0    -26.5995     5.7677   0.133710   -55.6459    41.5415   -12.1845     0.0000    0.00000
    1912   63.7000      -    1    0    -26.5988     5.7693   0.133726   -55.6449    41.5428   -12.1819     0.0000    0.00000
    1913   63.7333      -    1    0    -26.5963     5.7713   0.133747   -55.6456    41.5349   -12.1845     0.0000    0.00000
    1914   63.7667      -    1    0    -26.5948     5.7719   0.133745   -55.6469    41.5258   -12.1893     0.0000    0.00000
    1915   63.8000      -    1    0    -26.5960     5.7715   0.133745   -55.6462    41.5281   -12.1880     0.0000    0.00000
    1916   63.8333      -    1    0    -26.5935     5.7743   0.133743   -55.6483    41.5145   -12.1924     0.0000    0.00000
    1917   63.8667      -    1    0    -26.5937     5.7717   0.133739   -55.6487    41.5160   -12.1953     0.0000    0.00000
    1918   63.9000      -    1    0    -26.5904     5.7721   0.133737   -55.6515    41.5044   -12.2025     0.0000    0.00000
    1919   63.9333      -    1    0    -26.5883     5.7721   0.133738   -55.6529    41.5015   -12.2046     0.0000    0.00000
    1920   63.9667      -    1    0    -26.5841     5.7733   0.133745   -55.6546    41.4965   -12.2070     0.0000    0.00000
    1921   64.0000      -    1    0    -26.5808     5.7737   0.133743   -55.6574    41.4849   -12.2141     0.0000    0.00000
    1922   64.0333      -    1    0    -26.5791     5.7777   0.133731   -55.6587    41.4760   -12.2132     0.0000    0.00000
    1923   64.0667      -    1    0    -26.5798     5.7825   0.133728   -55.6578    41.4724   -12.2078     0.0000    0.00000
    1924   64.1000      -    1    0    -26.5788     5.7846   0.133721   -55.6584    41.4680   -12.2072     0.0000    0.00000
    1925   64.1333      -    1    0    -26.5811     5.7865   0.133713   -55.6580    41.4608   -12.2077     0.0000    0.00000
    1926   64.1667      -    1    0    -26.5817     5.7910   0.133704   -55.6574    41.4559   -12.2033     0.0000    0.00000
    1927   64.2000      -    1    0    -26.5819     5.7867   0.133698   -55.7639    41.5321   -12.4057     0.0000    0.00005
    1928   64.2333      -    1    0    -26.5799     5.7914   0.133650   -55.7837    41.5111   -12.4160     0.0000    0.00001
    1929   64.2667      -    1    0    -26.5831     5.7925   0.133632   -55.7819    41.5109   -12.4118     0.0000    0.00000
    1930   64.3000      -    1    0    -26.5918     5.7902   0.133579   -55.7793    41.5132   -12.4098     0.0000    0.00001
    1931   64.3333      -    1    0    -26.5999     5.7916   0.133543   -55.7759    41.5154   -12.4030     0.0000    0.00001
    1932   64.3667      -    1    0    -26.6014     5.7895   0.133513   -55.7775    41.5061   -12.4105     0.0000    0.00000
    1933   64.4000      -    1    0    -26.6056     5.7891   0.133513   -55.7749    41.5119   -12.4064     0.0000    0.00000
    1934   64.4333      -    1    0    -26.6165     5.7865   0.133515   -55.7688    41.5229   -12.4011     0.0000    0.00000
    1935   64.4667      -    1    0    -26.6389     5.7846   0.133508   -55.7561    41.5470   -12.3838     0.0000    0.00001
    1936   64.5000      -    1    0    -26.6504     5.7811   0.133506   -55.7495    41.5652   -12.3754     0.0000    0.00001
    1937   64.5333      -    1    0    -26.6688     5.7825   0.133504   -55.7387    41.5807   -12.3591     0.0000    0.00001
    1938   64.5667      -    1    0    -26.6716     5.7818   0.133518   -55.7375    41.5744   -12.3635     0.0000    0.00000
    1939   64.6000      -    1    0    -26.6736     5.7724   0.133529   -55.8619    41.6473   -12.5902     0.0000    0.00006
    1940   64.6333      -    1    0    -26.6758     5.7702   0.133528   -55.8595    41.6479   -12.5842     0.0000    0.00000
    1941   64.6667      -    1    0    -26.6748     5.7730   0.133527   -55.8586    41.6438   -12.5809     0.0000    0.00000
    1942   64.7000      -    1    0    -26.6736     5.7713   0.133525   -55.8605    41.6298   -12.5917     0.0000    0.00000
    1943   64.7333      -    1    0    -26.6732     5.7707   0.133519   -55.8610    41.6286   -12.5931     0.0000    0.00000
    1944   64.7667      -    1    0    -26.6716     5.7723   0.133508   -55.8623    41.6224   -12.5941     0.0000    0.00000
    1945   64.8000      -    1    0    -26.6711     5.7716   0.133523   -55.8622    41.6189   -12.5978     0.0000    0.00000
    1946   64.8333      -    1    0    -26.6753     5.7661   0.133553   -55.8584    41.6358   -12.5959     0.0000    0.00000
    1947   64.8667      -    1    0    -26.6806     5.7551   0.133581   -55.8552    41.6579   -12.5992     0.0000    0.00000
    1948   64.9000      -    1    0    -26.6915     5.7390   0.133630   -55.8481    41.6900   -12.6036     0.0000    0.00001
    1949   64.9333      -    1    0    -26.6907     5.7449   0.133664   -55.8470    41.6774   -12.6029     0.0000    0.00000
    1950   64.9667      -    1    0    -26.6864     5.7498   0.133656   -55.8493    41.6662   -12.6028     0.0000    0.00000
    1951   65.0000      -    1    0    -26.6874     5.7467   0.133645   -55.8504    41.6609   -12.6101     0.0000    0.00000
    1952   65.0333      -    1    0    -26.6849     5.7507   0.133633   -55.8522    41.6514   -12.6098     0.0000    0.00000
    1953   65.0667      -    1    0    -26.6767     5.7551   0.133587   -55.8595    41.6269   -12.6183     0.0000    0.00001
    1954   65.1000      -    1    0    -26.6726     5.7566   0.133572   -55.8619    41.6241   -12.6184     0.0000    0.00000
    1955   65.1333      -    1    0    -26.6712     5.7531   0.133562   -55.8640    41.6225   -12.6248     0.0000    0.00000
    1956   65.1667      -    1    0    -26.6727     5.7515   0.133546   -55.8645    41.6230   -12.6263     0.0000    0.00000
    1957   65.2000      -    1    0    -26.6726     5.7512   0.133540   -55.8648    41.6217   -12.6272     0.0000    0.00000
    1958   65.2333      -    1    0    -26.6711     5.7479   0.133523   -55.8679    41.6122   -12.6380     0.0000    0.00000
    1959   65.2667      -    1    0    -26.6630     5.7481   0.133494   -55.8741    41.6018   -12.6452     0.0000    0.00001
    1960   65.3000      -    1    0    -26.6630     5.7481   0.133494   -55.8741    41.6018   -12.6452     0.0000    0.00001
    1961   65.3333      -    1    0    -26.6660     5.7467   0.133504   -55.8724    41.6024   -12.6463     0.0000    0.00000
    1962   65.3667      -    1    0    -26.6600     5.7466   0.133501   -55.8756    41.6005   -12.6492     0.0000    0.00000
    1963   65.4000      -    1    0    -26.6520     5.7472   0.133474   -55.8821    41.5848   -12.6588     0.0000    0.00001
    1964   65.4333      -    1    0    -26.6529     5.7481   0.133451   -55.8828    41.5797   -12.6597     0.0000    0.00000
    1965   65.4667      -    1    0    -26.6518     5.7468   0.133435   -55.8848    41.5756   -12.6639     0.0000    0.00000
    1966   65.5000      -    1    0    -26.6521     5.7420   0.133409   -55.8870    41.5745   -12.6712     0.0000    0.00000
    1967   65.5333      -    1    0    -26.6501     5.7407   0.133393   -55.8894    41.5698   -12.6761     0.0000    0.00000
    1968   65.5667      -    1    0    -26.6501     5.7407   0.133393   -55.8894    41.5698   -12.6761     0.0000    0.00000
    1969   65.6000      -    1    0    -26.6486     5.7416   0.133399   -55.8896    41.5681   -12.6762     0.0000    0.00000
    1970   65.6333      -    1    0    -26.6417     5.7429   0.133404   -55.8942    41.5520   -12.6856     0.0000    0.00000
    1971   65.6667      -    1    0    -26.6412     5.7426   0.133404   -55.8947    41.5518   -12.6863     0.0000    0.00000
    1972   65.7000      -    1    0    -26.6405     5.7432   0.133402   -55.8956    41.5432   -12.6905     0.0000    0.00000
    1973   65.7333      -    1    0    -26.6458     5.7402   0.133395   -55.8937    41.5450   -12.6925     0.0000    0.00000
    1974   65.7667      -    1    0    -26.6476     5.7420   0.133388   -55.8928    41.5439   -12.6897     0.0000    0.00000
    1975   65.8000      -    1    0    -26.6457     5.7406   0.133394   -55.8945    41.5370   -12.6966     0.0000    0.00000
    1976   65.8333      -    1    0    -26.6466     5.7394   0.133417   -55.8930    41.5437   -12.6947     0.0000    0.00000
    1977   65.8667      -    1    0    -26.6447     5.7494   0.133467   -55.8900    41.5371   -12.6850     0.0000    0.00001
    1978   65.9000      -    1    0    -26.6535     5.7496   0.133510   -55.8820    41.5580   -12.6713     0.0000    0.00000
    1979   65.9333      -    1    0    -26.6632     5.7516   0.133560   -55.8737    41.5659   -12.6622     0.0000    0.00000
    1980   65.9667      -    1    0    -26.6497     5.7561   0.133545   -55.8554    41.4152   -12.7393     0.0000    0.00009
    1981   66.0000      -    1    0    -26.6505     5.7550   0.133534   -55.8558    41.4153   -12.7405     0.0000    0.00000
    1982   66.0333      -    1    0    -26.6489     5.7567   0.133523   -55.8573    41.4092   -12.7416     0.0000    0.00000
    1983   66.0667      -    1    0    -26.6454     5.7539   0.133512   -55.8612    41.3979   -12.7532     0.0000    0.00000
    1984   66.1000      -    1    0    -26.6448     5.7518   0.133485   -55.8635    41.3932   -12.7586     0.0000    0.00000
    1985   66.1333      -    1    0    -26.6449     5.7523   0.133490   -55.8629    41.3943   -12.7573     0.0000    0.00000
    1986   66.1667      -    1    0    -26.6465     5.7513   0.133506   -55.8618    41.3937   -12.7592     0.0000    0.00000
    1987   66.2000      -    1    0    -26.6465     5.7433   0.133506   -55.8624    41.4073   -12.7636     0.0000    0.00000
    1988   66.2333      -    1    0    -26.6477     5.7414   0.133513   -55.8614    41.4118   -12.7636     0.0000    0.00000
    1989   66.2667      -    1    0    -26.6475     5.7440   0.133517   -55.8611    41.4103   -12.7607     0.0000    0.00000
    1990   66.3000      -    1    0    -26.6484     5.7405   0.133506   -55.8617    41.4128   -12.7642     0.0000    0.00000
    1991   66.3333      -    1    0    -26.6488     5.7433   0.133506   -55.8609    41.4103   -12.7613     0.0000    0.00000
    1992   66.3667      -    1    0    -26.6458     5.7433   0.133506   -55.8630    41.4056   -12.7647     0.0000    0.00000
    1993   66.4000      -    1    0    -26.6416     5.7404   0.133498   -55.8662    41.4025   -12.7718     0.0000    0.00000
    1994   66.4333      -    1    0    -26.6638     5.7391   0.133531   -55.8780    41.5644   -12.6815     0.0000    0.00008
    1995   66.4667      -    1    0    -26.6640     5.7362   0.133526   -55.8784    41.5662   -12.6847     0.0000    0.00000
    1996   66.5000      -    1    0    -26.6674     5.7364   0.133502   -55.8778    41.5658   -12.6832     0.0000    0.00000
    1997   66.5333      -    1    0    -26.6636     5.7408   0.133455   -55.8822    41.5471   -12.6872     0.0000    0.00001
    1998   66.5667      -    1    0    -26.6542     5.7317   0.133401   -55.8929    41.5306   -12.7119     0.0000    0.00002
    1999   66.6000      -    1    0    -26.6528     5.7313   0.133390   -55.8942    41.5271   -12.7147     0.0000    0.00000
    2000   66.6333      -    1    0    -26.6528     5.7313   0.133390   -55.8942    41.5271   -12.7147     0.0000    0.00100
    2001   66.6667      -    1    0    -26.6594     5.7319   0.133405   -55.8893    41.5382   -12.7060     0.0000    0.00000
    2002   66.7000      -    1    0    -26.6624     5.7262   0.133401   -55.8886    41.5463   -12.7091     0.0000    0.00000
    2003   66.7333      -    1    0    -26.6749     5.7172   0.133389   -55.8836    41.5620   -12.7103     0.0000    0.00001
    2004   66.7667      -    1    0    -26.6966     5.7079   0.133381   -55.8725    41.5911   -12.7017     0.0000    0.00002
    2005   66.8000      -    1    0    -26.7096     5.7002   0.133385   -55.8661    41.6091   -12.6997     0.0000    0.00001
    2006   66.8333      -    1    0    -26.7343     5.6827   0.133430   -55.8520    41.6524   -12.6960     0.0000    0.00002
    2007   66.8667      -    1    0    -26.7143     5.6761   0.133535   -55.7857    41.3905   -12.8152     0.0000    0.00026
    2008   66.9000      -    1    0    -26.7013     5.6763   0.133757   -55.0951    41.2266   -12.1719     0.0000    0.00000
    2009   66.9333      -    1    0    -26.7161     5.7033   0.133882   -54.9529    41.1918   -11.8996     0.0000    0.00010
    2010   66.9667      -    1    0    -26.7250     5.7138   0.134130   -53.9016    41.1410   -11.1268     0.0000    0.00000
    2011   67.0000      -    1    0    -26.7246     5.7465   0.134387   -52.9622    40.9832   -10.6282     0.0000    0.00000
    2012   67.0333      -    1    0    -26.7511     5.8446   0.134547   -52.3831    40.8067   -10.0969     0.0000    0.00000
    2013   67.0667      -    1    0    -26.7664     5.9100   0.134598   -52.3138    40.6439   -10.0460     0.0000    0.00014
    2014   67.1000      -    1    0    -26.7970     6.0423   0.134656   -52.2264    40.2107   -10.1184     0.0000    0.00082
    2015   67.1333      -    1    0    -26.7677     6.1642   0.134603   -51.2813    39.5241    -9.8414     0.0000    0.00000
    2016   67.1667      -    1    0    -26.7682     6.2369   0.134603   -50.8202    39.2747    -9.6358     0.0000    0.00000
    2017   67.2000      -    1    0    -26.7627     6.3817   0.134554   -50.2949    38.5926    -9.6022     0.0000    0.00000
    2018   67.2333      -    1    0    -26.7493     6.5086   0.134432   -49.7986    37.8633    -9.6519     0.0000    0.00000
    2019   67.2667      -    1    0    -26.7338     6.6103   0.134391   -49.7941    37.1599   -10.2178     0.0000    0.00000
    2020   67.3000      -    1    0    -26.7261     6.6466   0.134366   -49.7401    36.7805   -10.4155     1.6885    0.00052
    2021   67.3333      -    1    0    -26.7079     6.6690   0.134200   -49.6848    36.2237   -10.7566     4.7479    0.00000
    2022   67.3667      -    1    0    -26.7189     6.6773   0.134000   -49.6943    36.1798   -10.7685     5.6273    0.00004
    2023   67.4000      -    1    0    -26.6864     6.7091   0.133877   -49.7263    36.0722   -10.8031     5.6835    0.00014
    2024   67.4333      -    1    0    -26.5804     6.8114   0.133604   -49.8203    35.7585   -10.8937     5.7209    0.00097
    2025   67.4667      -    1    0    -26.4421     6.9687   0.133192   -49.9418    35.3457   -10.9743     5.7583    0.00000
    2026   67.5000      -    1    0    -26.3733     7.0509   0.132932   -50.0047    35.1328   -11.0121     5.7583    0.00061
    2027   67.5333      -    1    0    -26.2694     7.1887   0.132411   -50.1071    34.7743   -11.0703     5.5057    0.00000
    2028   67.5667      -    1    0    -26.1792     7.2923   0.131836   -50.2015    34.4520   -11.1481     4.9350    0.00000
    2029   67.6000      -    1    0    -26.0888     7.3811   0.131259   -50.3141    34.2801   -11.1457     4.5888    0.00000
    2030   67.6333      -    1    0    -26.0533     7.4080   0.131000   -50.3723    34.2804   -11.1103     4.5514    0.00023
    2031   67.6667      -    1    0    -25.9607     7.4017   0.130561   -49.6922    34.5147   -10.5491     4.4859    0.00000
    2032   67.7000      -    1    0    -25.8216     7.4501   0.130135   -49.4354    34.6101   -10.2212     4.4204    0.00000
    2033   67.7333      -    1    0    -25.7523     7.4824   0.129963   -49.4988    34.6239   -10.1740     4.3924    0.00030
    2034   67.7667      -    1    0    -25.5486     7.5331   0.129630   -48.4495    34.6837    -9.4416     4.4391    0.00000
    2035   67.8000      -    1    0    -25.3492     7.6511   0.129396   -48.1899    34.5445    -9.1875     4.7105    0.00000
    2036   67.8333      -    1    0    -25.1540     7.6700   0.129232   -46.7333    34.5930    -8.2828     5.8893    0.00000
    2037   67.8667      -    1    0    -25.0394     7.6605   0.129149   -45.9954    34.4944    -7.9572     6.2448    0.00000
    2038   67.9000      -    1    0    -24.8358     7.6268   0.129103   -44.9115    34.3466    -7.5163     6.5161    0.00000
    2039   67.9333      -    1    0    -24.6445     7.5790   0.129084   -44.1461    34.2047    -7.0514     7.0869    0.00000
    2040   67.9667      -    1    0    -24.5715     7.5454   0.129092   -43.7151    34.2904    -6.5571     7.0775    0.00000
    2041   68.0000      -    1    0    -24.3641     7.4909   0.129094   -42.4321    34.2177    -5.5160     6.8062    0.00000
    2042   68.0333      -    1    0    -24.1792     7.4732   0.129074   -42.3756    33.9367    -5.3942     7.3956    0.00076
    2043   68.0667      -    1    0    -24.0407     7.3940   0.128992   -42.4876    34.0754    -5.4491     7.4330    0.00065
    2044   68.1000      -    1    0    -23.9503     7.3447   0.128922   -41.8659    34.1268    -5.1073     7.0775    0.00000
    2045   68.1333      -    1    0    -23.7719     7.2819   0.128765   -40.9670    34.1202    -4.4478     6.4694    0.00000
    2046   68.1667      -    1    0    -23.6339     7.2772   0.128635   -40.8845    33.8913    -4.1603     6.5910    0.00061
    2047   68.2000      -    1    0    -23.5490     7.2710   0.128563   -40.3903    33.6071    -3.7699     6.5816    0.00000
    2048   68.2333      -    1    0    -23.3760     7.1814   0.128458   -38.6373    33.1442    -2.6963     5.8612    0.00000
    2049   68.2667      -    1    0    -23.2526     7.0631   0.128392   -37.5497    32.5598    -1.9715     4.4953    0.00000
    2050   68.3000      -    1    0    -23.2165     6.9957   0.128376   -37.3496    32.2019    -1.7808     4.0930    0.00000
    2051   68.3333      -    1    0    -23.1421     6.8054   0.128359   -36.5677    31.3915    -1.4490     3.3258    0.00000
    2052   68.3667      -    1    0    -23.0759     6.6023   0.128400   -36.1109    30.4299    -1.2971     2.1937    0.00000
    2053   68.4000      -    1    0    -23.0285     6.3525   0.128468   -35.6027    29.5661    -0.9902     1.9972    0.00000
    2054   68.4333      -    1    0    -22.9874     6.2261   0.128448   -35.3361    29.0006    -0.8422     1.9505    0.00000
    2055   68.4667      -    1    0    -22.9174     5.9232   0.128499   -34.7560    28.1657    -0.1892     1.8008    0.00000
    2056   68.5000      -    1    0    -22.8362     5.5809   0.128688   -34.1776    27.5295     0.6204     2.1469    0.00000
    2057   68.5333      -    1    0    -22.8023     5.3739   0.128808   -33.9376    27.4046     0.9187     2.6802    0.00000
    2058   68.5667      -    1    0    -22.7118     4.9800   0.128963   -33.6395    27.2516     1.0602     3.2042    0.00000
    2059   68.6000      -    1    0    -22.5598     4.6357   0.129070   -33.5347    27.1190     0.7199     3.0077    0.00000
    2060   68.6333      -    1    0    -22.4351     4.3977   0.129214   -33.5235    27.2380     0.4026     3.0732    0.00000
    2061   68.6667      -    1    0    -22.3824     4.3387   0.129267   -33.9165    27.2568     0.0832     3.1200    0.00000
    2062   68.7000      -    1    0    -22.2518     4.3049   0.129296   -33.9796    27.1193    -0.1765     2.9048    0.00039
    2063   68.7333      -    1    0    -22.1646     4.3531   0.129317   -34.3585    26.8581    -0.3347     2.5025    0.00000
    2064   68.7667      -    1    0    -22.1334     4.3601   0.129373   -34.7522    26.8125    -0.6145     1.9973    0.00000
    2065   68.8000      -    1    0    -22.1250     4.3479   0.129413   -34.7524    26.8030    -0.6511     1.6604    0.00001
    2066   68.8333      -    1    0    -22.1202     4.2898   0.129558   -34.7341    26.8329    -0.7251     1.3704    0.00015
    2067   68.8667      -    1    0    -22.1344     4.2015   0.129701   -35.0785    26.9078    -0.9994     1.3423    0.00000
    2068   68.9000      -    1    0    -22.1413     4.1585   0.129781   -35.0603    26.9439    -1.0343     1.3143    0.00006
    2069   68.9333      -    1    0    -22.1708     4.0886   0.129958   -35.3979    27.0541    -1.2334     1.3611    0.00000
    2070   68.9667      -    1    0    -22.1861     4.0402   0.130095   -35.3074    26.9717    -1.1190     1.5949    0.00020
    2071   69.0000      -    1    0    -22.1955     4.0037   0.130154   -35.2916    27.0088    -1.1604     1.6604    0.00004
    2072   69.0333      -    1    0    -22.2224     3.9571   0.130256   -35.6314    27.0910    -1.3487     1.5014    0.00000
    2073   69.0667      -    1    0    -22.2489     3.9232   0.130383   -35.9932    27.1485    -1.5458     1.5856    0.00000
    2074   69.1000      -    1    0    -22.2675     3.9229   0.130459   -36.2955    27.0295    -1.5992     2.0814    0.00028
    2075   69.1333      -    1    0    -22.2717     3.9146   0.130503   -36.2892    27.0381    -1.6126     2.1563    0.00001
    2076   69.1667      -    1    0    -22.2956     3.9111   0.130609   -36.6498    27.0831    -1.7676     2.2498    0.00006
    2077   69.2000      -    1    0    -22.2928     3.9251   0.130708   -36.6486    27.0427    -1.7882     2.7738    0.00002
    2078   69.2333      -    1    0    -22.3013     3.9355   0.130751   -37.0136    27.0454    -1.9600     2.9890    0.00007
    2079   69.2667      -    1    0    -22.2914     3.9420   0.130796   -37.0272    26.9961    -2.0064     3.4942    0.00001
    2080   69.3000      -    1    0    -22.3013     3.9492   0.130813   -37.4012    27.0041    -2.1799     3.6346    0.00005
    2081   69.3333      -    1    0    -22.2965     3.9535   0.130831   -37.4038    26.9738    -2.2035     3.8778    0.00001
    2082   69.3667      -    1    0    -22.2913     3.9510   0.130821   -37.4063    26.9585    -2.2240     4.0556    0.00001
    2083   69.4000      -    1    0    -22.2787     3.9530   0.130820   -37.4120    26.9376    -2.2452     4.3643    0.00001
    2084   69.4333      -    1    0    -22.2744     3.9566   0.130839   -37.4136    26.9160    -2.2624     4.5420    0.00000
    2085   69.4667      -    1    0    -22.2734     3.9578   0.130842   -37.4143    26.9031    -2.2736     4.5982    0.00000
    2086   69.5000      -    1    0    -22.2571     3.9624   0.130841   -37.4228    26.8749    -2.2989     4.6636    0.00001
    2087   69.5333      -    1    0    -22.2338     3.9655   0.130846   -37.4333    26.8484    -2.3272     4.7853    0.00001
    2088   69.5667      -    1    0    -22.2246     3.9666   0.130850   -37.4374    26.8383    -2.3381     4.9257    0.00000
    2089   69.6000      -    1    0    -22.2306     3.9730   0.130859   -37.8044    26.8393    -2.5133     5.4402    0.00006
    2090   69.6333      -    1    0    -22.2291     3.9735   0.130844   -37.8159    26.8169    -2.5379     5.6086    0.00001
    2091   69.6667      -    1    0    -22.2270     3.9754   0.130826   -37.8183    26.7982    -2.5533     5.7022    0.00001
    2092   69.7000      -    1    0    -22.2249     3.9770   0.130815   -37.8202    26.7924    -2.5567     5.8893    0.00000
    2093   69.7333      -    1    0    -22.2175     3.9796   0.130798   -37.8251    26.7681    -2.5781     6.3197    0.00001
    2094   69.7667      -    1    0    -22.2126     3.9802   0.130793   -37.8279    26.7503    -2.5957     6.3477    0.00001
    2095   69.8000      -    1    0    -22.2137     3.9809   0.130797   -37.8271    26.7515    -2.5934     6.2916    0.00000
    2096   69.8333      -    1    0    -22.2128     3.9793   0.130795   -37.8274    26.7357    -2.6116     6.5535    0.00000
    2097   69.8667      -    1    0    -22.2151     3.9792   0.130786   -37.8270    26.7255    -2.6209     6.9559    0.00000
    2098   69.9000      -    1    0    -22.2114     3.9775   0.130765   -37.8298    26.7142    -2.6353     7.3582    0.00001
    2099   69.9333      -    1    0    -22.2049     3.9794   0.130744   -37.8343    26.6962    -2.6514     7.3862    0.00001
    2100   69.9667      -    1    0    -22.2056     3.9830   0.130725   -38.2138    26.6989    -2.8313     7.2552    0.00006
    2101   70.0000      -    1    0    -22.1974     3.9848   0.130734   -38.2168    26.6892    -2.8396     7.3395    0.00000
    2102   70.0333      -    1    0    -22.2012     3.9835   0.130748   -38.2140    26.6915    -2.8385     7.5079    0.00000
    2103   70.0667      -    1    0    -22.2112     3.9848   0.130785   -38.2075    26.6955    -2.8304     7.9289    0.00000
    2104   70.1000      -    1    0    -22.2137     3.9873   0.130803   -38.2059    26.6869    -2.8344     8.0879    0.00000
    2105   70.1333      -    1    0    -22.2095     3.9890   0.130808   -38.2075    26.6768    -2.8428     8.0411    0.00000
    2106   70.1667      -    1    0    -22.2095     3.9890   0.130808   -38.2075    26.6768    -2.8428     7.9382    0.00000
    2107   70.2000      -    1    0    -22.2085     3.9902   0.130812   -38.2081    26.6638    -2.8538     7.7979    0.00000
    2108   70.2333      -    1    0    -22.2100     3.9922   0.130826   -38.2070    26.6601    -2.8540     7.8634    0.00000
    2109   70.2667      -    1    0    -22.2099     3.9930   0.130830   -38.2071    26.6542    -2.8586     7.9101    0.00000
    2110   70.3000      -    1    0    -22.2084     3.9926   0.130817   -38.2085    26.6400    -2.8732     7.9570    0.00000
    2111   70.3333      -    1    0    -22.2076     3.9923   0.130812   -38.2090    26.6386    -2.8751     7.9944    0.00000
    2112   70.3667      -    1    0    -22.2084     3.9933   0.130821   -38.2086    26.6342    -2.8778     7.9570    0.00000
    2113   70.4000      -    1    0    -22.2071     3.9941   0.130820   -38.2092    26.6265    -2.8843     7.8915    0.00000
    2114   70.4333      -    1    0    -22.2061     3.9946   0.130820   -38.2099    26.6193    -2.8908     7.7885    0.00000
    2115   70.4667      -    1    0    -22.2054     3.9958   0.130830   -38.2098    26.6191    -2.8894     7.8634    0.00000
    2116   70.5000      -    1    0    -22.2068     3.9947   0.130841   -38.2082    26.6179    -2.8923     7.9663    0.00000
    2117   70.5333      -    1    0    -22.2164     3.9885   0.130867   -38.2010    26.6394    -2.8793     8.0973    0.00000
    2118   70.5667      -    1    0    -22.2274     3.9928   0.130893   -38.5736    26.6586    -3.0388     8.1440    0.00004
    2119   70.6000      -    1    0    -22.2288     3.9949   0.130907   -38.5720    26.6535    -3.0390     8.0505    0.00000
    2120   70.6333      -    1    0    -22.2280     3.9931   0.130914   -38.5714    26.6557    -3.0402     8.0505    0.00000
    2121   70.6667      -    1    0    -22.2255     3.9958   0.130907   -38.5733    26.6435    -3.0480     8.0973    0.00000
    2122   70.7000      -    1    0    -22.2218     3.9984   0.130902   -38.5756    26.6361    -3.0519     7.9757    0.00000
    2123   70.7333      -    1    0    -22.2219     3.9972   0.130890   -38.5762    26.6295    -3.0596     8.0318    0.00000
    2124   70.7667      -    1    0    -22.2198     4.0000   0.130889   -38.5777    26.6248    -3.0602     8.1440    0.00000
    2125   70.8000      -    1    0    -22.2167     4.0044   0.130871   -38.5811    26.6075    -3.0701     8.1628    0.00001
    2126   70.8333      -    1    0    -22.2120     4.0117   0.130856   -38.5856    26.5868    -3.0791     8.1534    0.00001
    2127   70.8667      -    1    0    -22.2117     4.0112   0.130852   -38.5860    26.5860    -3.0807     8.1815    0.00000
    2128   70.9000      -    1    0    -22.2095     4.0144   0.130850   -38.5877    26.5746    -3.0870     8.3592    0.00000
    2129   70.9333      -    1    0    -22.2119     4.0122   0.130854   -38.5860    26.5747    -3.0898     8.4247    0.00000
    2130   70.9667      -    1    0    -22.2112     4.0146   0.130848   -38.5872    26.5701    -3.0905     8.4060    0.00000
    2131   71.0000      -    1    0    -22.2051     4.0136   0.130828   -38.5908    26.5557    -3.1073     8.3966    0.00001
    2132   71.0333      -    1    0    -22.2045     4.0129   0.130823   -38.5913    26.5548    -3.1091     8.5183    0.00000
    2133   71.0667      -    1    0    -22.2064     4.0125   0.130822   -38.5905    26.5572    -3.1069     8.6586    0.00000
    2134   71.1000      -    1    0    -22.2068     4.0151   0.130820   -38.5910    26.5543    -3.1055     8.6961    0.00000
    2135   71.1333      -    1    0    -22.2084     4.0197   0.130840   -38.5901    26.5545    -3.0978     8.6680    0.00000
    2136   71.1667      -    1    0    -22.2197     4.0248   0.130843   -38.9637    26.5686    -3.2588     8.8270    0.00004
    2137   71.2000      -    1    0    -22.2180     4.0237   0.130833   -38.9647    26.5650    -3.2630     8.8458    0.00000
    2138   71.2333      -    1    0    -22.2171     4.0207   0.130824   -38.9644    26.5659    -3.2669     8.7990    0.00000
    2139   71.2667      -    1    0    -22.2168     4.0213   0.130827   -38.9643    26.5599    -3.2715     8.8925    0.00000
    2140   71.3000      -    1    0    -22.2141     4.0239   0.130822   -38.9661    26.5539    -3.2737     8.9674    0.00000
    2141   71.3333      -    1    0    -22.2168     4.0213   0.130827   -38.9641    26.5599    -3.2715     8.9393    0.00000
    2142   71.3667      -    1    0    -22.2164     4.0215   0.130827   -38.9644    26.5532    -3.2775     8.8551    0.00000
    2143   71.4000      -    1    0    -22.2113     4.0238   0.130817   -38.9676    26.5439    -3.2838     8.6680    0.00000
    2144   71.4333      -    1    0    -22.2134     4.0237   0.130816   -38.9665    26.5463    -3.2811     8.5557    0.00000
    2145   71.4667      -    1    0    -22.2286     4.0261   0.130824   -39.3374    26.5661    -3.4380     8.5651    0.00004
    2146   71.5000      -    1    0    -22.2327     4.0258   0.130823   -39.3353    26.5703    -3.4330     8.6212    0.00000
    2147   71.5333      -    1    0    -22.2321     4.0252   0.130817   -39.3356    26.5694    -3.4348     8.6118    0.00000
    2148   71.5667      -    1    0    -22.2327     4.0258   0.130823   -39.3350    26.5704    -3.4329     8.5651    0.00000
    2149   71.6000      -    1    0    -22.2322     4.0256   0.130838   -39.3338    26.5674    -3.4364     8.6118    0.00000
    2150   71.6333      -    1    0    -22.2380     4.0225   0.130835   -39.3310    26.5657    -3.4412     8.7709    0.00000
    2151   71.6667      -    1    0    -22.2528     4.0262   0.130827   -39.7032    26.5855    -3.5955     8.7802    0.00004
    2152   71.7000      -    1    0    -22.2550     4.0253   0.130821   -39.7021    26.5878    -3.5935     8.9487    0.00000
    2153   71.7333      -    1    0    -22.2544     4.0264   0.130825   -39.7020    26.5803    -3.5987     9.0422    0.00000
    2154   71.7667      -    1    0    -22.2502     4.0266   0.130821   -39.7039    26.5746    -3.6048     9.0048    0.00000
    2155   71.8000      -    1    0    -22.2480     4.0265   0.130822   -39.7047    26.5732    -3.6067     8.9767    0.00000
    2156   71.8333      -    1    0    -22.2539     4.0260   0.130824   -39.7019    26.5803    -3.5993     9.0797    0.00000
    2157   71.8667      -    1    0    -22.2496     4.0268   0.130827   -39.7036    26.5751    -3.6040     9.0516    0.00000
    2158   71.9000      -    1    0    -22.2469     4.0251   0.130828   -39.7042    26.5686    -3.6134     9.0422    0.00000
    2159   71.9333      -    1    0    -22.2430     4.0364   0.130814   -39.6401    26.4483    -3.4452     9.0329    0.00011
    2160   71.9667      -    1    0    -22.2509     4.0251   0.130827   -39.6352    26.4741    -3.4565     9.0329    0.00001
    2161   72.0000      -    1    0    -22.2505     4.0201   0.130830   -39.6343    26.4794    -3.4602     8.9954    0.00000
    2162   72.0333      -    1    0    -22.2551     4.0041   0.130859   -39.6273    26.5069    -3.4600     8.9019    0.00001
    2163   72.0667      -    1    0    -22.2625     3.9922   0.130922   -39.6178    26.5330    -3.4543     8.8738    0.00001
    2164   72.1000      -    1    0    -22.2635     3.9895   0.130944   -39.6154    26.5352    -3.4568     8.8457    0.00000
    2165   72.1333      -    1    0    -22.2863     3.9902   0.130990   -39.9805    26.5723    -3.5996     8.7522    0.00005
    2166   72.1667      -    1    0    -22.3056     3.9817   0.131045   -39.9670    26.6050    -3.5779     8.6306    0.00001
    2167   72.2000      -    1    0    -22.3126     3.9675   0.131059   -39.9598    26.6182    -3.5866     8.6680    0.00000
    2168   72.2333      -    1    0    -22.3148     3.9571   0.131063   -39.9562    26.6326    -3.5893     8.6587    0.00000
    2169   72.2667      -    1    0    -22.3164     3.9264   0.131072   -39.9482    26.6629    -3.6100     8.7428    0.00002
    2170   72.3000      -    1    0    -22.3308     3.9059   0.131088   -40.2801    26.7066    -3.7661     9.1919    0.00006
    2171   72.3333      -    1    0    -22.3481     3.8987   0.131095   -40.6826    26.7373    -3.9433     9.3135    0.00005
    2172   72.3667      -    1    0    -22.3911     3.8816   0.131101   -41.7932    26.8029    -4.4397     9.3977    0.00000
    2173   72.4000      -    1    0    -22.3986     3.8256   0.131062   -42.1565    26.8607    -4.6513     9.4071    0.00000
    2174   72.4333      -    1    0    -22.3978     3.7705   0.131051   -42.1451    26.9030    -4.6993     9.2293    0.00006
    2175   72.4667      -    1    0    -22.4154     3.7581   0.131061   -42.5125    26.9354    -4.8652     9.2200    0.00005
    2176   72.5000      -    1    0    -22.4340     3.7458   0.131064   -42.8795    26.9650    -5.0308     9.3416    0.00005
    2177   72.5333      -    1    0    -22.4433     3.7388   0.131058   -43.2512    26.9759    -5.2054     9.6316    0.00005
    2178   72.5667      -    1    0    -22.4632     3.7307   0.131073   -43.9549    27.1080    -5.6600     9.5193    0.00000
    2179   72.6000      -    1    0    -22.5139     3.7507   0.131077   -45.5293    27.1211    -6.3148     8.6961    0.00000
    2180   72.6333      -    1    0    -22.5572     3.7545   0.131048   -46.6792    27.1268    -6.8187     7.1898    0.00000
    2181   72.6667      -    1    0    -22.5730     3.7201   0.131003   -47.0444    27.1556    -7.0111     6.5910    0.00000
    2182   72.7000      -    1    0    -22.5706     3.6989   0.130969   -47.0418    27.1614    -7.0372     6.5442    0.00002
    2183   72.7333      -    1    0    -22.5619     3.6767   0.130901   -47.0425    27.1538    -7.0747     6.4319    0.00004
    2184   72.7667      -    1    0    -22.5523     3.6730   0.130857   -47.0460    27.1380    -7.0922     6.8249    0.00001
    2185   72.8000      -    1    0    -22.5465     3.6709   0.130832   -47.0485    27.1284    -7.1028     7.2833    0.00001
    2186   72.8333      -    1    0    -22.5290     3.6656   0.130766   -47.0563    27.1000    -7.1334     7.6856    0.00003
    2187   72.8667      -    1    0    -22.5167     3.6636   0.130739   -47.0611    27.0814    -7.1516     7.8166    0.00001
    2188   72.9000      -    1    0    -22.5215     3.6676   0.130779   -47.0576    27.0915    -7.1382     8.0411    0.00000
    2189   72.9333      -    1    0    -22.5298     3.6689   0.130818   -47.0523    27.1014    -7.1280     8.1628    0.00000
    2190   72.9667      -    1    0    -22.5330     3.6608   0.130844   -47.0484    27.1182    -7.1275     8.3499    0.00000
    2191   73.0000      -    1    0    -22.5600     3.6773   0.130884   -47.7946    27.1202    -7.4333     8.0318    0.00000
    2192   73.0333      -    1    0    -22.5641     3.6777   0.130915   -47.7908    27.1236    -7.4291     7.9008    0.00000
    2193   73.0667      -    1    0    -22.5712     3.6547   0.130945   -47.7821    27.1543    -7.4398     7.8915    0.00001
    2194   73.1000      -    1    0    -22.6033     3.6357   0.130976   -48.5217    27.1926    -7.7689     7.3769    0.00000
    2195   73.1333      -    1    0    -22.6208     3.6080   0.131004   -48.8858    27.2191    -7.9535     7.0588    0.00000
    2196   73.1667      -    1    0    -22.6180     3.6010   0.131010   -48.8848    27.2235    -7.9611     6.9371    0.00000
    2197   73.2000      -    1    0    -22.6291     3.6185   0.131039   -49.6363    27.1944    -8.2852     6.7594    0.00000
    2198   73.2333      -    1    0    -22.6353     3.6290   0.131076   -50.0093    27.1826    -8.4414     6.6471    0.00007
    2199   73.2667      -    1    0    -22.6448     3.5898   0.131126   -50.0730    27.3166    -8.6482     6.4132    0.00010
    2200   73.3000      -    1    0    -22.6507     3.5771   0.131148   -50.0681    27.3399    -8.6334     6.2916    0.00001
    2201   73.3333      -    1    0    -22.6887     3.5722   0.131217   -50.8052    27.3600    -8.9463     6.2354    0.00000
    2202   73.3667      -    1    0    -22.6955     3.5501   0.131251   -50.7956    27.3820    -8.9611     6.1045    0.00001
    2203   73.4000      -    1    0    -22.6936     3.5428   0.131256   -50.7945    27.3871    -8.9685     6.0296    0.00000
    2204   73.4333      -    1    0    -22.7001     3.5461   0.131274   -51.1686    27.3764    -9.1339     5.9454    0.00006
    2205   73.4667      -    1    0    -22.7109     3.5476   0.131272   -51.5403    27.3531    -9.3063     5.8238    0.00008
    2206   73.5000      -    1    0    -22.7115     3.5451   0.131272   -51.5390    27.3561    -9.3072     5.7583    0.00000
    2207   73.5333      -    1    0    -22.7119     3.5427   0.131274   -51.5377    27.3593    -9.3083     5.5618    0.00000
    2208   73.5667      -    1    0    -22.7357     3.5543   0.131335   -51.9058    27.3686    -9.4459     5.3747    0.00006
    2209   73.6000      -    1    0    -22.7390     3.5558   0.131400   -51.9013    27.3840    -9.4348     5.3560    0.00000
    2210   73.6333      -    1    0    -22.7427     3.5583   0.131424   -51.8990    27.3915    -9.4265     5.3467    0.00000
    2211   73.6667      -    1    0    -22.7705     3.5702   0.131540   -52.2638    27.4161    -9.5552     5.0566    0.00008
    2212   73.7000      -    1    0    -22.8061     3.5675   0.131685   -52.6214    27.4554    -9.6938     5.0379    0.00011
    2213   73.7333      -    1    0    -22.8191     3.5350   0.131758   -52.6790    27.5825    -9.8842     5.1408    0.00009
    2214   73.7667      -    1    0    -22.8688     3.4846   0.131953   -53.0358    27.7085   -10.0339     5.0286    0.00000
    2215   73.8000      -    1    0    -22.9477     3.4393   0.132256   -53.7480    27.8400   -10.3398     4.4766    0.00000
    2216   73.8333      -    1    0    -22.9924     3.4057   0.132552   -54.0911    27.9204   -10.5015     5.1315    0.00000
    2217   73.8667      -    1    0    -22.9941     3.3919   0.132683   -54.0820    27.9539   -10.5041     5.2250    0.00003
    2218   73.9000      -    1    0    -22.9924     3.4260   0.132962   -54.8287    27.9194   -10.8118     4.6824    0.00000
    2219   73.9333      -    1    0    -22.9517     3.4757   0.133178   -55.5867    27.7941   -11.1479     4.6636    0.00000
    2220   73.9667      -    1    0    -22.9014     3.4714   0.133271   -55.6735    27.8202   -11.3808     5.1127    0.00013
    2221   74.0000      -    1    0    -22.7740     3.4756   0.133395   -56.1549    27.7049   -11.8280     5.2156    0.00000
    2222   74.0333      -    1    0    -22.6244     3.4583   0.133462   -56.1826    27.5248   -11.9545     5.2531    0.00046
    2223   74.0667      -    1    0    -22.5574     3.4635   0.133497   -56.5735    27.4126   -12.1750     5.0192    0.00000
    2224   74.1000      -    1    0    -22.4532     3.5132   0.133568   -58.5134    27.1095   -13.2549     4.6450    0.00000
    2225   74.1333      -    1    0    -22.3980     3.5714   0.133566   -60.8362    26.5967   -14.5193     3.2135    0.00001
    2226   74.1667      -    1    0    -22.3471     3.5771   0.133556   -61.5327    26.1912   -14.9405     2.3341    0.00000
    2227   74.2000      -    1    0    -22.3128     3.5814   0.133547   -61.8661    25.9033   -15.1829     2.0253    0.00000
    2228   74.2333      -    1    0    -22.2702     3.5883   0.133592   -64.0613    25.0455   -16.6297     1.7072    0.00001
    2229   74.2667      -    1    0    -22.2596     3.5541   0.133691   -66.5006    24.0329   -18.1856     1.7353    0.00001
    2230   74.3000      -    1    0    -22.2499     3.5131   0.133756   -67.5433    23.4755   -18.8830     1.8663    0.00000
    2231   74.3333      -    1    0    -22.2272     3.3538   0.133899   -68.8812    22.5986   -20.2226     2.7925    0.00001
    2232   74.3667      -    1    0    -22.1894     3.2256   0.134040   -70.9160    21.5110   -21.8413     3.0919    0.00001
    2233   74.4000      -    1    0    -22.1220     3.1625   0.134212   -72.8355    20.2693   -23.1433     3.8030    0.00001
    2234   74.4333      -    1    0    -22.1002     3.1634   0.134310   -74.5085    19.5692   -23.9177     3.9245    0.00000
    2235   74.4667      -    1    0    -22.0002     3.1397   0.134454   -76.4695    18.2447   -25.3432     3.9059    0.00001
    2236   74.5000      -    1    0    -21.9391     3.0663   0.134634   -76.5436    17.8929   -26.3893     3.9152    0.00000
    2237   74.5333      -    1    0    -21.9079     3.0410   0.134708   -76.6243    17.8066   -26.9205     3.9807    0.00040
    2238   74.5667      -    1    0    -21.7928     3.0727   0.134863   -78.7287    16.7901   -28.3904     3.9245    0.00001
    2239   74.6000      -    1    0    -21.7120     3.0918   0.135014   -80.4657    16.0782   -29.4230     4.9163    0.00000
    2240   74.6333      -    1    0    -21.6744     3.0801   0.135075   -80.5094    16.0121   -29.5489     6.3852    0.00006
    2241   74.6667      -    1    0    -21.5574     3.0616   0.135200   -80.4750    15.8439   -29.5685     9.5007    0.00035
    2242   74.7000      -    1    0    -21.3571     3.0261   0.135346   -81.0985    15.2530   -30.0024    12.7004    0.00000
    2243   74.7333      -    1    0    -21.1497     2.9334   0.135496   -81.0343    14.9694   -30.1209    15.5913    0.00000
    2244   74.7667      -    1    0    -21.0475     2.8686   0.135553   -81.0015    14.8460   -30.2106    16.5362    0.00029
    2245   74.8000      -    1    0    -20.7980     2.7437   0.135685   -81.2501    14.4032   -30.4731    16.8637    0.00000
    2246   74.8333      -    1    0    -20.5441     2.6480   0.135871   -81.5039    13.9561   -30.6999    16.2088    0.00000
    2247   74.8667      -    1    0    -20.4217     2.5905   0.135972   -81.4647    13.7990   -30.7837    16.1059    0.00041
    2248   74.9000      -    1    0    -20.1628     2.4467   0.136119   -81.3745    13.4629   -30.9868    16.5362    0.00000
    2249   74.9333      -    1    0    -19.8800     2.3066   0.136248   -82.2274    12.7097   -31.4017    16.2743    0.00000
    2250   74.9667      -    1    0    -19.6847     2.1357   0.136438   -82.2722    12.7484   -31.6522    16.3959    0.00000
    2251   75.0000      -    1    0    -19.6099     2.0771   0.136518   -82.6518    12.7200   -31.8192    16.2836    0.00000
    2252   75.0333      -    1    0    -19.5611     1.9879   0.136704   -83.9334    13.0258   -32.2283    15.7130    0.00000
    2253   75.0667      -    1    0    -19.4617     1.9190   0.136848   -84.5183    12.6508   -32.4615    15.2358    0.00000
    2254   75.1000      -    1    0    -19.4276     1.8905   0.136926   -84.4999    12.6168   -32.4988    15.0019    0.00006
    2255   75.1333      -    1    0    -19.3643     1.8563   0.137147   -85.0853    12.2589   -32.6814    14.6557    0.00000
    2256   75.1667      -    1    0    -19.3175     1.8186   0.137358   -85.3567    12.0570   -32.7960    14.9925    0.00000
    2257   75.2000      -    1    0    -19.2890     1.7802   0.137554   -85.6339    11.8883   -32.9103    16.0966    0.00000
    2258   75.2333      -    1    0    -19.2883     1.7499   0.137646   -85.6156    11.8976   -32.9476    16.6860    0.00004
    2259   75.2667      -    1    0    -19.3005     1.6852   0.137791   -85.8888    11.7781   -33.0887    17.0041    0.00000
    2260   75.3000      -    1    0    -19.3141     1.6495   0.137941   -85.8716    11.8239   -33.1351    16.8169    0.00009
    2261   75.3333      -    1    0    -19.3028     1.6582   0.138014   -86.1769    11.6632   -33.1903    16.6860    0.00022
    2262   75.3667      -    1    0    -19.2763     1.6866   0.138159   -86.4827    11.4850   -33.2226    16.7701    0.00031
    2263   75.4000      -    1    0    -19.2335     1.7051   0.138276   -86.4736    11.4266   -33.2022    17.2286    0.00009
    2264   75.4333      -    1    0    -19.1629     1.7233   0.138395   -86.4650    11.3411   -33.1851    17.2941    0.00016
    2265   75.4667      -    1    0    -19.1289     1.7315   0.138459   -86.4591    11.2971   -33.1771    17.4344    0.00004
    2266   75.5000      -    1    0    -19.0752     1.7571   0.138567   -86.4511    11.2193   -33.1486    17.8367    0.00011
    2267   75.5333      -    1    0    -19.0610     1.7764   0.138616   -86.4534    11.2002   -33.1269    17.7151    0.00002
    2268   75.5667      -    1    0    -19.0665     1.7884   0.138710   -86.4542    11.2155   -33.1150    17.4438    0.00002
    2269   75.6000      -    1    0    -19.0667     1.8026   0.138761   -86.4578    11.2208   -33.1000    17.3128    0.00001
    2270   75.6333      -    1    0    -19.0734     1.8298   0.138899   -86.4644    11.2442   -33.0721    17.0882    0.00006
    2271   75.6667      -    1    0    -19.1113     1.8535   0.139042   -86.4708    11.3047   -33.0468    16.4801    0.00010
    2272   75.7000      -    1    0    -19.1409     1.8528   0.139122   -86.4685    11.3478   -33.0483    16.2743    0.00004
    2273   75.7333      -    1    0    -19.1880     1.8463   0.139303   -86.5025    11.4116   -33.2385    16.0966    0.00016
    2274   75.7667      -    1    0    -19.2231     1.8498   0.139506   -86.5104    11.5100   -33.2363    16.0685    0.00011
    2275   75.8000      -    1    0    -19.2359     1.8581   0.139592   -86.5128    11.5397   -33.2292    16.1433    0.00002
    2276   75.8333      -    1    0    -19.2602     1.8788   0.139761   -86.5153    11.5858   -33.2085    16.2556    0.00008
    2277   75.8667      -    1    0    -19.2900     1.8867   0.139927   -86.5210    11.6593   -33.2059    16.4240    0.00008
    2278   75.9000      -    1    0    -19.3242     1.8672   0.140114   -86.5111    11.7340   -33.2343    16.8637    0.00012
    2279   75.9333      -    1    0    -19.3394     1.8484   0.140193   -86.4978    11.7546   -33.2563    16.9386    0.00003
    2280   75.9667      -    1    0    -19.3758     1.8021   0.140341   -86.1726    11.9843   -33.2515    16.6860    0.00000
    2281   76.0000      -    1    0    -19.3996     1.7449   0.140455   -85.8423    12.1916   -33.2566    15.4416    0.00000
    2282   76.0333      -    1    0    -19.4117     1.7165   0.140495   -85.5258    12.3737   -33.2262    14.3096    0.00022
    2283   76.0667      -    1    0    -19.3991     1.6985   0.140548   -85.5154    12.3648   -33.2486    11.7835    0.00002
    2284   76.1000      -    1    0    -19.3821     1.7034   0.140591   -85.5078    12.3316   -33.2425     9.8375    0.00001
    2285   76.1333      -    1    0    -19.3922     1.6729   0.140585   -84.8643    12.6072   -33.1372     7.0869    0.00000
    2286   76.1667      -    1    0    -19.4068     1.6438   0.140579   -84.2379    12.9300   -33.0331     5.1127    0.00000
    2287   76.2000      -    1    0    -19.4085     1.6243   0.140591   -84.2317    12.9372   -33.0562     1.3985    0.00001
    2288   76.2333      -    1    0    -19.4230     1.6131   0.140604   -83.9032    13.0667   -32.9936     0.0000    0.00013
    2289   76.2667      -    1    0    -19.4007     1.6113   0.140567   -83.8144    12.8660   -32.9734     0.0000    0.00015
    2290   76.3000      -    1    0    -19.3505     1.6124   0.140540   -83.2822    12.5465   -32.8560     0.0000    0.00000
    2291   76.3333      -    1    0    -19.3235     1.5837   0.140569   -81.8186    12.7302   -32.5788     0.0000    0.00000
    2292   76.3667      -    1    0    -19.3618     1.5114   0.140680   -79.8710    13.5949   -32.2250     0.0000    0.00000
    2293   76.4000      -    1    0    -19.3712     1.4689   0.140736   -78.8754    13.9125   -32.0494     0.0000    0.00000
    2294   76.4333      -    1    0    -19.3668     1.3826   0.140881   -77.0518    14.3235   -31.7503     0.0000    0.00000
    2295   76.4667      -    1    0    -19.4000     1.3390   0.141085   -76.1258    14.6836   -31.5804     0.0000    0.00000
    2296   76.5000      -    1    0    -19.4177     1.3433   0.141201   -76.0360    14.7769   -31.5471     0.0000    0.00006
    2297   76.5333      -    1    0    -19.4557     1.3656   0.141475   -76.0325    14.8413   -31.5134     0.0000    0.00020
    2298   76.5667      -    1    0    -19.4503     1.3963   0.141676   -75.8817    14.5514   -31.4814     0.0000    0.00027
    2299   76.6000      -    1    0    -19.4057     1.4225   0.141819   -75.6774    14.1181   -31.4670     0.0000    0.00000
    2300   76.6333      -    1    0    -19.4111     1.4241   0.141872   -75.6800    14.1389   -31.4640     0.0000    0.00000
    2301   76.6667      -    1    0    -19.4025     1.4378   0.141932   -75.6795    14.1229   -31.4514     0.0000    0.00001
    2302   76.7000      -    1    0    -19.3834     1.4468   0.141969   -75.6761    14.0888   -31.4469     0.0000    0.00001
    2303   76.7333      -    1    0    -19.3662     1.4489   0.141954   -75.6735    14.0565   -31.4494     0.0000    0.00001
    2304   76.7667      -    1    0    -19.3547     1.4666   0.141895   -75.7611    14.2563   -31.2402     0.0000    0.00027
    2305   76.8000      -    1    0    -19.3313     1.4748   0.141819   -75.2620    14.6723   -31.1014     0.0000    0.00000
    2306   76.8333      -    1    0    -19.2972     1.4843   0.141750   -75.2362    14.6241   -31.0934     0.0000    0.00006
    2307   76.8667      -    1    0    -19.2648     1.4912   0.141623   -75.3020    14.6675   -31.0931     0.0000    0.00009
    2308   76.9000      -    1    0    -19.2571     1.4778   0.141558   -75.0551    14.9297   -31.0270     0.0000    0.00000
    2309   76.9333      -    1    0    -19.2214     1.4707   0.141510   -75.0442    14.8579   -31.0464     0.0000    0.00005
    2310   76.9667      -    1    0    -19.2150     1.4612   0.141489   -74.7250    14.9871   -30.9781     0.0000    0.00014
    2311   77.0000      -    1    0    -19.2267     1.4401   0.141489   -74.4749    15.2886   -30.9111     0.0000    0.00000
    2312   77.0333      -    1    0    -19.2355     1.4274   0.141512   -74.2232    15.5787   -30.8337     0.0000    0.00000
    2313   77.0667      -    1    0    -19.2286     1.4286   0.141517   -74.2227    15.5690   -30.8347     0.0000    0.00000
    2314   77.1000      -    1    0    -19.2265     1.4213   0.141519   -73.9030    15.7065   -30.7586     0.0000    0.00015
    2315   77.1333      -    1    0    -19.2195     1.4208   0.141487   -73.8974    15.6742   -30.7621     0.0000    0.00001
    2316   77.1667      -    1    0    -19.2064     1.4203   0.141439   -73.8962    15.6430   -30.7674     0.0000    0.00002
    2317   77.2000      -    1    0    -19.2023     1.4113   0.141426   -73.5727    15.7675   -30.6938     0.0000    0.00013
    2318   77.2333      -    1    0    -19.1822     1.3968   0.141395   -73.2487    15.8741   -30.6306     0.0000    0.00011
    2319   77.2667      -    1    0    -19.1449     1.3989   0.141349   -73.2448    15.8047   -30.6417     0.0000    0.00005
    2320   77.3000      -    1    0    -19.1218     1.3871   0.141307   -72.6105    16.0336   -30.4915     0.0000    0.00000
    2321   77.3333      -    1    0    -19.1107     1.3833   0.141288   -72.5978    16.0117   -30.4981     0.0000    0.00001
    2322   77.3667      -    1    0    -19.1198     1.3716   0.141231   -72.6697    16.1631   -30.4985     0.0000    0.00007
    2323   77.4000      -    1    0    -19.1166     1.3590   0.141160   -71.9794    16.4131   -30.1493     0.0000    0.00000
    2324   77.4333      -    1    0    -19.1107     1.3613   0.141110   -71.6260    16.5081   -29.8986     0.0000    0.00000
    2325   77.4667      -    1    0    -19.0999     1.3596   0.141032   -71.2395    16.5997   -29.6185     0.0000    0.00000
    2326   77.5000      -    1    0    -19.0908     1.3490   0.140920   -70.8679    16.6865   -29.3767     0.0000    0.00000
    2327   77.5333      -    1    0    -19.0872     1.3494   0.140856   -70.5111    16.7824   -29.1520     0.0000    0.00000
    2328   77.5667      -    1    0    -19.0673     1.3588   0.140722   -69.7999    16.9512   -28.7429     0.0000    0.00000
    2329   77.6000      -    1    0    -19.0485     1.3842   0.140606   -69.4326    16.9896   -28.4687     0.0000    0.00000
    2330   77.6333      -    1    0    -19.0134     1.4191   0.140480   -68.3493    17.0992   -28.0098     0.0000    0.00000
    2331   77.6667      -    1    0    -18.9907     1.4625   0.140403   -67.6146    17.1550   -27.6104     0.0000    0.00000
    2332   77.7000      -    1    0    -18.9705     1.5664   0.140288   -66.5697    17.3367   -26.9383     0.0000    0.00000
    2333   77.7333      -    1    0    -18.9207     1.6819   0.140155   -64.7864    17.4458   -26.2429     0.0000    0.00000
    2334   77.7667      -    1    0    -18.8990     1.7709   0.140061   -64.0136    17.3762   -25.7266     0.0000    0.00000
    2335   77.8000      -    1    0    -18.8861     1.9849   0.139870   -63.1794    17.1970   -24.6702     0.0000    0.00000
    2336   77.8333      -    1    0    -18.8511     2.1204   0.139759   -62.1388    17.2287   -24.1493     0.0000    0.00000
    2337   77.8667      -    1    0    -18.8297     2.1866   0.139687   -61.7709    17.1930   -23.8206     0.0000    0.00000
    2338   77.9000      -    1    0    -18.7993     2.2690   0.139541   -61.4022    17.1920   -23.2793     0.0000    0.00000
    2339   77.9333      -    1    0    -18.7876     2.2956   0.139337   -61.2471    17.0898   -22.5023     0.0000    0.00000
    2340   77.9667      -    1    0    -18.7774     2.3242   0.139037   -61.0205    16.9373   -21.4464     0.0000    0.00000
    2341   78.0000      -    1    0    -18.7857     2.3176   0.138888   -60.9755    17.0420   -21.0395     0.0000    0.00030
    2342   78.0333      -    1    0    -18.7590     2.2886   0.138546   -60.5895    17.2014   -20.5366     0.0000    0.00000
    2343   78.0667      -    1    0    -18.7337     2.2718   0.138221   -60.6009    17.3409   -20.2343     0.0000    0.00027
    2344   78.1000      -    1    0    -18.7225     2.2722   0.138048   -60.5913    17.3789   -20.0339     0.0000    0.00008
    2345   78.1333      -    1    0    -18.6824     2.2831   0.137733   -60.1925    17.3800   -19.5822     0.0000    0.00000
    2346   78.1667      -    1    0    -18.6355     2.3269   0.137546   -59.8097    17.2551   -19.3389     0.0000    0.00000
    2347   78.2000      -    1    0    -18.6125     2.3868   0.137382   -59.1840    17.4247   -19.0626     0.0000    0.00000
    2348   78.2333      -    1    0    -18.5807     2.4642   0.137293   -58.8142    17.3117   -18.7344     0.0000    0.00000
    2349   78.2667      -    1    0    -18.5162     2.6353   0.137188   -57.3991    17.2518   -17.9516     0.0000    0.00000
    2350   78.3000      -    1    0    -18.4492     2.8825   0.137046   -56.2441    16.9341   -16.9167     0.0000    0.00000
    2351   78.3333      -    1    0    -18.4121     3.0142   0.136969   -55.4938    16.7830   -16.3091     0.0000    0.00000
    2352   78.3667      -    1    0    -18.3447     3.2620   0.136861   -54.4354    16.5749   -15.4862     0.0000    0.00000
    2353   78.4000      -    1    0    -18.2865     3.4403   0.136848   -53.8072    16.4573   -15.2054     0.0000    0.00000
    2354   78.4333      -    1    0    -18.2189     3.5669   0.136822   -53.1240    16.3955   -14.7272     0.0000    0.00000
    2355   78.4667      -    1    0    -18.1819     3.5957   0.136823   -52.4713    16.5698   -14.4790     0.0000    0.00000
    2356   78.5000      -    1    0    -18.0198     3.7265   0.136780   -51.3182    16.1650   -13.7262     0.0000    0.00000
    2357   78.5333      -    1    0    -17.8613     3.8258   0.136723   -50.1794    15.8126   -13.0733     0.0000    0.00000
    2358   78.5667      -    1    0    -17.7915     3.8513   0.136690   -49.8383    15.7425   -12.9938     0.0000    0.00021
    2359   78.6000      -    1    0    -17.6979     3.8664   0.136646   -48.8551    15.9900   -12.6497     0.0000    0.00000
    2360   78.6333      -    1    0    -17.5975     3.9203   0.136556   -48.1516    15.9143   -12.2956     0.0000    0.00000
    2361   78.6667      -    1    0    -17.4988     3.9793   0.136435   -47.1033    15.8667   -11.8435     0.0000    0.00000
    2362   78.7000      -    1    0    -17.4270     4.0302   0.136353   -46.3772    15.6967   -11.5330     0.0000    0.00000
    2363   78.7333      -    1    0    -17.3196     4.1194   0.136198   -44.8970    15.4550   -10.7181     0.0000    0.00000
    2364   78.7667      -    1    0    -17.2367     4.2046   0.136030   -43.4482    15.2906    -9.9678     0.0000    0.00000
    2365   78.8000      -    1    0    -17.1957     4.2473   0.135960   -42.7246    15.1735    -9.6466     0.0000    0.00000
    2366   78.8333      -    1    0    -17.1504     4.3104   0.135797   -41.3083    15.1822    -8.8334     0.0000    0.00000
    2367   78.8667      -    1    0    -17.0986     4.4033   0.135630   -40.8674    14.8338    -8.4501     0.0000    0.00000
    2368   78.9000      -    1    0    -17.0637     4.4489   0.135482   -39.7783    14.7410    -7.8996     0.0000    0.00000
    2369   78.9333      -    1    0    -17.0208     4.4760   0.135383   -39.0745    14.6265    -7.7166     0.0000    0.00000
    2370   78.9667      -    1    0    -16.9473     4.5611   0.135166   -37.6303    14.3654    -7.0416     0.0000    0.00000
    2371   79.0000      -    1    0    -16.8605     4.7024   0.134928   -36.1835    13.7798    -6.3354     0.0000    0.00000
    2372   79.0333      -    1    0    -16.8439     4.7757   0.134822   -35.7517    13.5891    -5.8730     0.0000    0.00000
    2373   79.0667      -    1    0    -16.7596     4.9408   0.134610   -33.9110    12.8933    -4.9538     0.0000    0.00000
    2374   79.1000      -    1    0    -16.7116     5.1154   0.134473   -32.8271    12.4402    -4.1670     0.0000    0.00000
    2375   79.1333      -    1    0    -16.6631     5.2249   0.134365   -31.8567    12.2673    -3.9765     0.0000    0.00000
    2376   79.1667      -    1    0    -16.6546     5.2736   0.134316   -31.5256    12.2831    -3.7861     0.0000    0.00000
    2377   79.2000      -    1    0    -16.5995     5.4499   0.134209   -30.4770    11.8349    -3.2024     0.0000    0.00000
    2378   79.2333      -    1    0    -16.5585     5.6014   0.134058   -29.2047    11.5825    -2.5588     0.0000    0.00000
    2379   79.2667      -    1    0    -16.5370     5.6711   0.133965   -28.7573    11.4685    -2.2691     0.0000    0.00000
    2380   79.3000      -    1    0    -16.5167     5.7896   0.133750   -28.4194    11.4363    -1.7103     0.0000    0.00000
    2381   79.3333      -    1    0    -16.5066     5.8738   0.133511   -28.4636    11.5125    -1.4716     0.0000    0.00051
    2382   79.3667      -    1    0    -16.4741     5.9289   0.133254   -28.5455    11.6069    -1.5352     0.0000    0.00033
    2383   79.4000      -    1    0    -16.4634     5.9620   0.133096   -28.2079    11.6896    -1.2429     0.0000    0.00000
    2384   79.4333      -    1    0    -16.4218     6.0181   0.132781   -28.2753    11.8459    -1.1714     0.0000    0.00048
    2385   79.4667      -    1    0    -16.3764     6.0458   0.132397   -28.3447    12.1353    -1.0278     0.0000    0.00057
    2386   79.5000      -    1    0    -16.3396     6.0832   0.132184   -28.3807    12.1573    -0.9581     0.0000    0.00022
    2387   79.5333      -    1    0    -16.2678     6.1645   0.131763   -28.4313    12.2269    -0.6962     0.0000    0.00097
    2388   79.5667      -    1    0    -16.2032     6.2196   0.131343   -28.5138    12.4136    -0.6331     0.0000    0.00074
    2389   79.6000      -    1    0    -16.1731     6.2403   0.131129   -28.5860    12.5732    -0.6800     0.0000    0.00018
    2390   79.6333      -    1    0    -16.1241     6.2970   0.130618   -28.7275    12.9669    -0.5863     0.0000    0.00000
    2391   79.6667      -    1    0    -16.0994     6.3841   0.130098   -28.8713    13.3338    -0.3799     0.0000    0.00000
    2392   79.7000      -    1    0    -16.0787     6.4898   0.129552   -29.0537    13.6264    -0.4052     0.0000    0.00000
    2393   79.7333      -    1    0    -16.0971     6.5137   0.129283   -29.1621    14.0125    -0.3573     0.0000    0.00063
    2394   79.7667      -    1    0    -16.1399     6.5513   0.128805   -29.3945    14.6339    -0.4671     0.0000    0.00000
    2395   79.8000      -    1    0    -16.2171     6.5934   0.128317   -29.5425    15.0864    -0.3843     0.0000    0.00000
    2396   79.8333      -    1    0    -16.2473     6.6391   0.128092   -29.5695    15.0289    -0.3567     0.0000    0.00023
    2397   79.8667      -    1    0    -16.3809     6.5636   0.127704   -29.7206    15.8236    -0.4819     0.0000    0.00000
    2398   79.9000      -    1    0    -16.5409     6.4067   0.127300   -30.2792    16.8055    -0.9185     0.0000    0.00000
    2399   79.9333      -    1    0    -16.6916     6.3112   0.126973   -31.0645    17.2944    -1.2814     0.0000    0.00000
    2400   79.9667      -    1    0    -16.7688     6.2608   0.126775   -31.4500    17.5191    -1.4798     0.0000    0.00000
    2401   80.0000      -    1    0    -16.9467     6.1428   0.126438   -32.6278    18.1526    -2.0885     0.0000    0.00000
    2402   80.0333      -    1    0    -17.1100     6.0362   0.126154   -33.4821    18.7788    -2.6369     0.0000    0.00000
    2403   80.0667      -    1    0    -17.2108     5.9649   0.125991   -34.3058    19.2184    -3.1258     0.0000    0.00000
    2404   80.1000      -    1    0    -17.3923     5.8506   0.125716   -35.5938    19.9866    -3.9042     0.0000    0.00000
    2405   80.1333      -    1    0    -17.5611     5.7740   0.125464   -36.8339    20.5535    -4.5711     0.0000    0.00000
    2406   80.1667      -    1    0    -17.7507     5.6523   0.125281   -38.1560    21.4693    -5.3395     0.0000    0.00000
    2407   80.2000      -    1    0    -17.8618     5.5909   0.125225   -38.9961    21.9751    -5.7068     0.0000    0.00000
    2408   80.2333      -    1    0    -18.0746     5.4639   0.125136   -40.3130    22.9368    -6.3466     0.0000    0.00000
    2409   80.2667      -    1    0    -18.2387     5.3992   0.125072   -41.4504    23.4474    -6.9919     0.0000    0.00000
    2410   80.3000      -    1    0    -18.3304     5.3818   0.125030   -41.9228    23.6672    -7.0309     0.0000    0.00000
    2411   80.3333      -    1    0    -18.5511     5.2874   0.125006   -43.2158    24.5436    -7.6383     0.0000    0.00000
    2412   80.3667      -    1    0    -18.7746     5.1764   0.124976   -44.2013    25.5787    -8.0766     0.0000    0.00000
    2413   80.4000      -    1    0    -18.9687     5.0876   0.124813   -45.1797    26.3572    -8.6107     0.0000    0.00000
    2414   80.4333      -    1    0    -19.0984     5.0328   0.124706   -45.9416    26.9087    -8.8984     0.0000    0.00000
    2415   80.4667      -    1    0    -19.2871     4.9337   0.124388   -47.0404    27.6253    -9.5054     0.0000    0.00000
    2416   80.5000      -    1    0    -19.4605     4.8491   0.124029   -48.0057    28.3678    -9.9229     0.0000    0.00000
    2417   80.5333      -    1    0    -19.5520     4.8004   0.123836   -48.5335    28.8325   -10.1597     0.0000    0.00000
    2418   80.5667      -    1    0    -19.7123     4.7127   0.123439   -49.7336    29.8261   -10.8850     0.0000    0.00000
    2419   80.6000      -    1    0    -19.8350     4.6591   0.122986   -50.8650    30.5526   -11.5258     0.0000    0.00000
    2420   80.6333      -    1    0    -19.9923     4.5625   0.122539   -52.0703    31.4844   -12.2367     0.0000    0.00000
    2421   80.6667      -    1    0    -20.0554     4.5235   0.122304   -52.6049    31.7350   -12.5728     0.0000    0.00000
    2422   80.7000      -    1    0    -20.1767     4.4613   0.121920   -53.5936    32.1579   -13.1288     0.0000    0.00000
    2423   80.7333      -    1    0    -20.3379     4.3657   0.121628   -54.3223    33.0185   -13.5176     0.0000    0.00000
    2424   80.7667      -    1    0    -20.4103     4.3340   0.121466   -54.8678    33.2773   -13.8643     0.0000    0.00000
    2425   80.8000      -    1    0    -20.5632     4.2773   0.121213   -55.9746    33.7836   -14.6250     0.0000    0.00000
    2426   80.8333      -    1    0    -20.6899     4.2425   0.120960   -56.9200    34.1432   -15.0922     0.0000    0.00000
    2427   80.8667      -    1    0    -20.7411     4.2240   0.120837   -57.4580    34.3244   -15.4362     0.0000    0.00000
    2428   80.9000      -    1    0    -20.8416     4.1740   0.120695   -58.6762    34.9042   -16.2640     0.0000    0.00000
    2429   80.9333      -    1    0    -20.9229     4.1205   0.120505   -59.8958    35.2921   -17.2041     0.0000    0.00000
    2430   80.9667      -    1    0    -21.0359     4.0770   0.120282   -61.0223    35.7954   -17.8548     0.0000    0.00000
    2431   81.0000      -    1    0    -21.1182     4.0647   0.120165   -61.9897    36.0603   -18.3673     0.0000    0.00000
    2432   81.0333      -    1    0    -21.2727     3.9948   0.119979   -63.2794    36.6582   -19.2981     0.0000    0.00000
    2433   81.0667      -    1    0    -21.4341     3.9198   0.119770   -64.4529    37.1878   -20.0279     0.0000    0.00000
    2434   81.1000      -    1    0    -21.4903     3.8973   0.119625   -64.8890    37.3013   -20.2110     0.0000    0.00000
    2435   81.1333      -    1    0    -21.6236     3.8178   0.119360   -65.5453    37.8104   -20.5730     0.0000    0.00000
    2436   81.1667      -    1    0    -21.7600     3.7497   0.119027   -66.5764    38.0778   -21.2199     0.0000    0.00000
    2437   81.2000      -    1    0    -21.9400     3.6900   0.118770   -68.1967    38.4944   -22.2906     0.0000    0.00000
    2438   81.2333      -    1    0    -21.9929     3.6447   0.118596   -68.6050    38.4672   -22.5644     0.0000    0.00000
    2439   81.2667      -    1    0    -22.1917     3.5071   0.118369   -69.7051    38.9870   -23.2779     0.0000    0.00000
    2440   81.3000      -    1    0    -22.3339     3.3634   0.118142   -71.1315    39.0444   -24.3719     0.0000    0.00000
    2441   81.3333      -    1    0    -22.3987     3.2845   0.118081   -71.6219    39.1536   -24.7159     0.0000    0.00000
    2442   81.3667      -    1    0    -22.5270     3.1403   0.117972   -72.9434    39.2187   -25.6094     0.0000    0.00000
    2443   81.4000      -    1    0    -22.6337     2.9531   0.117974   -73.3878    39.2986   -26.0908     0.0000    0.00000
    2444   81.4333      -    1    0    -22.7300     2.7895   0.118035   -74.2168    39.1952   -26.8152     0.0000    0.00000
    2445   81.4667      -    1    0    -22.7703     2.7314   0.118075   -75.0095    38.9978   -27.4003     0.0000    0.00000
    2446   81.5000      -    1    0    -22.8502     2.6404   0.118132   -76.6146    38.6108   -28.5339     0.0000    0.00000
    2447   81.5333      -    1    0    -22.9263     2.5391   0.118197   -77.4873    38.5851   -29.1561     0.0000    0.00000
    2448   81.5667      -    1    0    -22.9276     2.5098   0.118193   -77.8831    38.4628   -29.4457     0.0000    0.00000
    2449   81.6000      -    1    0    -22.9071     2.4971   0.118205   -78.6670    38.1772   -29.9665     0.0000    0.00000
    2450   81.6333      -    1    0    -22.8526     2.5362   0.118164   -80.1734    37.4935   -30.8916     0.0000    0.00001
    2451   81.6667      -    1    0    -22.8472     2.4888   0.118266   -80.8846    37.5135   -31.6027     0.0000    0.00000
    2452   81.7000      -    1    0    -22.8242     2.4950   0.118290   -81.6713    37.1959   -32.1112     0.0000    0.00000
    2453   81.7333      -    1    0    -22.7799     2.4565   0.118362   -82.8036    36.7172   -32.8601     0.0000    0.00000
    2454   81.7667      -    1    0    -22.7320     2.3911   0.118396   -83.5463    36.3388   -33.4069     0.0000    0.00000
    2455   81.8000      -    1    0    -22.7160     2.3593   0.118417   -83.8992    36.1667   -33.6452     0.0000    0.00000
    2456   81.8333      -    1    0    -22.7130     2.3318   0.118439   -84.5151    35.8495   -33.9421     0.0000    0.00000
    2457   81.8667      -    1    0    -22.7093     2.3380   0.118432   -85.4784    35.3977   -34.5173     0.0000    0.00000
    2458   81.9000      -    1    0    -22.6736     2.3466   0.118405   -85.8389    34.9867   -34.7567     0.0000    0.00000
    2459   81.9333      -    1    0    -22.6728     2.3486   0.118420   -85.8344    34.9811   -34.7527     0.0000    0.00000
    2460   81.9667      -    1    0    -22.6796     2.3414   0.118452   -85.8223    34.9648   -34.7581     0.0000    0.00001
    2461   82.0000      -    1    0    -22.6916     2.3016   0.118490   -85.8181    34.9553   -34.8088     0.0000    0.00003
    2462   82.0333      -    1    0    -22.6773     2.2661   0.118488   -85.7259    34.7873   -34.8331     0.0000    0.00014
    2463   82.0667      -    1    0    -22.7064     2.2013   0.118559   -85.6259    34.8601   -34.7052     0.0000    0.00015
    2464   82.1000      -    1    0    -22.6912     2.1231   0.118562   -85.4334    34.7485   -34.5876     0.0000    0.00024
    2465   82.1333      -    1    0    -22.6773     2.0449   0.118560   -85.1390    34.6888   -34.2709     0.0000    0.00000
    2466   82.1667      -    1    0    -22.6808     2.0011   0.118578   -85.1561    34.7104   -34.3481     0.0000    0.00003
    2467   82.2000      -    1    0    -22.6634     1.9479   0.118555   -85.1702    34.6845   -34.4259     0.0000    0.00007
    2468   82.2333      -    1    0    -22.6333     1.9609   0.118464   -85.0412    34.6394   -34.1959     0.0000    0.00015
    2469   82.2667      -    1    0    -22.6171     1.9686   0.118436   -85.0345    34.5987   -34.1869     0.0000    0.00002
    2470   82.3000      -    1    0    -22.5874     1.9711   0.118426   -85.0310    34.5498   -34.1853     0.0000    0.00002
    2471   82.3333      -    1    0    -22.5570     1.9551   0.118466   -85.0317    34.5093   -34.2108     0.0000    0.00002
    2472   82.3667      -    1    0    -22.5315     1.9479   0.118489   -85.0315    34.4770   -34.2233     0.0000    0.00001
    2473   82.4000      -    1    0    -22.4969     1.9448   0.118538   -85.0010    34.5952   -34.0412     0.0000    0.00015
    2474   82.4333      -    1    0    -22.4521     1.9235   0.118582   -85.0082    34.5513   -34.0838     0.0000    0.00005
    2475   82.4667      -    1    0    -22.4341     1.8975   0.118612   -85.0136    34.5314   -34.1226     0.0000    0.00002
    2476   82.5000      -    1    0    -22.4269     1.8866   0.118614   -85.0141    34.5174   -34.1377     0.0000    0.00001
    2477   82.5333      -    1    0    -22.4218     1.8819   0.118603   -84.8943    34.5306   -33.9277     0.0000    0.00009
    2478   82.5667      -    1    0    -22.4288     1.8777   0.118603   -84.8991    34.5437   -33.9456     0.0000    0.00001
    2479   82.6000      -    1    0    -22.4284     1.8807   0.118602   -84.8984    34.5414   -33.9420     0.0000    0.00000
    2480   82.6333      -    1    0    -22.4277     1.8738   0.118592   -84.8986    34.5339   -33.9508     0.0000    0.00000
    2481   82.6667      -    1    0    -22.4289     1.8714   0.118573   -84.8967    34.5254   -33.9525     0.0000    0.00000
    2482   82.7000      -    1    0    -22.4312     1.8684   0.118571   -84.8954    34.5221   -33.9557     0.0000    0.00000
    2483   82.7333      -    1    0    -22.4288     1.8670   0.118561   -84.8955    34.5171   -33.9573     0.0000    0.00000
    2484   82.7667      -    1    0    -22.4486     1.8695   0.118571   -84.9880    34.6853   -33.9740     0.0000    0.00008
    2485   82.8000      -    1    0    -22.4441     1.8659   0.118564   -84.9888    34.6783   -33.9793     0.0000    0.00000
    2486   82.8333      -    1    0    -22.4443     1.8692   0.118566   -84.9849    34.6712   -33.9737     0.0000    0.00000
    2487   82.8667      -    1    0    -22.4472     1.8651   0.118558   -84.9834    34.6675   -33.9780     0.0000    0.00000
    2488   82.9000      -    1    0    -22.4390     1.8600   0.118539   -84.9811    34.6466   -33.9836     0.0000    0.00001
    2489   82.9333      -    1    0    -22.4372     1.8514   0.118516   -84.9835    34.6426   -33.9948     0.0000    0.00001
    2490   82.9667      -    1    0    -22.4355     1.8475   0.118507   -84.9847    34.6400   -34.0001     0.0000    0.00000
    2491   83.0000      -    1    0    -22.4257     1.8444   0.118501   -84.9811    34.6175   -34.0035     0.0000    0.00001
    2492   83.0333      -    1    0    -22.4301     1.8347   0.118502   -85.0762    34.7652   -34.0379     0.0000    0.00007
    2493   83.0667      -    1    0    -22.4152     1.8263   0.118497   -85.0768    34.7444   -34.0502     0.0000    0.00001
    2494   83.1000      -    1    0    -22.4057     1.7982   0.118517   -85.0839    34.7382   -34.0909     0.0000    0.00002
    2495   83.1333      -    1    0    -22.4208     1.7597   0.118536   -84.9791    34.8020   -33.9377     0.0000    0.00008
    2496   83.1667      -    1    0    -22.4177     1.7352   0.118543   -84.9835    34.7936   -33.9751     0.0000    0.00001
    2497   83.2000      -    1    0    -22.4189     1.7305   0.118548   -84.9828    34.7910   -33.9813     0.0000    0.00000
    2498   83.2333      -    1    0    -22.4284     1.7186   0.118549   -84.9181    34.7961   -33.8744     0.0000    0.00004
    2499   83.2667      -    1    0    -22.4297     1.7024   0.118544   -84.8656    34.8181   -33.8112     0.0000    0.00002
    2500   83.3000      -    1    0    -22.4200     1.7002   0.118545   -84.8657    34.8040   -33.8167     0.0000    0.00000
    2501   83.3333      -    1    0    -22.3982     1.7148   0.118521   -84.8550    34.7543   -33.7953     0.0000    0.00003
    2502   83.3667      -    1    0    -22.3875     1.7283   0.118494   -84.8487    34.7275   -33.7754     0.0000    0.00002
    2503   83.4000      -    1    0    -22.3874     1.7261   0.118476   -84.8466    34.7176   -33.7769     0.0000    0.00000
    2504   83.4333      -    1    0    -22.3914     1.7234   0.118479   -84.8452    34.7175   -33.7797     0.0000    0.00000
    2505   83.4667      -    1    0    -22.3965     1.7064   0.118496   -84.8407    34.7065   -33.8007     0.0000    0.00001
    2506   83.5000      -    1    0    -22.3994     1.6900   0.118520   -84.8445    34.7138   -33.8242     0.0000    0.00000
    2507   83.5333      -    1    0    -22.3986     1.6832   0.118534   -84.8446    34.7111   -33.8337     0.0000    0.00000
    2508   83.5667      -    1    0    -22.3921     1.6808   0.118555   -84.8420    34.6988   -33.8374     0.0000    0.00000
    2509   83.6000      -    1    0    -22.3797     1.6809   0.118550   -84.8344    34.6654   -33.8357     0.0000    0.00001
    2510   83.6333      -    1    0    -22.3831     1.6813   0.118517   -84.7057    34.6705   -33.6130     0.0000    0.00010
    2511   83.6667      -    1    0    -22.3878     1.6769   0.118512   -84.7092    34.6805   -33.6298     0.0000    0.00001
    2512   83.7000      -    1    0    -22.3884     1.6701   0.118486   -84.7126    34.6787   -33.6409     0.0000    0.00001
    2513   83.7333      -    1    0    -22.3734     1.6677   0.118464   -84.7087    34.6454   -33.6434     0.0000    0.00001
    2514   83.7667      -    1    0    -22.3717     1.6674   0.118458   -84.7087    34.6423   -33.6438     0.0000    0.00000
    2515   83.8000      -    1    0    -22.3831     1.6559   0.118451   -84.5934    34.6852   -33.4497     0.0000    0.00008
    2516   83.8333      -    1    0    -22.3882     1.6355   0.118471   -84.6006    34.6967   -33.4837     0.0000    0.00001
    2517   83.8667      -    1    0    -22.3809     1.6329   0.118468   -84.5980    34.6791   -33.4870     0.0000    0.00000
    2518   83.9000      -    1    0    -22.3826     1.6330   0.118450   -84.5989    34.6785   -33.4864     0.0000    0.00000
    2519   83.9333      -    1    0    -22.3911     1.6372   0.118420   -84.5923    34.6691   -33.4767     0.0000    0.00001
    2520   83.9667      -    1    0    -22.3906     1.6349   0.118380   -84.5925    34.6615   -33.4782     0.0000    0.00000
    2521   84.0000      -    1    0    -22.3880     1.6310   0.118354   -84.5933    34.6537   -33.4826     0.0000    0.00000
    2522   84.0333      -    1    0    -22.3768     1.6222   0.118306   -84.5943    34.6312   -33.4935     0.0000    0.00002
    2523   84.0667      -    1    0    -22.3639     1.6252   0.118281   -84.5906    34.6051   -33.4885     0.0000    0.00001
    2524   84.1000      -    1    0    -22.3611     1.6281   0.118281   -84.5896    34.6007   -33.4847     0.0000    0.00000
    2525   84.1333      -    1    0    -22.3884     1.6268   0.118287   -84.6800    34.7742   -33.5044     0.0000    0.00008
    2526   84.1667      -    1    0    -22.3903     1.6239   0.118270   -84.6811    34.7744   -33.5076     0.0000    0.00000
    2527   84.2000      -    1    0    -22.3818     1.6303   0.118253   -84.6773    34.7561   -33.4980     0.0000    0.00001
    2528   84.2333      -    1    0    -22.3789     1.6267   0.118227   -84.6778    34.7479   -33.5019     0.0000    0.00000
    2529   84.2667      -    1    0    -22.3732     1.6233   0.118178   -84.6774    34.7315   -33.5047     0.0000    0.00001
    2530   84.3000      -    1    0    -22.3653     1.6228   0.118150   -84.6730    34.7076   -33.5035     0.0000    0.00001
    2531   84.3333      -    1    0    -22.3670     1.6216   0.118144   -84.6741    34.7104   -33.5048     0.0000    0.00000
    2532   84.3667      -    1    0    -22.3743     1.6188   0.118122   -84.6723    34.7105   -33.5064     0.0000    0.00000
    2533   84.4000      -    1    0    -22.3837     1.6287   0.118115   -84.6669    34.7126   -33.4904     0.0000    0.00001
    2534   84.4333      -    1    0    -22.3844     1.6343   0.118113   -84.6587    34.6966   -33.4803     0.0000    0.00001
    2535   84.4667      -    1    0    -22.3487     1.6263   0.118095   -84.5576    34.4826   -33.4694     0.0000    0.00019
    2536   84.5000      -    1    0    -22.3467     1.6273   0.118094   -84.4711    34.3484   -33.4497     0.0000    0.00010
    2537   84.5333      -    1    0    -22.3293     1.6351   0.118102   -84.2968    34.0659   -33.4044     0.0000    0.00036
    2538   84.5667      -    1    0    -22.3158     1.6562   0.118096   -84.2027    33.9057   -33.3581     0.0000    0.00013
    2539   84.6000      -    1    0    -22.3529     1.7090   0.118049   -83.8307    34.0809   -33.0731     0.0000    0.00000
    2540   84.6333      -    1    0    -22.3640     1.7755   0.117971   -83.4460    34.1992   -32.7670     0.0000    0.00000
    2541   84.6667      -    1    0    -22.3599     1.8501   0.117930   -83.0557    34.2982   -32.4506     0.0000    0.00000
    2542   84.7000      -    1    0    -22.3527     1.8986   0.117911   -83.0378    34.2630   -32.3824     0.0000    0.00006
    2543   84.7333      -    1    0    -22.3396     1.9804   0.117884   -83.0057    34.1984   -32.2673     0.0000    0.00014
    2544   84.7667      -    1    0    -22.3281     2.0741   0.117846   -82.9718    34.1339   -32.1355     0.0000    0.00019
    2545   84.8000      -    1    0    -22.2975     2.1374   0.117812   -82.8678    33.9307   -32.0363     0.0000    0.00023
    2546   84.8333      -    1    0    -22.2179     2.2390   0.117691   -82.6729    33.3529   -32.0345     0.0000    0.00000
    2547   84.8667      -    1    0    -22.1618     2.3092   0.117466   -82.4089    32.5673   -32.1327     0.0000    0.00000
    2548   84.9000      -    1    0    -22.1640     2.3596   0.117358   -82.2464    32.3066   -32.0310     0.0000    0.00000
    2549   84.9333      -    1    0    -22.0985     2.5065   0.117081   -81.7582    31.4076   -31.7815     0.0000    0.00000
    2550   84.9667      -    1    0    -22.0138     2.7275   0.116803   -81.2713    30.4594   -31.4528     0.0000    0.00000
    2551   85.0000      -    1    0    -21.9272     2.9700   0.116618   -80.8655    29.6370   -31.1187     0.0000    0.00000
    2552   85.0333      -    1    0    -21.8846     3.0855   0.116570   -80.8074    29.2904   -31.1767     0.0000    0.00057
    2553   85.0667      -    1    0    -21.8177     3.2358   0.116533   -79.9758    29.0322   -30.8278     0.0000    0.00000
    2554   85.1000      -    1    0    -21.7589     3.3401   0.116589   -78.8630    28.9927   -30.2296     0.0000    0.00000
    2555   85.1333      -    1    0    -21.7519     3.3790   0.116638   -78.7461    28.9939   -30.1300     0.5190    0.00004
    2556   85.1667      -    1    0    -21.7318     3.3598   0.116679   -77.6184    29.2106   -29.6432     4.4204    0.00000
    2557   85.2000      -    1    0    -21.7389     3.3810   0.116672   -76.5495    29.5632   -29.0857     2.8393    0.00000
    2558   85.2333      -    1    0    -21.7100     3.5166   0.116658   -76.4176    29.4264   -28.7219     0.9775    0.00000
    2559   85.2667      -    1    0    -21.6930     3.5803   0.116683   -75.9822    29.4876   -28.3228     1.2768    0.00000
    2560   85.3000      -    1    0    -21.6866     3.7758   0.116819   -75.8195    29.4071   -27.8279     3.7842    0.00000
    2561   85.3333      -    1    0    -21.7099     3.9395   0.117052   -75.7857    29.3871   -27.6338     8.2937    0.00075
    2562   85.3667      -    1    0    -21.7134     3.9885   0.117163   -75.7762    29.3776   -27.5739    11.0444    0.00009
    2563   85.4000      -    1    0    -21.7042     4.0590   0.117322   -75.7539    29.3053   -27.4950    15.4135    0.00019
    2564   85.4333      -    1    0    -21.6732     4.0231   0.117378   -74.6151    29.4613   -27.0333    18.6881    0.00000
    2565   85.4667      -    1    0    -21.5717     4.0368   0.117313   -74.0462    29.1373   -26.7070    21.7755    0.00000
    2566   85.5000      -    1    0    -21.5342     4.0456   0.117289   -73.9506    29.0640   -26.5254    23.0854    0.00011
    2567   85.5333      -    1    0    -21.4408     4.0630   0.117236   -73.2868    28.9853   -25.7658    25.3588    0.00000
    2568   85.5667      -    1    0    -21.3201     4.0987   0.117119   -72.8232    28.7470   -24.8595    26.7154    0.00000
    2569   85.6000      -    1    0    -21.2620     4.0902   0.117058   -72.3120    28.7777   -24.4190    27.2019    0.00000
    2570   85.6333      -    1    0    -21.1597     4.0881   0.116927   -71.6850    28.6917   -23.7552    27.9785    0.00000
    2571   85.6667      -    1    0    -21.1028     4.1004   0.116872   -71.5857    28.5782   -23.5833    28.3153    0.00016
    2572   85.7000      -    1    0    -21.0892     4.0873   0.116870   -71.5875    28.5257   -23.6306    29.1480    0.00002
    2573   85.7333      -    1    0    -21.0570     4.0864   0.116836   -71.5364    28.3219   -23.6753    29.4473    0.00015
    2574   85.7667      -    1    0    -21.0452     4.0854   0.116767   -71.5411    28.2856   -23.6852    29.6625    0.00002
    2575   85.8000      -    1    0    -21.0188     4.0741   0.116668   -71.5407    28.1995   -23.7185    29.7374    0.00007
    2576   85.8333      -    1    0    -20.9992     4.0599   0.116599   -71.5410    28.1448   -23.7492    29.7748    0.00004
    2577   85.8667      -    1    0    -20.9325     4.0212   0.116381   -70.7221    28.1773   -23.2791    29.8497    0.00000
    2578   85.9000      -    1    0    -20.8589     3.9842   0.116045   -70.1751    28.0769   -22.8019    29.9245    0.00000
    2579   85.9333      -    1    0    -20.7596     3.9381   0.115593   -69.2607    27.8619   -21.6303    29.9619    0.00000
    2580   85.9667      -    1    0    -20.7090     3.9227   0.115349   -68.9339    27.7057   -21.0315    30.0087    0.00000
    2581   86.0000      -    1    0    -20.5979     3.8465   0.114876   -68.0199    27.5464   -19.8939    30.0367    0.00000
    2582   86.0333      -    1    0    -20.4234     3.7194   0.114207   -67.3096    27.2648   -19.2469    30.0367    0.00000
    2583   86.0667      -    1    0    -20.3115     3.6635   0.113812   -66.7784    27.0928   -18.8460    30.0367    0.00000
    2584   86.1000      -    1    0    -20.1454     3.5693   0.112993   -65.3795    27.4073   -17.4550    30.0461    0.00000
    2585   86.1333      -    1    0    -19.9801     3.4958   0.112142   -64.3146    27.8472   -16.0251    30.0555    0.00000
    2586   86.1667      -    1    0    -19.6688     3.3898   0.111168   -62.1550    27.7715   -14.3809    30.0461    0.00001
    2587   86.2000      -    1    0    -19.5307     3.3548   0.110696   -61.4585    27.7304   -13.6696    30.0461    0.00000
    2588   86.2333      -    1    0    -19.2278     3.2537   0.109738   -59.9085    27.5603   -12.2644    30.0461    0.00000
    2589   86.2667      -    1    0    -18.9615     3.1451   0.108887   -58.4138    27.5791   -10.8827    30.0368    0.00000
    2590   86.3000      -    1    0    -18.8142     3.1046   0.108495   -57.4703    27.4990   -10.1349    30.0367    0.00000
    2591   86.3333      -    1    0    -18.5357     3.0589   0.107775   -56.3708    27.1119    -9.1698    30.0274    0.00000
    2592   86.3667      -    1    0    -18.3345     2.9623   0.107194   -54.9302    27.1187    -7.9788    29.7000    0.00000
    2593   86.4000      -    1    0    -18.3114     2.8167   0.106931   -53.8786    28.0009    -6.5619    28.9047    0.00001
    2594   86.4333      -    1    0    -18.2280     2.7546   0.106840   -53.4381    27.9519    -6.3190    28.4931    0.00000
    2595   86.4667      -    1    0    -18.0139     2.6410   0.106756   -52.1714    27.7100    -5.7032    27.6791    0.00000
    2596   86.5000      -    1    0    -17.7650     2.5483   0.106841   -50.1418    27.3221    -4.8168    27.0709    0.00000
    2597   86.5333      -    1    0    -17.6536     2.5534   0.106904   -49.6629    27.0786    -4.5374    26.7716    0.00000
    2598   86.5667      -    1    0    -17.4516     2.5872   0.107069   -48.8095    26.5791    -4.1781    25.9576    0.00000
    2599   86.6000      -    1    0    -17.2650     2.5946   0.107217   -48.3889    25.9292    -4.2919    25.0127    0.00000
    2600   86.6333      -    1    0    -17.1886     2.5553   0.107318   -47.6659    25.7418    -4.1702    24.5542    0.00000
    2601   86.6667      -    1    0    -17.0250     2.4509   0.107552   -46.2292    25.1822    -4.1229    23.5625    0.00000
    2602   86.7000      -    1    0    -16.9049     2.3251   0.107800   -45.8928    24.7206    -4.5519    23.2912    0.00000
    2603   86.7333      -    1    0    -16.8564     2.1421   0.108022   -45.6390    24.5082    -4.9159    22.0656    0.00000
    2604   86.7667      -    1    0    -16.8402     2.0385   0.108103   -45.5240    24.3558    -5.1571    21.1019    0.00000
    2605   86.8000      -    1    0    -16.8463     1.8117   0.108308   -45.5004    24.2086    -5.6373    19.8015    0.00000
    2606   86.8333      -    1    0    -16.8416     1.6134   0.108543   -45.4796    24.1744    -5.9871    19.0343    0.00000
    2607   86.8667      -    1    0    -16.8477     1.5335   0.108681   -45.4678    24.2658    -6.0469    18.7536    0.00018
    2608   86.9000      -    1    0    -16.7699     1.4056   0.108923   -44.7236    24.1730    -6.0455    18.6039    0.00000
    2609   86.9333      -    1    0    -16.6609     1.2949   0.109085   -44.7294    24.0179    -6.3780    18.2858    0.00000
    2610   86.9667      -    1    0    -16.5546     1.1922   0.109244   -44.7419    24.0044    -6.5845    17.4812    0.00050
    2611   87.0000      -    1    0    -16.4878     1.1431   0.109311   -44.7503    23.9718    -6.7077    17.2941    0.00013
    2612   87.0333      -    1    0    -16.3469     1.0785   0.109462   -44.4027    23.8878    -6.7711    17.2660    0.00000
    2613   87.0667      -    1    0    -16.2009     1.0664   0.109640   -44.0549    23.7326    -6.8134    17.1350    0.00000
    2614   87.1000      -    1    0    -16.1476     1.0814   0.109725   -44.0611    23.6481    -6.8751    17.0789    0.00007
    2615   87.1333      -    1    0    -16.0172     1.0838   0.109848   -43.3445    23.4905    -6.7497    17.1257    0.00000
    2616   87.1667      -    1    0    -15.9214     1.0704   0.109932   -42.9914    23.3918    -6.7379    17.1070    0.00038
    2617   87.2000      -    1    0    -15.8840     1.0292   0.110046   -42.9909    23.3934    -6.8191    16.8357    0.00010
    2618   87.2333      -    1    0    -15.8650     1.0006   0.110112   -42.6207    23.4037    -6.7220    16.7515    0.00010
    2619   87.2667      -    1    0    -15.8530     0.9611   0.110236   -42.6087    23.4052    -6.7945    16.8918    0.00008
    2620   87.3000      -    1    0    -15.8433     0.9233   0.110346   -42.2319    23.4301    -6.6997    16.8918    0.00012
    2621   87.3333      -    1    0    -15.8468     0.9079   0.110454   -42.2206    23.4367    -6.7238    16.8544    0.00003
    2622   87.3667      -    1    0    -15.8351     0.8950   0.110506   -41.8505    23.4368    -6.6067    16.9947    0.00009
    2623   87.4000      -    1    0    -15.8297     0.9057   0.110569   -41.8454    23.4003    -6.6257    17.2192    0.00001
    2624   87.4333      -    1    0    -15.8281     0.9145   0.110599   -41.8436    23.3821    -6.6289    17.2660    0.00000
    2625   87.4667      -    1    0    -15.7962     0.9152   0.110656   -41.1115    23.3523    -6.3770    17.4532    0.00000
    2626   87.5000      -    1    0    -15.7725     0.9302   0.110725   -41.1136    23.3048    -6.4045    17.6683    0.00002
    2627   87.5333      -    1    0    -15.7341     0.9442   0.110762   -41.1221    23.2489    -6.4431    17.9583    0.00003
    2628   87.5667      -    1    0    -15.7154     0.9517   0.110774   -41.1268    23.2232    -6.4591    18.0238    0.00001
    2629   87.6000      -    1    0    -15.6805     0.9642   0.110802   -41.1341    23.1706    -6.4959    18.3139    0.00002
    2630   87.6333      -    1    0    -15.6707     0.9611   0.110824   -41.1393    23.2823    -6.4060    18.6694    0.00006
    2631   87.6667      -    1    0    -15.6423     0.9641   0.110802   -40.8135    23.2497    -6.3056    18.6600    0.00012
    2632   87.7000      -    1    0    -15.6378     0.9792   0.110796   -40.7831    23.2282    -6.2878    18.5197    0.00001
    2633   87.7333      -    1    0    -15.6384     1.0194   0.110799   -40.7847    23.1748    -6.2691    18.4542    0.00003
    2634   87.7667      -    1    0    -15.6335     1.0477   0.110803   -40.7865    23.1290    -6.2651    18.4916    0.00002
    2635   87.8000      -    1    0    -15.6271     1.0554   0.110801   -40.7872    23.1028    -6.2779    18.4636    0.00001
    2636   87.8333      -    1    0    -15.6139     1.0493   0.110809   -40.4212    23.0914    -6.1590    18.4542    0.00010
    2637   87.8667      -    1    0    -15.6203     1.0518   0.110824   -40.4179    23.0862    -6.1589    18.6226    0.00000
    2638   87.9000      -    1    0    -15.6214     1.0530   0.110827   -40.4168    23.0817    -6.1610    18.5478    0.00000
    2639   87.9333      -    1    0    -15.6232     1.0526   0.110821   -40.4151    23.0718    -6.1703    18.2016    0.00000
    2640   87.9667      -    1    0    -15.6211     1.0481   0.110822   -40.4127    23.0583    -6.1911    18.0426    0.00000
    2641   88.0000      -    1    0    -15.6150     1.0546   0.110817   -40.4151    23.0445    -6.1943    18.1735    0.00001
    2642   88.0333      -    1    0    -15.6163     1.0542   0.110815   -40.4141    23.0405    -6.1983    18.2578    0.00000
    2643   88.0667      -    1    0    -15.6222     1.0476   0.110811   -40.4106    23.0427    -6.2060    18.2858    0.00000
    2644   88.1000      -    1    0    -15.6208     1.0452   0.110796   -40.0443    23.0418    -6.0672    18.2390    0.00008
    2645   88.1333      -    1    0    -15.6192     1.0351   0.110784   -39.6760    23.0422    -5.9400    18.2109    0.00007
    2646   88.1667      -    1    0    -15.6403     1.0310   0.110771   -39.6700    23.0553    -5.9283    18.2578    0.00001
    2647   88.2000      -    1    0    -15.6521     1.0275   0.110727   -39.6667    23.0495    -5.9351    18.2764    0.00001
    2648   88.2333      -    1    0    -15.6689     1.0263   0.110704   -39.6619    23.0545    -5.9273    18.2016    0.00001
    2649   88.2667      -    1    0    -15.6758     1.0228   0.110687   -39.6601    23.0578    -5.9274    18.1923    0.00000
    2650   88.3000      -    1    0    -15.6868     1.0135   0.110630   -39.6576    23.0606    -5.9355    18.2297    0.00002
    2651   88.3333      -    1    0    -15.6982     1.0038   0.110576   -39.6558    23.0700    -5.9378    18.2390    0.00002
    2652   88.3667      -    1    0    -15.7068     0.9963   0.110553   -39.6534    23.0790    -5.9389    18.2390    0.00001
    2653   88.4000      -    1    0    -15.6994     0.9842   0.110470   -39.2908    23.0716    -5.8199    18.1829    0.00007
    2654   88.4333      -    1    0    -15.6906     0.9944   0.110386   -39.2984    23.0396    -5.8314    18.1548    0.00003
    2655   88.4667      -    1    0    -15.6812     0.9984   0.110344   -39.3034    23.0198    -5.8441    18.1548    0.00001
    2656   88.5000      -    1    0    -15.6794     0.9930   0.110331   -39.3042    23.0222    -5.8509    18.1361    0.00000
    2657   88.5333      -    1    0    -15.6692     0.9918   0.110315   -39.3069    23.0057    -5.8707    18.0706    0.00001
    2658   88.5667      -    1    0    -15.6986     0.9739   0.110318   -39.3008    23.1715    -5.7365    18.0051    0.00009
    2659   88.6000      -    1    0    -15.7009     0.9719   0.110305   -39.3004    23.1741    -5.7363    17.9864    0.00000
    2660   88.6333      -    1    0    -15.7161     0.9676   0.110286   -39.2963    23.1870    -5.7265    17.9771    0.00001
    2661   88.6667      -    1    0    -15.7446     0.9582   0.110261   -39.2870    23.2070    -5.7149    17.9022    0.00003
    2662   88.7000      -    1    0    -15.7827     0.9498   0.110230   -39.2762    23.2396    -5.6868    17.8274    0.00004
    2663   88.7333      -    1    0    -15.7976     0.9486   0.110209   -39.2724    23.2476    -5.6765    17.8180    0.00001
    2664   88.7667      -    1    0    -15.8050     0.9382   0.110147   -39.2718    23.2529    -5.6844    17.7806    0.00002
    2665   88.8000      -    1    0    -15.7930     0.9313   0.110094   -39.2761    23.2355    -5.7138    17.7619    0.00002
    2666   88.8333      -    1    0    -15.7809     0.9306   0.110061   -39.2809    23.2198    -5.7317    17.7806    0.00001
    2667   88.8667      -    1    0    -15.7428     0.9164   0.109968   -39.2934    23.1784    -5.8014    18.0238    0.00009
    2668   88.9000      -    1    0    -15.6904     0.9029   0.109872   -39.3111    23.1320    -5.8783    18.1361    0.00013
    2669   88.9333      -    1    0    -15.6600     0.8868   0.109806   -39.3239    23.2260    -5.8221    18.0613    0.00007
    2670   88.9667      -    1    0    -15.6648     0.8767   0.109802   -39.3252    23.3577    -5.7131    17.9864    0.00006
    2671   89.0000      -    1    0    -15.6398     0.8749   0.109794   -39.3317    23.3316    -5.7474    17.9958    0.00002
    2672   89.0333      -    1    0    -15.6454     0.8647   0.109800   -39.3303    23.4556    -5.6466    17.9677    0.00006
    2673   89.0667      -    1    0    -15.6409     0.8657   0.109803   -39.3312    23.4493    -5.6520    17.9583    0.00000
    2674   89.1000      -    1    0    -15.6422     0.8682   0.109816   -39.3296    23.4440    -5.6532    17.8742    0.00000
    2675   89.1333      -    1    0    -15.6423     0.8693   0.109822   -39.3292    23.4434    -5.6522    17.7899    0.00000
    2676   89.1667      -    1    0    -15.6417     0.8693   0.109823   -39.3294    23.4430    -5.6527    17.7806    0.00000
    2677   89.2000      -    1    0    -15.6398     0.8668   0.109826   -39.3295    23.4444    -5.6563    17.7619    0.00000
    2678   89.2333      -    1    0    -15.6459     0.8636   0.109827   -39.3268    23.4489    -5.6561    17.7806    0.00000
    2679   89.2667      -    1    0    -15.6537     0.8524   0.109826   -39.3239    23.4687    -5.6540    17.8928    0.00001
    2680   89.3000      -    1    0    -15.6540     0.8458   0.109824   -39.3233    23.4759    -5.6583    17.8928    0.00000
    2681   89.3333      -    1    0    -15.6530     0.8490   0.109823   -39.3239    23.4714    -5.6575    17.9022    0.00000
    2682   89.3667      -    1    0    -15.6517     0.8485   0.109819   -39.3244    23.4700    -5.6599    17.9022    0.00000
    2683   89.4000      -    1    0    -15.6515     0.8494   0.109824   -39.3242    23.4692    -5.6593    17.9116    0.00000
    2684   89.4333      -    1    0    -15.6459     0.8546   0.109833   -39.3257    23.4595    -5.6616    17.9397    0.00000
    2685   89.4667      -    1    0    -15.6475     0.8545   0.109830   -39.3246    23.4554    -5.6652    17.9209    0.00000
    2686   89.5000      -    1    0    -15.6443     0.8571   0.109826   -39.3266    23.4540    -5.6627    17.9303    0.00000
    2687   89.5333      -    1    0    -15.6371     0.8643   0.109828   -39.3293    23.4392    -5.6664    17.9677    0.00000
    2688   89.5667      -    1    0    -15.6353     0.8692   0.109833   -39.3297    23.4328    -5.6650    18.0800    0.00000
    2689   89.6000      -    1    0    -15.6388     0.8691   0.109852   -39.3270    23.4338    -5.6643    18.0893    0.00000
    2690   89.6333      -    1    0    -15.6420     0.8681   0.109869   -39.3253    23.4402    -5.6598    18.0706    0.00000
    2691   89.6667      -    1    0    -15.6504     0.8662   0.109907   -39.3219    23.4612    -5.6423    18.0519    0.00000
    2692   89.7000      -    1    0    -15.6531     0.8639   0.109912   -39.3207    23.4681    -5.6393    18.0332    0.00000
    2693   89.7333      -    1    0    -15.6794     0.8504   0.109921   -39.3149    23.6264    -5.5054    17.9303    0.00009
    2694   89.7667      -    1    0    -15.6807     0.8520   0.109930   -39.3132    23.6208    -5.5080    17.8461    0.00000
    2695   89.8000      -    1    0    -15.6894     0.8326   0.109931   -39.3082    23.6458    -5.5152    17.8087    0.00001
    2696   89.8333      -    1    0    -15.6923     0.8140   0.109940   -39.3054    23.6701    -5.5235    17.8461    0.00001
    2697   89.8667      -    1    0    -15.6931     0.8015   0.109946   -39.3040    23.6853    -5.5304    17.8742    0.00000
    2698   89.9000      -    1    0    -15.7114     0.7596   0.109974   -39.2919    23.7377    -5.5486    17.8928    0.00003
    2699   89.9333      -    1    0    -15.7342     0.6811   0.110016   -39.2733    23.8253    -5.5955    18.0612    0.00010
    2700   89.9667      -    1    0    -15.7648     0.5744   0.110049   -39.2508    23.9512    -5.6517    18.0987    0.00018
    2701   90.0000      -    1    0    -15.7600     0.5247   0.110050   -39.2448    23.8790    -5.8060    18.1735    0.00010
    2702   90.0333      -    1    0    -15.7778     0.4273   0.110053   -39.2282    23.8829    -5.9629    18.3513    0.00018
    2703   90.0667      -    1    0    -15.8403     0.3373   0.110062   -39.9368    23.9050    -6.3776    18.1829    0.00000
    2704   90.1000      -    1    0    -15.8882     0.2796   0.110055   -40.2884    23.9996    -6.5230    18.0987    0.00000
    2705   90.1333      -    1    0    -15.9408     0.2023   0.110017   -40.6326    23.9900    -6.7911    17.6590    0.00000
    2706   90.1667      -    1    0    -16.0101     0.1515   0.109984   -41.3351    24.0572    -7.0857    17.4438    0.00000
    2707   90.2000      -    1    0    -16.0580     0.0910   0.109896   -41.6934    24.0987    -7.2815    17.2660    0.00000
    2708   90.2333      -    1    0    -16.0807     0.0704   0.109833   -42.0556    24.1081    -7.4438    17.0602    0.00007
    2709   90.2667      -    1    0    -16.0981     0.0466   0.109689   -42.7843    23.9728    -7.8709    16.1621    0.00000
    2710   90.3000      -    1    0    -16.1014    -0.0136   0.109557   -43.1362    23.7598    -8.2739    15.0580    0.00000
    2711   90.3333      -    1    0    -16.1146    -0.0485   0.109514   -43.4917    23.6648    -8.5385    14.4686    0.00000
    2712   90.3667      -    1    0    -16.1302    -0.1473   0.109469   -43.4677    23.5454    -8.7828    13.6266    0.00031
    2713   90.4000      -    1    0    -16.1399    -0.2458   0.109416   -43.4438    23.4384    -9.0185    13.3459    0.00029
    2714   90.4333      -    1    0    -16.1496    -0.2987   0.109377   -43.4342    23.4471    -9.0909    13.3833    0.00007
    2715   90.4667      -    1    0    -16.1763    -0.3993   0.109269   -43.4201    23.5270    -9.1753    13.5985    0.00028
    2716   90.5000      -    1    0    -16.1754    -0.4576   0.109121   -43.4135    23.5151    -9.2721    13.7857    0.00017
    2717   90.5333      -    1    0    -16.1553    -0.4851   0.108905   -43.4191    23.4572    -9.3586    13.7950    0.00015
    2718   90.5667      -    1    0    -16.1520    -0.5049   0.108806   -43.4211    23.4492    -9.3932    13.7669    0.00004
    2719   90.6000      -    1    0    -16.1469    -0.5495   0.108568   -43.4227    23.4181    -9.4811    13.6359    0.00020
    2720   90.6333      -    1    0    -16.1611    -0.5966   0.108304   -43.4242    23.4160    -9.5426    12.7658    0.00024
    2721   90.6667      -    1    0    -16.1782    -0.5980   0.108194   -43.3664    23.3492    -9.4298    11.8957    0.00008
    2722   90.7000      -    1    0    -16.2366    -0.5873   0.108063   -43.2333    23.2611    -9.1601    10.0807    0.00031
    2723   90.7333      -    1    0    -16.3154    -0.5791   0.108026   -43.1183    23.2347    -8.9185     8.6212    0.00021
    2724   90.7667      -    1    0    -16.3878    -0.5858   0.108035   -43.1009    23.3083    -8.8744     7.7043    0.00008
    2725   90.8000      -    1    0    -16.4115    -0.5819   0.108067   -43.0944    23.3286    -8.8477     7.5265    0.00001
    2726   90.8333      -    1    0    -16.4313    -0.5656   0.108156   -43.0822    23.3184    -8.8293     7.6950    0.00003
    2727   90.8667      -    1    0    -16.4415    -0.5453   0.108211   -43.0757    23.2994    -8.8123     8.2470    0.00002
    2728   90.9000      -    1    0    -16.4432    -0.5421   0.108223   -43.0727    23.2886    -8.8164     8.5276    0.00000
    2729   90.9333      -    1    0    -16.4368    -0.5405   0.108226   -43.0731    23.2747    -8.8270     9.1452    0.00000
    2730   90.9667      -    1    0    -16.4254    -0.5184   0.108228   -43.0763    23.2400    -8.8235     9.6129    0.00001
    2731   91.0000      -    1    0    -16.4210    -0.4972   0.108211   -43.0781    23.2051    -8.8185     9.8187    0.00002
    2732   91.0333      -    1    0    -16.4235    -0.4926   0.108201   -43.0783    23.2013    -8.8134     9.8188    0.00000
    2733   91.0667      -    1    0    -16.4255    -0.4921   0.108205   -43.0779    23.2033    -8.8106     9.7439    0.00000
    2734   91.1000      -    1    0    -16.4363    -0.4983   0.108228   -43.0732    23.2196    -8.8055     9.7065    0.00000
    2735   91.1333      -    1    0    -16.4522    -0.5055   0.108254   -43.0675    23.2420    -8.7955     9.7158    0.00000
    2736   91.1667      -    1    0    -16.4929    -0.5094   0.108307   -43.0557    23.2921    -8.7526     9.8094    0.00003
    2737   91.2000      -    1    0    -16.5390    -0.4791   0.108345   -42.9530    23.2334    -8.5154     9.8655    0.00013
    2738   91.2333      -    1    0    -16.5984    -0.4750   0.108398   -42.9369    23.2849    -8.4567     9.6597    0.00006
    2739   91.2667      -    1    0    -16.6288    -0.4785   0.108426   -42.9272    23.3144    -8.4317     9.5287    0.00001
    2740   91.3000      -    1    0    -16.7113    -0.5162   0.108532   -42.8986    23.4302    -8.3798     8.8364    0.00018
    2741   91.3333      -    1    0    -16.8141    -0.5973   0.108687   -43.2135    23.4560    -8.6002     8.2470    0.00000
    2742   91.3667      -    1    0    -16.8690    -0.6447   0.108763   -43.9165    23.3959    -8.9780     8.1440    0.00000
    2743   91.4000      -    1    0    -16.9425    -0.7793   0.108895   -45.4176    23.2692   -10.0102     8.1160    0.00000
    2744   91.4333      -    1    0    -16.9988    -0.9081   0.108974   -46.5682    23.3464   -10.7464     8.0973    0.00000
    2745   91.4667      -    1    0    -16.9684    -0.9090   0.108906   -47.3077    23.2372   -11.0627     8.1347    0.00000
    2746   91.5000      -    1    0    -16.9441    -0.8612   0.108825   -48.4026    23.0454   -11.4945     8.0599    0.00000
    2747   91.5333      -    1    0    -16.8972    -0.8155   0.108688   -49.9589    22.8543   -12.2693     7.5172    0.00000
    2748   91.5667      -    1    0    -16.8792    -0.8041   0.108607   -51.7690    22.5946   -12.9818     6.8249    0.00000
    2749   91.6000      -    1    0    -16.8904    -0.8039   0.108596   -52.8468    22.4707   -13.3970     6.4974    0.00000
    2750   91.6333      -    1    0    -16.9575    -0.8059   0.108638   -55.5259    22.3353   -14.6605     5.8518    0.00001
    2751   91.6667      -    1    0    -17.0216    -0.7850   0.108736   -57.7221    22.0629   -15.7916     5.5431    0.00001
    2752   91.7000      -    1    0    -17.0407    -0.7256   0.108847   -61.1762    21.0967   -17.6606     3.6720    0.00002
    2753   91.7333      -    1    0    -17.0466    -0.6849   0.108889   -63.6860    20.2747   -18.9202     0.3226    0.00001
    2754   91.7667      -    1    0    -17.0664    -0.6626   0.108933   -68.5274    18.2504   -21.2983     0.0000    0.00008
    2755   91.8000      -    1    0    -17.1613    -0.7646   0.109163   -70.1695    17.3379   -22.3461     0.0000    0.00001
    2756   91.8333      -    1    0    -17.2172    -0.8098   0.109364   -71.0693    16.9606   -22.8585     0.0000    0.00000
    2757   91.8667      -    1    0    -17.3152    -0.9226   0.109728   -71.6227    16.8469   -23.6429     0.0000    0.00000
    2758   91.9000      -    1    0    -17.3473    -0.8528   0.109950   -73.3936    16.4198   -24.5151     0.0000    0.00000
    2759   91.9333      -    1    0    -17.3473    -0.7893   0.110024   -73.8993    16.2546   -24.7480     0.0000    0.00000
    2760   91.9667      -    1    0    -17.2997    -0.6662   0.110010   -75.0831    15.7705   -25.4190     0.0000    0.00000
    2761   92.0000      -    1    0    -17.2262    -0.5652   0.109958   -76.5980    15.1490   -26.1939     0.3226    0.00000
    2762   92.0333      -    1    0    -17.2109    -0.5757   0.109900   -77.1683    15.1249   -26.7943     2.9889    0.00000
    2763   92.0667      -    1    0    -17.2019    -0.5865   0.109868   -77.2369    15.1036   -26.9860     3.6252    0.00006
    2764   92.1000      -    1    0    -17.1904    -0.5857   0.109860   -77.7607    14.9435   -27.5979     5.0660    0.00000
    2765   92.1333      -    1    0    -17.1607    -0.5078   0.109868   -78.9271    14.4716   -28.2871     7.2552    0.00000
    2766   92.1667      -    1    0    -17.1534    -0.4660   0.109883   -79.3886    14.2998   -28.6579     7.9289    0.00000
    2767   92.2000      -    1    0    -17.1459    -0.4246   0.109918   -80.0573    14.0814   -29.6151    10.9134    0.00000
    2768   92.2333      -    1    0    -17.1227    -0.3875   0.109932   -80.7468    13.8383   -30.6140    13.3085    0.00000
    2769   92.2667      -    1    0    -17.0898    -0.3247   0.109954   -81.3660    13.5883   -31.3748    14.5528    0.00000
    2770   92.3000      -    1    0    -17.0677    -0.2923   0.109958   -81.4618    13.5135   -31.5931    14.9925    0.00012
    2771   92.3333      -    1    0    -17.0274    -0.1827   0.109953   -82.1180    13.1123   -31.7424    15.9094    0.00000
    2772   92.3667      -    1    0    -17.0367    -0.1306   0.110013   -82.1264    13.0609   -31.6741    16.8076    0.00007
    2773   92.4000      -    1    0    -17.0798    -0.1294   0.110168   -82.1018    13.0885   -31.6688    17.0976    0.00011
    2774   92.4333      -    1    0    -17.1276    -0.1343   0.110308   -82.0951    13.1568   -31.6725    17.3222    0.00010
    2775   92.4667      -    1    0    -17.2301    -0.1147   0.110637   -82.0771    13.2769   -31.6435    17.8648    0.00058
    2776   92.5000      -    1    0    -17.3456    -0.0346   0.111030   -82.0214    13.4649   -31.3675    18.4262    0.00092
    2777   92.5333      -    1    0    -17.4048    -0.0078   0.111248   -82.0261    13.5625   -31.3392    18.8939    0.00022
    2778   92.5667      -    1    0    -17.5055     0.0405   0.111629   -82.0239    13.7051   -31.2796    19.3524    0.00071
    2779   92.6000      -    1    0    -17.5908     0.0958   0.112016   -82.0196    13.8227   -31.2128    19.5582    0.00065
    2780   92.6333      -    1    0    -17.6224     0.1281   0.112202   -82.0202    13.8723   -31.1751    19.7640    0.00013
    2781   92.6667      -    1    0    -17.6520     0.1765   0.112522   -82.0148    13.9203   -31.1220    20.1102    0.00030
    2782   92.7000      -    1    0    -17.6613     0.2150   0.112876   -82.0160    13.9747   -31.0863    20.2318    0.00023
    2783   92.7333      -    1    0    -17.6040     0.2183   0.113096   -81.9807    13.8681   -31.0943    21.1767    0.00020
    2784   92.7667      -    1    0    -17.5434     0.1887   0.113134   -81.9550    13.7682   -31.1381    21.8504    0.00008
    2785   92.8000      -    1    0    -17.3864     0.0818   0.113170   -81.9153    13.5841   -31.2903    22.9076    0.00056
    2786   92.8333      -    1    0    -17.2307    -0.0607   0.113212   -81.4886    13.5725   -31.2278    23.3473    0.00000
    2787   92.8667      -    1    0    -17.1623    -0.1382   0.113199   -81.4043    13.5221   -31.1589    23.5906    0.00019
    2788   92.9000      -    1    0    -17.0493    -0.2401   0.113037   -81.1374    13.4562   -30.6050    23.8432    0.00000
    2789   92.9333      -    1    0    -16.9473    -0.2990   0.112722   -80.8694    13.3589   -30.0148    23.5251    0.00000
    2790   92.9667      -    1    0    -16.8431    -0.3507   0.112170   -80.6559    13.2080   -29.5554    22.6924    0.00000
    2791   93.0000      -    1    0    -16.7836    -0.3807   0.111858   -80.5786    13.1086   -29.4168    22.1591    0.00035
    2792   93.0333      -    1    0    -16.6350    -0.4714   0.111139   -80.4229    12.8313   -29.1961    21.7475    0.00000
    2793   93.0667      -    1    0    -16.4454    -0.5739   0.110330   -80.2780    12.4889   -29.0274    21.7475    0.00000
    2794   93.1000      -    1    0    -16.3578    -0.6181   0.109933   -80.1857    12.3382   -28.8776    21.4668    0.00067
    2795   93.1333      -    1    0    -16.2975    -0.6998   0.109236   -80.1061    12.5145   -28.4470    21.1487    0.00000
    2796   93.1667      -    1    0    -16.4322    -0.7863   0.108691   -80.3931    13.6256   -28.1841    20.4376    0.00000
    2797   93.2000      -    1    0    -16.4360    -0.8037   0.108463   -80.3671    13.6821   -28.0507    20.0728    0.00008
    2798   93.2333      -    1    0    -16.4248    -0.8390   0.108043   -80.3821    13.6361   -28.0985    19.8108    0.00029
    2799   93.2667      -    1    0    -16.3801    -0.8813   0.107732   -80.3532    13.4825   -28.1470    19.7173    0.00036
    2800   93.3000      -    1    0    -16.3583    -0.9156   0.107724   -80.3344    13.4307   -28.1921    20.3441    0.00003
    2801   93.3333      -    1    0    -16.3463    -0.9332   0.107758   -80.3130    13.3841   -28.2162    20.8119    0.00002
    2802   93.3667      -    1    0    -16.3776    -0.9866   0.108023   -80.2370    13.4892   -28.0975    21.1581    0.00027
    2803   93.4000      -    1    0    -16.4095    -1.0873   0.108451   -80.1541    13.6443   -28.0597    21.2610    0.00074
    2804   93.4333      -    1    0    -16.4245    -1.1394   0.108708   -80.0815    13.7401   -27.9586    21.1861    0.00023
    2805   93.4667      -    1    0    -16.4393    -1.2623   0.109287   -79.9315    13.9450   -27.7829    21.5417    0.00000
    2806   93.5000      -    1    0    -16.3700    -1.3678   0.109782   -79.8358    13.9979   -27.7850    21.7287    0.00000
    2807   93.5333      -    1    0    -16.2675    -1.3818   0.110262   -79.6841    13.9734   -27.4894    21.7101    0.00000
    2808   93.5667      -    1    0    -16.2111    -1.3658   0.110477   -79.6079    13.9321   -27.3287    21.8878    0.00024
    2809   93.6000      -    1    0    -16.0806    -1.3276   0.110860   -79.5067    13.8249   -27.1452    22.4772    0.00094
    2810   93.6333      -    1    0    -15.9397    -1.2492   0.111163   -79.5539    13.8014   -27.0992    22.6456    0.00091
    2811   93.6667      -    1    0    -15.8863    -1.1973   0.111302   -79.6014    13.8575   -27.0536    22.4585    0.00020
    2812   93.7000      -    1    0    -15.8580    -1.1047   0.111554   -79.7822    14.2574   -26.9632    22.0468    0.00000
    2813   93.7333      -    1    0    -15.7960    -1.0140   0.111707   -79.8439    14.3180   -26.8726    22.2808    0.00033
    2814   93.7667      -    1    0    -15.7222    -0.9473   0.111765   -79.8280    14.1766   -26.8064    22.3930    0.00016
    2815   93.8000      -    1    0    -15.7066    -0.9225   0.111779   -79.8235    14.1370   -26.7793    22.4024    0.00002
    2816   93.8333      -    1    0    -15.7274    -0.8890   0.111832   -79.8198    14.1383   -26.7358    22.4211    0.00003
    2817   93.8667      -    1    0    -15.7953    -0.8432   0.112004   -79.8311    14.2378   -26.6724    22.2433    0.00023
    2818   93.9000      -    1    0    -15.8491    -0.8052   0.112128   -79.8332    14.2985   -26.6194    22.1123    0.00013
    2819   93.9333      -    1    0    -15.9694    -0.7326   0.112356   -79.9573    14.4053   -26.8252    21.9439    0.00056
    2820   93.9667      -    1    0    -16.0993    -0.6567   0.112511   -80.0812    14.5613   -26.9250    21.9908    0.00045
    2821   94.0000      -    1    0    -16.1885    -0.5405   0.112656   -80.0418    14.5166   -26.7564    21.1113    0.00050
    2822   94.0333      -    1    0    -16.2412    -0.4592   0.112704   -80.3249    14.3051   -26.7275    19.6704    0.00048
    2823   94.0667      -    1    0    -16.2817    -0.3043   0.112705   -80.0771    13.4679   -26.6862    17.9864    0.00000
    2824   94.1000      -    1    0    -16.4122    -0.1517   0.112767   -79.9802    13.2348   -26.4651    17.2847    0.00000
    2825   94.1333      -    1    0    -16.5087    -0.1190   0.112892   -80.0731    13.3852   -26.5967    17.1912    0.00024
    2826   94.1667      -    1    0    -16.6553    -0.0839   0.113146   -80.0789    13.5799   -26.5192    17.7525    0.00068
    2827   94.2000      -    1    0    -16.6806    -0.0546   0.113252   -80.0688    13.5856   -26.4809    18.2016    0.00006
    2828   94.2333      -    1    0    -16.6372     0.0038   0.113303   -80.0657    13.5037   -26.4190    17.6683    0.00009
    2829   94.2667      -    1    0    -16.6186     0.0293   0.113304   -80.0594    13.4517   -26.3911    17.1818    0.00002
    2830   94.3000      -    1    0    -16.6039     0.0478   0.113260   -80.0359    13.3582   -26.3687    15.9843    0.00005
    2831   94.3333      -    1    0    -16.5901     0.0346   0.113228   -80.0288    13.3305   -26.3861    13.7857    0.00002
    2832   94.3667      -    1    0    -16.5746     0.0313   0.113222   -80.0228    13.3007   -26.3926    12.3168    0.00001
    2833   94.4000      -    1    0    -16.5638     0.0348   0.113255   -80.0149    13.2747   -26.3910     9.4071    0.00000
    2834   94.4333      -    1    0    -16.5267     0.0439   0.113263   -79.6125    13.1537   -26.3095     4.0930    0.00000
    2835   94.4667      -    1    0    -16.5503     0.0438   0.113284   -79.6118    13.1798   -26.3057     0.0000    0.00001
    2836   94.5000      -    1    0    -16.5309     0.0420   0.113298   -79.5553    13.0206   -26.3106     0.0000    0.00009
    2837   94.5333      -    1    0    -16.4628     0.0645   0.113317   -79.3253    12.5210   -26.1077     0.0000    0.00000
    2838   94.5667      -    1    0    -16.4944     0.0818   0.113388   -79.2866    12.5786   -25.9613     0.0000    0.00005
    2839   94.6000      -    1    0    -16.5042     0.0881   0.113444   -79.2661    12.6055   -25.9112     0.0000    0.00001
    2840   94.6333      -    1    0    -16.5149     0.0920   0.113583   -79.2624    12.6290   -25.9186     0.0000    0.00002
    2841   94.6667      -    1    0    -16.5414     0.0678   0.113649   -78.2705    12.9874   -25.7265     0.0000    0.00000
    2842   94.7000      -    1    0    -16.5241     0.0787   0.113645   -77.8519    12.9146   -25.4657     0.0000    0.00000
    2843   94.7333      -    1    0    -16.4095     0.1045   0.113678   -77.6118    12.2366   -25.4839     0.0000    0.00000
    2844   94.7667      -    1    0    -16.3724     0.0977   0.113826   -76.8544    12.1668   -25.3756     0.0000    0.00000
    2845   94.8000      -    1    0    -16.3335     0.0831   0.114007   -76.0858    12.0815   -25.2830     0.0000    0.00000
    2846   94.8333      -    1    0    -16.3281     0.0923   0.114125   -75.7624    12.2032   -25.2073     0.0000    0.00016
    2847   94.8667      -    1    0    -16.2516     0.1404   0.114413   -75.0467    12.1853   -25.0497     0.0000    0.00000
    2848   94.9000      -    1    0    -16.1949     0.1886   0.114693   -74.7090    12.2137   -24.9479     0.0000    0.00038
    2849   94.9333      -    1    0    -16.1700     0.1985   0.114804   -74.3749    12.2880   -24.8777     0.0000    0.00009
    2850   94.9667      -    1    0    -16.1114     0.2197   0.114967   -73.7116    12.4257   -24.7351     0.0000    0.00000
    2851   95.0000      -    1    0    -16.0212     0.2674   0.115058   -73.7041    12.2791   -24.7133     0.0000    0.00020
    2852   95.0333      -    1    0    -15.9351     0.3090   0.115148   -73.6934    12.1352   -24.6976     0.0000    0.00018
    2853   95.0667      -    1    0    -15.9025     0.3256   0.115165   -73.6908    12.0793   -24.6904     0.0000    0.00002
    2854   95.1000      -    1    0    -15.8433     0.3509   0.115185   -73.6852    11.9795   -24.6826     0.0000    0.00007
    2855   95.1333      -    1    0    -15.8149     0.3558   0.115199   -73.7325    12.0771   -24.6733     0.0000    0.00007
    2856   95.1667      -    1    0    -15.8301     0.3516   0.115193   -73.7882    12.2487   -24.6580     0.0000    0.00009
    2857   95.2000      -    1    0    -15.8228     0.3526   0.115142   -73.7851    12.2203   -24.6597     0.0000    0.00001
    2858   95.2333      -    1    0    -15.8118     0.3568   0.115101   -73.4562    12.2972   -24.5892     0.0000    0.00006
    2859   95.2667      -    1    0    -15.8021     0.3706   0.115061   -73.0851    12.3667   -24.3686     0.0000    0.00000
    2860   95.3000      -    1    0    -15.8039     0.3815   0.115047   -72.7368    12.4654   -24.2423     0.0000    0.00012
    2861   95.3333      -    1    0    -15.8164     0.4181   0.115011   -72.7440    12.4492   -24.2059     0.0000    0.00004
    2862   95.3667      -    1    0    -15.8288     0.4303   0.114977   -72.4226    12.5624   -24.1156     0.0000    0.00012
    2863   95.4000      -    1    0    -15.8293     0.4311   0.114981   -72.4204    12.5558   -24.1151     0.0000    0.00000
    2864   95.4333      -    1    0    -15.8277     0.4185   0.114985   -72.0901    12.6637   -24.0589     0.0000    0.00012
    2865   95.4667      -    1    0    -15.8572     0.4036   0.115008   -71.8117    12.9598   -23.9722     0.0000    0.00000
    2866   95.5000      -    1    0    -15.8619     0.4043   0.115001   -71.0870    13.1632   -23.6423     0.0000    0.00000
    2867   95.5333      -    1    0    -15.8654     0.4021   0.114994   -71.0889    13.1698   -23.6492     0.0000    0.00000
    2868   95.5667      -    1    0    -15.8697     0.3912   0.114996   -70.7565    13.2758   -23.5865     0.0000    0.00011
    2869   95.6000      -    1    0    -15.8667     0.3870   0.114982   -70.4234    13.3625   -23.5176     0.0000    0.00008
    2870   95.6333      -    1    0    -15.8574     0.3832   0.114968   -70.0914    13.4471   -23.4494     0.0000    0.00007
    2871   95.6667      -    1    0    -15.8297     0.4113   0.114911   -69.3626    13.5582   -23.0975     0.0000    0.00000
    2872   95.7000      -    1    0    -15.7955     0.4659   0.114867   -68.9693    13.5615   -22.8075     0.0000    0.00000
    2873   95.7333      -    1    0    -15.7796     0.4813   0.114864   -68.9711    13.5283   -22.8016     0.0000    0.00001
    2874   95.7667      -    1    0    -15.7639     0.5005   0.114833   -68.2354    13.6513   -22.4582     0.0000    0.00000
    2875   95.8000      -    1    0    -15.7452     0.5237   0.114762   -68.1790    13.5768   -22.2768     0.0000    0.00012
    2876   95.8333      -    1    0    -15.7144     0.4977   0.114723   -67.5292    13.7226   -22.1728     0.0000    0.00000
    2877   95.8667      -    1    0    -15.6908     0.5031   0.114679   -67.4436    13.6593   -22.0262     0.0000    0.00008
    2878   95.9000      -    1    0    -15.6393     0.5024   0.114564   -66.0746    13.8637   -21.4356     0.0000    0.00000
    2879   95.9333      -    1    0    -15.5940     0.5495   0.114432   -65.0809    13.8712   -20.6494     0.0000    0.00000
    2880   95.9667      -    1    0    -15.5480     0.5768   0.114350   -64.9346    13.6219   -20.4191     0.0000    0.00000
    2881   96.0000      -    1    0    -15.5139     0.5586   0.114250   -64.2422    13.7553   -20.2505     0.0000    0.00000
    2882   96.0333      -    1    0    -15.4622     0.5599   0.114234   -63.5710    13.8179   -20.1319     0.0000    0.00000
    2883   96.0667      -    1    0    -15.3612     0.6367   0.114187   -62.3639    13.6369   -19.5090     0.0000    0.00000
    2884   96.1000      -    1    0    -15.3115     0.7077   0.114157   -61.9106    13.5356   -19.0996     0.0000    0.00000
    2885   96.1333      -    1    0    -15.1833     0.8351   0.114041   -61.0721    13.2131   -18.5882     0.0000    0.00000
    2886   96.1667      -    1    0    -15.0735     0.9450   0.113923   -60.2610    12.9272   -18.1418     0.0000    0.00000
    2887   96.2000      -    1    0    -15.0177     1.0140   0.113884   -60.1784    12.6377   -17.9839     0.0000    0.00035
    2888   96.2333      -    1    0    -14.9520     1.0834   0.113869   -60.1654    12.3731   -18.0263     0.0000    0.00025
    2889   96.2667      -    1    0    -14.8506     1.1380   0.113848   -59.4295    12.0456   -18.0077     0.0000    0.00000
    2890   96.3000      -    1    0    -14.7239     1.2832   0.113783   -58.1387    11.5253   -17.2307     0.0000    0.00000
    2891   96.3333      -    1    0    -14.6548     1.3832   0.113760   -57.6482    11.2123   -16.7758     0.0000    0.00000
    2892   96.3667      -    1    0    -14.4735     1.5107   0.113744   -56.7866    10.4998   -16.5329     0.0000    0.00000
    2893   96.4000      -    1    0    -14.3071     1.5857   0.113736   -56.7234     9.9051   -16.6288     0.0000    0.00000
    2894   96.4333      -    1    0    -14.1021     1.6472   0.113810   -56.6152     9.1891   -16.8365     0.0000    0.00000
    2895   96.4667      -    1    0    -13.9949     1.6474   0.113840   -56.5779     8.9158   -16.9819     0.0000    0.00029
    2896   96.5000      -    1    0    -13.7521     1.6726   0.113858   -56.1209     8.3409   -17.0509     0.0000    0.00000
    2897   96.5333      -    1    0    -13.4495     1.7270   0.113911   -55.5119     7.4228   -16.9142     0.0000    0.00000
    2898   96.5667      -    1    0    -13.2879     1.7424   0.113946   -54.6432     6.9699   -16.6829     0.0000    0.00000
    2899   96.6000      -    1    0    -12.9905     1.7804   0.114030   -52.9324     6.1522   -16.0370     0.0000    0.00000
    2900   96.6333      -    1    0    -12.6393     1.8892   0.114154   -51.2611     5.2821   -15.3068     0.0000    0.00000
    2901   96.6667      -    1    0    -12.4415     1.9663   0.114191   -50.4557     4.8009   -15.0040     0.0000    0.00000
    2902   96.7000      -    1    0    -12.0344     2.1444   0.114174   -48.8074     3.7372   -14.2757     0.0000    0.00000
    2903   96.7333      -    1    0    -11.6554     2.2788   0.114034   -47.3078     2.7490   -13.7927     0.0000    0.00000
    2904   96.7667      -    1    0    -11.3191     2.3606   0.113888   -45.9572     1.9297   -13.3246     0.0000    0.00000
    2905   96.8000      -    1    0    -11.1404     2.3914   0.113777   -45.1095     1.4149   -13.0986     0.0000    0.00000
    2906   96.8333      -    1    0    -10.8300     2.4802   0.113542   -43.6780     0.2059   -12.3538     0.0000    0.00000
    2907   96.8667      -    1    0    -10.5639     2.5499   0.113362   -41.6591    -0.8344   -11.7959     0.0000    0.00000
    2908   96.9000      -    1    0    -10.4512     2.5647   0.113264   -40.8571    -1.2204   -11.5944     0.0000    0.00000
    2909   96.9333      -    1    0    -10.2718     2.5581   0.113117   -39.9604    -1.9095   -11.4693     0.0000    0.00000
    2910   96.9667      -    1    0    -10.1425     2.5825   0.113040   -38.7343    -2.5705   -11.3753     0.0000    0.00000
    2911   97.0000      -    1    0    -10.0780     2.5528   0.113007   -37.9162    -2.9595   -11.5516     0.0000    0.00000
    2912   97.0333      -    1    0    -10.0624     2.5465   0.113002   -37.8510    -3.1837   -11.6213     0.0000    0.00017
    2913   97.0667      -    1    0    -10.0546     2.6069   0.113020   -36.7173    -3.6234   -11.7322     0.0000    0.00000
    2914   97.1000      -    1    0    -10.0686     2.7247   0.113086   -35.2298    -4.0524   -11.6812     0.0000    0.00000
    2915   97.1333      -    1    0    -10.0748     2.7779   0.113096   -34.2329    -4.2220   -11.6158     0.0000    0.00000
    2916   97.1667      -    1    0    -10.0760     2.9940   0.113096   -32.5474    -5.0622   -10.9494     0.0000    0.00000
    2917   97.2000      -    1    0    -10.1031     3.2342   0.113141   -30.3341    -5.8728   -10.1942     0.0000    0.00000
    2918   97.2333      -    1    0    -10.1503     3.4039   0.113189   -27.4578    -6.4442    -9.7843     0.0000    0.00000
    2919   97.2667      -    1    0    -10.1563     3.5142   0.113213   -26.0171    -6.9112    -9.7192     0.0000    0.00000
    2920   97.3000      -    1    0    -10.1821     3.6898   0.113178   -24.5463    -7.5674    -9.3346     0.0000    0.00000
    2921   97.3333      -    1    0    -10.1854     3.8875   0.113121   -22.4587    -8.1441    -9.1633     0.0000    0.00000
    2922   97.3667      -    1    0    -10.2026     4.0184   0.113111   -21.3664    -8.4503    -8.8966     0.0000    0.00000
    2923   97.4000      -    1    0    -10.2375     4.2370   0.113052   -19.9789    -8.8709    -8.4891     0.0000    0.00000
    2924   97.4333      -    1    0    -10.2506     4.3973   0.112910   -19.0201    -8.9944    -8.3024     0.0000    0.00000
    2925   97.4667      -    1    0    -10.2296     4.4786   0.112873   -19.0458    -9.1118    -8.3236     0.0000    0.00014
    2926   97.5000      -    1    0    -10.2175     4.6273   0.112830   -18.7898    -9.0204    -8.1836     0.0000    0.00049
    2927   97.5333      -    1    0    -10.1495     4.7668   0.112737   -18.9601    -8.6636    -8.2552     0.0000    0.00000
    2928   97.5667      -    1    0    -10.0531     4.9919   0.112597   -19.1127    -8.5708    -7.9923     0.0000    0.00000
    2929   97.6000      -    1    0     -9.9878     5.1247   0.112510   -18.8152    -8.6780    -7.9466     0.0000    0.00000
    2930   97.6333      -    1    0     -9.9002     5.2999   0.112307   -18.5268    -8.6903    -7.6843     0.0000    0.00000
    2931   97.6667      -    1    0     -9.8415     5.3799   0.112056   -18.1402    -8.8235    -7.4886     0.0000    0.00000
    2932   97.7000      -    1    0     -9.8201     5.3725   0.111878   -18.0905    -8.8697    -7.3523     0.0000    0.00007
    2933   97.7333      -    1    0     -9.7650     5.3853   0.111458   -17.9087    -9.3959    -6.9851     0.0000    0.00000
    2934   97.7667      -    1    0     -9.7324     5.3741   0.111017   -17.0206    -9.8314    -6.6103     0.0000    0.00000
    2935   97.8000      -    1    0     -9.6805     5.3328   0.110532   -16.8012   -10.2183    -6.0754     0.0000    0.00000
    2936   97.8333      -    1    0     -9.6381     5.3461   0.110270   -16.6818   -10.5502    -5.7891     0.0000    0.00000
    2937   97.8667      -    1    0     -9.5658     5.4124   0.109796   -15.7899   -11.2103    -5.3089     0.0000    0.00000
    2938   97.9000      -    1    0     -9.5209     5.5078   0.109374   -14.4781   -12.0791    -4.6380     0.0000    0.00000
    2939   97.9333      -    1    0     -9.4834     5.5741   0.108857   -13.8569   -13.0453    -3.8803     0.0000    0.00000
    2940   97.9667      -    1    0     -9.4648     5.6129   0.108591   -13.3895   -13.6333    -3.6599     0.0000    0.00000
    2941   98.0000      -    1    0     -9.4457     5.6348   0.108016   -12.8691   -14.3809    -3.2153     0.0000    0.00000
    2942   98.0333      -    1    0     -9.4414     5.6102   0.107392   -12.4596   -14.7412    -2.9671     0.0000    0.00000
    2943   98.0667      -    1    0     -9.4517     5.5931   0.107065   -12.2701   -14.8571    -2.8166     0.0000    0.00031
    2944   98.1000      -    1    0     -9.4703     5.5848   0.106414   -12.1109   -15.1717    -2.4058     0.0000    0.00000
    2945   98.1333      -    1    0     -9.5134     5.6280   0.105842   -11.5610   -15.8132    -1.8957     0.0000    0.00000
    2946   98.1667      -    1    0     -9.5704     5.7351   0.105580   -10.3497   -16.5591    -1.5053     0.0000    0.00000
    2947   98.2000      -    1    0     -9.7371     6.1174   0.105161    -8.2641   -18.8210    -0.0294     0.0000    0.00001
    2948   98.2333      -    1    0     -9.9034     6.4905   0.104827    -6.8498   -21.1875     1.2242     0.0000    0.00001
    2949   98.2667      -    1    0    -10.1071     6.7369   0.104382    -5.0418   -22.9404     1.9908     0.0000    0.00000
    2950   98.3000      -    1    0    -10.2197     6.8468   0.104142    -4.1551   -23.6871     2.2504     0.0000    0.00000
    2951   98.3333      -    1    0    -10.4250     6.9943   0.103609    -3.7133   -24.5700     2.8521     0.0000    0.00000
    2952   98.3667      -    1    0    -10.6494     7.1069   0.102966    -3.0082   -25.2515     3.0934     0.0000    0.00000
    2953   98.4000      -    1    0    -10.7712     7.1863   0.102665    -2.6162   -25.7049     3.2887     0.0000    0.00000
    2954   98.4333      -    1    0    -10.9661     7.3477   0.102104    -2.5828   -26.6038     3.8306     0.0000    0.00000
    2955   98.4667      -    1    0    -11.1328     7.3189   0.101556    -2.5553   -26.8928     4.2479     0.0000    0.00000
    2956   98.5000      -    1    0    -11.1787     7.2381   0.101275    -2.5063   -26.7878     4.2181     0.0000    0.00049
    2957   98.5333      -    1    0    -11.2062     7.0622   0.100847    -2.3337   -26.6607     3.8714     0.0000    0.00000
    2958   98.5667      -    1    0    -11.1507     6.8336   0.100538    -2.1496   -26.3545     3.2391     0.0000    0.00000
    2959   98.6000      -    1    0    -11.0149     6.3984   0.100238    -2.3774   -25.3040     2.3340     0.0000    0.00000
    2960   98.6333      -    1    0    -10.9385     6.1468   0.100152    -2.8415   -24.8174     2.1058     0.0000    0.00000
    2961   98.6667      -    1    0    -10.7534     5.6723   0.100091    -4.2028   -24.1588     1.9052     0.0000    0.00000
    2962   98.7000      -    1    0    -10.5808     5.1838   0.100155    -5.0584   -23.5077     1.9541     0.0000    0.00000
    2963   98.7333      -    1    0    -10.4951     4.9540   0.100183    -5.2633   -23.2010     1.9198     0.0000    0.00000
    2964   98.7667      -    1    0    -10.3599     4.6067   0.100400    -6.0145   -23.1364     2.2424     0.0000    0.00000
    2965   98.8000      -    1    0    -10.2372     4.3410   0.100685    -6.8628   -23.1973     2.5236     0.0000    0.00000
    2966   98.8333      -    1    0    -10.1157     4.0138   0.100944    -7.4335   -22.7404     2.4894     0.0000    0.00000
    2967   98.8667      -    1    0    -10.0741     3.8285   0.101093    -7.7022   -22.5386     2.3947     0.0000    0.00000
    2968   98.9000      -    1    0    -10.0172     3.4775   0.101405    -7.8929   -22.4961     1.8952     0.0000    0.00000
    2969   98.9333      -    1    0     -9.9836     3.0761   0.101721    -8.1958   -22.1964     1.4685     0.0000    0.00000
    2970   98.9667      -    1    0     -9.9834     2.8625   0.101867    -8.1504   -21.9826     1.3472     0.0000    0.00076
    2971   99.0000      -    1    0     -9.9628     2.5366   0.102147    -8.0062   -21.8715     1.0855     0.0000    0.00000
    2972   99.0333      -    1    0     -9.9294     2.2723   0.102373    -8.2438   -21.5600     0.9870     0.0000    0.00000
    2973   99.0667      -    1    0     -9.8892     2.1587   0.102586    -8.1620   -21.4481     0.7284     0.0000    0.00047
    2974   99.1000      -    1    0     -9.8620     2.1280   0.102667    -8.1426   -21.3070     0.6312     0.0000    0.00007
    2975   99.1333      -    1    0     -9.7838     2.0883   0.102807    -8.4067   -21.1037     0.5088     0.0000    0.00000
    2976   99.1667      -    1    0     -9.7458     2.0506   0.102932    -8.2930   -21.0587     0.1879     0.0000    0.00019
    2977   99.2000      -    1    0     -9.7341     2.0046   0.102997    -8.2441   -20.9887     0.0568     0.0000    0.00007
    2978   99.2333      -    1    0     -9.7264     1.9028   0.103141    -8.1186   -21.0290     0.0461     0.0000    0.00029
    2979   99.2667      -    1    0     -9.7524     1.7307   0.103353    -8.0000   -20.9222     0.0697     0.0000    0.00070
    2980   99.3000      -    1    0     -9.7425     1.5437   0.103607    -8.2656   -20.9185    -0.2773     0.0000    0.00000
    2981   99.3333      -    1    0     -9.7436     1.4480   0.103749    -8.2599   -20.9315    -0.5443     0.0000    0.00030
    2982   99.3667      -    1    0     -9.7786     1.2554   0.104025    -8.2732   -20.7938    -0.7141     0.0000    0.00000
    2983   99.4000      -    1    0     -9.7904     1.1479   0.104292    -8.6028   -20.6880    -0.7079     0.0000    0.00000
    2984   99.4333      -    1    0     -9.7893     1.1463   0.104412    -8.6035   -20.7556    -0.8484     0.0000    0.00005
    2985   99.4667      -    1    0     -9.7821     1.1592   0.104583    -8.6044   -20.9181    -1.1458     0.0000    0.00021
    2986   99.5000      -    1    0     -9.7840     1.1311   0.104644    -8.9561   -20.8523    -1.0120     0.0000    0.00019
    2987   99.5333      -    1    0     -9.8012     1.0234   0.104897    -9.2774   -20.8338    -1.1679     0.0000    0.00000
    2988   99.5667      -    1    0     -9.8125     0.9743   0.104990    -9.2582   -20.8463    -1.3094     0.0000    0.00011
    2989   99.6000      -    1    0     -9.8255     0.8325   0.105122    -9.5842   -20.7905    -1.4617     0.0000    0.00000
    2990   99.6333      -    1    0     -9.8717     0.6882   0.105323    -9.5319   -20.7420    -1.3112     0.0000    0.00057
    2991   99.6667      -    1    0     -9.8732     0.6172   0.105437    -9.4912   -20.6387    -1.3331     0.0000    0.00013
    2992   99.7000      -    1    0     -9.8499     0.6014   0.105742    -9.3979   -21.0450    -1.1113     0.0000    0.00000
    2993   99.7333      -    1    0     -9.8301     0.6553   0.106103    -9.3252   -21.8010    -0.6837     0.0000    0.00000
    2994   99.7667      -    1    0     -9.8369     0.7125   0.106513    -9.2913   -22.6259    -0.1368     0.0000    0.00000
    2995   99.8000      -    1    0     -9.8432     0.7114   0.106706    -9.2866   -22.9233     0.1071     0.0000    0.00000
    2996   99.8333      -    1    0     -9.8662     0.6047   0.107094    -9.2610   -23.0357     0.3680     0.0000    0.00073
    2997   99.8667      -    1    0     -9.8744     0.4609   0.107496    -9.1892   -22.9560     0.4631     0.0000    0.00098
    2998   99.9000      -    1    0     -9.8648     0.3756   0.107693    -9.1465   -22.8315     0.4511     0.0000    0.00027
    2999   99.9333      -    1    0     -9.8298     0.2696   0.108133    -9.0146   -22.9522     0.5314     0.0000    0.00087
    3000   99.9667      -    1    0     -9.7847     0.1946   0.108534    -8.8863   -23.2479     0.4751     0.0000    0.00080
    3001  100.0000      -    1    0     -9.7656     0.1453   0.108700    -8.8365   -23.3018     0.5260     0.0000    0.00016
    3002  100.0333      -    1    0     -9.7129     0.0477   0.109000    -8.7529   -23.3384     0.5798     0.0000    0.00059
    3003  100.0667      -    1    0     -9.6428    -0.0546   0.109257    -8.6600   -23.2753     0.3308     0.0000    0.00056
    3004  100.1000      -    1    0     -9.5678    -0.1441   0.109428    -8.5612   -23.3339    -0.0843     0.0000    0.00000
    3005  100.1333      -    1    0     -9.5533    -0.2018   0.109472    -8.5187   -23.2641    -0.1162     0.0000    0.00006
    3006  100.1667      -    1    0     -9.5221    -0.2577   0.109569    -8.4312   -23.3316    -0.1212     0.0000    0.00015
    3007  100.2000      -    1    0     -9.5146    -0.2887   0.109602    -8.3474   -23.3322    -0.1961     0.0000    0.00003
    3008  100.2333      -    1    0     -9.5286    -0.3022   0.109645    -8.2712   -23.4782    -0.1691     0.0000    0.00009
    3009  100.2667      -    1    0     -9.5319    -0.3129   0.109668    -8.2438   -23.4750    -0.1896     0.0000    0.00001
    3010  100.3000      -    1    0     -9.5383    -0.3357   0.109716    -8.1921   -23.4514    -0.2371     0.0000    0.00003
    3011  100.3333      -    1    0     -9.5370    -0.3601   0.109732    -8.1180   -23.4432    -0.3132     0.0000    0.00003
    3012  100.3667      -    1    0     -9.5371    -0.3828   0.109745    -8.0730   -23.4268    -0.3558     0.0000    0.00002
    3013  100.4000      -    1    0     -9.5389    -0.3923   0.109781    -7.9966   -23.5903    -0.3289     0.0000    0.00011
    3014  100.4333      -    1    0     -9.5528    -0.4696   0.109811    -7.9504   -23.4008    -0.2012     0.0000    0.00016
    3015  100.4667      -    1    0     -9.5543    -0.5027   0.109833    -7.9376   -23.3580    -0.2026     0.0000    0.00002
    3016  100.5000      -    1    0     -9.5519    -0.5529   0.109958    -7.9014   -23.4309    -0.1167     0.0000    0.00013
    3017  100.5333      -    1    0     -9.5154    -0.6224   0.110098    -7.8306   -23.3445    -0.1814     0.0000    0.00018
    3018  100.5667      -    1    0     -9.4834    -0.6493   0.110267    -7.7503   -23.5426    -0.3180     0.0000    0.00023
    3019  100.6000      -    1    0     -9.4757    -0.6785   0.110332    -7.7216   -23.5037    -0.3383     0.0000    0.00002
    3020  100.6333      -    1    0     -9.4407    -0.6813   0.110468    -7.6718   -23.6568    -0.2940     0.0000    0.00015
    3021  100.6667      -    1    0     -9.3953    -0.7127   0.110565    -7.5939   -23.6166    -0.3964     0.0000    0.00008
    3022  100.7000      -    1    0     -9.3800    -0.7218   0.110592    -7.5569   -23.6137    -0.4413     0.0000    0.00001
    3023  100.7333      -    1    0     -9.3566    -0.7507   0.110655    -7.4877   -23.6383    -0.4836     0.0000    0.00005
    3024  100.7667      -    1    0     -9.3540    -0.8037   0.110750    -7.4293   -23.6693    -0.4575     0.0000    0.00009
    3025  100.8000      -    1    0     -9.3924    -0.8702   0.110869    -7.3886   -23.8341    -0.2704     0.0000    0.00027
    3026  100.8333      -    1    0     -9.4110    -0.9230   0.110902    -7.3774   -23.7944    -0.2284     0.0000    0.00005
    3027  100.8667      -    1    0     -9.4216    -0.9958   0.110962    -7.3389   -23.8326    -0.1430     0.0000    0.00013
    3028  100.9000      -    1    0     -9.4150    -1.0552   0.111010    -7.2913   -23.7599    -0.1757     0.0000    0.00006
    3029  100.9333      -    1    0     -9.4098    -1.0656   0.111032    -7.2636   -23.7529    -0.2036     0.0000    0.00001
    3030  100.9667      -    1    0     -9.4010    -1.0598   0.111048    -7.2224   -23.7736    -0.2551     0.0000    0.00001
    3031  101.0000      -    1    0     -9.4081    -1.0600   0.111057    -7.1851   -23.7035    -0.1374     0.0000    0.00005
    3032  101.0333      -    1    0     -9.3983    -1.0372   0.111088    -7.1649   -23.8422    -0.1037     0.0000    0.00005
    3033  101.0667      -    1    0     -9.3941    -1.0214   0.111107    -7.1654   -23.9080    -0.0767     0.0000    0.00001
    3034  101.1000      -    1    0     -9.3865    -1.0220   0.111108    -7.1519   -23.9019    -0.1022     0.0000    0.00001
    3035  101.1333      -    1    0     -9.3863    -1.0223   0.111103    -7.1308   -23.9089    -0.1266     0.0000    0.00001
    3036  101.1667      -    1    0     -9.3884    -1.0224   0.111100    -7.1189   -23.9133    -0.1390     0.0000    0.00000
    3037  101.2000      -    1    0     -9.4008    -1.0353   0.111088    -7.1052   -23.8208     0.0072     0.0000    0.00007
    3038  101.2333      -    1    0     -9.4020    -1.0357   0.111100    -7.0997   -23.8214     0.0032     0.0000    0.00000
    3039  101.2667      -    1    0     -9.4044    -1.0324   0.111114    -7.0963   -23.8263     0.0013     0.0000    0.00000
    3040  101.3000      -    1    0     -9.3994    -1.0195   0.111167    -7.0738   -23.8480    -0.0254     0.0000    0.00001
    3041  101.3333      -    1    0     -9.3983    -1.0232   0.111189    -7.0416   -23.7712     0.0933     0.0000    0.00006
    3042  101.3667      -    1    0     -9.3902    -1.0191   0.111205    -7.0341   -23.7780     0.0804     0.0000    0.00000
    3043  101.4000      -    1    0     -9.3916    -1.0150   0.111207    -7.0235   -23.7874     0.0679     0.0000    0.00000
    3044  101.4333      -    1    0     -9.3933    -1.0025   0.111198    -7.0070   -23.8113     0.0450     0.0000    0.00001
    3045  101.4667      -    1    0     -9.4047    -0.9958   0.111164    -6.9960   -23.7464     0.1848     0.0000    0.00006
    3046  101.5000      -    1    0     -9.4059    -0.9895   0.111165    -6.9993   -23.7545     0.1867     0.0000    0.00000
    3047  101.5333      -    1    0     -9.4134    -0.9762   0.111160    -6.9957   -23.7749     0.1819     0.0000    0.00001
    3048  101.5667      -    1    0     -9.4090    -0.9601   0.111152    -6.9737   -23.8053     0.1480     0.0000    0.00001
    3049  101.6000      -    1    0     -9.4164    -0.9684   0.111145    -6.9627   -23.7175     0.2938     0.0000    0.00007
    3050  101.6333      -    1    0     -9.4225    -0.9720   0.111144    -6.9622   -23.7132     0.2978     0.0000    0.00000
    3051  101.6667      -    1    0     -9.4370    -0.9710   0.111150    -6.9624   -23.7152     0.3067     0.0000    0.00000
    3052  101.7000      -    1    0     -9.4313    -0.9686   0.111157    -6.9431   -23.7243     0.2814     0.0000    0.00001
    3053  101.7333      -    1    0     -9.4298    -0.9726   0.111162    -6.9140   -23.7281     0.2500     0.0000    0.00001
    3054  101.7667      -    1    0     -9.4334    -0.9797   0.111174    -6.8960   -23.7239     0.2357     0.0000    0.00000
    3055  101.8000      -    1    0     -9.4471    -0.9917   0.111194    -6.8734   -23.7144     0.2247     0.0000    0.00001
    3056  101.8333      -    1    0     -9.4441    -0.9890   0.111198    -6.8433   -23.7279     0.1889     0.0000    0.00001
    3057  101.8667      -    1    0     -9.4433    -0.9885   0.111199    -6.8292   -23.7334     0.1721     0.0000    0.00000
    3058  101.9000      -    1    0     -9.4634    -1.0040   0.111190    -6.8154   -23.6374     0.3246     0.0000    0.00008
    3059  101.9333      -    1    0     -9.4659    -1.0086   0.111184    -6.8099   -23.6335     0.3207     0.0000    0.00000
    3060  101.9667      -    1    0     -9.4653    -1.0051   0.111183    -6.8031   -23.6408     0.3113     0.0000    0.00000
    3061  102.0000      -    1    0     -9.4611    -1.0102   0.111185    -6.7776   -23.6420     0.2823     0.0000    0.00001
    3062  102.0333      -    1    0     -9.4660    -1.0115   0.111193    -6.7690   -23.6428     0.2767     0.0000    0.00000
    3063  102.0667      -    1    0     -9.4961    -1.0254   0.111196    -6.7592   -23.5476     0.4405     0.0000    0.00008
    3064  102.1000      -    1    0     -9.5027    -1.0250   0.111200    -6.7653   -23.5465     0.4510     0.0000    0.00000
    3065  102.1333      -    1    0     -9.5099    -1.0275   0.111204    -6.7586   -23.5457     0.4489     0.0000    0.00000
    3066  102.1667      -    1    0     -9.5136    -1.0325   0.111209    -6.7469   -23.5424     0.4403     0.0000    0.00000
    3067  102.2000      -    1    0     -9.5118    -1.0348   0.111212    -6.7388   -23.5417     0.4313     0.0000    0.00000
    3068  102.2333      -    1    0     -9.5070    -1.0298   0.111217    -6.7282   -23.5517     0.4154     0.0000    0.00000
    3069  102.2667      -    1    0     -9.5055    -1.0316   0.111219    -6.7065   -23.5562     0.3909     0.0000    0.00001
    3070  102.3000      -    1    0     -9.5078    -1.0314   0.111216    -6.6878   -23.5633     0.3708     0.0000    0.00000
    3071  102.3333      -    1    0     -9.5066    -1.0278   0.111216    -6.6807   -23.5707     0.3608     0.0000    0.00000
    3072  102.3667      -    1    0     -9.5068    -1.0292   0.111205    -6.6597   -23.5766     0.3365     0.0000    0.00001
    3073  102.4000      -    1    0     -9.5113    -1.0299   0.111199    -6.6509   -23.5793     0.3289     0.0000    0.00000
    3074  102.4333      -    1    0     -9.5335    -1.0430   0.111192    -6.6532   -23.4812     0.5005     0.0000    0.00008
    3075  102.4667      -    1    0     -9.5385    -1.0406   0.111204    -6.6519   -23.4849     0.5017     0.0000    0.00000
    3076  102.5000      -    1    0     -9.5358    -1.0391   0.111208    -6.6429   -23.4895     0.4899     0.0000    0.00000
    3077  102.5333      -    1    0     -9.5345    -1.0414   0.111210    -6.6340   -23.4891     0.4804     0.0000    0.00000
    3078  102.5667      -    1    0     -9.5360    -1.0376   0.111226    -6.6234   -23.4970     0.4696     0.0000    0.00000
    3079  102.6000      -    1    0     -9.5371    -1.0357   0.111230    -6.6044   -23.5059     0.4486     0.0000    0.00000
    3080  102.6333      -    1    0     -9.5364    -1.0348   0.111231    -6.5903   -23.5117     0.4321     0.0000    0.00000
    3081  102.6667      -    1    0     -9.5358    -1.0314   0.111230    -6.5835   -23.5189     0.4227     0.0000    0.00000
    3082  102.7000      -    1    0     -9.5316    -1.0290   0.111235    -6.5659   -23.5274     0.4003     0.0000    0.00001
    3083  102.7333      -    1    0     -9.5293    -1.0319   0.111234    -6.5496   -23.5288     0.3814     0.0000    0.00001
    3084  102.7667      -    1    0     -9.5318    -1.0279   0.111234    -6.5394   -23.5380     0.3700     0.0000    0.00000
    3085  102.8000      -    1    0     -9.5312    -1.0271   0.111235    -6.5253   -23.5438     0.3536     0.0000    0.00000
    3086  102.8333      -    1    0     -9.5432    -1.0371   0.111223    -6.5111   -23.4548     0.4998     0.0000    0.00007
    3087  102.8667      -    1    0     -9.5477    -1.0347   0.111234    -6.5165   -23.4566     0.5075     0.0000    0.00000
    3088  102.9000      -    1    0     -9.5527    -1.0369   0.111242    -6.5147   -23.4541     0.5098     0.0000    0.00000
    3089  102.9333      -    1    0     -9.5622    -1.0295   0.111276    -6.5193   -23.4611     0.5218     0.0000    0.00000
    3090  102.9667      -    1    0     -9.5643    -1.0283   0.111325    -6.5018   -23.4655     0.5083     0.0000    0.00000
    3091  103.0000      -    1    0     -9.5782    -1.0449   0.111355    -6.4728   -23.4512     0.4931     0.0000    0.00001
    3092  103.0333      -    1    0     -9.5853    -1.0460   0.111366    -6.4721   -23.4497     0.4981     0.0000    0.00000
    3093  103.0667      -    1    0     -9.5962    -1.0437   0.111388    -6.4569   -23.4572     0.4891     0.0000    0.00001
    3094  103.1000      -    1    0     -9.6058    -1.0401   0.111387    -6.4334   -23.4711     0.4664     0.0000    0.00001
    3095  103.1333      -    1    0     -9.6059    -1.0408   0.111381    -6.4194   -23.4753     0.4503     0.0000    0.00000
    3096  103.1667      -    1    0     -9.6083    -1.0388   0.111388    -6.4159   -23.4788     0.4480     0.0000    0.00000
    3097  103.2000      -    1    0     -9.6023    -1.0321   0.111394    -6.3842   -23.4979     0.4070     0.0000    0.00001
    3098  103.2333      -    1    0     -9.5993    -1.0307   0.111398    -6.3681   -23.5048     0.3869     0.0000    0.00001
    3099  103.2667      -    1    0     -9.6035    -1.0305   0.111412    -6.3523   -23.5098     0.3730     0.0000    0.00000
    3100  103.3000      -    1    0     -9.6212    -1.0283   0.111438    -6.3503   -23.5130     0.3833     0.0000    0.00001
    3101  103.3333      -    1    0     -9.6347    -1.0203   0.111474    -6.3391   -23.5265     0.3795     0.0000    0.00001
    3102  103.3667      -    1    0     -9.6402    -1.0173   0.111484    -6.3253   -23.5349     0.3673     0.0000    0.00000
    3103  103.4000      -    1    0     -9.6507    -1.0198   0.111504    -6.3153   -23.5343     0.3651     0.0000    0.00000
    3104  103.4333      -    1    0     -9.6531    -1.0207   0.111527    -6.2975   -23.5376     0.3496     0.0000    0.00000
    3105  103.4667      -    1    0     -9.6583    -1.0221   0.111554    -6.2960   -23.5349     0.3542     0.0000    0.00000
    3106  103.5000      -    1    0     -9.6777    -1.0428   0.111629    -6.2782   -23.5084     0.3615     0.0000    0.00003
    3107  103.5333      -    1    0     -9.7019    -1.0583   0.111683    -6.2663   -23.4890     0.3739     0.0000    0.00002
    3108  103.5667      -    1    0     -9.7241    -1.0506   0.111733    -6.2573   -23.5009     0.3796     0.0000    0.00002
    3109  103.6000      -    1    0     -9.7265    -1.0480   0.111741    -6.2400   -23.5099     0.3615     0.0000    0.00000
    3110  103.6333      -    1    0     -9.7272    -1.0442   0.111739    -6.2210   -23.5219     0.3387     0.0000    0.00001
    3111  103.6667      -    1    0     -9.7244    -1.0424   0.111742    -6.2049   -23.5291     0.3189     0.0000    0.00000
    3112  103.7000      -    1    0     -9.7218    -1.0422   0.111739    -6.1888   -23.5348     0.2988     0.0000    0.00001
    3113  103.7333      -    1    0     -9.7192    -1.0477   0.111727    -6.1710   -23.5339     0.2777     0.0000    0.00001
    3114  103.7667      -    1    0     -9.7186    -1.0469   0.111727    -6.1569   -23.5396     0.2612     0.0000    0.00000
    3115  103.8000      -    1    0     -9.7160    -1.0467   0.111725    -6.1408   -23.5452     0.2412     0.0000    0.00001
    3116  103.8333      -    1    0     -9.7159    -1.0491   0.111713    -6.1335   -23.5453     0.2323     0.0000    0.00000
    3117  103.8667      -    1    0     -9.7202    -1.0481   0.111701    -6.1239   -23.5510     0.2221     0.0000    0.00000
    3118  103.9000      -    1    0     -9.7192    -1.0560   0.111706    -6.1075   -23.5449     0.2068     0.0000    0.00001
    3119  103.9333      -    1    0     -9.7334    -1.0747   0.111701    -6.1005   -23.4408     0.3669     0.0000    0.00008
    3120  103.9667      -    1    0     -9.7445    -1.1080   0.111724    -6.0988   -23.3957     0.3841     0.0000    0.00002
    3121  104.0000      -    1    0     -9.7477    -1.1672   0.111754    -6.0554   -23.3259     0.3627     0.0000    0.00006
    3122  104.0333      -    1    0     -9.7377    -1.2351   0.111802    -6.0008   -23.3271     0.1734     0.0000    0.00014
    3123  104.0667      -    1    0     -9.7420    -1.2843   0.111824    -5.9810   -23.2636     0.1755     0.0000    0.00004
    3124  104.1000      -    1    0     -9.7296    -1.3690   0.111893    -5.9408   -23.2350     0.0100     0.0000    0.00017
    3125  104.1333      -    1    0     -9.7271    -1.4200   0.111963    -5.9044   -23.3059     0.0918     0.0000    0.00010
    3126  104.1667      -    1    0     -9.7223    -1.4405   0.111984    -5.8864   -23.2899     0.0864     0.0000    0.00001
    3127  104.2000      -    1    0     -9.7159    -1.4472   0.112001    -5.8727   -23.2755     0.0669     0.0000    0.00001
    3128  104.2333      -    1    0     -9.7172    -1.4137   0.112020    -5.8491   -23.4726     0.1338     0.0000    0.00010
    3129  104.2667      -    1    0     -9.7161    -1.4159   0.112014    -5.8416   -23.4657     0.1203     0.0000    0.00000
    3130  104.3000      -    1    0     -9.7052    -1.4203   0.111986    -5.8079   -23.4705     0.0740     0.0000    0.00002
    3131  104.3333      -    1    0     -9.6793    -1.4263   0.111929    -5.7514   -23.4823    -0.0084     0.0000    0.00005
    3132  104.3667      -    1    0     -9.6641    -1.4130   0.111873    -5.6847   -23.6732     0.0029     0.0000    0.00010
    3133  104.4000      -    1    0     -9.6450    -1.4260   0.111800    -5.6546   -23.6584    -0.0520     0.0000    0.00005
    3134  104.4333      -    1    0     -9.5808    -1.4452   0.111621    -5.5520   -23.8978    -0.0560     0.0000    0.00031
    3135  104.4667      -    1    0     -9.5187    -1.4956   0.111466    -5.4183   -24.1389     0.1592     0.0000    0.00056
    3136  104.5000      -    1    0     -9.4895    -1.5246   0.111404    -5.3494   -24.3750     0.2484     0.0000    0.00026
    3137  104.5333      -    1    0     -9.4109    -1.6465   0.111194    -5.2119   -24.5419     0.2760     0.0000    0.00084
    3138  104.5667      -    1    0     -9.3312    -1.7598   0.111078    -5.0821   -24.6833     0.0875     0.0000    0.00000
    3139  104.6000      -    1    0     -9.2402    -1.8941   0.110896    -5.3110   -24.7140     0.2070     0.0000    0.00075
    3140  104.6333      -    1    0     -9.2009    -1.9718   0.110813    -5.2477   -24.6491     0.1502     0.0000    0.00021
    3141  104.6667      -    1    0     -9.1484    -2.0840   0.110763    -5.4521   -24.9136     0.4130     0.0000    0.00000
    3142  104.7000      -    1    0     -9.0984    -2.1889   0.110681    -5.2935   -25.3788     0.6398     0.0000    0.00000
    3143  104.7333      -    1    0     -9.0747    -2.2272   0.110681    -5.2545   -25.6181     0.7980     0.0000    0.00030
    3144  104.7667      -    1    0     -9.0538    -2.2602   0.110730    -5.2020   -25.9911     1.0344     0.0000    0.00000
    3145  104.8000      -    1    0     -9.0269    -2.3094   0.110721    -5.1753   -25.8358     0.7323     0.0000    0.00022
    3146  104.8333      -    1    0     -9.0048    -2.3371   0.110696    -5.1612   -25.6630     0.6183     0.0000    0.00012
    3147  104.8667      -    1    0     -8.9901    -2.3644   0.110674    -5.1553   -25.4902     0.5140     0.0000    0.00012
    3148  104.9000      -    1    0     -8.9876    -2.3488   0.110681    -5.1333   -25.5328     0.4945     0.0000    0.00001
    3149  104.9333      -    1    0     -8.9892    -2.3241   0.110679    -5.1097   -25.5744     0.4619     0.0000    0.00002
    3150  104.9667      -    1    0     -8.9840    -2.3095   0.110679    -5.0911   -25.5996     0.4343     0.0000    0.00001
    3151  105.0000      -    1    0     -8.9745    -2.2871   0.110674    -5.0408   -25.6445     0.3677     0.0000    0.00002
    3152  105.0333      -    1    0     -8.9867    -2.2885   0.110640    -5.0281   -25.5674     0.5081     0.0000    0.00006
    3153  105.0667      -    1    0     -8.9877    -2.2703   0.110628    -5.0246   -25.5946     0.4971     0.0000    0.00001
    3154  105.1000      -    1    0     -8.9895    -2.2572   0.110625    -5.0288   -25.6116     0.4977     0.0000    0.00001
    3155  105.1333      -    1    0     -8.9858    -2.2372   0.110619    -5.0135   -25.6437     0.4718     0.0000    0.00001
    3156  105.1667      -    1    0     -8.9741    -2.2371   0.110595    -4.9958   -25.5485     0.3739     0.0000    0.00006
    3157  105.2000      -    1    0     -8.9735    -2.2214   0.110588    -5.0037   -25.5314     0.3476     0.0000    0.00001
    3158  105.2333      -    1    0     -8.9867    -2.2263   0.110581    -5.0009   -25.4519     0.4936     0.0000    0.00006
    3159  105.2667      -    1    0     -8.9892    -2.2291   0.110587    -5.0020   -25.4419     0.5086     0.0000    0.00000
    3160  105.3000      -    1    0     -8.9873    -2.2298   0.110583    -4.9924   -25.4440     0.4969     0.0000    0.00000
    3161  105.3333      -    1    0     -8.9871    -2.2260   0.110582    -4.9862   -25.4510     0.4889     0.0000    0.00000
    3162  105.3667      -    1    0     -8.9909    -2.2176   0.110572    -4.9698   -25.4685     0.4695     0.0000    0.00001
    3163  105.4000      -    1    0     -8.9843    -2.2012   0.110532    -4.9491   -25.4990     0.4338     0.0000    0.00002
    3164  105.4333      -    1    0     -8.9760    -2.1854   0.110496    -4.9423   -25.5246     0.4121     0.0000    0.00002
    3165  105.4667      -    1    0     -8.9539    -2.1144   0.110406    -4.9290   -25.6297     0.3509     0.0000    0.00017
    3166  105.5000      -    1    0     -8.8881    -2.0364   0.110180    -5.2742   -25.4102     0.3783     0.0000    0.00044
    3167  105.5333      -    1    0     -8.8287    -1.9840   0.109791    -5.3036   -24.7668     0.4167     0.0000    0.00000
    3168  105.5667      -    1    0     -8.7759    -1.9179   0.109579    -5.7242   -24.5032     0.5243     0.0000    0.00000
    3169  105.6000      -    1    0     -8.7206    -1.6567   0.109136    -5.8922   -24.2657     0.7423     0.0000    0.00000
    3170  105.6333      -    1    0     -8.6532    -1.3775   0.108581    -6.0587   -23.9424     0.6279     0.0000    0.00000
    3171  105.6667      -    1    0     -8.6350    -1.2683   0.108273    -6.5141   -23.6962     0.7279     0.0000    0.00000
    3172  105.7000      -    1    0     -8.6407    -1.1582   0.107659    -7.5032   -22.8669     0.7185     0.0000    0.00000
    3173  105.7333      -    1    0     -8.7125    -1.1823   0.107163    -8.1635   -21.8186     0.4235     0.0000    0.00000
    3174  105.7667      -    1    0     -8.8443    -1.3575   0.106588    -9.2607   -20.0724     0.0137     0.0000    0.00000
    3175  105.8000      -    1    0     -8.9021    -1.4340   0.106264   -10.2459   -19.1627    -0.2447     0.0000    0.00000
    3176  105.8333      -    1    0     -8.9994    -1.4275   0.105770   -11.8354   -17.7855    -1.4709     0.0000    0.00000
    3177  105.8667      -    1    0     -9.1700    -1.4814   0.105344   -13.8435   -15.6238    -2.4927     0.0000    0.00001
    3178  105.9000      -    1    0     -9.2510    -1.5085   0.105153   -14.4461   -14.6479    -3.0738     0.0000    0.00000
    3179  105.9333      -    1    0     -9.4627    -1.4724   0.104925   -15.1581   -13.6232    -3.2458     0.0000    0.00000
    3180  105.9667      -    1    0     -9.6087    -1.2772   0.104902   -15.2394   -14.1402    -2.7982     0.0000    0.00000
    3181  106.0000      -    1    0     -9.6899    -1.2013   0.104973   -15.2618   -14.3627    -2.3483     0.0000    0.00000
    3182  106.0333      -    1    0     -9.7838    -1.0056   0.105269   -15.2894   -15.1108    -1.7474     0.0000    0.00000
    3183  106.0667      -    1    0     -9.8397    -0.9534   0.105448   -15.2640   -15.1493    -1.7617     0.0000    0.00024
    3184  106.1000      -    1    0     -9.8981    -0.8600   0.105615   -15.2333   -15.2825    -1.7677     0.0000    0.00033
    3185  106.1333      -    1    0     -9.9300    -0.7917   0.105734   -15.2421   -15.3643    -1.7401     0.0000    0.00015
    3186  106.1667      -    1    0    -10.0131    -0.7467   0.106015   -15.3068   -15.0090    -1.6939     0.0000    0.00071
    3187  106.2000      -    1    0    -10.1474    -0.7320   0.106350   -14.6836   -14.5160    -1.4000     0.0000    0.00000
    3188  106.2333      -    1    0    -10.1754    -0.6873   0.106507   -14.7250   -14.4981    -1.3728     0.0000    0.00014
    3189  106.2667      -    1    0    -10.2677    -0.5639   0.106692   -14.7943   -14.5337    -1.0813     0.0000    0.00059
    3190  106.3000      -    1    0    -10.3898    -0.4328   0.106748   -14.8821   -14.4735    -0.6252     0.0000    0.00000
    3191  106.3333      -    1    0    -10.4532    -0.3515   0.106795   -14.9394   -14.4559    -0.3794     0.0000    0.00022
    3192  106.3667      -    1    0    -10.4532    -0.3515   0.106795   -14.9394   -14.4559    -0.3794     0.0000    0.00022
    3193  106.4000      -    1    0    -10.5899    -0.1939   0.106984   -14.6931   -14.4409     0.0336     0.0000    0.00000
    3194  106.4333      -    1    0    -10.5899    -0.1939   0.106984   -14.6931   -14.4409     0.0336     0.0000    0.00000
    3195  106.4667      -    1    0    -10.5899    -0.1939   0.106984   -14.6931   -14.4409     0.0336     0.0000    0.00000
    3196  106.5000      -    1    0    -10.5899    -0.1939   0.106984   -14.6931   -14.4409     0.0336     0.0000    0.00000
    3197  106.5333      -    1    0    -10.5899    -0.1939   0.106984   -14.6931   -14.4409     0.0336     0.0000    0.00000
    3198  106.5667      -    1    0    -10.5899    -0.1939   0.106984   -14.6931   -14.4409     0.0336     0.0000    0.00000
    3199  106.6000      -    1    0    -10.5899    -0.1939   0.106984   -14.6931   -14.4409     0.0336     0.0000    0.00000
    3200  106.6333      -    1    0    -10.5899    -0.1939   0.106984   -14.6931   -14.4409     0.0336     0.0000    0.00000
    3201  106.6667      -    1    0    -10.5899    -0.1939   0.106984   -14.6931   -14.4409     0.0336     0.0000    0.00000
    3202  106.7000      -    1    0    -10.5899    -0.1939   0.106984   -14.6931   -14.4409     0.0336     0.0000    0.00000
    3203  106.7333      -    1    0    -10.5899    -0.1939   0.106984   -14.6931   -14.4409     0.0336     0.0000    0.00000
    3204  106.7667      -    1    0    -10.5899    -0.1939   0.106984   -14.6931   -14.4409     0.0336     0.0000    0.00000
    3205  106.8000      -    1    0    -10.5899    -0.1939   0.106984   -14.6931   -14.4409     0.0336     0.0000    0.00000
    3206  106.8333      -    1    0    -10.5899    -0.1939   0.106984   -14.6931   -14.4409     0.0336     0.0000    0.00000
    3207  106.8667      -    1    0    -10.5899    -0.1939   0.106984   -14.6931   -14.4409     0.0336     0.0000    0.00000
    3208  106.9000      -    1    0    -10.5899    -0.1939   0.106984   -14.6931   -14.4409     0.0336     0.0000    0.00000
    3209  106.9333      -    1    0    -10.5899    -0.1939   0.106984   -14.6931   -14.4409     0.0336     0.0000    0.00000
    3210  106.9667      -    1    0    -10.5899    -0.1939   0.106984   -14.6931   -14.4409     0.0336     0.0000    0.00000
    3211  107.0000      -    1    0    -10.5899    -0.1939   0.106984   -14.6931   -14.4409     0.0336     0.0000    0.00000
    3212  107.0333      -    1    0    -10.5899    -0.1939   0.106984   -14.6931   -14.4409     0.0336     0.0000    0.00000
    3213  107.0667      -    1    0    -10.5899    -0.1939   0.106984   -14.6931   -14.4409     0.0336     0.0000    0.00000
    3214  107.1000      -    1    0    -10.5899    -0.1939   0.106984   -14.6931   -14.4409     0.0336     0.0000    0.00000
    3215  107.1333      -    1    0    -10.5899    -0.1939   0.106984   -14.6931   -14.4409     0.0336     0.0000    0.00000
    3216  107.1667      -    1    0    -10.5899    -0.1939   0.106984   -14.6931   -14.4409     0.0336     0.0000    0.00000
    3217  107.2000      -    1    0    -10.5899    -0.1939   0.106984   -14.6931   -14.4409     0.0336     0.0000    0.00000
    3218  107.2333      -    1    0    -10.5899    -0.1939   0.106984   -14.6931   -14.4409     0.0336     0.0000    0.00000
    3219  107.2667      -    1    0    -10.5899    -0.1939   0.106984   -14.6931   -14.4409     0.0336     0.0000    0.00000
    3220  107.3000      -    1    0    -10.5899    -0.1939   0.106984   -14.6931   -14.4409     0.0336     0.0000    0.00000
    3221  107.3333      -    1    0    -10.5899    -0.1939   0.106984   -14.6931   -14.4409     0.0336     0.0000    0.00000
    3222  107.3667      -    1    0    -10.5899    -0.1939   0.106984   -14.6931   -14.4409     0.0336     0.0000    0.00000
    3223  107.4000      -    1    0    -10.5899    -0.1939   0.106984   -14.6931   -14.4409     0.0336     0.0000    0.00000
    3224  107.4333      -    1    0    -10.5899    -0.1939   0.106984   -14.6931   -14.4409     0.0336     0.0000    0.00000
    3225  107.4667      -    1    0    -10.5899    -0.1939   0.106984   -14.6931   -14.4409     0.0336     0.0000    0.00000
    3226  107.5000      -    1    0    -10.5899    -0.1939   0.106984   -14.6931   -14.4409     0.0336     0.0000    0.00000
    3227  107.5333      -    1    0    -10.5899    -0.1939   0.106984   -14.6931   -14.4409     0.0336     0.0000    0.00000
    3228  107.5667      -    1    0    -10.5899    -0.1939   0.106984   -14.6931   -14.4409     0.0336     0.0000    0.00000
    3229  107.6000      -    1    0    -10.5899    -0.1939   0.106984   -14.6931   -14.4409     0.0336     0.0000    0.00000
    3230  107.6333      -    1    0    -10.5899    -0.1939   0.106984   -14.6931   -14.4409     0.0336     0.0000    0.00000
    3231  107.6667      -    1    0    -10.5899    -0.1939   0.106984   -14.6931   -14.4409     0.0336     0.0000    0.00000
    3232  107.7000      -    1    0    -10.5899    -0.1939   0.106984   -14.6931   -14.4409     0.0336     0.0000    0.00000
    3233  107.7333      -    1    0    -10.5899    -0.1939   0.106984   -14.6931   -14.4409     0.0336     0.0000    0.00000
    3234  107.7667      -    1    0    -10.5899    -0.1939   0.106984   -14.6931   -14.4409     0.0336     0.0000    0.00000
    3235  107.8000      -    1    0    -10.5899    -0.1939   0.106984   -14.6931   -14.4409     0.0336     0.0000    0.00000
    3236  107.8333      -    1    0    -10.5899    -0.1939   0.106984   -14.6931   -14.4409     0.0336     0.0000    0.00000
    3237  107.8667      -    1    0    -10.5899    -0.1939   0.106984   -14.6931   -14.4409     0.0336     0.0000    0.00000
    3238  107.9000      -    1    0    -10.5899    -0.1939   0.106984   -14.6931   -14.4409     0.0336     0.0000    0.00000
