# Posiciones articulares (matriz) del PSM derecho
# Trial JIGSAWS: Needle_Passing_B001  (3438 frames @ 30 Hz)
# q1-q2-q4-q5-q6-q7 en grados; q3 (insercion) en metros
# IK=0 marca frames sin solucion valida (se conserva la
# ultima configuracion valida; en la animacion salen en rojo)
# modo de mapeo del gripper: crudo
# IK OK 100.00 %, error mediana 0.00000 mm, maximo 0.00100 mm, margen minimo 0.2989
#  frame      t(s)  gesto   IK  sat     q1(deg)    q2(deg)      q3(m)    q4(deg)    q5(deg)    q6(deg)    q7(deg)    err(mm)
       1    0.0000      -    1    0    -24.5404    20.5939   0.121759     7.1032   -13.1624   -15.1558     0.0000    0.00000
       2    0.0333      -    1    0    -24.5873    20.4225   0.122121     7.5651   -12.9277   -15.8874     0.0000    0.00000
       3    0.0667      -    1    0    -24.5997    20.3052   0.122275     7.8028   -12.8214   -16.1798     0.0000    0.00000
       4    0.1000      -    1    0    -24.6215    20.0467   0.122560     8.1714   -12.5432   -16.5609     0.0000    0.00000
       5    0.1333      -    1    0    -24.6838    19.8755   0.122765     8.2153   -12.7595   -16.5611     0.0000    0.00000
       6    0.1667      -    1    0    -24.7290    19.8116   0.122848     8.3657   -12.8372   -16.5457     0.0000    0.00016
       7    0.2000      -    1    0    -24.7980    19.7145   0.122967     8.4314   -12.7097   -16.4966     0.0000    0.00036
       8    0.2333      -    1    0    -24.8756    19.7170   0.123068     8.4033   -12.6656   -16.2161     0.0000    0.00018
       9    0.2667      -    1    0    -24.9272    19.7773   0.123155     8.3725   -12.7443   -16.1498     0.0000    0.00013
      10    0.3000      -    1    0    -24.9645    19.7978   0.123181     8.3469   -12.7233   -15.9442     0.0000    0.00009
      11    0.3333      -    1    0    -25.0331    19.8699   0.123208     8.2953   -12.7226   -15.5694     0.0000    0.00036
      12    0.3667      -    1    0    -25.0938    19.9837   0.123226     8.2393   -12.8240   -15.3702     0.0000    0.00032
      13    0.4000      -    1    0    -25.1231    20.0383   0.123241     8.2188   -12.8964   -15.3492     0.0000    0.00007
      14    0.4333      -    1    0    -25.2494    20.1120   0.123251     8.1268   -12.8491   -14.7020     0.0000    0.00000
      15    0.4667      -    1    0    -25.3754    20.1937   0.123372     8.0188   -12.8995   -14.2898     0.0000    0.00000
      16    0.5000      -    1    0    -25.4997    20.2383   0.123578     7.9593   -12.9550   -14.0610     0.0000    0.00048
      17    0.5333      -    1    0    -25.5614    20.2419   0.123692     7.9467   -12.9606   -13.9598     0.0000    0.00011
      18    0.5667      -    1    0    -25.6802    20.2319   0.123932     8.2609   -12.8697   -13.8323     0.0000    0.00000
      19    0.6000      -    1    0    -25.7577    20.2337   0.124162     8.2473   -12.8718   -13.6995     0.0000    0.00028
      20    0.6333      -    1    0    -25.7836    20.2374   0.124249     8.2473   -12.8774   -13.6655     0.0000    0.00003
      21    0.6667      -    1    0    -25.8263    20.2517   0.124340     8.2323   -12.8958   -13.5941     0.0000    0.00006
      22    0.7000      -    1    0    -25.8332    20.2803   0.124350     8.2193   -12.9320   -13.5893     0.0000    0.00002
      23    0.7333      -    1    0    -25.8247    20.3123   0.124315     8.2133   -12.9738   -13.6220     0.0000    0.00004
      24    0.7667      -    1    0    -25.8347    20.3125   0.124261     8.2022   -12.9274   -13.4580     0.0000    0.00006
      25    0.8000      -    1    0    -25.8604    20.3092   0.124151     8.1851   -12.8784   -13.2656     0.0000    0.00011
      26    0.8333      -    1    0    -25.8964    20.2900   0.124044     8.5266   -12.7862   -13.3057     0.0000    0.00012
      27    0.8667      -    1    0    -25.9745    20.2725   0.123951     8.5001   -12.7238   -13.0196     0.0000    0.00027
      28    0.9000      -    1    0    -26.0164    20.3030   0.123937     8.5510   -12.9268   -12.9238     0.0000    0.00016
      29    0.9333      -    1    0    -26.0641    20.3025   0.123897     8.5419   -12.9191   -12.8642     0.0000    0.00006
      30    0.9667      -    1    0    -26.0987    20.3004   0.123845     8.8788   -12.8480   -12.9075     0.0000    0.00008
      31    1.0000      -    1    0    -26.1107    20.3031   0.123823     8.8795   -12.8543   -12.9001     0.0000    0.00001
      32    1.0333      -    1    0    -26.1256    20.3089   0.123772     8.8745   -12.8648   -12.8844     0.0000    0.00002
      33    1.0667      -    1    0    -26.1313    20.3209   0.123751     8.8702   -12.8815   -12.8839     0.0000    0.00001
      34    1.1000      -    1    0    -26.1249    20.3550   0.123769     8.8638   -12.9243   -12.9113     0.0000    0.00002
      35    1.1333      -    1    0    -26.1152    20.3802   0.123787     8.8551   -12.9542   -12.9296     0.0000    0.00001
      36    1.1667      -    1    0    -26.1056    20.4325   0.123817     9.1728   -12.8979   -12.8939     0.0000    0.00017
      37    1.2000      -    1    0    -26.0927    20.5312   0.123812     9.1311   -12.9737   -12.7886     0.0000    0.00020
      38    1.2333      -    1    0    -26.0805    20.5922   0.123813     9.1067   -13.0489   -12.8192     0.0000    0.00007
      39    1.2667      -    1    0    -26.0675    20.7012   0.123797     9.0751   -13.1862   -12.8841     0.0000    0.00022
      40    1.3000      -    1    0    -26.0756    20.7876   0.123771     9.0371   -13.2505   -12.7513     0.0000    0.00017
      41    1.3333      -    1    0    -26.0767    20.8205   0.123747     9.0178   -13.2458   -12.6076     0.0000    0.00006
      42    1.3667      -    1    0    -26.0651    20.8308   0.123607     9.6337   -12.9303   -12.1287     0.0000    0.00000
      43    1.4000      -    1    0    -26.0463    20.9300   0.123551    10.3238   -13.1223   -11.8289     0.0000    0.00000
      44    1.4333      -    1    0    -26.0617    21.1029   0.123583    10.4186   -13.7923   -11.6596     0.0000    0.00000
      45    1.4667      -    1    0    -26.0769    21.1647   0.123573    10.4508   -14.0058   -11.6164     0.0000    0.00015
      46    1.5000      -    1    0    -26.0781    21.2182   0.123550    10.4409   -14.0589   -11.6606     0.0000    0.00006
      47    1.5333      -    1    0    -26.0572    21.2488   0.123516    10.3837   -13.9324   -11.7860     0.0000    0.00011
      48    1.5667      -    1    0    -26.0282    21.2568   0.123448    10.3320   -13.8135   -11.8744     0.0000    0.00008
      49    1.6000      -    1    0    -25.9646    21.2951   0.123296    10.2505   -13.7020   -12.0251     0.0000    0.00024
      50    1.6333      -    1    0    -25.9425    21.3380   0.123171    10.2373   -13.6755   -11.7842     0.0000    0.00016
      51    1.6667      -    1    0    -25.9119    21.4170   0.123128    10.2186   -13.7732   -11.8696     0.0000    0.00016
      52    1.7000      -    1    0    -25.9073    21.4444   0.123134    10.2172   -13.8078   -11.8989     0.0000    0.00002
      53    1.7333      -    1    0    -25.9319    21.4600   0.123158    10.2244   -13.8325   -11.8976     0.0000    0.00001
      54    1.7667      -    1    0    -25.9868    21.4361   0.123223    10.2291   -13.8092   -11.8136     0.0000    0.00008
      55    1.8000      -    1    0    -25.9967    21.4383   0.123264    10.2357   -13.8565   -11.9583     0.0000    0.00004
      56    1.8333      -    1    0    -25.9997    21.4717   0.123343    10.2393   -14.0267   -12.4204     0.0000    0.00040
      57    1.8667      -    1    0    -26.0343    21.5184   0.123359    10.2219   -14.1313   -12.5303     0.0000    0.00009
      58    1.9000      -    1    0    -26.0617    21.6051   0.123310    10.2012   -14.2470   -12.5483     0.0000    0.00018
      59    1.9333      -    1    0    -26.0627    21.6618   0.123297    10.1882   -14.3195   -12.5797     0.0000    0.00006
      60    1.9667      -    1    0    -26.0436    21.7431   0.123246    10.1827   -14.4231   -12.6758     0.0000    0.00016
      61    2.0000      -    1    0    -26.0188    21.7558   0.123129    10.1917   -14.4400   -12.7428     0.0000    0.00007
      62    2.0333      -    1    0    -26.0074    21.7513   0.123061    10.1962   -14.4347   -12.7650     0.0000    0.00002
      63    2.0667      -    1    0    -25.9784    21.7647   0.122917    10.2026   -14.4522   -12.8347     0.0000    0.00009
      64    2.1000      -    1    0    -25.9545    21.8206   0.122795    10.1971   -14.5236   -12.9157     0.0000    0.00017
      65    2.1333      -    1    0    -25.9622    21.8441   0.122729    10.1800   -14.5119   -12.7579     0.0000    0.00007
      66    2.1667      -    1    0    -25.9422    21.9256   0.122643    10.1597   -14.6148   -12.8312     0.0000    0.00020
      67    2.2000      -    1    0    -25.9237    22.0110   0.122604    10.1260   -14.6772   -12.7332     0.0000    0.00017
      68    2.2333      -    1    0    -25.9240    22.0806   0.122594    10.0950   -14.7212   -12.5993     0.0000    0.00012
      69    2.2667      -    1    0    -25.9288    22.1096   0.122597    10.0831   -14.7581   -12.6001     0.0000    0.00002
      70    2.3000      -    1    0    -25.9658    22.1099   0.122620    10.0725   -14.7200   -12.3931     0.0000    0.00008
      71    2.3333      -    1    0    -25.9748    22.0529   0.122650    10.0131   -14.4842   -12.3909     0.0000    0.00017
      72    2.3667      -    1    0    -25.9860    22.0510   0.122678    10.0136   -14.4962   -12.3655     0.0000    0.00000
      73    2.4000      -    1    0    -26.0040    22.0699   0.122736    10.0097   -14.5254   -12.3476     0.0000    0.00002
      74    2.4333      -    1    0    -26.0184    22.0800   0.122767    10.0082   -14.5400   -12.3356     0.0000    0.00001
      75    2.4667      -    1    0    -26.0197    22.0933   0.122788    10.0091   -14.5571   -12.3472     0.0000    0.00000
      76    2.5000      -    1    0    -26.0049    22.0763   0.122784     9.9406   -14.3724   -12.3912     0.0000    0.00012
      77    2.5333      -    1    0    -25.9999    22.1365   0.122819     9.9201   -14.4596   -12.4078     0.0000    0.00007
      78    2.5667      -    1    0    -26.0120    22.2161   0.122917     9.9015   -14.5608   -12.4287     0.0000    0.00015
      79    2.6000      -    1    0    -26.0489    22.2617   0.123023     9.8892   -14.6218   -12.4003     0.0000    0.00010
      80    2.6333      -    1    0    -26.0567    22.2740   0.123083     9.8898   -14.6800   -12.5433     0.0000    0.00005
      81    2.6667      -    1    0    -26.0547    22.2483   0.123116     9.8189   -14.4897   -12.5553     0.0000    0.00012
      82    2.7000      -    1    0    -26.0530    22.2532   0.123125     9.8204   -14.5045   -12.5569     0.0000    0.00000
      83    2.7333      -    1    0    -26.0525    22.2555   0.123113     9.8244   -14.5084   -12.5679     0.0000    0.00000
      84    2.7667      -    1    0    -26.0499    22.2563   0.123078     9.8302   -14.5107   -12.5851     0.0000    0.00000
      85    2.8000      -    1    0    -26.0129    22.2523   0.122989     9.8411   -14.5037   -12.6514     0.0000    0.00007
      86    2.8333      -    1    0    -25.9902    22.2491   0.122928     9.8478   -14.4987   -12.6920     0.0000    0.00003
      87    2.8667      -    1    0    -25.9498    22.2379   0.122815     9.8614   -14.4826   -12.7622     0.0000    0.00010
      88    2.9000      -    1    0    -25.9064    22.2174   0.122700     9.8778   -14.4546   -12.8325     0.0000    0.00011
      89    2.9333      -    1    0    -25.8804    22.2154   0.122649     9.8808   -14.4497   -12.8702     0.0000    0.00003
      90    2.9667      -    1    0    -25.8326    22.1988   0.122573     9.8856   -14.3811   -12.7823     0.0000    0.00011
      91    3.0000      -    1    0    -25.7917    22.1894   0.122519     9.8869   -14.3220   -12.6862     0.0000    0.00008
      92    3.0333      -    1    0    -25.7425    22.1905   0.122489     9.8979   -14.3183   -12.7687     0.0000    0.00006
      93    3.0667      -    1    0    -25.7236    22.1903   0.122473     9.9019   -14.3161   -12.7998     0.0000    0.00001
      94    3.1000      -    1    0    -25.7056    22.1935   0.122456     9.9098   -14.3190   -12.8405     0.0000    0.00002
      95    3.1333      -    1    0    -25.7025    22.1926   0.122441     9.9108   -14.3179   -12.8463     0.0000    0.00000
      96    3.1667      -    1    0    -25.7016    22.1889   0.122436     9.9119   -14.3134   -12.8466     0.0000    0.00000
      97    3.2000      -    1    0    -25.7069    22.1838   0.122444     9.9161   -14.3078   -12.8426     0.0000    0.00000
      98    3.2333      -    1    0    -25.7135    22.1745   0.122475     9.9170   -14.2958   -12.8249     0.0000    0.00000
      99    3.2667      -    1    0    -25.7156    22.1613   0.122501     9.9186   -14.2787   -12.8110     0.0000    0.00000
     100    3.3000      -    1    0    -25.7195    22.1566   0.122515     9.9188   -14.2727   -12.8010     0.0000    0.00000
     101    3.3333      -    1    0    -25.7155    22.1591   0.122507     9.9191   -14.2756   -12.8093     0.0000    0.00000
     102    3.3667      -    1    0    -25.7022    22.1726   0.122483     9.9191   -14.2919   -12.8402     0.0000    0.00002
     103    3.4000      -    1    0    -25.6913    22.1775   0.122463     9.9206   -14.2974   -12.8622     0.0000    0.00001
     104    3.4333      -    1    0    -25.6853    22.1839   0.122425     9.9210   -14.3057   -12.8790     0.0000    0.00001
     105    3.4667      -    1    0    -25.6843    22.1883   0.122368     9.9254   -14.3135   -12.8971     0.0000    0.00001
     106    3.5000      -    1    0    -25.6717    22.1876   0.122308     9.9253   -14.3121   -12.9149     0.0000    0.00002
     107    3.5333      -    1    0    -25.6581    22.1862   0.122279     9.9288   -14.3095   -12.9386     0.0000    0.00001
     108    3.5667      -    1    0    -25.6336    22.1846   0.122233     9.9350   -14.3055   -12.9807     0.0000    0.00003
     109    3.6000      -    1    0    -25.6251    22.1789   0.122194     9.9386   -14.2984   -12.9953     0.0000    0.00001
     110    3.6333      -    1    0    -25.6257    22.1776   0.122180     9.9388   -14.2973   -12.9948     0.0000    0.00000
     111    3.6667      -    1    0    -25.6257    22.1763   0.122155     9.9441   -14.2968   -13.0050     0.0000    0.00000
     112    3.7000      -    1    0    -25.6204    22.1734   0.122150     9.9422   -14.2920   -13.0050     0.0000    0.00000
     113    3.7333      -    1    0    -25.6200    22.1714   0.122164     9.9419   -14.2890   -13.0022     0.0000    0.00000
     114    3.7667      -    1    0    -25.6230    22.1690   0.122172     9.9421   -14.2861   -12.9961     0.0000    0.00000
     115    3.8000      -    1    0    -25.6255    22.1612   0.122184     9.9470   -14.2767   -12.9941     0.0000    0.00000
     116    3.8333      -    1    0    -25.6214    22.1525   0.122184     9.9458   -14.2646   -12.9879     0.0000    0.00000
     117    3.8667      -    1    0    -25.6157    22.1531   0.122191     9.9469   -14.2645   -12.9972     0.0000    0.00000
     118    3.9000      -    1    0    -25.6064    22.1554   0.122214     9.9480   -14.2657   -13.0109     0.0000    0.00000
     119    3.9333      -    1    0    -25.6018    22.1507   0.122220     9.9498   -14.2588   -13.0143     0.0000    0.00000
     120    3.9667      -    1    0    -25.6065    22.1337   0.122231     9.9567   -14.2381   -13.0049     0.0000    0.00001
     121    4.0000      -    1    0    -25.6097    22.1280   0.122233     9.9533   -14.2305   -12.9884     0.0000    0.00000
     122    4.0333      -    1    0    -25.6062    22.1210   0.122252     9.9556   -14.2206   -12.9887     0.0000    0.00000
     123    4.0667      -    1    0    -25.5865    22.1230   0.122269     9.9591   -14.2204   -13.0201     0.0000    0.00001
     124    4.1000      -    1    0    -25.5792    22.1250   0.122284     9.9599   -14.2215   -13.0309     0.0000    0.00000
     125    4.1333      -    1    0    -25.5719    22.1288   0.122291     9.9602   -14.2252   -13.0434     0.0000    0.00000
     126    4.1667      -    1    0    -25.5758    22.1339   0.122285     9.9584   -14.2324   -13.0407     0.0000    0.00000
     127    4.2000      -    1    0    -25.5773    22.1368   0.122289     9.9573   -14.2362   -13.0396     0.0000    0.00000
     128    4.2333      -    1    0    -25.5825    22.1337   0.122291     9.9566   -14.2328   -13.0291     0.0000    0.00000
     129    4.2667      -    1    0    -25.5979    22.1341   0.122304     9.9578   -14.2355   -13.0124     0.0000    0.00000
     130    4.3000      -    1    0    -25.6039    22.1275   0.122341     9.9530   -14.2262   -12.9870     0.0000    0.00000
     131    4.3333      -    1    0    -25.5991    22.1261   0.122353     9.9584   -14.2241   -13.0008     0.0000    0.00000
     132    4.3667      -    1    0    -25.5852    22.1134   0.122367     9.9600   -14.2052   -13.0068     0.0000    0.00001
     133    4.4000      -    1    0    -25.5614    22.0942   0.122360     9.9698   -14.1779   -13.0352     0.0000    0.00002
     134    4.4333      -    1    0    -25.5461    22.0822   0.122349     9.9759   -14.1611   -13.0542     0.0000    0.00001
     135    4.4667      -    1    0    -25.5330    22.0525   0.122325     9.9858   -14.1222   -13.0608     0.0000    0.00003
     136    4.5000      -    1    0    -25.5361    22.0262   0.122320     9.9956   -14.0897   -13.0505     0.0000    0.00002
     137    4.5333      -    1    0    -25.5298    22.0037   0.122307     9.3262   -14.2093   -12.8768     0.0000    0.00000
     138    4.5667      -    1    0    -25.5331    21.9793   0.122289     9.3361   -14.1796   -12.8687     0.0000    0.00002
     139    4.6000      -    1    0    -25.5336    21.9383   0.122280     9.0137   -14.1983   -12.7563     0.0000    0.00005
     140    4.6333      -    1    0    -25.5237    21.9454   0.122292     9.0014   -14.2072   -12.7651     0.0000    0.00000
     141    4.6667      -    1    0    -25.4840    22.0020   0.122310     8.9934   -14.2744   -12.8489     0.0000    0.00009
     142    4.7000      -    1    0    -25.4502    22.0541   0.122307     8.6416   -14.4100   -12.8261     0.0000    0.00028
     143    4.7333      -    1    0    -25.4243    22.1181   0.122204     8.5806   -14.3010   -12.2452     0.0000    0.00000
     144    4.7667      -    1    0    -25.3744    22.1299   0.121989     8.4751   -14.0245   -11.2852     0.0000    0.00000
     145    4.8000      -    1    0    -25.3390    22.1327   0.121885     8.3935   -13.8884   -10.7969     0.0000    0.00000
     146    4.8333      -    1    0    -25.1666    22.1602   0.121733     8.2385   -13.8206   -10.5541     0.0000    0.00080
     147    4.8667      -    1    0    -24.9577    22.2074   0.121639     8.2718   -14.0087   -10.7337     0.0000    0.00092
     148    4.9000      -    1    0    -24.8058    22.2486   0.121552     8.4405   -14.3052   -10.7801     0.0000    0.00000
     149    4.9333      -    1    0    -24.7538    22.2892   0.121515     8.5544   -14.5872   -10.8235     0.0000    0.00028
     150    4.9667      -    1    0    -24.7012    22.3142   0.121398     8.6965   -14.8641   -10.4779     0.0000    0.00000
     151    5.0000      -    1    0    -24.6814    22.3326   0.121328     9.1626   -15.0333   -10.1926     0.0000    0.00000
     152    5.0333      -    1    0    -24.6778    22.3585   0.121314     9.6166   -15.2389   -10.0588     0.0000    0.00000
     153    5.0667      -    1    0    -24.7199    22.4560   0.121329    10.5625   -15.8785    -9.6621     0.0000    0.00000
     154    5.1000      -    1    0    -24.8288    22.5698   0.121375    11.7465   -16.6676    -9.3043     0.0000    0.00000
     155    5.1333      -    1    0    -24.9517    22.6423   0.121365    13.3641   -17.2785    -8.9267     0.0000    0.00000
     156    5.1667      -    1    0    -25.0139    22.6903   0.121371    14.2954   -17.6616    -8.7612     0.0000    0.00000
     157    5.2000      -    1    0    -25.1965    22.8170   0.121444    15.8906   -18.7348    -8.0375     0.0000    0.00000
     158    5.2333      -    1    0    -25.4134    22.9254   0.121582    18.8456   -20.0329    -7.6213     0.0000    0.00001
     159    5.2667      -    1    0    -25.5269    22.9924   0.121699    20.0902   -20.8735    -7.1869     0.0000    0.00000
     160    5.3000      -    1    0    -25.7661    23.1910   0.122096    22.7772   -23.0713    -6.7564     0.0000    0.00001
     161    5.3333      -    1    0    -25.9370    23.2841   0.122453    25.4688   -24.8325    -6.6628     0.0000    0.00001
     162    5.3667      -    1    0    -25.9764    23.3009   0.122610    26.9234   -25.5990    -6.7690     0.0000    0.00000
     163    5.4000      -    1    0    -25.9558    23.3127   0.122895    28.8906   -26.6862    -6.8899     0.0000    0.00000
     164    5.4333      -    1    0    -25.8370    23.2506   0.123087    30.0409   -27.1869    -7.0470     0.0000    0.00000
     165    5.4667      -    1    0    -25.6265    23.0804   0.123201    30.9166   -27.1114    -7.4656     0.0000    0.00000
     166    5.5000     G1    1    0    -25.4752    22.9556   0.123259    30.9893   -26.8639    -7.5924     0.0000    0.00066
     167    5.5333     G1    1    0    -25.1378    22.6416   0.123400    31.2249   -26.2748    -7.9367     0.0000    0.00000
     168    5.5667     G1    1    0    -24.7867    22.3217   0.123514    31.5286   -25.8479    -8.2968     0.0000    0.00000
     169    5.6000     G1    1    0    -24.6288    22.1990   0.123636    31.7386   -25.9033    -8.4709     0.0000    0.00000
     170    5.6333     G1    1    0    -24.3812    22.0306   0.124027    32.3350   -26.5692    -8.8456     0.0000    0.00000
     171    5.6667     G1    1    0    -24.1115    21.8600   0.124470    32.8983   -27.2633    -9.4847     0.0000    0.00000
     172    5.7000     G1    1    0    -23.9455    21.7573   0.124705    33.0688   -27.4760    -9.9985     0.0000    0.00000
     173    5.7333     G1    1    0    -23.5925    21.4078   0.125135    33.1489   -27.2526   -10.6052     0.0000    0.00000
     174    5.7667     G1    1    0    -23.2048    20.9287   0.125518    33.1529   -26.4936   -11.1206     0.0000    0.00000
     175    5.8000     G1    1    0    -22.8923    20.4774   0.126033    33.3181   -25.9619   -11.5823     0.0000    0.00000
     176    5.8333     G1    1    0    -22.7362    20.2510   0.126310    33.3326   -25.6093   -12.0008     0.0000    0.00000
     177    5.8667     G1    1    0    -22.4495    19.8175   0.126808    32.6224   -25.1071   -12.2718     0.0000    0.00000
     178    5.9000     G1    1    0    -22.2375    19.3372   0.127297    32.4714   -24.7968   -11.9893     0.0000    0.00000
     179    5.9333     G1    1    0    -22.1490    19.1394   0.127589    32.3134   -24.9322   -11.9712     0.0000    0.00000
     180    5.9667     G1    1    0    -22.0455    18.8053   0.128127    32.7399   -25.3491   -12.3670     0.0000    0.00000
     181    6.0000     G1    1    0    -21.9423    18.4580   0.128557    32.6441   -25.7160   -12.4509     0.0000    0.00000
     182    6.0333     G1    1    0    -21.8615    18.0532   0.128913    32.4791   -25.7903   -12.1479     0.0000    0.00000
     183    6.0667     G1    1    0    -21.7817    17.8500   0.129095    32.1365   -25.6449   -12.1811     0.0000    0.00000
     184    6.1000     G1    1    0    -21.6138    17.4728   0.129433    32.2079   -25.2374   -12.1346     0.0000    0.00000
     185    6.1333     G1    1    0    -21.3983    17.2705   0.129820    32.1210   -25.3224   -12.0924     0.0000    0.00000
     186    6.1667     G1    1    0    -21.2927    17.2038   0.130076    32.3194   -25.4641   -12.2065     0.0000    0.00076
     187    6.2000     G1    1    0    -21.0714    17.0650   0.130453    32.3643   -25.7887   -12.1302     0.0000    0.00000
     188    6.2333     G1    1    0    -20.8271    16.8116   0.130665    32.7786   -25.9374   -11.7967     0.0000    0.00000
     189    6.2667     G1    1    0    -20.6930    16.6078   0.130947    32.9311   -26.7585   -11.3639     0.0000    0.00000
     190    6.3000     G1    1    0    -20.6346    16.4981   0.131084    33.1660   -27.1464   -11.3544     0.0000    0.00000
     191    6.3333     G1    1    0    -20.4584    16.2100   0.131240    33.4547   -27.3386   -11.2957     0.0000    0.00000
     192    6.3667     G1    1    0    -20.1821    15.8392   0.131373    33.2818   -26.9346   -11.1384     0.0000    0.00000
     193    6.4000     G1    1    0    -20.0051    15.6513   0.131484    33.0146   -26.6600   -11.0259     0.0000    0.00000
     194    6.4333     G1    1    0    -19.6427    15.3061   0.131757    32.6233   -26.3037   -10.9241     0.0000    0.00000
     195    6.4667     G1    1    0    -19.3679    15.0028   0.132146    32.7548   -26.4537   -10.9427     0.0000    0.00000
     196    6.5000     G1    1    0    -19.2016    14.7009   0.132606    32.8162   -26.9187   -10.7060     0.0000    0.00000
     197    6.5333     G1    1    0    -19.0941    14.5166   0.132838    32.9979   -27.0211   -10.9829     0.0000    0.00000
     198    6.5667     G1    1    0    -18.8202    14.0727   0.133209    32.8266   -26.7990   -11.1381     0.0000    0.00000
     199    6.6000     G1    1    0    -18.5951    13.6589   0.133542    32.6460   -26.6057   -10.9504     0.0000    0.00000
     200    6.6333     G1    1    0    -18.5087    13.5167   0.133738    32.3720   -26.6052   -10.7286     0.0000    0.00087
     201    6.6667     G1    1    0    -18.2945    13.3876   0.134131    31.3556   -26.5221   -10.7979     0.0000    0.00000
     202    6.7000     G1    1    0    -18.0493    13.2859   0.134439    30.9221   -25.8743   -11.2869     0.0000    0.00000
     203    6.7333     G1    1    0    -17.8189    13.1701   0.134702    30.0078   -25.0967   -11.0449     0.0000    0.00000
     204    6.7667     G1    1    0    -17.7132    13.1131   0.134871    30.0061   -24.8137   -11.1123     0.0000    0.00046
     205    6.8000     G1    1    0    -17.5271    13.0322   0.135248    29.4451   -24.7401   -10.9729     0.0000    0.00000
     206    6.8333     G1    1    0    -17.3733    12.9144   0.135562    29.2717   -24.5464   -10.9800     0.0000    0.00000
     207    6.8667     G1    1    0    -17.3160    12.8391   0.135705    29.3855   -24.4309   -11.0446     0.0000    0.00028
     208    6.9000     G1    1    0    -17.2158    12.7122   0.135952    29.2704   -24.4350   -11.3452     0.0000    0.00000
     209    6.9333     G1    1    0    -17.1640    12.5512   0.136175    28.9947   -24.4979   -11.3955     0.0000    0.00081
     210    6.9667     G1    1    0    -17.0694    12.4116   0.136120    28.2767   -24.5034   -11.7004     0.0000    0.00000
     211    7.0000     G1    1    0    -17.0711    12.3565   0.136072    28.3149   -24.5966   -11.6291     0.0000    0.00014
     212    7.0333     G1    1    0    -17.0404    12.2935   0.135921    28.3586   -24.5305   -11.6493     0.0000    0.00022
     213    7.0667     G1    1    0    -17.0074    12.3146   0.135831    28.4751   -24.6606   -11.7659     0.0000    0.00009
     214    7.1000     G1    1    0    -16.9745    12.3125   0.135837    28.1401   -24.7009   -11.6585     0.0000    0.00005
     215    7.1333     G1    1    0    -16.9311    12.2606   0.135892    27.8750   -24.6668   -11.5801     0.0000    0.00014
     216    7.1667     G1    1    0    -16.9192    12.2362   0.135884    27.5837   -24.6052   -11.5179     0.0000    0.00016
     217    7.2000     G1    1    0    -16.9208    12.2905   0.135754    27.5386   -24.4620   -11.6277     0.0000    0.00017
     218    7.2333     G1    1    0    -16.9335    12.3884   0.135617    27.5291   -24.5494   -11.7288     0.0000    0.00032
     219    7.2667     G1    1    0    -17.0171    12.6735   0.135184    27.5156   -24.8280   -11.3023     0.0000    0.00000
     220    7.3000     G1    1    0    -17.1281    13.0672   0.134675    27.3697   -25.1723   -10.3392     0.0000    0.00000
     221    7.3333     G1    1    0    -17.1509    13.3029   0.134465    27.2736   -25.4212   -10.1247     0.0000    0.00000
     222    7.3667     G1    1    0    -17.0940    13.7473   0.134008    27.0807   -25.5776   -10.2212     0.0000    0.00000
     223    7.4000     G1    1    0    -17.0571    14.1206   0.133451    26.9838   -25.5522   -10.0448     0.0000    0.00000
     224    7.4333     G1    1    0    -17.0565    14.2960   0.133084    26.8638   -25.3921    -9.7703     0.0000    0.00000
     225    7.4667     G1    1    0    -17.0682    14.7498   0.132142    26.4040   -25.0949    -9.2052     0.0000    0.00000
     226    7.5000     G1    1    0    -17.1297    15.3458   0.131150    25.7016   -25.0176    -8.1964     0.0000    0.00000
     227    7.5333     G1    1    0    -17.1850    16.0612   0.130187    25.0237   -25.3075    -7.7362     0.0000    0.00000
     228    7.5667     G1    1    0    -17.2341    16.3838   0.129688    24.7271   -25.3639    -7.3582     0.0000    0.00000
     229    7.6000     G1    1    0    -17.3958    17.0203   0.128582    24.1065   -25.3395    -6.4097     0.0000    0.00000
     230    7.6333     G1    1    0    -17.5925    17.6440   0.127392    23.3250   -25.1679    -5.5031     0.0000    0.00000
     231    7.6667     G1    1    0    -17.6837    17.9286   0.126805    22.8656   -25.0031    -5.1500     0.0000    0.00000
     232    7.7000     G1    1    0    -17.9189    18.5243   0.125597    21.9420   -24.8344    -4.3429     0.0000    0.00000
     233    7.7333     G1    1    0    -18.2317    19.0730   0.124460    21.1098   -24.7089    -3.2909     0.0000    0.00000
     234    7.7667     G1    1    0    -18.5266    19.6174   0.123304    20.3750   -24.5978    -2.8304     0.0000    0.00000
     235    7.8000     G1    1    0    -18.6674    19.8746   0.122732    20.0548   -24.5228    -2.6526     0.0000    0.00000
     236    7.8333     G1    1    0    -18.9907    20.3503   0.121592    19.8029   -24.2245    -2.0943     0.0000    0.00000
     237    7.8667     G1    1    0    -19.3289    20.8613   0.120465    19.1902   -24.0998    -1.4970     0.0000    0.00000
     238    7.9000     G1    1    0    -19.5002    21.1293   0.119912    18.8794   -24.0612    -1.2745     0.0000    0.00000
     239    7.9333     G1    1    0    -19.8306    21.5762   0.118916    18.3140   -23.8433    -0.6549     0.0000    0.00000
     240    7.9667     G1    1    0    -20.1589    21.9505   0.118056    18.1311   -23.5205    -0.3154     0.0000    0.00000
     241    8.0000     G1    1    0    -20.4458    22.2765   0.117392    17.6374   -23.2679    -0.1486     0.0000    0.00000
     242    8.0333     G1    1    0    -20.5746    22.3995   0.117152    17.4486   -23.1694    -0.0650     0.0000    0.00000
     243    8.0667     G1    1    0    -20.8298    22.6369   0.116839    17.2011   -23.2123     0.0936     0.0000    0.00000
     244    8.1000     G1    1    0    -21.0392    22.7651   0.116579    17.3716   -22.9862     0.2031     0.0000    0.00000
     245    8.1333     G1    1    0    -21.1936    22.8841   0.116380    17.2386   -22.9221     0.2673     0.0000    0.00000
     246    8.1667     G1    1    0    -21.2711    22.9509   0.116321    17.2144   -22.9934     0.2929     0.0000    0.00022
     247    8.2000     G1    1    0    -21.3850    23.0817   0.116167    17.1829   -23.0350     0.2365     0.0000    0.00073
     248    8.2333     G1    1    0    -21.5046    23.2282   0.116075    17.5965   -23.2531     0.0207     0.0000    0.00000
     249    8.2667     G1    1    0    -21.5425    23.2933   0.116027    17.6347   -23.3388    -0.0543     0.0000    0.00014
     250    8.3000     G1    1    0    -21.6241    23.4332   0.115851    17.7253   -23.5225    -0.2330     0.0000    0.00077
     251    8.3333     G1    1    0    -21.7317    23.5217   0.115674    17.6643   -23.4721    -0.0611     0.0000    0.00064
     252    8.3667     G1    1    0    -21.7883    23.5922   0.115617    17.6511   -23.5895    -0.0396     0.0000    0.00018
     253    8.4000     G1    1    0    -21.8662    23.7284   0.115454    17.5711   -23.6294    -0.0638     0.0000    0.00062
     254    8.4333     G1    1    0    -21.9593    23.8476   0.115238    17.4230   -23.4599     0.0975     0.0000    0.00000
     255    8.4667     G1    1    0    -22.0079    23.9304   0.115130    17.3527   -23.4615     0.1012     0.0000    0.00025
     256    8.5000     G1    1    0    -22.1042    24.0704   0.114911    17.1568   -23.3126     0.3068     0.0000    0.00000
     257    8.5333     G1    1    0    -22.1713    24.2068   0.114711    16.9810   -23.2012     0.3088     0.0000    0.00074
     258    8.5667     G1    1    0    -22.2309    24.2930   0.114551    16.8914   -23.1870     0.3217     0.0000    0.00037
     259    8.6000     G1    1    0    -22.2721    24.3044   0.114478    16.9016   -23.1948     0.5064     0.0000    0.00011
     260    8.6333     G1    1    0    -22.3138    24.2810   0.114386    16.9166   -23.1337     0.8590     0.0000    0.00024
     261    8.6667     G1    1    0    -22.2613    24.2492   0.114397    16.9435   -23.0521     0.9665     0.0000    0.00011
     262    8.7000     G1    1    0    -22.1996    24.2249   0.114427    16.9732   -23.0013     0.8767     0.0000    0.00007
     263    8.7333     G1    1    0    -22.0520    24.1575   0.114416    17.0675   -22.8659     0.6280     0.0000    0.00042
     264    8.7667     G1    1    0    -21.9203    24.0390   0.114360    17.1809   -22.6705     0.4003     0.0000    0.00054
     265    8.8000     G1    1    0    -21.8276    23.9112   0.114314    17.2601   -22.4550     0.4408     0.0000    0.00045
     266    8.8333     G1    1    0    -21.7929    23.8874   0.114298    17.3509   -22.5749     0.3884     0.0000    0.00011
     267    8.8667     G1    1    0    -21.6935    23.8140   0.114214    17.4117   -22.4411     0.2519     0.0000    0.00031
     268    8.9000     G1    1    0    -21.6321    23.7859   0.114184    17.4422   -22.3606     0.3273     0.0000    0.00012
     269    8.9333     G1    1    0    -21.6210    23.7753   0.114186    17.4584   -22.3201     0.4503     0.0000    0.00004
     270    8.9667     G1    1    0    -21.6299    23.8066   0.114236    17.5303   -22.5127     0.4542     0.0000    0.00012
     271    9.0000     G1    1    0    -21.6330    23.7882   0.114250    17.5447   -22.4845     0.4463     0.0000    0.00001
     272    9.0333     G1    1    0    -21.6409    23.7697   0.114253    17.5999   -22.4797     0.3952     0.0000    0.00002
     273    9.0667     G1    1    0    -21.6587    23.7874   0.114269    17.6786   -22.6449     0.3784     0.0000    0.00009
     274    9.1000     G1    1    0    -21.6577    23.7872   0.114255    17.7096   -22.6260     0.3224     0.0000    0.00001
     275    9.1333     G1    1    0    -21.6568    23.7924   0.114200    17.7561   -22.6251     0.2378     0.0000    0.00002
     276    9.1667     G1    1    0    -21.6632    23.7889   0.114160    17.7849   -22.6188     0.1973     0.0000    0.00000
     277    9.2000     G1    1    0    -21.6939    23.7558   0.114058    17.7396   -22.4318     0.1981     0.0000    0.00020
     278    9.2333     G1    1    0    -21.7677    23.7690   0.113972    17.7493   -22.4723     0.2419     0.0000    0.00016
     279    9.2667     G1    1    0    -21.8105    23.8009   0.113884    17.7208   -22.3984     0.2172     0.0000    0.00012
     280    9.3000     G1    1    0    -21.8168    23.8246   0.113862    17.6964   -22.3916     0.2033     0.0000    0.00001
     281    9.3333     G1    1    0    -21.7899    23.8414   0.113796    17.5596   -22.0931     0.1382     0.0000    0.00037
     282    9.3667     G1    1    0    -21.7664    23.8548   0.113745    17.4082   -21.8058     0.1012     0.0000    0.00036
     283    9.4000     G1    1    0    -21.7547    23.8468   0.113714    17.3368   -21.6428     0.0871     0.0000    0.00011
     284    9.4333     G1    1    0    -21.7409    23.8506   0.113666    17.2722   -21.4981     0.0523     0.0000    0.00009
     285    9.4667     G1    1    0    -21.7197    23.8329   0.113617    17.2064   -21.3280     0.0287     0.0000    0.00012
     286    9.5000     G1    1    0    -21.7161    23.8342   0.113616    17.2091   -21.3348     0.0227     0.0000    0.00000
     287    9.5333     G1    1    0    -21.7047    23.8292   0.113628    17.2400   -21.3220    -0.0336     0.0000    0.00001
     288    9.5667     G1    1    0    -21.6794    23.8030   0.113604    17.2278   -21.1077    -0.1462     0.0000    0.00016
     289    9.6000     G1    1    0    -21.6579    23.7568   0.113572    17.1222   -20.7788    -0.1766     0.0000    0.00037
     290    9.6333     G1    1    0    -21.6410    23.7221   0.113547    17.0271   -20.5393    -0.1733     0.0000    0.00022
     291    9.6667     G1    1    0    -21.6241    23.6850   0.113518    16.9002   -20.2264    -0.1770     0.0000    0.00036
     292    9.7000     G1    1    0    -21.6134    23.7063   0.113533    16.5218   -20.2377    -0.0735     0.0000    0.00004
     293    9.7333     G1    1    0    -21.6047    23.7091   0.113527    16.5465   -20.2370    -0.1241     0.0000    0.00001
     294    9.7667     G1    1    0    -21.6024    23.7092   0.113527    16.5678   -20.2335    -0.1620     0.0000    0.00001
     295    9.8000     G1    1    0    -21.5977    23.7093   0.113527    16.6095   -20.2264    -0.2374     0.0000    0.00002
     296    9.8333     G1    1    0    -21.5817    23.7091   0.113527    16.2816   -20.1930    -0.2008     0.0000    0.00011
     297    9.8667     G1    1    0    -21.5668    23.6841   0.113510    16.2426   -20.0159    -0.2485     0.0000    0.00011
     298    9.9000     G1    1    0    -21.5635    23.6828   0.113507    16.2689   -20.0228    -0.2922     0.0000    0.00001
     299    9.9333     G1    1    0    -21.5381    23.6579   0.113481    15.8465   -19.8327    -0.2022     0.0000    0.00000
     300    9.9667     G1    1    0    -21.5371    23.6585   0.113481    15.8575   -19.8348    -0.2208     0.0000    0.00000
     301   10.0000     G1    1    0    -21.5273    23.6586   0.113476    15.8907   -19.8288    -0.2875     0.0000    0.00002
     302   10.0333     G1    1    0    -21.5236    23.6558   0.113475    15.9266   -19.8198    -0.3507     0.0000    0.00001
     303   10.0667     G1    1    0    -21.5223    23.6405   0.113478    15.9722   -19.7948    -0.4183     0.0000    0.00002
     304   10.1000     G1    1    0    -21.5206    23.6341   0.113478    15.9925   -19.7838    -0.4505     0.0000    0.00001
     305   10.1333     G1    1    0    -21.5134    23.6304   0.113469    16.0240   -19.7734    -0.5105     0.0000    0.00001
     306   10.1667     G1    1    0    -21.5081    23.6312   0.113471    16.0498   -19.7695    -0.5610     0.0000    0.00001
     307   10.2000     G1    1    0    -21.5093    23.6345   0.113480    16.0733   -19.7705    -0.6034     0.0000    0.00001
     308   10.2333     G1    1    0    -21.5118    23.6319   0.113487    16.0870   -19.7660    -0.6223     0.0000    0.00000
     309   10.2667     G1    1    0    -21.5004    23.6333   0.113504    15.7491   -19.7637    -0.5472     0.0000    0.00005
     310   10.3000     G1    1    0    -21.4923    23.6347   0.113519    15.7711   -19.7600    -0.5942     0.0000    0.00001
     311   10.3333     G1    1    0    -21.4881    23.6381   0.113523    15.7816   -19.7617    -0.6194     0.0000    0.00001
     312   10.3667     G1    1    0    -21.4947    23.6414   0.113524    15.7941   -19.7658    -0.6367     0.0000    0.00000
     313   10.4000     G1    1    0    -21.5005    23.6382   0.113526    15.8168   -19.7605    -0.6674     0.0000    0.00001
     314   10.4333     G1    1    0    -21.4999    23.6383   0.113525    15.8268   -19.7592    -0.6856     0.0000    0.00000
     315   10.4667     G1    1    0    -21.4940    23.6443   0.113522    15.8471   -19.7625    -0.7324     0.0000    0.00001
     316   10.5000     G1    1    0    -21.4982    23.6443   0.113520    15.8602   -19.7618    -0.7509     0.0000    0.00000
     317   10.5333     G1    1    0    -21.5014    23.6414   0.113528    15.8740   -19.7572    -0.7691     0.0000    0.00000
     318   10.5667     G1    1    0    -21.5021    23.6453   0.113538    15.8830   -19.7608    -0.7869     0.0000    0.00000
     319   10.6000     G1    1    0    -21.5082    23.6501   0.113554    15.8945   -19.7663    -0.8032     0.0000    0.00000
     320   10.6333     G1    1    0    -21.5207    23.6476   0.113575    15.9057   -19.7648    -0.8072     0.0000    0.00000
     321   10.6667     G1    1    0    -21.5295    23.6492   0.113595    15.9125   -19.7676    -0.8096     0.0000    0.00000
     322   10.7000     G1    1    0    -21.5397    23.6506   0.113618    15.9285   -19.7695    -0.8269     0.0000    0.00000
     323   10.7333     G1    1    0    -21.5430    23.6544   0.113630    15.9462   -19.7724    -0.8572     0.0000    0.00001
     324   10.7667     G1    1    0    -21.5426    23.6515   0.113637    15.9512   -19.7681    -0.8638     0.0000    0.00000
     325   10.8000     G1    1    0    -21.5462    23.6524   0.113644    15.9549   -19.7693    -0.8667     0.0000    0.00000
     326   10.8333     G1    1    0    -21.5512    23.6536   0.113663    15.9628   -19.7707    -0.8754     0.0000    0.00000
     327   10.8667     G1    1    0    -21.5620    23.6550   0.113687    15.9687   -19.7740    -0.8745     0.0000    0.00000
     328   10.9000     G1    1    0    -21.5676    23.6586   0.113699    15.9666   -19.7800    -0.8674     0.0000    0.00000
     329   10.9333     G1    1    0    -21.5764    23.6602   0.113718    15.9783   -19.7822    -0.8786     0.0000    0.00000
     330   10.9667     G1    1    0    -21.5900    23.6675   0.113743    15.9877   -19.7931    -0.8857     0.0000    0.00000
     331   11.0000     G1    1    0    -21.5992    23.6848   0.113761    15.9931   -19.8154    -0.8982     0.0000    0.00001
     332   11.0333     G1    1    0    -21.5976    23.6879   0.113762    16.0029   -19.8175    -0.9197     0.0000    0.00000
     333   11.0667     G1    1    0    -21.5946    23.6913   0.113763    16.0133   -19.8194    -0.9438     0.0000    0.00000
     334   11.1000     G1    1    0    -21.5903    23.6948   0.113767    16.0235   -19.8211    -0.9692     0.0000    0.00001
     335   11.1333     G1    1    0    -21.5897    23.6948   0.113767    16.0284   -19.8203    -0.9785     0.0000    0.00000
     336   11.1667     G1    1    0    -21.5928    23.6947   0.113767    16.0371   -19.8198    -0.9904     0.0000    0.00000
     337   11.2000     G1    1    0    -21.5892    23.6981   0.113764    16.0476   -19.8215    -1.0152     0.0000    0.00001
     338   11.2333     G1    1    0    -21.5882    23.7011   0.113764    16.0524   -19.8243    -1.0273     0.0000    0.00000
     339   11.2667     G1    1    0    -21.5900    23.7044   0.113768    16.0516   -19.8288    -1.0266     0.0000    0.00000
     340   11.3000     G1    1    0    -21.5910    23.7046   0.113772    16.0559   -19.8288    -1.0330     0.0000    0.00000
     341   11.3333     G1    1    0    -21.5884    23.7081   0.113775    16.0613   -19.8315    -1.0479     0.0000    0.00000
     342   11.3667     G1    1    0    -21.5878    23.7081   0.113775    16.0662   -19.8307    -1.0573     0.0000    0.00000
     343   11.4000     G1    1    0    -21.5898    23.7087   0.113779    16.0655   -19.8319    -1.0541     0.0000    0.00000
     344   11.4333     G1    1    0    -21.5907    23.7084   0.113775    16.0749   -19.8305    -1.0695     0.0000    0.00000
     345   11.4667     G1    1    0    -21.5896    23.7115   0.113776    16.0796   -19.8334    -1.0816     0.0000    0.00000
     346   11.5000     G1    1    0    -21.5893    23.7111   0.113775    16.0847   -19.8323    -1.0906     0.0000    0.00000
     347   11.5333     G1    1    0    -21.5872    23.7115   0.113779    16.0852   -19.8320    -1.0939     0.0000    0.00000
     348   11.5667     G1    1    0    -21.5873    23.7116   0.113777    16.0945   -19.8308    -1.1102     0.0000    0.00000
     349   11.6000     G1    1    0    -21.5873    23.7116   0.113776    16.0995   -19.8302    -1.1191     0.0000    0.00000
     350   11.6333     G1    1    0    -21.5800    23.7046   0.113764    16.1166   -19.8176    -1.1517     0.0000    0.00001
     351   11.6667     G1    1    0    -21.5750    23.7042   0.113756    16.1279   -19.8144    -1.1768     0.0000    0.00001
     352   11.7000     G1    1    0    -21.5765    23.7039   0.113752    16.1323   -19.8139    -1.1828     0.0000    0.00000
     353   11.7333     G1    1    0    -21.5771    23.7006   0.113750    16.1467   -19.8081    -1.2050     0.0000    0.00000
     354   11.7667     G1    1    0    -21.5703    23.6946   0.113751    16.1587   -19.7974    -1.2284     0.0000    0.00001
     355   11.8000     G1    1    0    -21.5748    23.6819   0.113752    16.1680   -19.7819    -1.2296     0.0000    0.00001
     356   11.8333     G1    1    0    -21.5761    23.6760   0.113757    16.1683   -19.7748    -1.2237     0.0000    0.00000
     357   11.8667     G1    1    0    -21.5741    23.6766   0.113765    16.1780   -19.7735    -1.2431     0.0000    0.00000
     358   11.9000     G1    1    0    -21.5813    23.6804   0.113774    16.1803   -19.7795    -1.2420     0.0000    0.00000
     359   11.9333     G1    1    0    -21.5820    23.6769   0.113773    16.1805   -19.7756    -1.2389     0.0000    0.00000
     360   11.9667     G1    1    0    -21.5859    23.6707   0.113774    16.1895   -19.7678    -1.2455     0.0000    0.00000
     361   12.0000     G1    1    0    -21.5801    23.6804   0.113774    16.1903   -19.7778    -1.2608     0.0000    0.00001
     362   12.0333     G1    1    0    -21.5795    23.6732   0.113762    16.1956   -19.7685    -1.2656     0.0000    0.00000
     363   12.0667     G1    1    0    -21.5794    23.6732   0.113762    16.1963   -19.7683    -1.2670     0.0000    0.00000
     364   12.1000     G1    1    0    -21.5780    23.6768   0.113770    16.1960   -19.7722    -1.2705     0.0000    0.00000
     365   12.1333     G1    1    0    -21.5780    23.6768   0.113770    16.1960   -19.7722    -1.2705     0.0000    0.00000
     366   12.1667     G1    1    0    -21.5795    23.6740   0.113774    16.2004   -19.7685    -1.2741     0.0000    0.00000
     367   12.2000     G1    1    0    -21.5811    23.6807   0.113777    16.1994   -19.7771    -1.2760     0.0000    0.00000
     368   12.2333     G1    1    0    -21.5802    23.6868   0.113778    16.1991   -19.7843    -1.2815     0.0000    0.00000
     369   12.2667     G1    1    0    -21.5801    23.6903   0.113778    16.1990   -19.7885    -1.2840     0.0000    0.00000
     370   12.3000     G1    1    0    -21.5796    23.6933   0.113778    16.1988   -19.7921    -1.2868     0.0000    0.00000
     371   12.3333     G1    1    0    -21.5845    23.7029   0.113784    16.1965   -19.8053    -1.2852     0.0000    0.00000
     372   12.3667     G1    1    0    -21.5954    23.7015   0.113810    16.1933   -19.8064    -1.2657     0.0000    0.00000
     373   12.4000     G1    1    0    -21.6054    23.6990   0.113823    16.1953   -19.8055    -1.2558     0.0000    0.00000
     374   12.4333     G1    1    0    -21.6367    23.7045   0.113868    16.1850   -19.8212    -1.2069     0.0000    0.00002
     375   12.4667     G1    1    0    -21.6693    23.7031   0.113909    16.1849   -19.8276    -1.1693     0.0000    0.00002
     376   12.5000     G1    1    0    -21.7006    23.7069   0.113933    16.1798   -19.8409    -1.1292     0.0000    0.00002
     377   12.5333     G1    1    0    -21.7140    23.7077   0.113949    16.1760   -19.8456    -1.1083     0.0000    0.00000
     378   12.5667     G1    1    0    -21.7331    23.7096   0.113982    16.1745   -19.8526    -1.0854     0.0000    0.00001
     379   12.6000     G1    1    0    -21.7422    23.7106   0.114003    16.1762   -19.8557    -1.0787     0.0000    0.00000
     380   12.6333     G1    1    0    -21.7397    23.7109   0.114006    16.1768   -19.8553    -1.0824     0.0000    0.00000
     381   12.6667     G1    1    0    -21.7388    23.7235   0.114006    16.1761   -19.8704    -1.0927     0.0000    0.00001
     382   12.7000     G1    1    0    -21.7423    23.7234   0.114008    16.1799   -19.8707    -1.0954     0.0000    0.00000
     383   12.7333     G1    1    0    -21.7423    23.7234   0.114008    16.1799   -19.8707    -1.0954     0.0000    0.00000
     384   12.7667     G1    1    0    -21.7442    23.7241   0.114012    16.1793   -19.8719    -1.0923     0.0000    0.00000
     385   12.8000     G1    1    0    -21.7514    23.7254   0.114034    16.1816   -19.8748    -1.0888     0.0000    0.00000
     386   12.8333     G1    1    0    -21.7739    23.7242   0.114078    16.1745   -19.8796    -1.0499     0.0000    0.00001
     387   12.8667     G1    1    0    -21.7901    23.7233   0.114110    16.1745   -19.8821    -1.0302     0.0000    0.00000
     388   12.9000     G1    1    0    -21.8075    23.7211   0.114138    16.1787   -19.8831    -1.0166     0.0000    0.00001
     389   12.9333     G1    1    0    -21.8163    23.7226   0.114158    16.1855   -19.8859    -1.0191     0.0000    0.00000
     390   12.9667     G1    1    0    -21.8198    23.7235   0.114166    16.1892   -19.8871    -1.0220     0.0000    0.00000
     391   13.0000     G1    1    0    -21.8300    23.7213   0.114191    16.1960   -19.8860    -1.0205     0.0000    0.00000
     392   13.0333     G1    1    0    -21.8412    23.7196   0.114214    16.2064   -19.8850    -1.0245     0.0000    0.00000
     393   13.0667     G1    1    0    -21.8645    23.7205   0.114239    16.2230   -19.8898    -1.0288     0.0000    0.00001
     394   13.1000     G1    1    0    -21.8821    23.7237   0.114246    16.2315   -19.8971    -1.0274     0.0000    0.00001
     395   13.1333     G1    1    0    -21.8998    23.7308   0.114271    16.2344   -19.9375    -1.1833     0.0000    0.00006
     396   13.1667     G1    1    0    -21.9112    23.7601   0.114258    16.2221   -20.0061    -1.3393     0.0000    0.00006
     397   13.2000     G1    1    0    -21.9240    23.7768   0.114232    16.2173   -20.0305    -1.3296     0.0000    0.00002
     398   13.2333     G1    1    0    -21.9435    23.8012   0.114189    16.2146   -20.0666    -1.3260     0.0000    0.00004
     399   13.2667     G1    1    0    -21.9603    23.7979   0.114151    16.2244   -20.0665    -1.3247     0.0000    0.00001
     400   13.3000     G1    1    0    -21.9604    23.7771   0.114110    16.1560   -19.8813    -1.3358     0.0000    0.00014
     401   13.3333     G1    1    0    -21.9634    23.7821   0.114114    16.1563   -19.8980    -1.3340     0.0000    0.00000
     402   13.3667     G1    1    0    -21.9307    23.7623   0.114108    15.7233   -19.7194    -1.2423     0.0000    0.00000
     403   13.4000     G1    1    0    -21.8614    23.7214   0.114043    14.9073   -19.2165    -1.1211     0.0000    0.00000
     404   13.4333     G1    1    0    -21.8297    23.7345   0.114005    14.3458   -19.0660    -1.0123     0.0000    0.00000
     405   13.4667     G1    1    0    -21.7655    23.7785   0.113876    13.6434   -18.4649    -1.0281     0.0000    0.00000
     406   13.5000     G1    1    0    -21.7238    23.8802   0.113731    12.8712   -17.9167    -1.1844     0.0000    0.00000
     407   13.5333     G1    1    0    -21.6875    23.9790   0.113536    11.6567   -17.2969    -1.3467     0.0000    0.00000
     408   13.5667     G1    1    0    -21.6617    23.9978   0.113444    10.9834   -16.8812    -1.5040     0.0000    0.00000
     409   13.6000     G1    1    0    -21.6429    23.9447   0.113305     9.9531   -15.8392    -1.6178     0.0000    0.00000
     410   13.6333     G1    1    0    -21.6422    23.8799   0.113224     9.1133   -15.1567    -1.6247     0.0000    0.00000
     411   13.6667     G1    1    0    -21.6485    23.8610   0.113211     8.8530   -14.8144    -1.8512     0.0000    0.00000
     412   13.7000     G1    1    0    -21.6549    23.8995   0.113232     8.8501   -14.9165    -2.0091     0.0000    0.00008
     413   13.7333     G1    1    0    -21.6674    23.9866   0.113259     8.8673   -15.0395    -2.0965     0.0000    0.00013
     414   13.7667     G1    1    0    -21.6534    24.0571   0.113240     8.9089   -15.1321    -2.2511     0.0000    0.00012
     415   13.8000     G1    1    0    -21.6515    24.0570   0.113224     8.9353   -15.1334    -2.3043     0.0000    0.00001
     416   13.8333     G1    1    0    -21.6656    23.9954   0.113222     8.6178   -15.0303    -2.0430     0.0000    0.00000
     417   13.8667     G1    1    0    -21.6487    23.8863   0.113258     8.3098   -14.8987    -1.9577     0.0000    0.00000
     418   13.9000     G1    1    0    -21.6345    23.8373   0.113274     8.3344   -14.8344    -1.9813     0.0000    0.00004
     419   13.9333     G1    1    0    -21.6059    23.7728   0.113321     8.3844   -14.7491    -2.0587     0.0000    0.00009
     420   13.9667     G1    1    0    -21.5709    23.7596   0.113361     8.1588   -14.7356    -2.0607     0.0000    0.00005
     421   14.0000     G1    1    0    -21.5645    23.7557   0.113382     8.0657   -14.6930    -1.9021     0.0000    0.00007
     422   14.0333     G1    1    0    -21.5567    23.7547   0.113382     7.7180   -14.7014    -1.8236     0.0000    0.00002
     423   14.0667     G1    1    0    -21.5628    23.7537   0.113365     7.7265   -14.7017    -1.8317     0.0000    0.00000
     424   14.1000     G1    1    0    -21.5667    23.7573   0.113371     7.7378   -14.7079    -1.8516     0.0000    0.00000
     425   14.1333     G1    1    0    -21.5677    23.7585   0.113387     7.7456   -14.7099    -1.8663     0.0000    0.00000
     426   14.1667     G1    1    0    -21.5866    23.7548   0.113428     7.7555   -14.7070    -1.8573     0.0000    0.00001
     427   14.2000     G1    1    0    -21.6143    23.7504   0.113469     7.7677   -14.7045    -1.8419     0.0000    0.00002
     428   14.2333     G1    1    0    -21.6301    23.7476   0.113469     7.7937   -14.7052    -1.8724     0.0000    0.00001
     429   14.2667     G1    1    0    -21.6353    23.7461   0.113455     7.7976   -14.7047    -1.8736     0.0000    0.00000
     430   14.3000     G1    1    0    -21.6462    23.7498   0.113418     7.8034   -14.7123    -1.8766     0.0000    0.00001
     431   14.3333     G1    1    0    -21.6496    23.7516   0.113399     7.8066   -14.7159    -1.8814     0.0000    0.00000
     432   14.3667     G1    1    0    -21.6469    23.7491   0.113402     7.8115   -14.7126    -1.8922     0.0000    0.00000
     433   14.4000     G1    1    0    -21.6466    23.7438   0.113416     7.8165   -14.7058    -1.8975     0.0000    0.00000
     434   14.4333     G1    1    0    -21.6504    23.7417   0.113431     7.8202   -14.7035    -1.8980     0.0000    0.00000
     435   14.4667     G1    1    0    -21.6575    23.7456   0.113446     7.8222   -14.7093    -1.8959     0.0000    0.00000
     436   14.5000     G1    1    0    -21.6577    23.7428   0.113452     7.8268   -14.7060    -1.9025     0.0000    0.00000
     437   14.5333     G1    1    0    -21.6584    23.7436   0.113458     7.8304   -14.7072    -1.9092     0.0000    0.00000
     438   14.5667     G1    1    0    -21.6538    23.7475   0.113463     7.8304   -14.7116    -1.9178     0.0000    0.00000
     439   14.6000     G1    1    0    -21.6539    23.7482   0.113476     7.8302   -14.7122    -1.9174     0.0000    0.00000
     440   14.6333     G1    1    0    -21.6735    23.7386   0.113494     7.8323   -14.6596    -1.7292     0.0000    0.00007
     441   14.6667     G1    1    0    -21.6906    23.7371   0.113525     7.8260   -14.6584    -1.6937     0.0000    0.00001
     442   14.7000     G1    1    0    -21.7009    23.7379   0.113545     7.8242   -14.6600    -1.6771     0.0000    0.00000
     443   14.7333     G1    1    0    -21.7224    23.7402   0.113588     7.8242   -14.6643    -1.6502     0.0000    0.00001
     444   14.7667     G1    1    0    -21.7407    23.7412   0.113617     7.8252   -14.6672    -1.6292     0.0000    0.00001
     445   14.8000     G1    1    0    -21.7358    23.7440   0.113633     7.4755   -14.6787    -1.5460     0.0000    0.00002
     446   14.8333     G1    1    0    -21.7358    23.7440   0.113633     7.4755   -14.6787    -1.5460     0.0000    0.00099
     447   14.8667     G1    1    0    -21.7307    23.7473   0.113625     7.4801   -14.6830    -1.5641     0.0000    0.00001
     448   14.9000     G1    1    0    -21.7307    23.7473   0.113625     7.4801   -14.6830    -1.5641     0.0000    0.00100
     449   14.9333     G1    1    0    -21.7288    23.7474   0.113628     7.4808   -14.6828    -1.5671     0.0000    0.00000
     450   14.9667     G1    1    0    -21.7250    23.7453   0.113646     7.4818   -14.6794    -1.5713     0.0000    0.00000
     451   15.0000     G1    1    0    -21.7136    23.7327   0.113683     7.4866   -14.6611    -1.5824     0.0000    0.00001
     452   15.0333     G1    1    0    -21.7063    23.7131   0.113716     7.4912   -14.6340    -1.5825     0.0000    0.00001
     453   15.0667     G1    1    0    -21.7060    23.7071   0.113716     7.4963   -14.6265    -1.5881     0.0000    0.00000
     454   15.1000     G1    1    0    -21.7121    23.6963   0.113702     7.5019   -14.6139    -1.5834     0.0000    0.00001
     455   15.1333     G1    1    0    -21.7100    23.6967   0.113706     7.5022   -14.6142    -1.5868     0.0000    0.00000
     456   15.1667     G1    1    0    -21.7093    23.6969   0.113712     7.5026   -14.6142    -1.5885     0.0000    0.00000
     457   15.2000     G1    1    0    -21.7122    23.6945   0.113722     7.5023   -14.6110    -1.5814     0.0000    0.00000
     458   15.2333     G1    1    0    -21.7145    23.6881   0.113720     7.5071   -14.6034    -1.5832     0.0000    0.00000
     459   15.2667     G1    1    0    -21.7037    23.6871   0.113725     7.1557   -14.6092    -1.5012     0.0000    0.00001
     460   15.3000     G1    1    0    -21.7023    23.6840   0.113727     7.1568   -14.6049    -1.5022     0.0000    0.00000
     461   15.3333     G1    1    0    -21.7023    23.6809   0.113728     7.1575   -14.6008    -1.5006     0.0000    0.00000
     462   15.3667     G1    1    0    -21.7042    23.6775   0.113724     7.1621   -14.5972    -1.5045     0.0000    0.00000
     463   15.4000     G1    1    0    -21.7020    23.6774   0.113721     7.1625   -14.5969    -1.5080     0.0000    0.00000
     464   15.4333     G1    1    0    -21.6984    23.6736   0.113713     7.1638   -14.5919    -1.5125     0.0000    0.00000
     465   15.4667     G1    1    0    -21.6996    23.6711   0.113718     7.1645   -14.5886    -1.5097     0.0000    0.00000
     466   15.5000     G1    1    0    -21.6992    23.6685   0.113725     7.1649   -14.5849    -1.5084     0.0000    0.00000
     467   15.5333     G1    1    0    -21.6934    23.6546   0.113749     7.1689   -14.5657    -1.5105     0.0000    0.00000
     468   15.5667     G1    1    0    -21.6824    23.6312   0.113774     7.1754   -14.5338    -1.5166     0.0000    0.00001
     469   15.6000     G1    1    0    -21.6627    23.6087   0.113787     6.8295   -14.5104    -1.4384     0.0000    0.00006
     470   15.6333     G1    1    0    -21.6588    23.6053   0.113780     6.8310   -14.5056    -1.4434     0.0000    0.00000
     471   15.6667     G1    1    0    -21.6652    23.6076   0.113771     6.8300   -14.5093    -1.4353     0.0000    0.00000
     472   15.7000     G1    1    0    -21.6636    23.6076   0.113773     6.8305   -14.5092    -1.4381     0.0000    0.00000
     473   15.7333     G1    1    0    -21.6594    23.6053   0.113779     6.8316   -14.5057    -1.4430     0.0000    0.00000
     474   15.7667     G1    1    0    -21.6594    23.6053   0.113779     6.8316   -14.5057    -1.4430     0.0000    0.00000
     475   15.8000     G1    1    0    -21.6537    23.6130   0.113776     6.4780   -14.5228    -1.3579     0.0000    0.00003
     476   15.8333     G1    1    0    -21.6514    23.6122   0.113766     6.4787   -14.5217    -1.3616     0.0000    0.00000
     477   15.8667     G1    1    0    -21.6450    23.6149   0.113753     6.4793   -14.5251    -1.3734     0.0000    0.00000
     478   15.9000     G1    1    0    -21.6230    23.6255   0.113708     6.4809   -14.5389    -1.4146     0.0000    0.00003
     479   15.9333     G1    1    0    -21.5955    23.6327   0.113649     6.4841   -14.5480    -1.4635     0.0000    0.00004
     480   15.9667     G1    1    0    -21.5988    23.6239   0.113628     6.4890   -14.4916    -1.3029     0.0000    0.00006
     481   16.0000     G1    1    0    -21.5867    23.6235   0.113612     6.4871   -14.4912    -1.3178     0.0000    0.00001
     482   16.0333     G1    1    0    -21.5877    23.6237   0.113617     6.4873   -14.4914    -1.3168     0.0000    0.00000
     483   16.0667     G1    1    0    -21.5902    23.6252   0.113632     6.4904   -14.4935    -1.3201     0.0000    0.00000
     484   16.1000     G1    1    0    -21.6086    23.6148   0.113638     6.4934   -14.4351    -1.1340     0.0000    0.00007
     485   16.1333     G1    1    0    -21.6098    23.6182   0.113650     6.4883   -14.4399    -1.1281     0.0000    0.00000
     486   16.1667     G1    1    0    -21.6104    23.6240   0.113640     6.4911   -14.4484    -1.1382     0.0000    0.00000
     487   16.2000     G1    1    0    -21.6098    23.6336   0.113634     6.4895   -14.4609    -1.1437     0.0000    0.00001
     488   16.2333     G1    1    0    -21.5945    23.6573   0.113598     6.4829   -14.4913    -1.1708     0.0000    0.00003
     489   16.2667     G1    1    0    -21.5787    23.6674   0.113551     6.4833   -14.5048    -1.2022     0.0000    0.00002
     490   16.3000     G1    1    0    -21.5763    23.6692   0.113533     6.4833   -14.5076    -1.2076     0.0000    0.00000
     491   16.3333     G1    1    0    -21.5758    23.6700   0.113540     6.4873   -14.5089    -1.2166     0.0000    0.00000
     492   16.3667     G1    1    0    -21.5749    23.6735   0.113541     6.4867   -14.5133    -1.2190     0.0000    0.00000
     493   16.4000     G1    1    0    -21.5749    23.6735   0.113541     6.4867   -14.5133    -1.2190     0.0000    0.00000
     494   16.4333     G1    1    0    -21.5739    23.6734   0.113541     6.4871   -14.5133    -1.2213     0.0000    0.00000
     495   16.4667     G1    1    0    -21.5740    23.6765   0.113540     6.4860   -14.5173    -1.2214     0.0000    0.00000
     496   16.5000     G1    1    0    -21.5731    23.6882   0.113527     6.4838   -14.5330    -1.2289     0.0000    0.00001
     497   16.5333     G1    1    0    -21.5614    23.7254   0.113498     6.4780   -14.5814    -1.2635     0.0000    0.00004
     498   16.5667     G1    1    0    -21.5559    23.7501   0.113480     6.4737   -14.6138    -1.2830     0.0000    0.00002
     499   16.6000     G1    1    0    -21.5578    23.7806   0.113467     6.4670   -14.6542    -1.2934     0.0000    0.00002
     500   16.6333     G1    1    0    -21.5578    23.7836   0.113460     6.4666   -14.6582    -1.2951     0.0000    0.00000
     501   16.6667     G1    1    0    -21.5595    23.7837   0.113465     6.4662   -14.6584    -1.2921     0.0000    0.00000
     502   16.7000     G1    1    0    -21.5595    23.7837   0.113465     6.4662   -14.6584    -1.2921     0.0000    0.00000
     503   16.7333     G1    1    0    -21.5633    23.7834   0.113466     6.4656   -14.6583    -1.2859     0.0000    0.00000
     504   16.7667     G1    1    0    -21.5633    23.7834   0.113466     6.4656   -14.6583    -1.2859     0.0000    0.00000
     505   16.8000     G1    1    0    -21.5617    23.7808   0.113469     6.4665   -14.6545    -1.2871     0.0000    0.00000
     506   16.8333     G1    1    0    -21.5647    23.7773   0.113466     6.4668   -14.6503    -1.2814     0.0000    0.00000
     507   16.8667     G1    1    0    -21.5680    23.7801   0.113467     6.4655   -14.6542    -1.2772     0.0000    0.00000
     508   16.9000     G1    1    0    -21.5680    23.7801   0.113467     6.4655   -14.6542    -1.2772     0.0000    0.00000
     509   16.9333     G1    1    0    -21.5672    23.7764   0.113462     6.4661   -14.6495    -1.2765     0.0000    0.00000
     510   16.9667     G1    1    0    -21.5664    23.7734   0.113457     6.4713   -14.6462    -1.2857     0.0000    0.00000
     511   17.0000     G1    1    0    -21.5664    23.7734   0.113457     6.4713   -14.6462    -1.2857     0.0000    0.00000
     512   17.0333     G1    1    0    -21.5609    23.7744   0.113453     6.1183   -14.6537    -1.1962     0.0000    0.00001
     513   17.0667     G1    1    0    -21.5625    23.7769   0.113444     6.1178   -14.6571    -1.1951     0.0000    0.00000
     514   17.1000     G1    1    0    -21.5516    23.7780   0.113441     5.7686   -14.6638    -1.1150     0.0000    0.00001
     515   17.1333     G1    1    0    -21.5504    23.7780   0.113443     5.7658   -14.6637    -1.1157     0.0000    0.00000
     516   17.1667     G1    1    0    -21.5691    23.7698   0.113435     5.7651   -14.6067    -0.9268     0.0000    0.00007
     517   17.2000     G1    1    0    -21.5448    23.7724   0.113434     5.0610   -14.6170    -0.7688     0.0000    0.00000
     518   17.2333     G1    1    0    -21.5372    23.7757   0.113430     5.0622   -14.6213    -0.7830     0.0000    0.00000
     519   17.2667     G1    1    0    -21.5332    23.7729   0.113431     4.3602   -14.5733    -0.4429     0.0000    0.00000
     520   17.3000     G1    1    0    -21.5548    23.7702   0.113424     4.3588   -14.5196    -0.2538     0.0000    0.00007
     521   17.3333     G1    1    0    -21.5192    23.7572   0.113403     3.5926   -14.3505    -0.1616     0.0000    0.00000
     522   17.3667     G1    1    0    -21.5189    23.7649   0.113404     3.5916   -14.3703    -0.1616     0.0000    0.00000
     523   17.4000     G1    1    0    -21.4943    23.7353   0.113396     2.8252   -14.1768    -0.0433     0.0000    0.00000
     524   17.4333     G1    1    0    -21.4907    23.7047   0.113393     2.7631   -13.9978    -0.0793     0.0000    0.00012
     525   17.4667     G1    1    0    -21.4681    23.6497   0.113392     1.5841   -13.6278     0.0973     0.0000    0.00000
     526   17.5000     G1    1    0    -21.4622    23.6394   0.113402     1.2011   -13.5570     0.1666     0.0000    0.00016
     527   17.5333     G1    1    0    -21.4373    23.5618   0.113404     0.6974   -13.0932     0.1262     0.0000    0.00000
     528   17.5667     G1    1    0    -21.4013    23.4795   0.113394     0.1575   -12.5576     0.0479     0.0000    0.00000
     529   17.6000     G1    1    0    -21.4003    23.4464   0.113390    -0.2581   -12.3134     0.2528     0.0000    0.00000
     530   17.6333     G1    1    0    -21.3770    23.3997   0.113400    -1.0923   -11.9689     0.3132     0.0000    0.00000
     531   17.6667     G1    1    0    -21.3830    23.3743   0.113403    -1.1538   -11.7950     0.2679     0.0000    0.00011
     532   17.7000     G1    1    0    -21.3894    23.3878   0.113422    -1.1570   -11.8252     0.2812     0.0000    0.00001
     533   17.7333     G1    1    0    -21.4412    23.3988   0.113446    -2.1636   -11.5892     1.1260     0.0000    0.00000
     534   17.7667     G1    1    0    -21.5494    23.4002   0.113485    -2.5476   -11.1433     2.3451     0.0000    0.00000
     535   17.8000     G1    1    0    -21.6012    23.4443   0.113494    -2.9541   -10.9539     3.0536     0.0000    0.00000
     536   17.8333     G1    1    0    -21.5912    23.4649   0.113475    -3.0304   -10.8336     3.0013     0.0000    0.00008
     537   17.8667     G1    1    0    -21.5430    23.5490   0.113456    -4.1659   -10.7577     3.0619     0.0000    0.00057
     538   17.9000     G1    1    0    -21.4980    23.6746   0.113392    -5.0296   -10.6253     2.9891     0.0000    0.00000
     539   17.9333     G1    1    0    -21.4890    23.7425   0.113333    -5.5565   -10.3778     2.8965     0.0000    0.00000
     540   17.9667     G1    1    0    -21.5075    23.9444   0.113190    -7.3920    -9.8230     2.8380     0.0000    0.00000
     541   18.0000     G1    1    0    -21.5827    24.1797   0.112969    -9.4682    -8.9011     2.7292     0.0000    0.00000
     542   18.0333     G1    1    0    -21.6838    24.4446   0.112705   -12.4770    -7.5855     2.6641     0.0000    0.00000
     543   18.0667     G1    1    0    -21.7334    24.5846   0.112607   -14.0541    -6.9445     2.4872     0.0000    0.00000
     544   18.1000     G1    1    0    -21.8755    24.8292   0.112526   -18.2190    -5.5440     2.4078     0.0000    0.00001
     545   18.1333     G1    1    0    -22.0283    25.0213   0.112542   -21.9259    -4.3872     2.0854     0.0000    0.00001
     546   18.1667     G1    1    0    -22.1023    25.1096   0.112572   -23.3701    -4.0517     1.8215     0.0000    0.00000
     547   18.2000     G1    1    0    -22.2706    25.2289   0.112675   -26.8253    -3.4520     1.2315     0.0000    0.00000
     548   18.2333     G1    1    0    -22.4297    25.3398   0.112872   -30.0904    -3.3720     0.5132     0.0000    0.00000
     549   18.2667     G1    1    0    -22.6212    25.4371   0.113116   -32.8408    -3.5880    -0.1087     0.0000    0.00000
     550   18.3000     G1    1    0    -22.7235    25.4685   0.113238   -34.0162    -3.7800    -0.4943     0.0000    0.00000
     551   18.3333     G1    1    0    -22.9794    25.5094   0.113419   -35.9112    -4.0199    -0.9630     0.0000    0.00000
     552   18.3667     G1    1    0    -23.2672    25.5393   0.113582   -36.0022    -4.1511    -1.3483     0.0000    0.00000
     553   18.4000     G1    1    0    -23.3904    25.5711   0.113678   -36.0379    -4.2989    -1.5873     0.0000    0.00059
     554   18.4333     G1    1    0    -23.6228    25.6204   0.113845   -36.0886    -4.3061    -1.8565     0.0000    0.00000
     555   18.4667     G1    1    0    -23.7613    25.7124   0.114014   -36.8883    -4.6239    -2.4465     0.0000    0.00000
     556   18.5000     G1    1    0    -23.8101    25.7537   0.114078   -37.3183    -4.7563    -2.8544     0.0000    0.00000
     557   18.5333     G1    1    0    -23.8997    25.8131   0.114125   -38.4574    -4.7704    -3.6489     0.0000    0.00000
     558   18.5667     G1    1    0    -23.9943    25.8477   0.114092   -39.5348    -4.4204    -4.5464     0.0000    0.00000
     559   18.6000     G1    1    0    -24.1189    25.8902   0.114118   -40.5108    -3.9296    -5.3039     0.0000    0.00000
     560   18.6333     G1    1    0    -24.1787    25.9255   0.114157   -41.5512    -3.7738    -5.4797     0.0000    0.00000
     561   18.6667     G1    1    0    -24.3002    25.9498   0.114274   -42.1962    -3.3264    -5.9273     0.0000    0.00000
     562   18.7000     G1    1    0    -24.3929    25.9118   0.114431   -42.6299    -2.9976    -6.2565     0.0000    0.00000
     563   18.7333     G1    1    0    -24.3989    25.9072   0.114533   -42.6138    -3.1221    -6.3678     0.0000    0.00008
     564   18.7667     G1    1    0    -24.3816    25.9000   0.114695   -42.8954    -3.4847    -6.5905     0.0000    0.00000
     565   18.8000     G1    1    0    -24.3623    25.9202   0.114802   -42.8535    -3.8351    -6.8260     0.0000    0.00000
     566   18.8333     G1    1    0    -24.3828    25.9280   0.114869   -42.8219    -3.9133    -6.8732     0.0000    0.00004
     567   18.8667     G1    1    0    -24.3780    25.9328   0.114885   -42.8103    -3.9701    -6.9115     0.0000    0.00001
     568   18.9000     G1    1    0    -24.3522    25.9463   0.114901   -42.7855    -4.1291    -7.0203     0.0000    0.00008
     569   18.9333     G1    1    0    -24.3324    25.9533   0.114905   -42.7654    -4.2458    -7.1050     0.0000    0.00005
     570   18.9667     G1    1    0    -24.3235    25.9602   0.114907   -42.7594    -4.2982    -7.1369     0.0000    0.00001
     571   19.0000     G1    1    0    -24.3063    25.9647   0.114920   -42.7453    -4.3854    -7.2019     0.0000    0.00003
     572   19.0333     G1    1    0    -24.2928    25.9671   0.114932   -42.7260    -4.4777    -7.2739     0.0000    0.00003
     573   19.0667     G1    1    0    -24.2975    25.9707   0.114952   -42.7048    -4.5470    -7.3227     0.0000    0.00002
     574   19.1000     G1    1    0    -24.3014    25.9727   0.114976   -42.6976    -4.5681    -7.3360     0.0000    0.00000
     575   19.1333     G1    1    0    -24.3174    25.9700   0.115034   -42.6809    -4.5865    -7.3536     0.0000    0.00002
     576   19.1667     G1    1    0    -24.3320    25.9631   0.115072   -42.6553    -4.6262    -7.3947     0.0000    0.00002
     577   19.2000     G1    1    0    -24.3404    25.9629   0.115097   -42.6441    -4.6461    -7.4101     0.0000    0.00001
     578   19.2333     G1    1    0    -24.3637    25.9692   0.115171   -42.6282    -4.6723    -7.4181     0.0000    0.00003
     579   19.2667     G1    1    0    -24.4020    25.9602   0.115263   -42.6005    -4.6706    -7.4269     0.0000    0.00006
     580   19.3000     G1    1    0    -24.4536    25.9568   0.115349   -42.5689    -4.6732    -7.4272     0.0000    0.00007
     581   19.3333     G1    1    0    -24.4637    25.9637   0.115401   -42.5455    -4.8146    -7.5202     0.0000    0.00008
     582   19.3667     G1    1    0    -24.5362    25.9590   0.115539   -42.5097    -4.8545    -7.5424     0.0000    0.00018
     583   19.4000     G1    1    0    -24.5811    25.9785   0.115762   -42.4517    -5.2032    -7.7630     0.0000    0.00000
     584   19.4333     G1    1    0    -24.5978    25.9905   0.115910   -42.4055    -5.4778    -7.9479     0.0000    0.00029
     585   19.4667     G1    1    0    -24.5835    26.0452   0.116231   -42.2770    -6.3204    -8.5083     0.0000    0.00000
     586   19.5000     G1    1    0    -24.4655    26.1692   0.116586   -42.3966    -7.8847    -9.4541     0.0000    0.00000
     587   19.5333     G2    1    0    -24.4042    26.2812   0.116943   -42.4598    -9.1890   -10.2211     0.0000    0.00000
     588   19.5667     G2    1    0    -24.4000    26.3299   0.117129   -42.3011    -9.7408   -10.5919     0.0000    0.00000
     589   19.6000     G2    1    0    -24.4239    26.4181   0.117505   -42.6867   -10.8222   -11.0901     0.0000    0.00000
     590   19.6333     G2    1    0    -24.5455    26.4723   0.117868   -43.1112   -11.5820   -11.3455     0.0000    0.00000
     591   19.6667     G2    1    0    -24.6511    26.4889   0.118060   -42.9897   -11.7916   -11.4685     0.0000    0.00044
     592   19.7000     G2    1    0    -24.9178    26.5077   0.118479   -43.1189   -12.0884   -11.5033     0.0000    0.00000
     593   19.7333     G2    1    0    -25.2552    26.5058   0.118960   -43.2819   -12.1569   -11.3780     0.0000    0.00000
     594   19.7667     G2    1    0    -25.6022    26.5019   0.119419   -43.1427   -12.0414   -11.2382     0.0000    0.00000
     595   19.8000     G2    1    0    -25.7723    26.4970   0.119646   -43.0852   -11.9505   -11.1476     0.0000    0.00070
     596   19.8333     G2    1    0    -26.1131    26.4709   0.120112   -42.9840   -11.6873   -10.9297     0.0000    0.00000
     597   19.8667     G2    1    0    -26.4381    26.4588   0.120574   -42.8816   -11.5398   -10.7716     0.0000    0.00000
     598   19.9000     G2    1    0    -26.6222    26.4448   0.120806   -42.8387   -11.3661   -10.6288     0.0000    0.00080
     599   19.9333     G2    1    0    -26.8434    26.4983   0.121385   -43.3310   -12.1620   -10.8159     0.0000    0.00000
     600   19.9667     G2    1    0    -26.9211    26.6521   0.122137   -43.5982   -14.1763   -11.7244     0.0000    0.00000
     601   20.0000     G2    1    0    -27.0812    26.6862   0.122527   -43.4615   -14.5353   -11.8912     0.0000    0.00000
     602   20.0333     G2    1    0    -27.3984    26.7542   0.123477   -43.7601   -15.5188   -12.1559     0.0000    0.00000
     603   20.0667     G2    1    0    -27.8768    26.8031   0.124690   -43.4339   -15.9009   -12.2750     0.0000    0.00000
     604   20.1000     G2    1    0    -28.4979    26.8020   0.126151   -43.5458   -15.8337   -11.9613     0.0000    0.00000
     605   20.1333     G2    1    0    -28.8454    26.7999   0.126967   -43.4468   -15.6963   -11.7955     0.0000    0.00000
     606   20.1667     G2    1    0    -29.5912    26.7852   0.128727   -43.2795   -15.2508   -11.3472     0.0000    0.00000
     607   20.2000     G2    1    0    -30.3088    26.8027   0.130661   -43.0820   -15.1086   -11.0581     0.0000    0.00000
     608   20.2333     G2    1    0    -30.6748    26.7987   0.131616   -42.9951   -14.9064   -10.8458     0.0000    0.00000
     609   20.2667     G2    1    0    -31.3536    26.8280   0.133502   -42.1157   -14.6414   -10.7391     0.0000    0.00000
     610   20.3000     G2    1    0    -32.0085    26.8478   0.135246   -41.6637   -14.1152   -10.5404     0.0000    0.00000
     611   20.3333     G2    1    0    -32.6314    26.8759   0.136899   -41.2112   -13.6646   -10.1621     0.0000    0.00000
     612   20.3667     G2    1    0    -32.9070    26.8812   0.137646   -40.7967   -13.4991   -10.0999     0.0000    0.00000
     613   20.4000     G2    1    0    -33.4652    26.8745   0.139076   -38.9236   -12.9662   -10.2190     0.0000    0.00000
     614   20.4333     G2    1    0    -33.9670    26.8680   0.140374   -37.7889   -12.4533   -10.0906     0.0000    0.00000
     615   20.4667     G2    1    0    -34.4078    26.8930   0.141470   -36.9993   -12.2350   -10.0131     0.0000    0.00000
     616   20.5000     G2    1    0    -34.6614    26.8862   0.141947   -36.2722   -11.8959    -9.9310     0.0000    0.00000
     617   20.5333     G2    1    0    -35.1171    26.8884   0.142887   -34.7604   -11.6360   -10.0693     0.0000    0.00000
     618   20.5667     G2    1    0    -35.5909    26.8880   0.143818   -32.5806   -11.2913   -10.3596     0.0000    0.00000
     619   20.6000     G2    1    0    -35.8214    26.8978   0.144308   -32.1101   -11.3392   -10.4513     0.0000    0.00000
     620   20.6333     G2    1    0    -36.2829    26.9084   0.145242   -31.5906   -11.3787   -10.4514     0.0000    0.00000
     621   20.6667     G2    1    0    -36.8169    26.8984   0.146257   -30.4406   -10.9190   -10.2539     0.0000    0.00000
     622   20.7000     G2    1    0    -37.1025    26.8822   0.146826   -29.3874   -10.4393   -10.1045     0.0000    0.00000
     623   20.7333     G2    1    0    -37.6986    26.8027   0.148125   -26.0694    -8.9068    -9.6500     0.0000    0.00001
     624   20.7667     G2    1    0    -38.2446    26.7369   0.149561   -23.2410    -7.4540    -8.6387     0.0000    0.00001
     625   20.8000     G2    1    0    -38.7307    26.7717   0.151254   -20.1263    -6.6520    -7.3986     0.0000    0.00001
     626   20.8333     G2    1    0    -38.9393    26.8042   0.152166   -18.3749    -6.4775    -6.8695     0.0000    0.00000
     627   20.8667     G2    1    0    -39.3211    26.9270   0.154088   -15.1117    -6.8270    -5.4330     0.0000    0.00001
     628   20.9000     G2    1    0    -39.6312    27.1351   0.156029   -11.3884    -7.9542    -3.7553     0.0000    0.00002
     629   20.9333     G2    1    0    -39.7694    27.2703   0.156975    -9.5626    -8.7587    -2.6289     0.0000    0.00000
     630   20.9667     G2    1    0    -40.0458    27.5756   0.159026    -5.9209   -10.8602     0.0029     0.0000    0.00004
     631   21.0000     G2    1    0    -40.2847    27.8829   0.161185    -2.6614   -13.3398     2.2445     0.0000    0.00003
     632   21.0333     G2    1    0    -40.4628    28.1145   0.163228    -0.4259   -15.7661     3.9198     0.0000    0.00001
     633   21.0667     G2    1    0    -40.5359    28.1906   0.164229     0.5463   -16.9103     4.6025     0.0000    0.00000
     634   21.1000     G2    1    0    -40.6412    28.2676   0.166097     1.5046   -18.8033     5.9910     0.0000    0.00000
     635   21.1333     G2    1    0    -40.7026    28.3007   0.167699     2.3068   -20.0492     7.0060     0.0000    0.00000
     636   21.1667     G2    1    0    -40.7200    28.3001   0.168413     2.8691   -20.4163     7.3371     0.0000    0.00000
     637   21.2000     G2    1    0    -40.7095    28.2408   0.169691     3.2996   -20.6451     8.0340     0.0000    0.00000
     638   21.2333     G2    1    0    -40.6693    28.1023   0.170659     3.5519   -20.3748     8.3438     0.0000    0.00000
     639   21.2667     G2    1    0    -40.6360    27.9528   0.171387     3.9702   -20.2188     8.3183     0.0000    0.00000
     640   21.3000     G2    1    0    -40.6178    27.8910   0.171673     3.9953   -20.1351     8.3542     0.0000    0.00032
     641   21.3333     G2    1    0    -40.5840    27.8035   0.172127     4.0181   -20.0080     8.4260     0.0000    0.00074
     642   21.3667     G2    1    0    -40.5504    27.7396   0.172450     4.4112   -19.9746     8.3063     0.0000    0.00000
     643   21.4000     G2    1    0    -40.5257    27.7103   0.172517     4.4372   -19.9446     8.2716     0.0000    0.00005
     644   21.4333     G2    1    0    -40.4683    27.6264   0.172544     4.4942   -19.6999     8.1729     0.0000    0.00031
     645   21.4667     G2    1    0    -40.4131    27.5309   0.172544     4.5536   -19.5841     8.1331     0.0000    0.00029
     646   21.5000     G2    1    0    -40.3872    27.4687   0.172522     4.5984   -19.5194     8.1119     0.0000    0.00011
     647   21.5333     G2    1    0    -40.3484    27.3193   0.172425     4.7075   -19.3628     8.0841     0.0000    0.00064
     648   21.5667     G2    1    0    -40.3411    27.1762   0.172320     4.8061   -19.2103     8.1041     0.0000    0.00058
     649   21.6000     G2    1    0    -40.3558    27.0502   0.172232     4.8864   -18.8534     8.2698     0.0000    0.00067
     650   21.6333     G2    1    0    -40.3598    27.0173   0.172217     4.9039   -18.8267     8.2920     0.0000    0.00003
     651   21.6667     G2    1    0    -40.3629    26.9801   0.172208     4.9244   -18.7855     8.3159     0.0000    0.00004
     652   21.7000     G2    1    0    -40.3648    26.9689   0.172209     4.9373   -18.7762     8.3095     0.0000    0.00000
     653   21.7333     G2    1    0    -40.3653    26.9685   0.172193     4.9423   -18.7792     8.2983     0.0000    0.00000
     654   21.7667     G2    1    0    -40.3555    26.9763   0.172138     4.9451   -18.7934     8.2646     0.0000    0.00002
     655   21.8000     G2    1    0    -40.3734    26.9540   0.172101     4.9780   -18.6377     8.7663     0.0000    0.00000
     656   21.8333     G2    1    0    -40.3949    26.9378   0.172106     4.9936   -18.4800     9.3026     0.0000    0.00000
     657   21.8667     G2    1    0    -40.4013    26.9333   0.172124     4.9961   -18.4272     9.4842     0.0000    0.00006
     658   21.9000     G2    1    0    -40.4558    26.8929   0.172164     5.0358   -18.1497    10.4058     0.0000    0.00000
     659   21.9333     G2    1    0    -40.4757    26.8805   0.172203     5.0179   -18.0738    10.6626     0.0000    0.00011
     660   21.9667     G2    1    0    -40.4821    26.8836   0.172222     5.3635   -18.1371    10.5666     0.0000    0.00009
     661   22.0000     G2    1    0    -40.4799    26.8817   0.172270     5.3858   -18.0975    10.6988     0.0000    0.00004
     662   22.0333     G2    1    0    -40.4635    26.8713   0.172342     5.3926   -18.0841    10.6852     0.0000    0.00002
     663   22.0667     G2    1    0    -40.4339    26.8525   0.172408     5.4106   -18.0645    10.6463     0.0000    0.00004
     664   22.1000     G2    1    0    -40.4107    26.8396   0.172445     5.4194   -18.0491    10.6234     0.0000    0.00002
     665   22.1333     G2    1    0    -40.3463    26.8071   0.172485     5.4550   -17.9723    10.7016     0.0000    0.00016
     666   22.1667     G2    1    0    -40.2544    26.7492   0.172499     5.5117   -17.8701    10.7439     0.0000    0.00031
     667   22.2000     G2    1    0    -40.1987    26.7171   0.172508     5.5394   -17.8372    10.6728     0.0000    0.00010
     668   22.2333     G2    1    0    -40.0829    26.6417   0.172485     5.6099   -17.7640    10.5109     0.0000    0.00045
     669   22.2667     G2    1    0    -39.9676    26.5566   0.172417     5.6845   -17.6799    10.3549     0.0000    0.00051
     670   22.3000     G2    1    0    -39.8689    26.4699   0.172322     5.7630   -17.5961    10.2119     0.0000    0.00045
     671   22.3333     G2    1    0    -39.8276    26.4312   0.172270     5.7968   -17.5583    10.1535     0.0000    0.00009
     672   22.3667     G2    1    0    -39.7513    26.3568   0.172141     5.8596   -17.4851    10.0487     0.0000    0.00035
     673   22.4000     G2    1    0    -39.6923    26.3004   0.172031     5.9104   -17.4317     9.9591     0.0000    0.00022
     674   22.4333     G2    1    0    -39.6707    26.2817   0.171991     5.9281   -17.4144     9.9249     0.0000    0.00003
     675   22.4667     G2    1    0    -39.6511    26.2578   0.171975     5.9467   -17.3894     9.9022     0.0000    0.00003
     676   22.5000     G2    1    0    -39.6588    26.2407   0.172021     5.9539   -17.3675     9.9282     0.0000    0.00001
     677   22.5333     G2    1    0    -39.6706    26.2206   0.172106     5.9565   -17.3376     9.9778     0.0000    0.00003
     678   22.5667     G2    1    0    -39.6738    26.2123   0.172163     5.9601   -17.3261     9.9918     0.0000    0.00001
     679   22.6000     G2    1    0    -39.6751    26.1941   0.172294     5.9595   -17.2957    10.0353     0.0000    0.00004
     680   22.6333     G2    1    0    -39.6789    26.1669   0.172455     5.9642   -17.2545    10.0876     0.0000    0.00007
     681   22.6667     G2    1    0    -39.6780    26.1540   0.172537     5.9693   -17.2361    10.1037     0.0000    0.00002
     682   22.7000     G2    1    0    -39.6682    26.1222   0.172686     5.9777   -17.1897    10.1405     0.0000    0.00008
     683   22.7333     G2    1    0    -39.6488    26.0851   0.172828     5.9942   -17.1402    10.1560     0.0000    0.00010
     684   22.7667     G2    1    0    -39.6282    26.0440   0.172949     6.0153   -17.0877    10.1663     0.0000    0.00010
     685   22.8000     G2    1    0    -39.6197    26.0247   0.172990     6.0246   -17.0632    10.1730     0.0000    0.00002
     686   22.8333     G2    1    0    -39.5812    25.9823   0.173044     5.3355   -16.9343    10.2102     0.0000    0.00000
     687   22.8667     G2    1    0    -39.5496    25.9346   0.173097     4.9963   -16.8574    10.1659     0.0000    0.00020
     688   22.9000     G2    1    0    -39.5384    25.9021   0.173131     4.6604   -16.7564    10.2850     0.0000    0.00019
     689   22.9333     G2    1    0    -39.5113    25.8503   0.173184     4.3154   -16.7232    10.0905     0.0000    0.00000
     690   22.9667     G2    1    0    -39.5037    25.7810   0.173236     3.9875   -16.6225    10.0906     0.0000    0.00021
     691   23.0000     G2    1    0    -39.4930    25.7525   0.173263     3.6393   -16.5738    10.0544     0.0000    0.00015
     692   23.0333     G2    1    0    -39.4509    25.7073   0.173315     2.5781   -16.4871     9.9014     0.0000    0.00000
     693   23.0667     G2    1    0    -39.4419    25.6632   0.173352     2.2359   -16.4229     9.8781     0.0000    0.00015
     694   23.1000     G2    1    0    -39.3958    25.6111   0.173378     1.5092   -16.2902     9.4138     0.0000    0.00000
     695   23.1333     G2    1    0    -39.3765    25.5950   0.173394     1.1383   -16.3187     9.2278     0.0000    0.00000
     696   23.1667     G2    1    0    -39.3430    25.5256   0.173395     0.0822   -16.0601     9.0307     0.0000    0.00000
     697   23.2000     G2    1    0    -39.3146    25.4669   0.173389    -0.6291   -15.8934     8.7414     0.0000    0.00000
     698   23.2333     G2    1    0    -39.2861    25.4174   0.173400    -1.3086   -15.7155     8.5335     0.0000    0.00000
     699   23.2667     G2    1    0    -39.2661    25.4018   0.173405    -1.6497   -15.6327     8.4042     0.0000    0.00027
     700   23.3000     G2    1    0    -39.2500    25.3747   0.173389    -1.9586   -15.3658     8.3384     0.0000    0.00000
     701   23.3333     G2    1    0    -39.2435    25.3543   0.173363    -2.2805   -15.1403     8.3100     0.0000    0.00000
     702   23.3667     G2    1    0    -39.2398    25.3378   0.173347    -2.2689   -14.9666     8.2329     0.0000    0.00010
     703   23.4000     G2    1    0    -39.2156    25.2997   0.173312    -3.2843   -14.5388     8.3364     0.0000    0.00000
     704   23.4333     G2    1    0    -39.1947    25.2806   0.173294    -3.6167   -14.3565     8.1205     0.0000    0.00000
     705   23.4667     G2    1    0    -39.1877    25.2637   0.173280    -3.5925   -14.1981     8.0051     0.0000    0.00010
     706   23.5000     G2    1    0    -39.1634    25.2356   0.173254    -4.8438   -13.8582     8.1634     0.0000    0.00000
     707   23.5333     G2    1    0    -39.1375    25.2083   0.173238    -5.2657   -13.5809     7.8899     0.0000    0.00000
     708   23.5667     G2    1    0    -39.1129    25.1948   0.173228    -5.9156   -13.4574     7.7715     0.0000    0.00000
     709   23.6000     G2    1    0    -39.0730    25.1836   0.173223    -6.5972   -13.4024     7.3732     0.0000    0.00000
     710   23.6333     G2    1    0    -39.0063    25.1613   0.173206    -7.5549   -13.3845     6.7341     0.0000    0.00000
     711   23.6667     G2    1    0    -38.9478    25.1159   0.173175    -8.8001   -13.2036     6.1995     0.0000    0.00000
     712   23.7000     G2    1    0    -38.9300    25.0850   0.173151    -9.7607   -12.9804     6.1725     0.0000    0.00000
     713   23.7333     G2    1    0    -38.8915    24.9865   0.173090   -11.9504   -12.1166     5.9738     0.0000    0.00000
     714   23.7667     G2    1    0    -38.8566    24.8717   0.173024   -13.2932   -11.2052     5.4328     0.0000    0.00000
     715   23.8000     G2    1    0    -38.8315    24.8026   0.172989   -14.2568   -10.6421     5.1269     0.0000    0.00000
     716   23.8333     G2    1    0    -38.7686    24.6589   0.172917   -16.5035    -9.4763     4.3302     0.0000    0.00000
     717   23.8667     G2    1    0    -38.7114    24.5195   0.172856   -18.0718    -8.3977     3.1960     0.0000    0.00000
     718   23.9000     G2    1    0    -38.6618    24.3803   0.172823   -19.3270    -7.3935     1.9272     0.0000    0.00000
     719   23.9333     G2    1    0    -38.6353    24.3125   0.172812   -20.1973    -6.9519     1.3388     0.0000    0.00000
     720   23.9667     G2    1    0    -38.5873    24.2023   0.172804   -21.5869    -6.2914     0.3013     0.0000    0.00000
     721   24.0000     G2    1    0    -38.5467    24.1062   0.172838   -22.5271    -5.8802    -0.5428     0.0000    0.00000
     722   24.0333     G2    1    0    -38.5325    24.0235   0.172942   -22.4270    -5.7510    -1.0005     0.0000    0.00049
     723   24.0667     G2    1    0    -38.5341    23.9847   0.173013   -22.3801    -5.7338    -1.0536     0.0000    0.00006
     724   24.1000     G2    1    0    -38.5515    23.8843   0.173166   -22.6493    -5.5768    -0.9649     0.0000    0.00000
     725   24.1333     G2    1    0    -38.5755    23.7912   0.173313   -22.5630    -5.5265    -0.7801     0.0000    0.00034
     726   24.1667     G2    1    0    -38.5883    23.7340   0.173392   -22.5230    -5.4247    -0.7580     0.0000    0.00011
     727   24.2000     G2    1    0    -38.6108    23.6378   0.173537   -22.4572    -5.2522    -0.7052     0.0000    0.00034
     728   24.2333     G2    1    0    -38.6288    23.5648   0.173676   -22.4108    -5.1094    -0.6510     0.0000    0.00022
     729   24.2667     G2    1    0    -38.6341    23.5326   0.173748   -22.3886    -5.0512    -0.6335     0.0000    0.00004
     730   24.3000     G2    1    0    -38.6494    23.4654   0.173902   -22.3429    -4.9262    -0.5912     0.0000    0.00020
     731   24.3333     G2    1    0    -38.6664    23.4030   0.174034   -22.3002    -4.8092    -0.5491     0.0000    0.00017
     732   24.3667     G2    1    0    -38.6879    23.3414   0.174152   -22.2573    -4.6925    -0.5039     0.0000    0.00016
     733   24.4000     G2    1    0    -38.7012    23.3129   0.174204   -22.2374    -4.6357    -0.4783     0.0000    0.00003
     734   24.4333     G2    1    0    -38.7277    23.2655   0.174281   -22.8869    -4.5433    -0.3681     0.0000    0.00000
     735   24.4667     G2    1    0    -38.7505    23.2332   0.174330   -23.2046    -4.4757    -0.2999     0.0000    0.00014
     736   24.5000     G2    1    0    -38.7551    23.2266   0.174347   -23.5435    -4.4556    -0.2544     0.0000    0.00004
     737   24.5333     G2    1    0    -38.7493    23.2280   0.174387   -23.8888    -4.4504    -0.2184     0.0000    0.00002
     738   24.5667     G2    1    0    -38.7463    23.2123   0.174439   -24.9213    -4.3149    -0.2620     0.0000    0.00000
     739   24.6000     G2    1    0    -38.7524    23.2016   0.174485   -25.6083    -4.2163    -0.2765     0.0000    0.00000
     740   24.6333     G2    1    0    -38.7502    23.1981   0.174500   -26.2962    -4.1770    -0.2605     0.0000    0.00015
     741   24.6667     G2    1    0    -38.7430    23.1640   0.174490   -26.9900    -3.9325    -0.4979     0.0000    0.00000
     742   24.7000     G2    1    0    -38.7300    23.1075   0.174427   -28.0412    -3.5135    -0.9856     0.0000    0.00000
     743   24.7333     G2    1    0    -38.7080    23.0374   0.174345   -29.0979    -3.0375    -1.6677     0.0000    0.00000
     744   24.7667     G2    1    0    -38.6970    23.0046   0.174322   -29.7939    -2.8362    -2.0099     0.0000    0.00000
     745   24.8000     G2    1    0    -38.6796    22.9263   0.174315   -31.1972    -2.3465    -2.8863     0.0000    0.00000
     746   24.8333     G2    1    0    -38.6554    22.8495   0.174350   -32.2559    -1.9282    -3.8024     0.0000    0.00000
     747   24.8667     G2    1    0    -38.6424    22.8242   0.174366   -32.6080    -1.8105    -4.1771     0.0000    0.00000
     748   24.9000     G2    1    0    -38.6213    22.7679   0.174383   -34.0133    -1.5420    -5.0101     0.0000    0.00000
     749   24.9333     G2    1    0    -38.6007    22.7185   0.174398   -35.0753    -1.3308    -5.7536     0.0000    0.00000
     750   24.9667     G2    1    0    -38.5939    22.6983   0.174413   -35.4363    -1.2304    -6.0450     0.0000    0.00000
     751   25.0000     G2    1    0    -38.5849    22.6795   0.174423   -36.1494    -1.1347    -6.3825     0.0000    0.00000
     752   25.0333     G2    1    0    -38.5963    22.6462   0.174416   -36.5429    -0.8721    -6.8114     0.0000    0.00000
     753   25.0667     G2    1    0    -38.6253    22.6137   0.174412   -37.2589    -0.6751    -7.1537     0.0000    0.00000
     754   25.1000     G2    1    0    -38.6491    22.6076   0.174413   -37.5974    -0.6553    -7.1707     0.0000    0.00005
     755   25.1333     G2    1    0    -38.7081    22.5903   0.174370   -37.9375    -0.5434    -7.2502     0.0000    0.00030
     756   25.1667     G2    1    0    -38.7829    22.5793   0.174268   -38.3023    -0.3685    -7.4505     0.0000    0.00000
     757   25.2000     G2    1    0    -38.8298    22.5793   0.174199   -38.3180    -0.2648    -7.5379     0.0000    0.00012
     758   25.2333     G2    1    0    -38.9333    22.5824   0.174066   -38.6789    -0.1151    -7.6467     0.0000    0.00000
     759   25.2667     G2    1    0    -39.0306    22.5768   0.173983   -39.0456     0.0782    -7.8445     0.0000    0.00000
     760   25.3000     G2    1    0    -39.1082    22.5722   0.173967   -39.3812     0.1687    -7.8341     0.0000    0.00024
     761   25.3333     G2    1    0    -39.1348    22.5579   0.173969   -39.3807     0.2525    -7.9035     0.0000    0.00004
     762   25.3667     G2    1    0    -39.1572    22.5317   0.173966   -39.3871     0.3872    -8.0374     0.0000    0.00009
     763   25.4000     G2    1    0    -39.1418    22.5259   0.173965   -39.7508     0.4084    -8.1981     0.0000    0.00018
     764   25.4333     G2    1    0    -39.1326    22.5121   0.173955   -39.7722     0.4898    -8.3794     0.0000    0.00007
     765   25.4667     G2    1    0    -39.1174    22.4950   0.173892   -40.1297     0.5099    -8.5728     0.0000    0.00000
     766   25.5000     G2    1    0    -39.1050    22.4745   0.173851   -40.8398     0.5471    -8.8715     0.0000    0.00000
     767   25.5333     G2    1    0    -39.0991    22.4733   0.173848   -41.1758     0.4908    -8.8776     0.0000    0.00010
     768   25.5667     G2    1    0    -39.0873    22.4434   0.173882   -41.5130     0.5293    -9.0122     0.0000    0.00016
     769   25.6000     G2    1    0    -39.0783    22.3993   0.173972   -41.8237     0.5511    -9.0598     0.7342    0.00011
     770   25.6333     G2    1    0    -39.0367    22.3068   0.174087   -41.7942     0.7057    -9.3005     6.4319    0.00036
     771   25.6667     G2    1    0    -38.9978    22.2487   0.174118   -41.7887     0.8037    -9.5247     8.4902    0.00018
     772   25.7000     G2    1    0    -38.9013    22.1362   0.174148   -42.1182     0.9055    -9.9853    12.1484    0.00000
     773   25.7333     G2    1    0    -38.7821    22.0210   0.174198   -42.4492     0.9788   -10.4625    16.2556    0.00000
     774   25.7667     G2    1    0    -38.7319    21.9663   0.174216   -42.4467     1.1174   -10.4540    17.7713    0.00020
     775   25.8000     G2    1    0    -38.6607    21.8259   0.174286   -42.4808     1.7606   -10.3205    20.5312    0.00000
     776   25.8333     G2    1    0    -38.6422    21.6473   0.174357   -42.5359     2.7711   -10.0405    23.7215    0.00000
     777   25.8667     G2    1    0    -38.6817    21.4299   0.174446   -42.9646     4.2044    -9.5780    27.0242    0.00000
     778   25.9000     G2    1    0    -38.7301    21.3323   0.174492   -43.3736     5.0432    -9.2779    27.8755    0.00000
     779   25.9333     G2    1    0    -38.8802    21.1486   0.174611   -45.5874     6.8688    -8.6810    29.0357    0.00001
     780   25.9667     G2    1    0    -38.9404    20.9714   0.174764   -48.0705     7.8521    -8.8014    28.9796    0.00000
     781   26.0000     G2    1    0    -38.9580    20.8888   0.174825   -49.1222     8.2779    -8.7965    28.3995    0.00000
     782   26.0333     G2    1    0    -38.9539    20.7249   0.174974   -51.2025     8.9205    -8.9420    26.2383    0.00000
     783   26.0667     G2    1    0    -38.8996    20.5520   0.175158   -53.5300     9.0506    -9.3387    24.0677    0.00000
     784   26.1000     G2    1    0    -38.7879    20.3551   0.175363   -55.5017     8.8807   -10.0222    21.6913    0.00000
     785   26.1333     G2    1    0    -38.7200    20.2733   0.175491   -56.4699     8.7245   -10.2496    20.7464    0.00000
     786   26.1667     G2    1    0    -38.5469    20.0827   0.175783   -59.1682     8.3173   -11.3837    18.6133    0.00001
     787   26.2000     G2    1    0    -38.3621    19.8563   0.176025   -61.5958     7.9613   -12.9269    16.9105    0.00001
     788   26.2333     G2    1    0    -38.2781    19.7375   0.176131   -62.9834     7.7399   -13.7880    16.2369    0.00000
     789   26.2667     G2    1    0    -38.1125    19.5056   0.176348   -66.3664     7.1777   -15.7273    14.5903    0.00002
     790   26.3000     G2    1    0    -37.9799    19.3144   0.176544   -68.9630     6.7011   -17.6829    11.6525    0.00001
     791   26.3333     G2    1    0    -37.9494    19.2171   0.176662   -69.7582     6.7431   -18.6801    10.4737    0.00000
     792   26.3667     G2    1    0    -37.9079    19.1022   0.176868   -71.3097     6.7362   -20.2169     9.5942    0.00000
     793   26.4000     G2    1    0    -37.8392    19.1202   0.177045   -74.7932     5.7603   -21.7379     8.4809    0.00001
     794   26.4333     G2    1    0    -37.7923    19.1640   0.177205   -77.8756     4.6751   -23.0372     7.4985    0.00001
     795   26.4667     G3    1    0    -37.7971    19.1655   0.177303   -78.2668     4.5749   -23.5534     7.4424    0.00000
     796   26.5000     G3    1    0    -37.7960    19.1861   0.177503   -79.1921     3.9296   -24.2674     7.1336    0.00000
     797   26.5333     G3    1    0    -37.8216    19.1729   0.177794   -79.4029     3.5701   -24.7122     7.1617    0.00000
     798   26.5667     G3    1    0    -37.8087    19.1853   0.177934   -79.7930     3.0582   -24.6355     7.4050    0.00000
     799   26.6000     G3    1    0    -37.8176    19.1823   0.178331   -79.6566     2.6186   -24.6577     7.6575    0.00068
     800   26.6333     G3    1    0    -37.8423    19.1910   0.178750   -79.5548     2.4696   -24.6487     7.8727    0.00019
     801   26.6667     G3    1    0    -37.8566    19.2084   0.179151   -79.5358     2.4830   -24.6248     8.8551    0.00015
     802   26.7000     G3    1    0    -37.8633    19.2174   0.179349   -79.5301     2.4990   -24.6158     9.3603    0.00004
     803   26.7333     G3    1    0    -37.8870    19.2123   0.179635   -78.8942     2.8153   -24.5994    10.8666    0.00000
     804   26.7667     G3    1    0    -37.8897    19.2092   0.179787   -77.3374     3.5470   -24.5419    11.0631    0.00000
     805   26.8000     G3    1    0    -37.8487    19.2314   0.179955   -77.3558     3.5081   -24.5277     9.7813    0.00013
     806   26.8333     G3    1    0    -37.8379    19.2342   0.180048   -77.3565     3.5031   -24.5276     9.6877    0.00002
     807   26.8667     G3    1    0    -37.8200    19.2383   0.180165   -76.7421     3.7728   -24.4980    10.5485    0.00000
     808   26.9000     G3    1    0    -37.7731    19.2570   0.180213   -76.4533     3.8458   -24.4699     9.9123    0.00013
     809   26.9333     G3    1    0    -37.7595    19.2628   0.180242   -76.4566     3.8207   -24.4649     9.2481    0.00001
     810   26.9667     G3    1    0    -37.7710    19.2589   0.180275   -76.4475     3.8265   -24.4651     8.6306    0.00001
     811   27.0000     G3    1    0    -37.7897    19.2555   0.180230   -75.8254     4.1195   -24.4299     6.8062    0.00000
     812   27.0333     G3    1    0    -37.7942    19.2562   0.180191   -75.2133     4.3789   -24.3890     3.7375    0.00000
     813   27.0667     G3    1    0    -37.7931    19.2678   0.180178   -75.2140     4.3687   -24.3755     0.0000    0.00001
     814   27.1000     G3    1    0    -37.8127    19.2663   0.180266   -75.2124     4.4208   -24.3771     0.0000    0.00002
     815   27.1333     G3    1    0    -37.8342    19.2380   0.180422   -75.1870     4.4929   -24.4061     0.0000    0.00009
     816   27.1667     G3    1    0    -37.8187    19.2338   0.180450   -75.1099     4.3188   -24.3872     0.0000    0.00012
     817   27.2000     G3    1    0    -37.7782    19.2451   0.180473   -74.9722     3.9407   -24.3313     0.0000    0.00000
     818   27.2333     G3    1    0    -37.7455    19.2595   0.180520   -74.9019     3.7038   -24.2926     0.0000    0.00018
     819   27.2667     G3    1    0    -37.7398    19.2647   0.180582   -74.9041     3.6983   -24.2889     0.0000    0.00001
     820   27.3000     G3    1    0    -37.7575    19.2750   0.180809   -74.2933     4.0520   -24.2491     0.0000    0.00000
     821   27.3333     G3    1    0    -37.7702    19.2940   0.181128   -73.9945     4.2648   -24.2167     0.0000    0.00000
     822   27.3667     G6    1    0    -37.7719    19.3127   0.181475   -73.3899     4.6139   -24.1668     0.0000    0.00000
     823   27.4000     G6    1    0    -37.7683    19.3264   0.181662   -73.4001     4.6436   -24.1577     0.0000    0.00004
     824   27.4333     G6    1    0    -37.7826    19.3457   0.182019   -73.0995     4.8608   -24.1203     0.0000    0.00000
     825   27.4667     G6    1    0    -37.7891    19.3653   0.182280   -73.1123     4.9168   -24.1045     0.0000    0.00009
     826   27.5000     G6    1    0    -37.7909    19.3749   0.182366   -72.8097     5.0707   -24.0742     0.0000    0.00022
     827   27.5333     G6    1    0    -37.7856    19.3991   0.182593   -72.5173     5.2355   -24.0317     0.0000    0.00032
     828   27.5667     G6    1    0    -37.7707    19.4193   0.182847   -72.5302     5.2501   -24.0179     0.0000    0.00011
     829   27.6000     G6    1    0    -37.7439    19.4356   0.183028   -72.2327     5.3677   -23.9861     0.0000    0.00021
     830   27.6333     G6    1    0    -37.7153    19.4477   0.183103   -71.5511     5.4537   -23.9161     0.0000    0.00009
     831   27.6667     G6    1    0    -37.6617    19.4808   0.183196   -70.6428     5.7535   -23.8177     0.0000    0.00000
     832   27.7000     G6    1    0    -37.6045    19.5129   0.183252   -69.1208     6.2993   -23.6611     0.0000    0.00000
     833   27.7333     G6    1    0    -37.5687    19.5381   0.183251   -68.5081     6.4801   -23.5859     0.0000    0.00000
     834   27.7667     G6    1    0    -37.4873    19.5924   0.183232   -66.6791     7.0708   -23.3679     0.0000    0.00000
     835   27.8000     G6    1    0    -37.3762    19.6604   0.183220   -64.5727     7.7932   -23.0983     0.0000    0.00000
     836   27.8333     G6    1    0    -37.2061    19.7621   0.183202   -64.1351     7.7141   -23.0144     0.0000    0.00000
     837   27.8667     G6    1    0    -37.1325    19.7974   0.183182   -64.1368     7.7324   -22.9987     0.0000    0.00020
     838   27.9000     G6    1    0    -37.0125    19.8587   0.183107   -62.9368     8.0874   -22.4736     0.0000    0.00000
     839   27.9333     G6    1    0    -36.9035    19.9503   0.183062   -62.2842     8.0435   -21.8491     0.0000    0.00000
     840   27.9667     G6    1    0    -36.8471    19.9683   0.183080   -61.9870     8.0661   -21.8440     0.0000    0.00008
     841   28.0000     G6    1    0    -36.7460    19.9891   0.183098   -61.3813     8.1304   -21.8088     0.0000    0.00025
     842   28.0333     G6    1    0    -36.6820    19.9985   0.183098   -60.7364     8.2544   -21.5797     0.0000    0.00000
     843   28.0667     G6    1    0    -36.6471    20.0115   0.183094   -60.3935     8.2843   -21.3623     0.0000    0.00000
     844   28.1000     G6    1    0    -36.6455    20.0171   0.183069   -60.3622     8.2482   -21.1850     0.0000    0.00006
     845   28.1333     G6    1    0    -36.6627    20.0142   0.183045   -59.6904     8.4842   -20.9297     0.0000    0.00000
     846   28.1667     G6    1    0    -36.6769    20.0217   0.183020   -59.3404     8.5819   -20.7191     0.0000    0.00000
     847   28.2000     G6    1    0    -36.6833    20.0277   0.182986   -58.9903     8.6625   -20.4955     0.0000    0.00000
     848   28.2333     G6    1    0    -36.6779    20.0372   0.182915   -58.9614     8.6094   -20.3216     0.0000    0.00007
     849   28.2667     G6    1    0    -36.6617    20.0518   0.182849   -58.2083     8.5708   -19.9546     0.0000    0.00000
     850   28.3000     G6    1    0    -36.6596    20.0646   0.182786   -58.1768     8.5023   -19.7674     0.0000    0.00009
     851   28.3333     G6    1    0    -36.6525    20.0982   0.182625   -57.0603     8.4819   -19.0772     0.0000    0.00000
     852   28.3667     G6    1    0    -36.6471    20.1386   0.182472   -56.0051     8.5808   -18.3066     0.0000    0.00000
     853   28.4000     G6    1    0    -36.6244    20.1812   0.182352   -55.1945     8.4054   -17.7734     0.0000    0.00000
     854   28.4333     G6    1    0    -36.6080    20.2158   0.182273   -54.4263     8.2559   -17.3367     0.0000    0.00000
     855   28.4667     G6    1    0    -36.5924    20.2918   0.182125   -53.5861     7.9232   -16.4479     0.0000    0.00000
     856   28.5000     G6    1    0    -36.5777    20.2970   0.182076   -53.2155     7.8844   -16.2787     0.0000    0.00021
     857   28.5333     G6    1    0    -36.5743    20.2948   0.182057   -52.5521     7.9665   -16.0815     0.0000    0.00000
     858   28.5667     G6    1    0    -36.5683    20.3755   0.181978   -51.4001     7.8595   -15.0613     0.0000    0.00000
     859   28.6000     G6    1    0    -36.5684    20.4369   0.181913   -50.3631     7.8821   -14.5883     0.0000    0.00000
     860   28.6333     G6    1    0    -36.5450    20.5237   0.181881   -49.3935     7.8282   -14.5096     0.0000    0.00000
     861   28.6667     G6    1    0    -36.5363    20.5919   0.181826   -48.7450     7.8407   -14.2162     0.0000    0.00000
     862   28.7000     G6    1    0    -36.5113    20.7568   0.181736   -47.7924     7.7442   -13.6242     0.0000    0.00000
     863   28.7333     G6    1    0    -36.4938    20.9158   0.181664   -46.4819     7.6504   -12.9685     0.0000    0.00000
     864   28.7667     G6    1    0    -36.4852    20.9867   0.181649   -46.1550     7.5722   -12.7435     0.0000    0.00000
     865   28.8000     G6    1    0    -36.4457    21.1026   0.181619   -45.5066     7.3248   -12.5612     0.0000    0.00000
     866   28.8333     G6    1    0    -36.4153    21.1719   0.181577   -44.1158     7.2191   -12.0338     0.0000    0.00000
     867   28.8667     G6    1    0    -36.3929    21.2266   0.181511   -43.3323     6.9164   -11.3766     0.0000    0.00000
     868   28.9000     G6    1    0    -36.3715    21.2464   0.181483   -42.5847     6.7111   -11.1458     0.0000    0.00000
     869   28.9333     G6    1    0    -36.3651    21.2872   0.181446   -41.0902     6.4388   -10.4055     0.0000    0.00000
     870   28.9667     G6    1    0    -36.3498    21.3621   0.181398   -39.5477     5.8929    -9.5024     0.0000    0.00000
     871   29.0000     G6    1    0    -36.3429    21.4164   0.181368   -38.7695     5.5421    -8.9892     0.0000    0.00000
     872   29.0333     G6    1    0    -36.3214    21.5092   0.181324   -37.2659     4.9047    -8.4131     0.0000    0.00000
     873   29.0667     G6    1    0    -36.3195    21.5624   0.181298   -35.7971     4.5238    -8.0158     0.0000    0.00000
     874   29.1000     G6    1    0    -36.3389    21.6812   0.181240   -33.5179     3.6551    -6.8369     0.0000    0.00000
     875   29.1333     G6    1    0    -36.3438    21.7627   0.181206   -32.1158     2.9863    -6.2030     0.0000    0.00000
     876   29.1667     G6    1    0    -36.3715    21.9476   0.181152   -29.6830     1.4345    -4.8613     0.0000    0.00001
     877   29.2000     G6    1    0    -36.4236    22.1286   0.181116   -26.8138    -0.0014    -3.6698     0.0000    0.00001
     878   29.2333     G6    1    0    -36.4688    22.2212   0.181118   -25.5692    -0.7166    -3.0644     0.0000    0.00000
     879   29.2667     G6    1    0    -36.5685    22.3798   0.181100   -22.6468    -2.0626    -2.0752     0.0000    0.00001
     880   29.3000     G6    1    0    -36.6832    22.5806   0.181091   -19.3345    -3.7691    -0.8717     0.0000    0.00001
     881   29.3333     G6    1    0    -36.8430    22.8053   0.181124   -15.8567    -5.6196     0.6096     0.0000    0.00002
     882   29.3667     G6    1    0    -36.9271    22.8962   0.181148   -14.3649    -6.4435     1.1457     0.0000    0.00000
     883   29.4000     G6    1    0    -37.1105    23.0436   0.181185   -11.5102    -7.8056     2.3290     0.0000    0.00001
     884   29.4333     G6    1    0    -37.2742    23.2375   0.181305    -9.1352    -9.3204     3.2750     0.0000    0.00001
     885   29.4667     G6    1    0    -37.3449    23.3112   0.181381    -8.0846    -9.9378     3.5436     0.0000    0.00000
     886   29.5000     G6    1    0    -37.4790    23.4071   0.181518    -5.3639   -10.7604     3.7780     0.0000    0.00000
     887   29.5333     G6    1    0    -37.6516    23.5681   0.181664    -2.2050   -12.2380     4.9044     0.0000    0.00001
     888   29.5667     G6    1    0    -37.7371    23.6989   0.181752    -0.5543   -13.4325     5.3601     0.0000    0.00000
     889   29.6000     G6    1    0    -37.9235    23.9514   0.181967     2.3254   -15.7670     6.3056     0.0000    0.00001
     890   29.6333     G6    1    0    -38.0886    24.1110   0.182143     5.4715   -17.5905     6.7066     0.0000    0.00001
     891   29.6667     G6    1    0    -38.2607    24.2666   0.182351     8.2978   -19.5832     7.1607     0.0000    0.00001
     892   29.7000     G6    1    0    -38.3250    24.3352   0.182437     9.1822   -20.4014     7.3733     0.0000    0.00000
     893   29.7333     G6    1    0    -38.4338    24.4210   0.182533    11.2791   -21.5137     7.4911     0.0000    0.00000
     894   29.7667     G6    1    0    -38.5582    24.5074   0.182587    13.4246   -22.6126     7.7743     0.0000    0.00000
     895   29.8000     G6    1    0    -38.6260    24.5668   0.182630    14.3239   -23.2685     7.9427     0.0000    0.00000
     896   29.8333     G6    1    0    -38.7604    24.6780   0.182698    16.1093   -24.4362     8.2318     0.0000    0.00000
     897   29.8667     G6    1    0    -38.8896    24.7693   0.182725    18.3336   -25.3430     8.1487     0.0000    0.00000
     898   29.9000     G6    1    0    -39.0341    24.8966   0.182811    20.2625   -26.5322     8.0366     0.0000    0.00000
     899   29.9333     G6    1    0    -39.1201    24.9617   0.182878    21.2534   -27.1750     8.1022     0.0000    0.00000
     900   29.9667     G6    1    0    -39.2951    25.1078   0.183008    23.4669   -28.5338     8.0971     0.0000    0.00000
     901   30.0000     G6    1    0    -39.4440    25.2430   0.183162    25.4942   -29.7500     7.8191     0.0000    0.00000
     902   30.0333     G6    1    0    -39.5699    25.3279   0.183260    27.3528   -30.5162     7.5650     0.0000    0.00000
     903   30.0667     G6    1    0    -39.6394    25.3609   0.183312    28.5317   -30.9445     7.3994     0.0000    0.00000
     904   30.1000     G6    1    0    -39.7485    25.4384   0.183458    29.9970   -31.8962     7.1796     0.0000    0.00000
     905   30.1333     G6    1    0    -39.8703    25.4721   0.183672    31.9007   -32.9074     6.7358     0.0000    0.00000
     906   30.1667     G6    1    0    -39.9228    25.4715   0.183773    32.9235   -33.2454     6.4204     0.0000    0.00000
     907   30.2000     G6    1    0    -40.0265    25.4773   0.183940    34.5587   -34.0031     6.1123     0.0000    0.00000
     908   30.2333     G6    1    0    -40.0922    25.4890   0.184049    35.6017   -34.4812     5.8952     0.0000    0.00000
     909   30.2667     G6    1    0    -40.1367    25.5008   0.184141    36.1165   -34.8144     5.9370     0.0000    0.00000
     910   30.3000     G6    1    0    -40.2227    25.4965   0.184266    37.7328   -35.2087     5.5320     0.0000    0.00000
     911   30.3333     G6    1    0    -40.2907    25.5167   0.184402    38.5562   -35.6688     5.5026     0.0000    0.00000
     912   30.3667     G6    1    0    -40.3491    25.5426   0.184519    39.7824   -35.9339     5.1119     0.0000    0.00000
     913   30.4000     G6    1    0    -40.3998    25.5648   0.184607    40.5811   -36.1427     4.9723     0.0000    0.00000
     914   30.4333     G6    1    0    -40.4751    25.6441   0.184755    41.7960   -36.4834     4.6682     0.0000    0.00000
     915   30.4667     G6    1    0    -40.5271    25.7639   0.184792    42.6106   -36.8053     4.5176     0.0000    0.00000
     916   30.5000     G6    1    0    -40.5565    25.8376   0.184797    43.0149   -37.0075     4.5077     0.0000    0.00000
     917   30.5333     G6    1    0    -40.5875    25.9781   0.184713    43.6849   -37.0233     4.5471     0.0000    0.00000
     918   30.5667     G6    1    0    -40.5818    26.1456   0.184493    43.8315   -36.6681     4.8109     0.0000    0.00000
     919   30.6000     G6    1    0    -40.5323    26.3405   0.184216    43.5416   -36.0378     4.9839     0.0000    0.00000
     920   30.6333     G6    1    0    -40.4987    26.4457   0.184056    43.3965   -35.6681     5.0577     0.0000    0.00079
     921   30.6667     G6    1    0    -40.4197    26.6803   0.183747    42.6557   -34.8958     5.4748     0.0000    0.00000
     922   30.7000     G6    1    0    -40.3565    26.8840   0.183405    42.3145   -34.1225     5.7048     0.0000    0.00000
     923   30.7333     G6    1    0    -40.3196    26.9835   0.183253    41.7745   -33.7871     5.9955     0.0000    0.00000
     924   30.7667     G6    1    0    -40.2589    27.1606   0.182946    40.8114   -33.2731     6.4280     0.0000    0.00000
     925   30.8000     G6    1    0    -40.1895    27.2705   0.182503    40.2548   -32.4873     6.7071     0.0000    0.00000
     926   30.8333     G6    1    0    -40.1175    27.3842   0.182017    39.3441   -31.7992     7.1141     0.0000    0.00000
     927   30.8667     G6    1    0    -40.0869    27.4549   0.181743    38.9112   -31.5848     7.2535     0.0000    0.00000
     928   30.9000     G6    1    0    -40.0327    27.5973   0.181206    38.0368   -31.0805     7.5658     0.0000    0.00000
     929   30.9333     G6    1    0    -39.9716    27.7298   0.180585    37.1354   -30.2397     7.9285     0.0000    0.00000
     930   30.9667     G6    1    0    -39.9291    27.8064   0.180284    36.2813   -29.8034     8.3021     0.0000    0.00000
     931   31.0000     G6    1    0    -39.9065    27.9725   0.179756    35.7391   -29.4408     8.6205     0.0000    0.00000
     932   31.0333     G6    1    0    -39.8929    28.1206   0.179248    34.8483   -28.9849     9.1151     0.0000    0.00000
     933   31.0667     G6    1    0    -39.8733    28.1852   0.178990    34.0572   -28.5820     9.4574     0.0000    0.00000
     934   31.1000     G6    1    0    -39.8394    28.2794   0.178415    33.1242   -27.5623     9.8767     0.0000    0.00000
     935   31.1333     G6    1    0    -39.8326    28.4177   0.177979    32.2345   -27.0480    10.2034     0.0000    0.00000
     936   31.1667     G6    1    0    -39.7962    28.5487   0.177479    30.6294   -26.2254    10.8092     0.0000    0.00000
     937   31.2000     G6    1    0    -39.7647    28.5913   0.177191    29.8267   -25.6057    11.1290     0.0000    0.00000
     938   31.2333     G6    1    0    -39.6656    28.7073   0.176652    28.1876   -24.4558    11.2293     0.0000    0.00000
     939   31.2667     G6    1    0    -39.5790    28.8122   0.176027    26.1773   -23.3350    11.8486     0.0000    0.00000
     940   31.3000     G6    1    0    -39.5328    28.8560   0.175686    25.3734   -22.7737    11.9674     0.0000    0.00000
     941   31.3333     G6    1    0    -39.4285    28.9209   0.174965    23.7896   -21.5527    11.9943     0.0000    0.00000
     942   31.3667     G6    1    0    -39.3080    28.9312   0.174154    22.1755   -19.9792    11.9433     0.0000    0.00000
     943   31.4000     G6    1    0    -39.2552    28.9372   0.173757    21.0993   -19.2120    12.2270     0.0000    0.00000
     944   31.4333     G6    1    0    -39.1405    28.9625   0.172997    19.3369   -17.8252    12.2988     0.0000    0.00000
     945   31.4667     G6    1    0    -38.9959    28.9885   0.172241    17.7507   -16.2681    12.1686     0.0000    0.00000
     946   31.5000     G6    1    0    -38.8635    29.0460   0.171512    16.3052   -14.8800    12.2712     0.0000    0.00000
     947   31.5333     G6    1    0    -38.7901    29.0940   0.171155    15.4639   -14.2864    12.2439     0.0000    0.00000
     948   31.5667     G6    1    0    -38.6790    29.1703   0.170464    14.5222   -13.0518    12.4372     0.0000    0.00000
     949   31.6000     G6    1    0    -38.5581    29.2650   0.169829    13.2766   -11.9419    12.3753     0.0000    0.00000
     950   31.6333     G6    1    0    -38.4383    29.2921   0.169178    12.1096   -10.5237    12.3666     0.0000    0.00000
     951   31.6667     G6    1    0    -38.3869    29.2880   0.168871    11.7154    -9.8757    12.4073     0.0000    0.00000
     952   31.7000     G6    1    0    -38.3038    29.3050   0.168358    10.9341    -8.9356    12.4890     0.0000    0.00000
     953   31.7333     G6    1    0    -38.2093    29.2845   0.167958     9.8690    -7.9942    12.3351     0.0000    0.00000
     954   31.7667     G6    1    0    -38.0939    29.1916   0.167666     8.8440    -6.8781    11.7596     0.0000    0.00000
     955   31.8000     G6    1    0    -38.0065    29.1413   0.167532     8.4688    -6.3624    10.9212     0.0000    0.00000
     956   31.8333     G6    1    0    -37.9030    29.0556   0.167340     7.0728    -5.5510    10.3309     0.0000    0.00000
     957   31.8667     G6    1    0    -37.8322    28.9678   0.167136     6.0914    -4.8207    10.2611     0.0000    0.00000
     958   31.9000     G6    1    0    -37.7945    28.9305   0.167029     5.7626    -4.5519    10.1970     0.0000    0.00000
     959   31.9333     G6    1    0    -37.7076    28.7831   0.166796     4.4715    -3.4924    10.0449     0.0000    0.00000
     960   31.9667     G6    1    0    -37.6211    28.5880   0.166563     2.8603    -2.2223     9.8590     0.0000    0.00000
     961   32.0000     G6    1    0    -37.5798    28.4629   0.166454     1.5721    -1.4167     9.7712     0.0000    0.00000
     962   32.0333     G6    1    0    -37.5021    28.1365   0.166259    -1.3301     0.5707     9.4078     0.0000    0.00001
     963   32.0667     G4    1    0    -37.4201    27.7365   0.166175    -3.8907     2.8686     8.6048     0.0000    0.00001
     964   32.1000     G4    1    0    -37.3676    27.3864   0.166170    -6.4667     4.6621     7.9317     0.0000    0.00001
     965   32.1333     G4    1    0    -37.3483    27.2256   0.166208    -7.7545     5.4776     7.6142     0.0000    0.00000
     966   32.1667     G4    1    0    -37.3083    26.9439   0.166337    -9.7119     6.7664     6.8119     0.0000    0.00000
     967   32.2000     G4    1    0    -37.2584    26.6236   0.166534   -12.3673     8.4269     5.4420     0.0000    0.00001
     968   32.2333     G4    1    0    -37.2361    26.4554   0.166627   -13.6720     9.3737     4.5776     0.0000    0.00000
     969   32.2667     G4    1    0    -37.1669    26.1203   0.166843   -15.2875    11.3528     2.4064     0.0000    0.00002
     970   32.3000     G4    1    0    -37.1123    25.9046   0.167050   -16.5397    12.8785     0.5929     0.0000    0.00001
     971   32.3333     G4    1    0    -37.0955    25.8354   0.167090   -17.3497    13.5146    -0.0621     0.0000    0.00000
     972   32.3667     G4    1    0    -37.0678    25.7288   0.167176   -18.9752    14.6091    -1.3259     0.0000    0.00001
     973   32.4000     G4    1    0    -36.9976    25.6270   0.167277   -19.2128    15.5283    -2.2349     0.0000    0.00000
     974   32.4333     G4    1    0    -36.8684    25.5710   0.167381   -19.8231    15.9721    -3.6270     0.0000    0.00000
     975   32.4667     G4    1    0    -36.8024    25.5175   0.167464   -20.3448    16.3885    -4.4601     0.0000    0.00000
     976   32.5000     G4    1    0    -36.6333    25.4220   0.167593   -20.7719    17.1511    -6.2129     0.0000    0.00000
     977   32.5333     G4    1    0    -36.4704    25.3496   0.167744   -21.1986    17.7369    -7.8559     0.0000    0.00000
     978   32.5667     G4    1    0    -36.2933    25.3435   0.167841   -21.5458    17.7396    -9.1892     0.0000    0.00000
     979   32.6000     G4    1    0    -36.2045    25.3861   0.167839   -21.6285    17.3638    -9.6421     0.0000    0.00000
     980   32.6333     G4    1    0    -36.0230    25.4476   0.167817   -21.1174    16.8020   -10.6400     0.0000    0.00000
     981   32.6667     G4    1    0    -35.9086    25.4314   0.167790   -21.0466    16.8546   -11.5682     0.0000    0.00000
     982   32.7000     G4    1    0    -35.8652    25.4307   0.167763   -20.8535    16.9523   -11.9841     0.0000    0.00000
     983   32.7333     G4    1    0    -35.7738    25.4725   0.167756   -20.3850    16.8536   -12.9985     0.0000    0.00000
     984   32.7667     G4    1    0    -35.7058    25.4706   0.167861   -19.2641    17.2084   -13.5306     0.0000    0.00000
     985   32.8000     G4    1    0    -35.6606    25.5002   0.167934   -18.9943    17.1058   -13.8908     0.0000    0.00000
     986   32.8333     G4    1    0    -35.5900    25.5166   0.168187   -19.1479    16.9611   -14.9393     0.0000    0.00000
     987   32.8667     G4    1    0    -35.5349    25.4289   0.168516   -18.7376    17.5000   -15.9889     0.0000    0.00000
     988   32.9000     G4    1    0    -35.4715    25.4080   0.168753   -18.2715    17.5947   -16.8078     0.0000    0.00000
     989   32.9333     G4    1    0    -35.4358    25.4100   0.168845   -17.9742    17.4711   -17.1755     0.0000    0.00000
     990   32.9667     G4    1    0    -35.3984    25.3608   0.168970   -17.7937    17.6184   -17.7317     0.0000    0.00000
     991   33.0000     G4    1    0    -35.3704    25.3149   0.169047   -17.9397    17.8006   -18.5309     0.0000    0.00000
     992   33.0333     G4    1    0    -35.3498    25.2822   0.169134   -17.7003    18.0006   -18.9858     0.0000    0.00000
     993   33.0667     G4    1    0    -35.3059    25.2480   0.169227   -17.4569    18.1346   -19.6705     0.0000    0.00000
     994   33.1000     G4    1    0    -35.2523    25.2378   0.169337   -16.8041    18.1202   -19.8844     0.0000    0.00000
     995   33.1333     G4    1    0    -35.2194    25.2095   0.169417   -16.1196    18.2603   -19.9279     0.0000    0.00000
     996   33.1667     G4    1    0    -35.2088    25.2285   0.169391   -16.0318    18.0167   -19.9568     0.0000    0.00021
     997   33.2000     G4    1    0    -35.1914    25.2188   0.169402   -15.6834    18.0802   -20.0263     0.0000    0.00018
     998   33.2333     G4    1    0    -35.1780    25.2095   0.169401   -14.9940    18.2584   -19.9609     0.0000    0.00000
     999   33.2667     G4    1    0    -35.1869    25.2054   0.169387   -14.9856    18.2716   -19.9405     0.0000    0.00001
    1000   33.3000     G4    1    0    -35.1887    25.1845   0.169374   -14.6107    18.3428   -19.9794     0.0000    0.00016
    1001   33.3333     G4    1    0    -35.2045    25.1416   0.169418   -14.2354    18.5310   -19.8331     0.0000    0.00000
    1002   33.3667     G4    1    0    -35.2066    25.0912   0.169462   -13.7594    18.5029   -19.7461     0.0000    0.00029
    1003   33.4000     G4    1    0    -35.2094    25.0415   0.169500   -13.3935    18.6919   -19.6397     0.0000    0.00000
    1004   33.4333     G4    1    0    -35.1965    25.0035   0.169536   -12.9128    18.5824   -19.7227     0.0000    0.00061
    1005   33.4667     G4    1    0    -35.1969    25.0006   0.169543   -12.8435    18.4482   -19.6293     0.0000    0.00010
    1006   33.5000     G4    1    0    -35.1938    25.0001   0.169545   -12.8467    18.4553   -19.6282     0.0000    0.00000
    1007   33.5333     G4    1    0    -35.2025    25.0064   0.169556   -12.8427    18.4649   -19.5915     0.0000    0.00001
    1008   33.5667     G4    1    0    -35.2091    24.9973   0.169627   -12.4956    18.6042   -19.4575     0.0000    0.00000
    1009   33.6000     G4    1    0    -35.2083    25.0164   0.169643   -12.4340    18.4302   -19.3508     0.0000    0.00012
    1010   33.6333     G4    1    0    -35.2169    25.0081   0.169712   -12.4253    18.4670   -19.3318     0.0000    0.00001
    1011   33.6667     G4    1    0    -35.2166    25.0013   0.169784   -12.0747    18.5749   -19.2013     0.0000    0.00012
    1012   33.7000     G4    1    0    -35.2117    25.0121   0.169815   -11.6914    18.5590   -19.0035     0.0000    0.00000
    1013   33.7333     G4    1    0    -35.2068    25.0285   0.169813   -11.2985    18.4940   -18.7988     0.0000    0.00000
    1014   33.7667     G4    1    0    -35.2126    25.0475   0.169888   -11.2437    18.3528   -18.6922     0.0000    0.00008
    1015   33.8000     G4    1    0    -35.2037    25.0395   0.170000   -10.9058    18.4902   -18.5696     0.0000    0.00000
    1016   33.8333     G4    1    0    -35.1963    25.0558   0.170042   -10.5122    18.4307   -18.3563     0.0000    0.00000
    1017   33.8667     G4    1    0    -35.1945    25.0793   0.170250   -10.4583    18.2913   -18.2363     0.0000    0.00010
    1018   33.9000     G4    1    0    -35.1815    25.0636   0.170478   -10.1113    18.4403   -18.1094     0.0000    0.00000
    1019   33.9333     G4    1    0    -35.1734    25.0751   0.170734   -10.0443    18.3105   -17.9734     0.0000    0.00012
    1020   33.9667     G4    1    0    -35.1637    25.0630   0.170877    -9.6995    18.4349   -17.8624     0.0000    0.00013
    1021   34.0000     G4    1    0    -35.1535    25.0571   0.171105    -9.2631    18.3606   -17.7822     0.0000    0.00037
    1022   34.0333     G4    1    0    -35.1470    25.0292   0.171225    -8.7537    18.1344   -17.6704     0.0000    0.00000
    1023   34.0667     G4    1    0    -35.1492    25.0144   0.171235    -8.6106    17.8381   -17.6885     0.0000    0.00040
    1024   34.1000     G4    1    0    -35.1456    24.9244   0.171244    -7.7183    17.7153   -17.5440     0.0000    0.00000
    1025   34.1333     G4    1    0    -35.1233    24.8717   0.171213    -6.8635    17.5248   -17.2562     0.0000    0.00000
    1026   34.1667     G4    1    0    -35.0912    24.8505   0.171181    -6.7829    17.3052   -17.3891     0.0000    0.00025
    1027   34.2000     G4    1    0    -35.0848    24.8431   0.171166    -6.7860    17.3233   -17.3974     0.0000    0.00001
    1028   34.2333     G4    1    0    -35.0735    24.8523   0.171151    -6.7801    17.2619   -17.5518     0.0000    0.00005
    1029   34.2667     G4    1    0    -35.0821    24.8560   0.171141    -6.7767    17.2651   -17.5262     0.0000    0.00001
    1030   34.3000     G4    1    0    -35.0854    24.8570   0.171144    -6.7737    17.2715   -17.5053     0.0000    0.00000
    1031   34.3333     G4    1    0    -35.0856    24.8512   0.171162    -6.7657    17.2900   -17.4766     0.0000    0.00000
    1032   34.3667     G4    1    0    -35.0900    24.8476   0.171200    -6.7564    17.3063   -17.4453     0.0000    0.00000
    1033   34.4000     G4    1    0    -35.0970    24.8455   0.171218    -6.7490    17.3137   -17.4291     0.0000    0.00000
    1034   34.4333     G4    1    0    -35.0886    24.8505   0.171237    -6.7360    17.2536   -17.5880     0.0000    0.00005
    1035   34.4667     G4    1    0    -35.0908    24.8312   0.171252    -6.7190    17.2816   -17.5727     0.0000    0.00001
    1036   34.5000     G4    1    0    -35.0925    24.7918   0.171280    -6.6849    17.3355   -17.5525     0.0000    0.00004
    1037   34.5333     G4    1    0    -35.0788    24.7717   0.171346    -6.6528    17.3147   -17.6919     0.0000    0.00006
    1038   34.5667     G4    1    0    -35.0774    24.7640   0.171386    -6.6463    17.3251   -17.6916     0.0000    0.00000
    1039   34.6000     G4    1    0    -35.0813    24.7504   0.171438    -6.6298    17.3498   -17.6696     0.0000    0.00001
    1040   34.6333     G4    1    0    -35.0898    24.7372   0.171481    -6.6113    17.3745   -17.6426     0.0000    0.00001
    1041   34.6667     G4    1    0    -35.1031    24.7154   0.171543    -6.5125    17.2474   -17.5167     0.0000    0.00013
    1042   34.7000     G4    1    0    -35.0871    24.7398   0.171585    -6.4222    16.9416   -17.3707     0.0000    0.00034
    1043   34.7333     G4    1    0    -35.0575    24.7919   0.171696    -6.0399    16.7129   -16.8468     0.0000    0.00000
    1044   34.7667     G4    1    0    -35.0304    24.8057   0.171751    -6.0471    16.6406   -16.7052     0.0000    0.00008
    1045   34.8000     G4    1    0    -34.9584    24.8042   0.171869    -6.1155    16.7007   -16.6429     0.0000    0.00021
    1046   34.8333     G4    1    0    -34.9129    24.8019   0.171974    -6.1384    16.7011   -16.6880     0.0000    0.00008
    1047   34.8667     G4    1    0    -34.9051    24.7887   0.171998    -6.1317    16.7178   -16.6912     0.0000    0.00001
    1048   34.9000     G4    1    0    -34.9066    24.7659   0.171992    -6.0920    16.6987   -16.8207     0.0000    0.00005
    1049   34.9333     G4    1    0    -34.9423    24.7429   0.171950    -6.0535    16.7306   -16.7792     0.0000    0.00006
    1050   34.9667     G4    1    0    -34.9687    24.7453   0.171876    -6.0204    16.6818   -16.8888     0.0000    0.00006
    1051   35.0000     G4    1    0    -34.9890    24.7422   0.171851    -6.0062    16.6875   -16.8674     0.0000    0.00002
    1052   35.0333     G4    1    0    -35.0235    24.7175   0.171774    -6.0332    16.8829   -16.9057     0.0000    0.00015
    1053   35.0667     G4    1    0    -35.0433    24.7281   0.171696    -6.0069    16.8055   -17.0320     0.0000    0.00007
    1054   35.1000     G4    1    0    -35.0656    24.7155   0.171650    -6.0354    16.9425   -17.0743     0.0000    0.00007
    1055   35.1333     G4    1    0    -35.0741    24.7141   0.171600    -6.0458    16.9754   -17.0971     0.0000    0.00001
    1056   35.1667     G4    1    0    -35.0942    24.7380   0.171517    -6.0507    16.9376   -17.0750     0.0000    0.00006
    1057   35.2000     G4    1    0    -35.1024    24.7801   0.171469    -6.1455    17.0393   -17.1637     0.0000    0.00014
    1058   35.2333     G4    1    0    -35.1016    24.8202   0.171452    -6.1769    16.9878   -17.1732     0.0000    0.00005
    1059   35.2667     G4    1    0    -35.0854    24.9020   0.171434    -6.2485    16.8811   -17.1944     0.0000    0.00019
    1060   35.3000     G4    1    0    -35.0717    24.9420   0.171458    -6.3527    17.0042   -17.2756     0.0000    0.00013
    1061   35.3333     G4    1    0    -35.0663    24.9671   0.171456    -6.3726    16.9574   -17.2940     0.0000    0.00002
    1062   35.3667     G4    1    0    -35.0744    24.9987   0.171431    -6.3911    16.9128   -17.2920     0.0000    0.00003
    1063   35.4000     G4    1    0    -35.0981    24.9899   0.171334    -6.4420    17.0869   -17.3607     0.0000    0.00013
    1064   35.4333     G4    1    0    -35.1359    24.9871   0.171165    -6.4155    17.0668   -17.3310     0.0000    0.00011
    1065   35.4667     G4    1    0    -35.1542    24.9919   0.171095    -6.4101    17.0597   -17.3163     0.0000    0.00003
    1066   35.5000     G4    1    0    -35.1985    25.0100   0.170924    -6.4234    17.0855   -17.1390     0.0000    0.00020
    1067   35.5333     G4    1    0    -35.2325    25.0369   0.170836    -6.4881    17.2040   -17.1914     0.0000    0.00017
    1068   35.5667     G4    1    0    -35.2502    25.0604   0.170778    -6.4962    17.1727   -17.1803     0.0000    0.00004
    1069   35.6000     G4    1    0    -35.2896    25.0837   0.170698    -6.4911    17.1494   -17.1378     0.0000    0.00009
    1070   35.6333     G4    1    0    -35.3351    25.0898   0.170668    -6.7818    16.9958   -17.3344     0.0000    0.00000
    1071   35.6667     G4    1    0    -35.3891    25.0777   0.170651    -6.7376    17.0214   -17.2672     0.0000    0.00008
    1072   35.7000     G4    1    0    -35.4180    25.0762   0.170649    -6.7162    17.0342   -17.2198     0.0000    0.00002
    1073   35.7333     G4    1    0    -35.4687    25.0606   0.170701    -7.0455    17.0750   -17.4644     0.0000    0.00000
    1074   35.7667     G4    1    0    -35.5238    25.0563   0.170708    -7.2378    17.0050   -17.4855     0.0000    0.00012
    1075   35.8000     G4    1    0    -35.5529    25.0544   0.170684    -7.3183    16.9820   -17.4771     0.0000    0.00002
    1076   35.8333     G4    1    0    -35.6147    25.0557   0.170616    -7.6130    16.8968   -17.4845     0.0000    0.00011
    1077   35.8667     G4    1    0    -35.6580    25.0560   0.170563    -7.5623    16.8534   -17.5704     0.0000    0.00009
    1078   35.9000     G4    1    0    -35.7078    25.0531   0.170486    -7.8643    16.7630   -17.6082     0.0000    0.00011
    1079   35.9333     G4    1    0    -35.7318    25.0481   0.170423    -7.8475    16.7689   -17.5883     0.0000    0.00003
    1080   35.9667     G4    1    0    -35.7822    25.0579   0.170293    -8.1588    16.6648   -17.6203     0.0000    0.00011
    1081   36.0000     G4    1    0    -35.8240    25.0787   0.170197    -8.1503    16.6458   -17.5754     0.0000    0.00011
    1082   36.0333     G4    1    0    -35.8522    25.0946   0.170147    -8.4784    16.5307   -17.6354     0.0000    0.00018
    1083   36.0667     G4    1    0    -35.9128    25.1099   0.170027    -8.7860    16.4227   -17.6552     0.0000    0.00012
    1084   36.1000     G4    1    0    -35.9610    25.1229   0.169947    -8.7669    16.4178   -17.5965     0.0000    0.00010
    1085   36.1333     G4    1    0    -35.9831    25.1267   0.169909    -8.7565    16.4181   -17.5696     0.0000    0.00002
    1086   36.1667     G4    1    0    -36.0195    25.1355   0.169830    -8.7416    16.4139   -17.5289     0.0000    0.00007
    1087   36.2000     G4    1    0    -36.0307    25.1531   0.169755    -8.7508    16.3880   -17.5297     0.0000    0.00003
    1088   36.2333     G4    1    0    -36.0182    25.1650   0.169681    -8.7703    16.3656   -17.5521     0.0000    0.00003
    1089   36.2667     G4    1    0    -36.0143    25.1680   0.169650    -8.7758    16.3601   -17.5570     0.0000    0.00000
    1090   36.3000     G4    1    0    -36.0129    25.1623   0.169598    -8.7748    16.3611   -17.5675     0.0000    0.00001
    1091   36.3333     G4    1    0    -36.0188    25.1650   0.169593    -9.1066    16.2550   -17.6579     0.0000    0.00019
    1092   36.3667     G4    1    0    -36.0204    25.1533   0.169596    -9.0957    16.2707   -17.6517     0.0000    0.00000
    1093   36.4000     G4    1    0    -36.0212    25.1491   0.169597    -9.0910    16.2800   -17.6415     0.0000    0.00000
    1094   36.4333     G4    1    0    -36.0237    25.1294   0.169602    -9.0737    16.3069   -17.6319     0.0000    0.00001
    1095   36.4667     G4    1    0    -36.0293    25.1059   0.169612    -9.0511    16.3406   -17.6154     0.0000    0.00002
    1096   36.5000     G4    1    0    -36.0321    25.1155   0.169589    -8.9922    16.1706   -17.5207     0.0000    0.00012
    1097   36.5333     G4    1    0    -36.0374    25.0860   0.169585    -8.9726    16.2197   -17.5213     0.0000    0.00003
    1098   36.5667     G4    1    0    -36.0440    25.0567   0.169589    -8.8860    16.1076   -17.4274     0.0000    0.00011
    1099   36.6000     G4    1    0    -36.0503    25.0087   0.169594    -8.8462    16.1758   -17.4060     0.0000    0.00006
    1100   36.6333     G4    1    0    -36.0533    24.9969   0.169597    -8.8349    16.1922   -17.3987     0.0000    0.00000
    1101   36.6667     G4    1    0    -36.0516    25.0074   0.169566    -8.7853    16.0276   -17.3198     0.0000    0.00011
    1102   36.7000     G4    1    0    -36.0475    25.0076   0.169524    -8.7909    16.0275   -17.3286     0.0000    0.00000
    1103   36.7333     G4    1    0    -36.0499    25.0086   0.169502    -8.7902    16.0282   -17.3222     0.0000    0.00000
    1104   36.7667     G4    1    0    -36.0707    25.0162   0.169468    -8.7481    15.9400   -17.0673     0.0000    0.00014
    1105   36.8000     G4    1    0    -36.0737    25.0397   0.169486    -8.7037    15.7496   -16.9949     0.0000    0.00012
    1106   36.8333     G4    1    0    -36.0758    25.0645   0.169487    -8.6588    15.5618   -16.9113     0.0000    0.00012
    1107   36.8667     G4    1    0    -36.0818    25.0623   0.169579    -8.6567    15.5984   -16.8865     0.0000    0.00001
    1108   36.9000     G4    1    0    -36.1044    25.0470   0.169747    -8.9558    15.5501   -16.9002     0.0000    0.00017
    1109   36.9333     G4    1    0    -36.1270    25.0050   0.169929    -9.2331    15.5374   -16.9040     0.0000    0.00022
    1110   36.9667     G4    1    0    -36.1302    24.9823   0.169956    -9.2121    15.5711   -16.8883     0.0000    0.00001
    1111   37.0000     G4    1    0    -36.1602    24.9289   0.169978    -9.1983    15.7758   -16.5412     0.0000    0.00032
    1112   37.0333     G4    1    0    -36.2272    24.9222   0.170013   -11.0724    15.3151   -16.3517     0.0000    0.00000
    1113   37.0667     G4    1    0    -36.2462    24.9426   0.170030   -12.1166    14.8216   -16.3457     0.0000    0.00000
    1114   37.1000     G2    1    0    -36.2597    24.9782   0.169967   -12.3852    14.3848   -16.0821     0.0000    0.00000
    1115   37.1333     G2    1    0    -36.3354    25.0292   0.169682   -12.9853    13.8947   -15.5493     0.0000    0.00000
    1116   37.1667     G2    1    0    -36.4319    25.0567   0.169361   -13.3016    13.7171   -14.7525     0.0000    0.00000
    1117   37.2000     G2    1    0    -36.4644    25.1128   0.169176   -13.2652    13.4468   -14.2484     0.5284    0.00000
    1118   37.2333     G2    1    0    -36.4831    25.2638   0.168800   -13.5277    12.5894   -13.5611     3.1199    0.00000
    1119   37.2667     G2    1    0    -36.5099    25.2962   0.168455   -13.5828    12.5704   -12.7657     4.7385    0.00000
    1120   37.3000     G2    1    0    -36.5482    25.2581   0.168327   -13.6268    12.9070   -12.2329     5.3747    0.00000
    1121   37.3333     G2    1    0    -36.5375    25.2338   0.168016   -13.6650    13.0966   -11.9386     7.2740    0.00026
    1122   37.3667     G2    1    0    -36.4730    25.2303   0.167611   -13.7088    13.0836   -11.9840     8.3780    0.00044
    1123   37.4000     G2    1    0    -36.4324    25.2512   0.167075   -13.6414    12.8034   -11.5184     8.2376    0.00000
    1124   37.4333     G2    1    0    -36.4187    25.2902   0.166769   -13.5279    12.4334   -10.9635     7.4517    0.00000
    1125   37.4667     G2    1    0    -36.3781    25.4250   0.166131   -13.1557    11.2656    -9.4352     6.6004    0.00000
    1126   37.5000     G2    1    0    -36.3423    25.5918   0.165290   -12.7852    10.0313    -7.8480     6.8810    0.00000
    1127   37.5333     G2    1    0    -36.3181    25.6517   0.164828   -12.6349     9.5004    -7.3211     6.1700    0.00000
    1128   37.5667     G2    1    0    -36.2859    25.7734   0.164081   -12.3548     8.5031    -6.1405     3.1387    0.00000
    1129   37.6000     G2    1    0    -36.2257    25.9156   0.163360   -11.4492     7.4489    -5.1222     2.3995    0.00000
    1130   37.6333     G2    1    0    -36.2161    25.9979   0.162607   -11.3185     6.9207    -4.1108     2.4089    0.00000
    1131   37.6667     G2    1    0    -36.2136    25.9992   0.162252   -10.2547     6.9374    -3.5370     1.9224    0.00000
    1132   37.7000     G2    1    0    -36.1877    26.0338   0.161706    -8.4394     6.5504    -2.6364     1.3985    0.00000
    1133   37.7333     G2    1    0    -36.1982    26.1234   0.161326    -7.5500     5.5719    -1.6297     4.0181    0.00000
    1134   37.7667     G2    1    0    -36.2231    26.1653   0.161209    -7.4214     4.9991    -1.1354     5.9454    0.00000
    1135   37.8000     G2    1    0    -36.2772    26.1961   0.161067    -7.1669     4.0198    -0.1930     9.9778    0.00000
    1136   37.8333     G2    1    0    -36.3200    26.1939   0.161034    -7.0303     3.5672     0.4986    12.2419    0.00000
    1137   37.8667     G2    1    0    -36.3389    26.1953   0.161056    -7.0049     3.4975     0.7561    13.8511    0.00012
    1138   37.9000     G2    1    0    -36.3587    26.2296   0.161107    -6.9776     3.2557     1.0984    16.8356    0.00000
    1139   37.9333     G2    1    0    -36.3890    26.2191   0.161167    -6.9615     3.4279     1.4403    18.7068    0.00025
    1140   37.9667     G2    1    0    -36.4580    26.1827   0.161188    -6.9111     3.8872     2.4290    20.3909    0.00000
    1141   38.0000     G2    1    0    -36.4911    26.1680   0.161174    -6.8874     4.1015     2.9006    20.7464    0.00000
    1142   38.0333     G2    1    0    -36.5184    26.1907   0.161043    -6.8961     4.3201     3.4860    19.2214    0.00000
    1143   38.0667     G2    1    0    -36.4543    26.2850   0.160701    -7.0243     4.3818     3.4265    14.9177    0.00078
    1144   38.1000     G2    1    0    -36.3113    26.4783   0.160295    -7.2153     4.0592     3.1535     8.7335    0.00000
    1145   38.1333     G2    1    0    -36.2273    26.5870   0.160146    -7.3233     3.8857     3.0045     6.3384    0.00068
    1146   38.1667     G2    1    0    -36.0630    26.8044   0.159956    -7.5362     3.6209     2.8951     4.3269    0.00000
    1147   38.2000     G2    1    0    -35.8892    26.9886   0.159831    -7.7306     3.4029     2.7961     3.4287    0.00000
    1148   38.2333     G2    1    0    -35.7892    27.0568   0.159772    -7.8180     3.2892     2.6634     2.4931    0.00042
    1149   38.2667     G2    1    0    -35.5754    27.1548   0.159685    -7.9648     3.0811     2.3276     1.5201    0.00000
    1150   38.3000     G2    1    0    -35.3548    27.2291   0.159590    -8.0948     2.8875     1.9572     0.0000    0.00000
    1151   38.3333     G2    1    0    -35.2424    27.2582   0.159519    -8.1559     2.8018     1.7763     0.0000    0.00037
    1152   38.3667     G2    1    0    -35.0375    27.2926   0.159405    -8.2522     2.6659     1.4412     0.0000    0.00000
    1153   38.4000     G2    1    0    -34.8984    27.2819   0.159336    -8.2941     2.5481     1.0614     0.0000    0.00055
    1154   38.4333     G2    1    0    -34.8336    27.2516   0.159309    -8.9765     2.4404     0.6552     0.0000    0.00000
    1155   38.4667     G2    1    0    -34.8305    27.2288   0.159314    -9.5405     2.4127     0.5016     0.0000    0.00000
    1156   38.5000     G2    1    0    -34.8453    27.1789   0.159361   -11.6410     2.2216    -0.0877     0.0000    0.00000
    1157   38.5333     G2    1    0    -34.8532    27.1230   0.159429   -13.2857     1.8717    -0.8905     0.0000    0.00000
    1158   38.5667     G2    1    0    -34.8572    27.0928   0.159474   -13.9106     1.6966    -1.2626     0.0000    0.00000
    1159   38.6000     G2    1    0    -34.8910    27.0387   0.159600   -15.5699     1.3713    -1.8698     0.0000    0.00000
    1160   38.6333     G2    1    0    -34.9482    27.0001   0.159677   -17.1994     1.0320    -2.3847     0.0000    0.00000
    1161   38.6667     G2    1    0    -34.9984    26.9866   0.159712   -17.4702     0.7270    -2.8396     0.0000    0.00000
    1162   38.7000     G2    1    0    -35.0089    26.9989   0.159730   -17.7875     0.4833    -3.1551     0.0000    0.00000
    1163   38.7333     G2    1    0    -34.9954    27.0640   0.159765   -19.4134    -0.3075    -4.0285     0.0000    0.00000
    1164   38.7667     G2    1    0    -34.9357    27.1479   0.159848   -20.3449    -1.4032    -5.2959     0.0000    0.00000
    1165   38.8000     G2    1    0    -34.9128    27.1566   0.159882   -21.0159    -1.6885    -5.8753     0.0000    0.00000
    1166   38.8333     G2    1    0    -34.8765    27.2113   0.159963   -22.5637    -2.4593    -6.4748     0.0000    0.00000
    1167   38.8667     G2    1    0    -34.8472    27.2363   0.160068   -24.1993    -3.0302    -6.8127     0.0000    0.00000
    1168   38.9000     G2    1    0    -34.8379    27.1972   0.160141   -24.4606    -3.1736    -6.9920     0.0000    0.00000
    1169   38.9333     G2    1    0    -34.8449    27.1576   0.160165   -24.4218    -3.1430    -7.0230     0.0000    0.00004
    1170   38.9667     G2    1    0    -34.8424    27.0815   0.160185   -24.6713    -3.2981    -7.2636     0.0000    0.00000
    1171   39.0000     G2    1    0    -34.8196    27.0054   0.160210   -25.5916    -3.5767    -7.4986     0.0000    0.00000
    1172   39.0333     G2    1    0    -34.8228    26.9500   0.160234   -25.7831    -3.5428    -7.5006     0.0000    0.00008
    1173   39.0667     G2    1    0    -34.7992    26.8673   0.160343   -26.4556    -3.8391    -7.8016     0.0000    0.00000
    1174   39.1000     G2    1    0    -34.7596    26.8121   0.160514   -27.6719    -4.4947    -8.2936     0.0000    0.00000
    1175   39.1333     G2    1    0    -34.7250    26.7985   0.160625   -28.1586    -4.9739    -8.6861     0.0000    0.00000
    1176   39.1667     G2    1    0    -34.6641    26.7746   0.160876   -29.7776    -5.9125    -9.2238     0.0000    0.00000
    1177   39.2000     G2    1    0    -34.6160    26.7357   0.161115   -31.6303    -6.7273    -9.5217     0.0000    0.00000
    1178   39.2333     G2    1    0    -34.5968    26.6469   0.161319   -32.8317    -7.1220    -9.8370     0.0000    0.00000
    1179   39.2667     G2    1    0    -34.5885    26.6002   0.161429   -33.4153    -7.3588    -9.9623     0.0000    0.00000
    1180   39.3000     G2    1    0    -34.5882    26.4844   0.161656   -33.5421    -7.7763   -10.3777     0.0000    0.00000
    1181   39.3333     G2    1    0    -34.6213    26.3541   0.161824   -33.3252    -7.9855   -10.7391     0.0000    0.00000
    1182   39.3667     G2    1    0    -34.6421    26.2959   0.161899   -33.2296    -8.0717   -10.8918     0.0000    0.00020
    1183   39.4000     G2    1    0    -34.7109    26.1702   0.162028   -33.4361    -8.0048   -11.1113     0.0000    0.00000
    1184   39.4333     G2    1    0    -34.7420    26.1293   0.162179   -33.9896    -8.3927   -11.2644     0.0000    0.00000
    1185   39.4667     G2    1    0    -34.7742    26.0979   0.162298   -34.2542    -8.5575   -11.3270     0.0000    0.00033
    1186   39.5000     G2    1    0    -34.7726    26.0747   0.162349   -34.2094    -8.6511   -11.6373     0.0000    0.00018
    1187   39.5333     G2    1    0    -34.7831    26.0209   0.162404   -35.1485    -8.8714   -11.7857     0.0000    0.00000
    1188   39.5667     G2    1    0    -34.7836    25.9865   0.162463   -35.3750    -9.1953   -11.9716     0.0000    0.00000
    1189   39.6000     G2    1    0    -34.7806    25.9465   0.162495   -35.6716    -9.2508   -12.1908     0.0000    0.00000
    1190   39.6333     G2    1    0    -34.7304    25.9098   0.162582   -36.5043   -10.0273   -12.4797     0.0000    0.00000
    1191   39.6667     G2    1    0    -34.7055    25.8426   0.162654   -37.3684   -10.5156   -12.5856     0.0000    0.00000
    1192   39.7000     G2    1    0    -34.7116    25.7708   0.162753   -37.9441   -10.7061   -12.5810     0.0000    0.00000
    1193   39.7333     G2    1    0    -34.7140    25.7468   0.162812   -37.8906   -10.7984   -12.6790     0.0000    0.00007
    1194   39.7667     G2    1    0    -34.7089    25.7019   0.162903   -38.1414   -10.9867   -12.9780     0.0000    0.00000
    1195   39.8000     G2    1    0    -34.7221    25.6807   0.162950   -38.0795   -11.0908   -13.0575     0.0000    0.00008
    1196   39.8333     G2    1    0    -34.7407    25.6684   0.162965   -38.0696   -11.0531   -13.0405     0.0000    0.00001
    1197   39.8667     G2    1    0    -34.7769    25.6508   0.162964   -38.0594   -10.9785   -12.9990     0.0000    0.00004
    1198   39.9000     G2    1    0    -34.7982    25.6381   0.162957   -38.0325   -10.9905   -13.1966     0.0000    0.00008
    1199   39.9333     G2    1    0    -34.8225    25.6435   0.162937   -37.9949   -11.1029   -13.2846     0.0000    0.00007
    1200   39.9667     G2    1    0    -34.8451    25.6305   0.162925   -37.9962   -11.0102   -13.3543     0.0000    0.00004
    1201   40.0000     G2    1    0    -34.8814    25.6178   0.162918   -37.9887   -10.9237   -13.3763     0.0000    0.00005
    1202   40.0333     G2    1    0    -34.9131    25.6046   0.162963   -37.9816   -10.8590   -13.3357     0.0000    0.00003
    1203   40.0667     G2    1    0    -34.9064    25.6112   0.162998   -37.9503   -11.0032   -13.4309     0.0000    0.00007
    1204   40.1000     G2    1    0    -34.9269    25.6029   0.163016   -37.9445   -10.9661   -13.4092     0.0000    0.00001
    1205   40.1333     G2    1    0    -34.9473    25.5923   0.163039   -37.9390   -10.9208   -13.3847     0.0000    0.00001
    1206   40.1667     G2    1    0    -34.9620    25.5802   0.163050   -37.9324   -10.8809   -13.3676     0.0000    0.00001
    1207   40.2000     G2    1    0    -34.9674    25.5774   0.163047   -37.9299   -10.8726   -13.3636     0.0000    0.00000
    1208   40.2333     G2    1    0    -34.9787    25.5739   0.163037   -37.9264   -10.8575   -13.3536     0.0000    0.00001
    1209   40.2667     G2    1    0    -34.9962    25.5712   0.163034   -37.9242   -10.8355   -13.3354     0.0000    0.00001
    1210   40.3000     G2    1    0    -35.0042    25.5700   0.163028   -37.9230   -10.8260   -13.3275     0.0000    0.00000
    1211   40.3333     G2    1    0    -35.0202    25.5675   0.163020   -37.9208   -10.8061   -13.3111     0.0000    0.00001
    1212   40.3667     G2    1    0    -35.0352    25.5672   0.163001   -37.9194   -10.7931   -13.2967     0.0000    0.00001
    1213   40.4000     G2    1    0    -35.0478    25.5647   0.162994   -37.9194   -10.7712   -13.2799     0.0000    0.00001
    1214   40.4333     G2    1    0    -35.0505    25.5646   0.162999   -37.9193   -10.7674   -13.2766     0.0000    0.00000
    1215   40.4667     G2    1    0    -35.0484    25.5633   0.163017   -37.9190   -10.7648   -13.2776     0.0000    0.00000
    1216   40.5000     G2    1    0    -35.0480    25.5633   0.163022   -37.9195   -10.7638   -13.2771     0.0000    0.00000
    1217   40.5333     G2    1    0    -35.0509    25.5634   0.163026   -37.9193   -10.7602   -13.2735     0.0000    0.00000
    1218   40.5667     G2    1    0    -35.0539    25.5629   0.163035   -37.9194   -10.7548   -13.2694     0.0000    0.00000
    1219   40.6000     G2    1    0    -35.0529    25.5654   0.163030   -37.9205   -10.7606   -13.2706     0.0000    0.00000
    1220   40.6333     G2    1    0    -35.0559    25.5657   0.163023   -37.5834   -10.6838   -13.3370     0.0000    0.00011
    1221   40.6667     G2    1    0    -35.0582    25.5652   0.163022   -37.5834   -10.6810   -13.3346     0.0000    0.00000
    1222   40.7000     G2    1    0    -35.0611    25.5644   0.163021   -37.5851   -10.6709   -13.3273     0.0000    0.00000
    1223   40.7333     G2    1    0    -35.0664    25.5589   0.163025   -37.2438   -10.5833   -13.3929     0.0000    0.00013
    1224   40.7667     G2    1    0    -35.0664    25.5589   0.163025   -37.2438   -10.5833   -13.3929     0.0000    0.00087
    1225   40.8000     G2    1    0    -35.0701    25.5606   0.163023   -37.2454   -10.5816   -13.3877     0.0000    0.00000
    1226   40.8333     G2    1    0    -35.0734    25.5597   0.163016   -37.2448   -10.5784   -13.3852     0.0000    0.00000
    1227   40.8667     G2    1    0    -35.0738    25.5599   0.163016   -37.2451   -10.5774   -13.3840     0.0000    0.00000
    1228   40.9000     G2    1    0    -35.0752    25.5595   0.163015   -37.2447   -10.5763   -13.3832     0.0000    0.00000
    1229   40.9333     G2    1    0    -35.0759    25.5614   0.163009   -37.2460   -10.5787   -13.3821     0.0000    0.00000
    1230   40.9667     G2    1    0    -35.0759    25.5614   0.163009   -37.2460   -10.5787   -13.3821     0.0000    0.00000
    1231   41.0000     G2    1    0    -35.0780    25.5611   0.163008   -37.2457   -10.5764   -13.3800     0.0000    0.00000
    1232   41.0333     G2    1    0    -35.0783    25.5647   0.163001   -37.2485   -10.5815   -13.3785     0.0000    0.00000
    1233   41.0667     G2    1    0    -35.0862    25.5649   0.162997   -36.9109   -10.4993   -13.4392     0.0000    0.00012
    1234   41.1000     G2    1    0    -35.0880    25.5622   0.162997   -36.9093   -10.4938   -13.4378     0.0000    0.00000
    1235   41.1333     G2    1    0    -35.0939    25.5614   0.162994   -36.9087   -10.4871   -13.4316     0.0000    0.00000
    1236   41.1667     G2    1    0    -35.1016    25.5622   0.162989   -36.9092   -10.4808   -13.4231     0.0000    0.00000
    1237   41.2000     G2    1    0    -35.1037    25.5600   0.162989   -36.9076   -10.4758   -13.4216     0.0000    0.00000
    1238   41.2333     G2    1    0    -35.1043    25.5602   0.162995   -36.9078   -10.4745   -13.4204     0.0000    0.00000
    1239   41.2667     G2    1    0    -35.1043    25.5602   0.162995   -36.9078   -10.4745   -13.4204     0.0000    0.00000
    1240   41.3000     G2    1    0    -35.1043    25.5602   0.162995   -36.9078   -10.4745   -13.4204     0.0000    0.00000
    1241   41.3333     G2    1    0    -35.1048    25.5603   0.163000   -36.9082   -10.4731   -13.4191     0.0000    0.00000
    1242   41.3667     G2    1    0    -35.1043    25.5601   0.162995   -36.9080   -10.4745   -13.4204     0.0000    0.00000
    1243   41.4000     G2    1    0    -35.1033    25.5579   0.162994   -36.9086   -10.4662   -13.4176     0.0000    0.00000
    1244   41.4333     G2    1    0    -35.1029    25.5560   0.163001   -36.9074   -10.4636   -13.4185     0.0000    0.00000
    1245   41.4667     G2    1    0    -35.1077    25.5548   0.163005   -36.5692   -10.3813   -13.4816     0.0000    0.00012
    1246   41.5000     G2    1    0    -35.1055    25.5565   0.163005   -36.5736   -10.3791   -13.4779     0.0000    0.00000
    1247   41.5333     G2    1    0    -35.1104    25.5542   0.163004   -36.2401   -10.2906   -13.5363     0.0000    0.00013
    1248   41.5667     G2    1    0    -35.1090    25.5524   0.163005   -36.2365   -10.2890   -13.5386     0.0000    0.00000
    1249   41.6000     G2    1    0    -35.1226    25.5428   0.162994   -35.9275   -10.0639   -13.5013     0.0000    0.00000
    1250   41.6333     G2    1    0    -35.1177    25.5437   0.162997   -35.9289   -10.0696   -13.5061     0.0000    0.00000
    1251   41.6667     G2    1    0    -35.1325    25.5309   0.162982   -35.9534    -9.9158   -13.4024     0.0000    0.00009
    1252   41.7000     G2    1    0    -35.1302    25.5314   0.162988   -35.9538    -9.9184   -13.4046     0.0000    0.00000
    1253   41.7333     G2    1    0    -35.1233    25.5321   0.162991   -35.9571    -9.9198   -13.4072     0.0000    0.00000
    1254   41.7667     G2    1    0    -35.1250    25.5284   0.162997   -35.6296    -9.8335   -13.4650     0.0000    0.00013
    1255   41.8000     G2    1    0    -35.1230    25.5287   0.163003   -35.6215    -9.8324   -13.4674     0.0000    0.00000
    1256   41.8333     G2    1    0    -35.1354    25.5190   0.163010   -35.6490    -9.6807   -13.3612     0.0000    0.00009
    1257   41.8667     G2    1    0    -35.1450    25.5151   0.163034   -35.3103    -9.5881   -13.4136     0.0000    0.00014
    1258   41.9000     G2    1    0    -35.1703    25.4980   0.163042   -34.9959    -9.3403   -13.3568     0.0000    0.00000
    1259   41.9333     G2    1    0    -35.1664    25.4994   0.163050   -34.9951    -9.3513   -13.3649     0.0000    0.00000
    1260   41.9667     G2    1    0    -35.1632    25.4963   0.163064   -34.6606    -9.2681   -13.4254     0.0000    0.00012
    1261   42.0000     G2    1    0    -35.1680    25.4869   0.163052   -34.6879    -9.1298   -13.3279     0.0000    0.00008
    1262   42.0333     G2    1    0    -35.1689    25.4852   0.163048   -34.3510    -9.0535   -13.3890     0.0000    0.00011
    1263   42.0667     G2    1    0    -35.1841    25.4727   0.163034   -34.0401    -8.8270   -13.3388     0.0000    0.00000
    1264   42.1000     G2    1    0    -35.2139    25.4496   0.163003   -33.7515    -8.4595   -13.1811     0.0000    0.00000
    1265   42.1333     G2    1    0    -35.2272    25.4375   0.162994   -33.7748    -8.3107   -13.0728     0.0000    0.00009
    1266   42.1667     G2    1    0    -35.2392    25.4272   0.162986   -33.7992    -8.1670   -12.9667     0.0000    0.00008
    1267   42.2000     G2    1    0    -35.2428    25.4263   0.162980   -33.4657    -8.0860   -13.0142     0.0000    0.00012
    1268   42.2333     G2    1    0    -35.2421    25.4237   0.162974   -33.4665    -8.0787   -13.0115     0.0000    0.00000
    1269   42.2667     G2    1    0    -35.2453    25.4212   0.162963   -33.1298    -8.0012   -13.0640     0.0000    0.00011
    1270   42.3000     G2    1    0    -35.2479    25.4204   0.162961   -33.1320    -7.9917   -13.0557     0.0000    0.00000
    1271   42.3333     G2    1    0    -35.2484    25.4206   0.162967   -33.1326    -7.9905   -13.0543     0.0000    0.00000
    1272   42.3667     G2    1    0    -35.2495    25.4180   0.162961   -33.1310    -7.9870   -13.0544     0.0000    0.00000
    1273   42.4000     G2    1    0    -35.2504    25.4182   0.162961   -33.1308    -7.9867   -13.0535     0.0000    0.00000
    1274   42.4333     G2    1    0    -35.2516    25.4176   0.162955   -33.1305    -7.9858   -13.0530     0.0000    0.00000
    1275   42.4667     G2    1    0    -35.2521    25.4173   0.162944   -33.1300    -7.9867   -13.0537     0.0000    0.00000
    1276   42.5000     G2    1    0    -35.2530    25.4168   0.162932   -33.1293    -7.9871   -13.0542     0.0000    0.00000
    1277   42.5333     G2    1    0    -35.2581    25.4138   0.162915   -32.7922    -7.9081   -13.1048     0.0000    0.00011
    1278   42.5667     G2    1    0    -35.2611    25.4151   0.162908   -32.7932    -7.9081   -13.1014     0.0000    0.00000
    1279   42.6000     G2    1    0    -35.2629    25.4149   0.162906   -32.7930    -7.9061   -13.0993     0.0000    0.00000
    1280   42.6333     G2    1    0    -35.2629    25.4149   0.162906   -32.7930    -7.9061   -13.0993     0.0000    0.00000
    1281   42.6667     G2    1    0    -35.2706    25.4099   0.162904   -32.4553    -7.8186   -13.1446     0.0000    0.00013
    1282   42.7000     G2    1    0    -35.2774    25.4089   0.162901   -32.4543    -7.8115   -13.1372     0.0000    0.00000
    1283   42.7333     G2    1    0    -35.2822    25.4100   0.162892   -32.4547    -7.8096   -13.1319     0.0000    0.00000
    1284   42.7667     G2    1    0    -35.3014    25.4070   0.162887   -32.4517    -7.7873   -13.1099     0.0000    0.00001
    1285   42.8000     G2    1    0    -35.3291    25.4008   0.162874   -32.1114    -7.6807   -13.1324     0.0000    0.00017
    1286   42.8333     G2    1    0    -35.3396    25.3997   0.162875   -32.1100    -7.6690   -13.1196     0.0000    0.00000
    1287   42.8667     G2    1    0    -35.3508    25.3967   0.162881   -32.1053    -7.6597   -13.1116     0.0000    0.00000
    1288   42.9000     G2    1    0    -35.3530    25.3960   0.162869   -32.1047    -7.6584   -13.1104     0.0000    0.00000
    1289   42.9333     G2    1    0    -35.3589    25.3922   0.162856   -31.7698    -7.5705   -13.1526     0.0000    0.00013
    1290   42.9667     G2    1    0    -35.3589    25.3922   0.162856   -31.7698    -7.5705   -13.1526     0.0000    0.00013
    1291   43.0000     G2    1    0    -35.3584    25.3942   0.162855   -31.7720    -7.5736   -13.1521     0.0000    0.00000
    1292   43.0333     G2    1    0    -35.3610    25.3941   0.162860   -31.7720    -7.5703   -13.1484     0.0000    0.00000
    1293   43.0667     G2    1    0    -35.3610    25.3941   0.162860   -31.7720    -7.5703   -13.1484     0.0000    0.00000
    1294   43.1000     G2    1    0    -35.3589    25.3944   0.162861   -31.7726    -7.5724   -13.1507     0.0000    0.00000
    1295   43.1333     G2    1    0    -35.3610    25.3941   0.162860   -31.7723    -7.5704   -13.1484     0.0000    0.00000
    1296   43.1667     G2    1    0    -35.3626    25.3936   0.162854   -31.7720    -7.5685   -13.1467     0.0000    0.00000
    1297   43.2000     G2    1    0    -35.3671    25.3931   0.162852   -31.7711    -7.5640   -13.1418     0.0000    0.00000
    1298   43.2333     G2    1    0    -35.3760    25.3915   0.162841   -31.7693    -7.5549   -13.1326     0.0000    0.00000
    1299   43.2667     G2    1    0    -35.3929    25.3874   0.162834   -31.4293    -7.4664   -13.1702     0.0000    0.00013
    1300   43.3000     G2    1    0    -35.4004    25.3863   0.162830   -31.4279    -7.4591   -13.1622     0.0000    0.00000
    1301   43.3333     G2    1    0    -35.4119    25.3845   0.162829   -31.4263    -7.4456   -13.1484     0.0000    0.00000
    1302   43.3667     G2    1    0    -35.4124    25.3847   0.162830   -31.4263    -7.4456   -13.1479     0.0000    0.00000
    1303   43.4000     G2    1    0    -35.4101    25.3843   0.162826   -31.4285    -7.4420   -13.1459     0.0000    0.00000
    1304   43.4333     G2    1    0    -35.4101    25.3843   0.162826   -31.4285    -7.4420   -13.1459     0.0000    0.00100
    1305   43.4667     G2    1    0    -35.4125    25.3843   0.162829   -31.4285    -7.4389   -13.1425     0.0000    0.00000
    1306   43.5000     G2    1    0    -35.4125    25.3843   0.162829   -31.4285    -7.4389   -13.1425     0.0000    0.00000
    1307   43.5333     G2    1    0    -35.4110    25.3847   0.162835   -31.4291    -7.4397   -13.1433     0.0000    0.00000
    1308   43.5667     G2    1    0    -35.4057    25.3855   0.162844   -31.4304    -7.4446   -13.1485     0.0000    0.00000
    1309   43.6000     G2    1    0    -35.4057    25.3855   0.162844   -31.4304    -7.4446   -13.1485     0.0000    0.00000
    1310   43.6333     G2    1    0    -35.4070    25.3853   0.162843   -31.4302    -7.4429   -13.1468     0.0000    0.00000
    1311   43.6667     G2    1    0    -35.4063    25.3853   0.162838   -31.4298    -7.4452   -13.1491     0.0000    0.00000
    1312   43.7000     G2    1    0    -35.4059    25.3852   0.162843   -31.4303    -7.4443   -13.1485     0.0000    0.00000
    1313   43.7333     G2    1    0    -35.4062    25.3857   0.162854   -31.4306    -7.4433   -13.1471     0.0000    0.00000
    1314   43.7667     G2    1    0    -35.4061    25.3861   0.162865   -31.4313    -7.4415   -13.1452     0.0000    0.00000
    1315   43.8000     G2    1    0    -35.4075    25.3852   0.162908   -31.4318    -7.4320   -13.1386     0.0000    0.00000
    1316   43.8333     G2    1    0    -35.4068    25.3835   0.162920   -31.4310    -7.4285   -13.1385     0.0000    0.00000
    1317   43.8667     G2    1    0    -35.4107    25.3769   0.162925   -31.4262    -7.4158   -13.1354     0.0000    0.00000
    1318   43.9000     G2    1    0    -35.4105    25.3752   0.162931   -31.4249    -7.4132   -13.1358     0.0000    0.00000
    1319   43.9333     G2    1    0    -35.4082    25.3735   0.162933   -31.4240    -7.4126   -13.1386     0.0000    0.00000
    1320   43.9667     G2    1    0    -35.4082    25.3714   0.162928   -31.4223    -7.4108   -13.1400     0.0000    0.00000
    1321   44.0000     G2    1    0    -35.4088    25.3715   0.162933   -31.4225    -7.4096   -13.1387     0.0000    0.00000
    1322   44.0333     G2    1    0    -35.4087    25.3718   0.162939   -31.4226    -7.4097   -13.1385     0.0000    0.00000
    1323   44.0667     G2    1    0    -35.4034    25.3703   0.162937   -31.4221    -7.4127   -13.1454     0.0000    0.00000
    1324   44.1000     G2    1    0    -35.3996    25.3710   0.162938   -31.4228    -7.4170   -13.1495     0.0000    0.00000
    1325   44.1333     G2    1    0    -35.3901    25.3703   0.162938   -31.4228    -7.4254   -13.1616     0.0000    0.00000
    1326   44.1667     G2    1    0    -35.3856    25.3708   0.162940   -31.4237    -7.4299   -13.1665     0.0000    0.00000
    1327   44.2000     G2    1    0    -35.3883    25.3704   0.162940   -31.0896    -7.3532   -13.2139     0.0000    0.00011
    1328   44.2333     G2    1    0    -35.3878    25.3702   0.162934   -31.0896    -7.3543   -13.2150     0.0000    0.00000
    1329   44.2667     G2    1    0    -35.3883    25.3702   0.162934   -31.0897    -7.3541   -13.2146     0.0000    0.00000
    1330   44.3000     G2    1    0    -35.3850    25.3704   0.162936   -31.0924    -7.3513   -13.2131     0.0000    0.00000
    1331   44.3333     G2    1    0    -35.3824    25.3705   0.162931   -31.0928    -7.3547   -13.2167     0.0000    0.00000
    1332   44.3667     G2    1    0    -35.3800    25.3706   0.162928   -31.0929    -7.3579   -13.2202     0.0000    0.00000
    1333   44.4000     G2    1    0    -35.3782    25.3698   0.162890   -31.0915    -7.3648   -13.2274     0.0000    0.00000
    1334   44.4333     G2    1    0    -35.3751    25.3713   0.162858   -31.0919    -7.3753   -13.2349     0.0000    0.00000
    1335   44.4667     G2    1    0    -35.3712    25.3716   0.162850   -31.0922    -7.3804   -13.2404     0.0000    0.00000
    1336   44.5000     G2    1    0    -35.3723    25.3712   0.162849   -31.0922    -7.3787   -13.2389     0.0000    0.00000
    1337   44.5333     G2    1    0    -35.3801    25.3681   0.162852   -30.7560    -7.2929   -13.2804     0.0000    0.00012
    1338   44.5667     G2    1    0    -35.3807    25.3683   0.162857   -30.7564    -7.2916   -13.2786     0.0000    0.00000
    1339   44.6000     G2    1    0    -35.3853    25.3655   0.162861   -30.4215    -7.2084   -13.3225     0.0000    0.00012
    1340   44.6333     G2    1    0    -35.3877    25.3647   0.162854   -30.4211    -7.2068   -13.3208     0.0000    0.00000
    1341   44.6667     G2    1    0    -35.3878    25.3665   0.162843   -30.4223    -7.2106   -13.3213     0.0000    0.00000
    1342   44.7000     G2    1    0    -35.3887    25.3659   0.162832   -30.4217    -7.2110   -13.3218     0.0000    0.00000
    1343   44.7333     G2    1    0    -35.3896    25.3650   0.162804   -30.4205    -7.2134   -13.3244     0.0000    0.00000
    1344   44.7667     G2    1    0    -35.3908    25.3649   0.162798   -30.4201    -7.2130   -13.3236     0.0000    0.00000
    1345   44.8000     G2    1    0    -35.3895    25.3651   0.162799   -30.4203    -7.2147   -13.3254     0.0000    0.00000
    1346   44.8333     G2    1    0    -35.3888    25.3651   0.162799   -30.4206    -7.2151   -13.3259     0.0000    0.00000
    1347   44.8667     G2    1    0    -35.3891    25.3650   0.162804   -30.4209    -7.2138   -13.3248     0.0000    0.00000
    1348   44.9000     G2    1    0    -35.3913    25.3650   0.162803   -30.4204    -7.2118   -13.3221     0.0000    0.00000
    1349   44.9333     G2    1    0    -35.3916    25.3669   0.162808   -30.4221    -7.2133   -13.3207     0.0000    0.00000
    1350   44.9667     G2    1    0    -35.3903    25.3669   0.162798   -30.4218    -7.2161   -13.3236     0.0000    0.00000
    1351   45.0000     G2    1    0    -35.3903    25.3669   0.162798   -30.4218    -7.2161   -13.3236     0.0000    0.00000
    1352   45.0333     G2    1    0    -35.3898    25.3689   0.162797   -30.4234    -7.2191   -13.3236     0.0000    0.00000
    1353   45.0667     G2    1    0    -35.3888    25.3673   0.162804   -30.4224    -7.2169   -13.3244     0.0000    0.00000
    1354   45.1000     G2    1    0    -35.3903    25.3669   0.162798   -30.4219    -7.2161   -13.3236     0.0000    0.00000
    1355   45.1333     G2    1    0    -35.3897    25.3667   0.162792   -30.4217    -7.2173   -13.3250     0.0000    0.00000
    1356   45.1667     G2    1    0    -35.3869    25.3671   0.162788   -30.4220    -7.2209   -13.3287     0.0000    0.00000
    1357   45.2000     G2    1    0    -35.3877    25.3670   0.162793   -30.4221    -7.2193   -13.3273     0.0000    0.00000
    1358   45.2333     G2    1    0    -35.3882    25.3671   0.162798   -30.4223    -7.2181   -13.3259     0.0000    0.00000
    1359   45.2667     G2    1    0    -35.3882    25.3671   0.162798   -30.4223    -7.2181   -13.3259     0.0000    0.00000
    1360   45.3000     G2    1    0    -35.3882    25.3671   0.162798   -30.4223    -7.2181   -13.3259     0.0000    0.00000
    1361   45.3333     G2    1    0    -35.3882    25.3671   0.162798   -30.4223    -7.2181   -13.3259     0.0000    0.00000
    1362   45.3667     G2    1    0    -35.3882    25.3671   0.162798   -30.4223    -7.2181   -13.3259     0.0000    0.00000
    1363   45.4000     G2    1    0    -35.3877    25.3670   0.162793   -30.4221    -7.2194   -13.3273     0.0000    0.00000
    1364   45.4333     G2    1    0    -35.3897    25.3667   0.162792   -30.4217    -7.2173   -13.3250     0.0000    0.00000
    1365   45.4667     G2    1    0    -35.3950    25.3639   0.162796   -30.0865    -7.1334   -13.3680     0.0000    0.00012
    1366   45.5000     G2    1    0    -35.3937    25.3640   0.162797   -30.0869    -7.1349   -13.3695     0.0000    0.00000
    1367   45.5333     G2    1    0    -35.3929    25.3641   0.162797   -30.0873    -7.1354   -13.3700     0.0000    0.00000
    1368   45.5667     G2    1    0    -35.3950    25.3638   0.162796   -30.0871    -7.1334   -13.3677     0.0000    0.00000
    1369   45.6000     G2    1    0    -35.3950    25.3638   0.162796   -30.0871    -7.1334   -13.3677     0.0000    0.00000
    1370   45.6333     G2    1    0    -35.3924    25.3661   0.162797   -30.0891    -7.1384   -13.3700     0.0000    0.00000
    1371   45.6667     G2    1    0    -35.3924    25.3639   0.162792   -30.0875    -7.1366   -13.3714     0.0000    0.00000
    1372   45.7000     G2    1    0    -35.3950    25.3638   0.162796   -30.0873    -7.1334   -13.3677     0.0000    0.00000
    1373   45.7333     G2    1    0    -35.3941    25.3640   0.162796   -30.0873    -7.1348   -13.3691     0.0000    0.00000
    1374   45.7667     G2    1    0    -35.3929    25.3641   0.162797   -30.0878    -7.1355   -13.3700     0.0000    0.00000
    1375   45.8000     G2    1    0    -35.3916    25.3643   0.162798   -30.0879    -7.1371   -13.3717     0.0000    0.00000
    1376   45.8333     G2    1    0    -35.3899    25.3650   0.162804   -30.0886    -7.1383   -13.3726     0.0000    0.00000
    1377   45.8667     G2    1    0    -35.3920    25.3605   0.162805   -30.0854    -7.1305   -13.3712     0.0000    0.00000
    1378   45.9000     G2    1    0    -35.3925    25.3605   0.162804   -30.0853    -7.1302   -13.3708     0.0000    0.00000
    1379   45.9333     G2    1    0    -35.3865    25.3613   0.162807   -30.0861    -7.1372   -13.3784     0.0000    0.00000
    1380   45.9667     G2    1    0    -35.3825    25.3619   0.162815   -30.0873    -7.1403   -13.3820     0.0000    0.00000
    1381   46.0000     G2    1    0    -35.3822    25.3600   0.162821   -29.7530    -7.0621   -13.4312     0.0000    0.00011
    1382   46.0333     G2    1    0    -35.3810    25.3601   0.162822   -29.7538    -7.0626   -13.4317     0.0000    0.00000
    1383   46.0667     G2    1    0    -35.3818    25.3599   0.162827   -29.7540    -7.0611   -13.4302     0.0000    0.00000
    1384   46.1000     G2    1    0    -35.3808    25.3599   0.162827   -29.7562    -7.0563   -13.4260     0.0000    0.00000
    1385   46.1333     G2    1    0    -35.3726    25.3570   0.162832   -29.7549    -7.0598   -13.4368     0.0000    0.00000
    1386   46.1667     G2    1    0    -35.3772    25.3438   0.162829   -29.7775    -6.9223   -13.3275     0.0000    0.00008
    1387   46.2000     G2    1    0    -35.3701    25.3433   0.162833   -29.7749    -6.9355   -13.3434     0.0000    0.00000
    1388   46.2333     G2    1    0    -35.3936    25.3113   0.162820   -29.8115    -6.6488   -13.1169     0.0000    0.00031
    1389   46.2667     G2    1    0    -35.3884    25.2940   0.162822   -29.7985    -6.6332   -13.1303     0.0000    0.00001
    1390   46.3000     G2    1    0    -35.3839    25.2845   0.162827   -29.7923    -6.6244   -13.1379     0.0000    0.00000
    1391   46.3333     G2    1    0    -35.3806    25.2583   0.162835   -29.4440    -6.5136   -13.1894     0.0000    0.00018
    1392   46.3667     G2    1    0    -35.3637    25.2388   0.162850   -29.4315    -6.5020   -13.2140     0.0000    0.00002
    1393   46.4000     G2    1    0    -35.3677    25.2212   0.162849   -29.4522    -6.3559   -13.1023     0.0000    0.00009
    1394   46.4333     G2    1    0    -35.3516    25.1884   0.162831   -29.4896    -6.1070   -12.9260     0.0000    0.00026
    1395   46.4667     G2    1    0    -35.3442    25.1039   0.162739   -29.2334    -5.4113   -12.5129     0.0000    0.00000
    1396   46.5000     G2    1    0    -35.3005    25.0075   0.162567   -29.3103    -4.7562   -12.0613     0.0000    0.00000
    1397   46.5333     G2    1    0    -35.2550    24.9625   0.162473   -29.3362    -4.5123   -11.9192     0.0000    0.00032
    1398   46.5667     G2    1    0    -35.1473    24.8636   0.162295   -29.0523    -3.9553   -11.6829     0.0000    0.00000
    1399   46.6000     G2    1    0    -35.0040    24.7659   0.162116   -28.7659    -3.4660   -11.5156     0.0000    0.00000
    1400   46.6333     G2    1    0    -34.8581    24.6471   0.161949   -28.8323    -2.8807   -11.1991     0.0000    0.00000
    1401   46.6667     G2    1    0    -34.7760    24.5917   0.161861   -28.8660    -2.6106   -11.0612     0.0000    0.00051
    1402   46.7000     G2    1    0    -34.6318    24.4989   0.161704   -28.9667    -1.9590   -10.6473     0.0000    0.00000
    1403   46.7333     G2    1    0    -34.4696    24.4432   0.161572   -29.0794    -1.4802   -10.3467     0.0000    0.00000
    1404   46.7667     G2    1    0    -34.4057    24.3973   0.161503   -29.1533    -1.0792   -10.0637     0.0000    0.00000
    1405   46.8000     G2    1    0    -34.2649    24.3438   0.161438   -29.2500    -0.7236    -9.8624     0.0000    0.00000
    1406   46.8333     G2    1    0    -34.1626    24.2887   0.161501   -29.2806    -0.4873    -9.5283     2.2124    0.00080
    1407   46.8667     G2    1    0    -34.1259    24.2425   0.161595   -29.2903    -0.3382    -9.4804     3.6626    0.00017
    1408   46.9000     G2    1    0    -34.0930    24.0971   0.161848   -29.2318    -0.0460    -9.4420     5.8144    0.00083
    1409   46.9333     G2    1    0    -34.1318    23.8768   0.162176   -29.0775     0.3035    -9.4342     8.4528    0.00000
    1410   46.9667     G2    1    0    -34.2249    23.5982   0.162615   -28.8767     0.7963    -9.3574    10.7637    0.00000
    1411   47.0000     G2    1    0    -34.2792    23.4568   0.162857   -28.7773     1.0673    -9.2955    11.3718    0.00085
    1412   47.0333     G2    1    0    -34.3817    23.2124   0.163381   -28.6004     1.5503    -9.1711    11.8583    0.00000
    1413   47.0667     G2    1    0    -34.4558    23.0760   0.163929   -28.5008     1.8831    -9.0391    11.7648    0.00000
    1414   47.1000     G2    1    0    -34.4724    23.0689   0.164159   -28.4918     1.9387    -8.9945    11.6431    0.00006
    1415   47.1333     G2    1    0    -34.4759    23.1290   0.164553   -28.8680     1.8875    -8.9178    11.1099    0.00039
    1416   47.1667     G2    1    0    -34.4413    23.2165   0.164853   -28.9307     1.7903    -8.8995    10.6889    0.00050
    1417   47.2000     G2    1    0    -34.4133    23.2545   0.164970   -28.9622     1.7395    -8.9045    10.5578    0.00009
    1418   47.2333     G2    1    0    -34.3287    23.3058   0.165093   -29.0137     1.6247    -8.9727    10.6514    0.00027
    1419   47.2667     G2    1    0    -34.2098    23.3452   0.165075   -29.0663     1.4817    -9.0959    10.8573    0.00039
    1420   47.3000     G2    1    0    -34.0666    23.3904   0.164958   -29.1497     1.3988    -9.1639    11.2689    0.00064
    1421   47.3333     G2    1    0    -33.9987    23.3831   0.164863   -28.2011     1.6934    -9.0618    11.4186    0.00000
    1422   47.3667     G2    1    0    -33.8503    23.3598   0.164656   -26.2668     2.0954    -9.0314    12.1951    0.00000
    1423   47.4000     G2    1    0    -33.7230    23.3785   0.164360   -26.3284     2.1356    -8.7523    13.5798    0.00084
    1424   47.4333     G2    1    0    -33.6418    23.4090   0.164071   -26.3175     1.9132    -8.5463    14.8148    0.00051
    1425   47.4667     G2    1    0    -33.6223    23.4044   0.163917   -26.3136     1.8834    -8.5404    15.1609    0.00005
    1426   47.5000     G2    1    0    -33.6130    23.3903   0.163616   -26.3073     1.8486    -8.6127    15.1328    0.00009
    1427   47.5333     G2    1    0    -33.6167    23.4122   0.163316   -26.9875     1.6678    -8.6650    14.7306    0.00000
    1428   47.5667     G2    1    0    -33.6044    23.4771   0.163154   -28.2686     1.3645    -8.6993    14.4312    0.00000
    1429   47.6000     G2    1    0    -33.5831    23.6788   0.162949   -31.8520     0.5633    -8.6732    12.0455    0.00000
    1430   47.6333     G2    1    0    -33.5708    23.8913   0.162877   -35.9836    -0.4497    -8.6518     9.1919    0.00001
    1431   47.6667     G2    1    0    -33.5224    24.0653   0.162936   -39.3520    -1.7987    -8.9011     6.6471    0.00001
    1432   47.7000     G2    1    0    -33.4705    24.1522   0.163037   -41.3381    -2.7448    -9.0933     6.2823    0.00000
    1433   47.7333     G2    1    0    -33.3850    24.2915   0.163328   -43.9802    -4.1226    -9.2948     6.5535    0.00000
    1434   47.7667     G2    1    0    -33.3479    24.3326   0.163719   -46.2558    -4.9880    -9.2978     6.2261    0.00000
    1435   47.8000     G2    1    0    -33.3428    24.3228   0.163884   -46.8744    -5.2176    -9.3071     6.3197    0.00000
    1436   47.8333     G2    1    0    -33.3414    24.2683   0.164155   -47.6796    -5.4568    -9.3293     5.7864    0.00000
    1437   47.8667     G2    1    0    -33.3299    24.2163   0.164357   -49.3243    -6.0626    -9.1438     2.8486    0.00000
    1438   47.9000     G2    1    0    -33.2990    24.2112   0.164462   -49.8666    -6.7382    -9.0987     1.0991    0.00000
    1439   47.9333     G2    1    0    -33.1399    24.3291   0.164653   -50.4505    -9.2833    -8.5293     0.0000    0.00000
    1440   47.9667     G2    1    0    -32.9415    24.4707   0.164824   -51.6104   -12.2440    -6.8554     0.0000    0.00001
    1441   48.0000     G2    1    0    -32.7645    24.5731   0.164963   -51.9091   -14.8109    -4.6930     0.0000    0.00000
    1442   48.0333     G2    1    0    -32.6718    24.6333   0.165101   -51.7200   -16.0084    -3.6496     0.0000    0.00000
    1443   48.0667     G2    1    0    -32.5040    24.7143   0.165470   -51.2350   -17.8960    -1.9696     0.0000    0.00000
    1444   48.1000     G2    1    0    -32.3206    24.7166   0.165795   -51.1317   -19.4312    -0.7659     0.0000    0.00000
    1445   48.1333     G2    1    0    -32.2190    24.7350   0.165956   -50.9665   -20.0648    -0.3751     0.0000    0.00000
    1446   48.1667     G2    1    0    -31.9906    24.7758   0.166457   -52.9203   -21.0467     1.1074     0.0000    0.00001
    1447   48.2000     G2    1    0    -31.7632    24.7593   0.166964   -56.1018   -21.5740     2.7402     0.0000    0.00001
    1448   48.2333     G2    1    0    -31.5822    24.7159   0.167438   -58.2490   -21.6739     3.7209     0.0000    0.00000
    1449   48.2667     G3    1    0    -31.4994    24.7072   0.167704   -58.6251   -21.6502     3.8055     0.0000    0.00043
    1450   48.3000     G3    1    0    -31.3285    24.7082   0.168372   -60.5156   -21.5079     4.6252     0.0000    0.00000
    1451   48.3333     G3    1    0    -31.1545    24.7551   0.169198   -61.7095   -21.4193     5.2271     0.0000    0.00000
    1452   48.3667     G3    1    0    -31.0723    24.7874   0.169618   -62.1326   -21.3906     5.5309     1.0804    0.00000
    1453   48.4000     G3    1    0    -30.8976    24.7967   0.170368   -64.0152   -21.2060     6.1495     4.4298    0.00000
    1454   48.4333     G3    1    0    -30.7523    24.7847   0.170943   -65.5192   -21.2496     6.6250     4.8789    0.00000
    1455   48.4667     G3    1    0    -30.6475    24.7569   0.171430   -66.2707   -21.4982     6.8267     4.7479    0.00000
    1456   48.5000     G3    1    0    -30.6084    24.7361   0.171618   -66.2623   -21.6713     6.7853     4.5421    0.00018
    1457   48.5333     G3    1    0    -30.4729    24.7069   0.171946   -66.3360   -22.7181     6.6929     3.9152    0.00000
    1458   48.5667     G3    1    0    -30.3843    24.6709   0.172202   -66.3694   -23.7214     6.7456     4.1678    0.00000
    1459   48.6000     G3    1    0    -30.3405    24.6083   0.172379   -67.0816   -24.4418     6.9901     4.8227    0.00000
    1460   48.6333     G3    1    0    -30.3376    24.5678   0.172384   -67.3968   -24.6542     7.0906     5.1127    0.00000
    1461   48.6667     G3    1    0    -30.3052    24.4875   0.172352   -68.1037   -25.3550     7.3188     6.2074    0.00000
    1462   48.7000     G3    1    0    -30.2914    24.4152   0.172258   -68.0607   -25.8844     7.2435     6.9746    0.00000
    1463   48.7333     G3    1    0    -30.2852    24.3660   0.172149   -68.3998   -26.0036     7.3589     7.3582    0.00034
    1464   48.7667     G3    1    0    -30.2909    24.3096   0.171994   -68.3602   -26.1002     7.3061     8.4060    0.00021
    1465   48.8000     G3    1    0    -30.3108    24.3107   0.172044   -68.3946   -26.2060     7.5080     9.4164    0.00010
    1466   48.8333     G3    1    0    -30.3319    24.3087   0.172066   -68.3933   -26.1666     7.5096    10.0994    0.00001
    1467   48.8667     G3    1    0    -30.3819    24.2693   0.171998   -69.1144   -25.9530     7.6385    10.6795    0.00000
    1468   48.9000     G3    1    0    -30.4565    24.1821   0.171846   -70.9049   -25.5942     8.2305    10.7169    0.00000
    1469   48.9333     G3    1    0    -30.5481    24.0929   0.171690   -71.9293   -25.2601     8.6710    10.3240    0.00000
    1470   48.9667     G3    1    0    -30.5737    24.0673   0.171675   -71.9284   -25.3437     8.6695    10.1368    0.00007
    1471   49.0000     G3    1    0    -30.6021    24.0162   0.171793   -72.2917   -25.5188     8.6323     9.5007    0.00040
    1472   49.0333     G3    1    0    -30.5994    23.9551   0.171935   -73.7500   -25.4326     9.0663    10.1462    0.00000
    1473   49.0667     G3    1    0    -30.5915    23.9097   0.171988   -74.7037   -25.3018     9.1395    10.3988    0.00000
    1474   49.1000     G3    1    0    -30.5890    23.8556   0.172061   -75.8650   -25.1563     9.0604    10.5859    0.00000
    1475   49.1333     G3    1    0    -30.5857    23.8350   0.172158   -75.8185   -25.2010     8.5155    10.4456    0.00042
    1476   49.1667     G3    1    0    -30.5805    23.8257   0.172185   -75.7953   -25.2346     8.3243    10.2772    0.00006
    1477   49.2000     G3    1    0    -30.5828    23.8135   0.172277   -75.7701   -25.2302     7.9717    10.0058    0.00018
    1478   49.2333     G3    1    0    -30.6094    23.8257   0.172451   -75.7840   -25.1433     8.0057    10.1088    0.00007
    1479   49.2667     G3    1    0    -30.6347    23.8267   0.172596   -75.7852   -25.0577     8.0085    10.2117    0.00005
    1480   49.3000     G3    1    0    -30.6542    23.8212   0.172677   -75.7822   -24.9744     8.0020    10.2117    0.00002
    1481   49.3333     G3    1    0    -30.6926    23.8086   0.172867   -75.7665   -24.8405     7.9885    10.0713    0.00011
    1482   49.3667     G3    1    0    -30.7335    23.7939   0.173072   -75.7426   -24.7210     7.9737    10.0527    0.00014
    1483   49.4000     G3    1    0    -30.7522    23.7796   0.173181   -75.7250   -24.6422     7.9561    10.0152    0.00003
    1484   49.4333     G3    1    0    -30.7945    23.7494   0.173461   -75.6820   -24.4846     7.9195     9.9498    0.00023
    1485   49.4667     G3    1    0    -30.8483    23.7175   0.173793   -75.6342   -24.3032     7.8827     9.9684    0.00033
    1486   49.5000     G3    1    0    -30.9078    23.6843   0.174116   -75.5849   -24.1142     7.8461     9.7532    0.00036
    1487   49.5333     G3    1    0    -30.9361    23.6684   0.174268   -75.5614   -24.0246     7.8288     9.3322    0.00007
    1488   49.5667     G3    1    0    -30.9965    23.6250   0.174532   -75.4984   -23.8459     7.7814     7.0307    0.00034
    1489   49.6000     G3    1    0    -31.0609    23.5662   0.174734   -75.4161   -23.6690     7.6592     1.8382    0.00035
    1490   49.6333     G3    1    0    -31.0880    23.5322   0.174808   -75.3677   -23.6000     7.4945     0.0000    0.00009
    1491   49.6667     G3    1    0    -31.1325    23.4620   0.174969   -75.2699   -23.4700     7.2351     0.0000    0.00031
    1492   49.7000     G3    1    0    -31.1621    23.3846   0.175046   -75.1582   -23.4056     6.9774     0.0000    0.00026
    1493   49.7333     G6    1    0    -31.1739    23.3154   0.175054   -75.0665   -23.3368     6.7285     0.0000    0.00020
    1494   49.7667     G6    1    0    -31.1728    23.2911   0.175102   -75.0354   -23.3077     6.7030     0.0000    0.00002
    1495   49.8000     G6    1    0    -31.1755    23.2420   0.175222   -74.9729   -23.2385     6.6407     0.0000    0.00010
    1496   49.8333     G6    1    0    -31.1507    23.2323   0.175359   -74.5925   -23.2468     6.4669     0.0000    0.00000
    1497   49.8667     G6    1    0    -31.1285    23.2207   0.175470   -74.5793   -23.2414     6.4445     0.0000    0.00005
    1498   49.9000     G6    1    0    -31.0828    23.1718   0.175666   -74.5181   -23.2322     6.3685     0.0000    0.00025
    1499   49.9333     G6    1    0    -31.0568    23.1014   0.175777   -74.4334   -23.1793     6.4491     0.0000    0.00025
    1500   49.9667     G6    1    0    -31.0361    23.0051   0.175833   -74.3135   -23.1229     6.3184     0.0000    0.00028
    1501   50.0000     G6    1    0    -31.0343    22.9632   0.175853   -74.2615   -23.0868     6.2655     0.0000    0.00005
    1502   50.0333     G6    1    0    -31.0495    22.8973   0.175865   -74.1845   -22.9857     6.3622     0.0000    0.00018
    1503   50.0667     G6    1    0    -31.0620    22.8403   0.175871   -74.1137   -22.9197     6.2918     0.0000    0.00010
    1504   50.1000     G6    1    0    -31.0636    22.8109   0.175846   -74.0777   -22.8979     6.2562     0.0000    0.00003
    1505   50.1333     G6    1    0    -31.0691    22.7970   0.175832   -74.0624   -22.8735     6.2403     0.0000    0.00001
    1506   50.1667     G6    1    0    -31.0694    22.7861   0.175767   -74.0496   -22.8783     6.2280     0.0000    0.00002
    1507   50.2000     G6    1    0    -31.0727    22.7858   0.175743   -74.0512   -22.8702     6.2284     0.0000    0.00000
    1508   50.2333     G6    1    0    -31.0886    22.7760   0.175700   -74.0393   -22.8459     6.2212     0.0000    0.00002
    1509   50.2667     G6    1    0    -31.1122    22.7427   0.175630   -73.9720   -22.6691     5.9749     0.0000    0.00022
    1510   50.3000     G6    1    0    -31.1139    22.7226   0.175602   -73.9458   -22.6647     5.9669     0.0000    0.00002
    1511   50.3333     G6    1    0    -31.1148    22.7145   0.175584   -73.9359   -22.6609     5.9578     0.0000    0.00001
    1512   50.3667     G6    1    0    -31.1084    22.7025   0.175550   -73.9237   -22.6606     5.9416     0.0000    0.00001
    1513   50.4000     G6    1    0    -31.1057    22.6959   0.175522   -73.9161   -22.6656     5.9332     0.0000    0.00001
    1514   50.4333     G6    1    0    -31.1031    22.6943   0.175461   -73.9147   -22.6816     5.9316     0.0000    0.00000
    1515   50.4667     G6    1    0    -31.1022    22.6915   0.175409   -73.9116   -22.6919     5.9287     0.0000    0.00000
    1516   50.5000     G6    1    0    -31.0945    22.6850   0.175314   -73.9062   -22.7124     5.9199     0.0000    0.00002
    1517   50.5333     G6    1    0    -31.0859    22.6748   0.175245   -73.8948   -22.7315     5.9062     0.0000    0.00002
    1518   50.5667     G6    1    0    -31.0868    22.6638   0.175180   -73.8819   -22.7356     5.8940     0.0000    0.00002
    1519   50.6000     G6    1    0    -31.0924    22.6434   0.175029   -73.8584   -22.7428     5.8728     0.0000    0.00006
    1520   50.6333     G6    1    0    -31.1075    22.6180   0.174902   -73.8287   -22.7246     5.8475     0.0000    0.00008
    1521   50.6667     G6    1    0    -31.1172    22.6033   0.174827   -73.8115   -22.7139     5.8333     0.0000    0.00003
    1522   50.7000     G6    1    0    -31.1319    22.5731   0.174675   -73.7758   -22.6990     5.8023     0.0000    0.00010
    1523   50.7333     G6    1    0    -31.1419    22.5535   0.174531   -73.7343   -22.5436     5.7584     0.0000    0.00013
    1524   50.7667     G6    1    0    -31.1733    22.5419   0.174470   -73.6810   -22.1883     5.7035     0.0000    0.00038
    1525   50.8000     G6    1    0    -31.1762    22.5333   0.174456   -74.0433   -22.1516     5.8389     0.0000    0.00008
    1526   50.8333     G6    1    0    -31.1879    22.4920   0.174392   -75.0960   -22.0435     6.0284     0.0000    0.00000
    1527   50.8667     G6    1    0    -31.2126    22.4539   0.174330   -76.5292   -21.8488     6.5748     0.0000    0.00000
    1528   50.9000     G6    1    0    -31.2162    22.4154   0.174293   -77.9684   -21.7091     6.9079     0.0000    0.00000
    1529   50.9333     G6    1    0    -31.2506    22.3600   0.174207   -80.4744   -21.3546     7.8380     0.0000    0.00000
    1530   50.9667     G6    1    0    -31.3097    22.3176   0.174067   -82.1399   -21.0450     8.4327     0.0000    0.00000
    1531   51.0000     G6    1    0    -31.4208    22.2837   0.173854   -83.6247   -20.5409     8.9230     0.0000    0.00000
    1532   51.0333     G6    1    0    -31.5022    22.2591   0.173729   -84.6499   -20.1210     9.2322     0.0000    0.00000
    1533   51.0667     G6    1    0    -31.7106    22.1950   0.173445   -87.2878   -18.9965     9.7511     0.0000    0.00001
    1534   51.1000     G6    1    0    -31.9297    22.1132   0.173074   -89.8985   -18.0267     9.9066     0.0000    0.00000
    1535   51.1333     G6    1    0    -32.1630    22.0811   0.172719   -91.5135   -17.3034    10.1564     0.0000    0.00000
    1536   51.1667     G6    1    0    -32.3094    22.0656   0.172530   -92.1019   -16.8392    10.2426     0.0000    0.00000
    1537   51.2000     G6    1    0    -32.6047    22.0081   0.172178   -93.2736   -15.9289    10.3628     0.0000    0.00000
    1538   51.2333     G6    1    0    -32.9545    21.9341   0.171786   -95.4205   -14.6416    10.6176     0.0000    0.00000
    1539   51.2667     G6    1    0    -33.1193    21.9125   0.171600   -95.9987   -14.0990    10.6001     0.0000    0.00000
    1540   51.3000     G6    1    0    -33.4246    21.8851   0.171333   -98.1104   -13.0646    11.1016     0.0000    0.00000
    1541   51.3333     G6    1    0    -33.6597    21.8563   0.171105   -99.4633   -12.4640    11.5163     0.0000    0.00000
    1542   51.3667     G6    1    0    -33.7685    21.8320   0.170987  -100.4394   -12.1361    11.6809     0.0000    0.00000
    1543   51.4000     G6    1    0    -33.9664    21.8031   0.170759  -102.4013   -11.4704    12.0110     0.0000    0.00000
    1544   51.4333     G6    1    0    -34.1106    21.7881   0.170548  -103.6828   -10.9010    12.3670     0.0000    0.00000
    1545   51.4667     G6    1    0    -34.2183    21.7680   0.170389  -105.2622   -10.1902    12.6591     0.0000    0.00000
    1546   51.5000     G6    1    0    -34.2514    21.7708   0.170290  -106.2194    -9.8097    13.0300     0.0000    0.00000
    1547   51.5333     G6    1    0    -34.3343    21.7847   0.170055  -107.6476    -8.6568    13.5059     0.0000    0.00000
    1548   51.5667     G6    1    0    -34.3403    21.7187   0.169801  -108.3124    -7.6812    13.6439     0.0000    0.00000
    1549   51.6000     G6    1    0    -34.3601    21.6751   0.169737  -108.0530    -6.9620    13.2036     0.0000    0.00000
    1550   51.6333     G6    1    0    -34.3795    21.5977   0.169696  -108.1809    -5.1998    12.7175     0.0000    0.00000
    1551   51.6667     G6    1    0    -34.2701    21.4757   0.169799  -108.5393    -4.2655    13.0001     0.0000    0.00000
    1552   51.7000     G6    1    0    -34.2098    21.3908   0.169816  -109.0581    -3.8291    13.1624     0.0000    0.00000
    1553   51.7333     G6    1    0    -34.0460    21.1729   0.169769  -110.1882    -3.3940    13.3437     0.0000    0.00000
    1554   51.7667     G6    1    0    -33.8772    20.9228   0.169726  -111.3529    -3.2327    13.3569     0.0000    0.00000
    1555   51.8000     G6    1    0    -33.6948    20.6919   0.169583  -113.1661    -3.3918    13.7140     0.0000    0.00000
    1556   51.8333     G6    1    0    -33.6484    20.6021   0.169467  -114.5387    -3.2632    13.9069     0.0000    0.00000
    1557   51.8667     G6    1    0    -33.5812    20.4545   0.169119  -116.7062    -3.3193    14.5609     0.0000    0.00000
    1558   51.9000     G6    1    0    -33.5879    20.3632   0.168744  -118.0416    -3.2418    14.8910     0.0000    0.00000
    1559   51.9333     G6    1    0    -33.6219    20.3607   0.168444  -120.0140    -2.8291    15.2095     0.0000    0.00000
    1560   51.9667     G6    1    0    -33.6443    20.3711   0.168315  -120.6694    -2.6393    15.2656     0.0000    0.00000
    1561   52.0000     G6    1    0    -33.6793    20.4091   0.168071  -121.0191    -2.5224    15.3341     0.0000    0.00000
    1562   52.0333     G6    1    0    -33.7167    20.4998   0.167834  -122.7075    -2.0275    15.5467     0.0000    0.00000
    1563   52.0667     G6    1    0    -33.7243    20.5216   0.167740  -123.4327    -1.9940    15.5278     0.0000    0.00012
    1564   52.1000     G6    1    0    -33.7435    20.5236   0.167579  -123.8651    -2.1911    15.4015     0.0000    0.00000
    1565   52.1333     G6    1    0    -33.7916    20.5482   0.167366  -125.2152    -1.9314    15.4322     0.0000    0.00000
    1566   52.1667     G6    1    0    -33.8131    20.5650   0.167260  -125.5562    -1.8188    15.4700     0.0000    0.00019
    1567   52.2000     G6    1    0    -33.8368    20.5613   0.167020  -125.9387    -1.8886    15.4109     0.0000    0.00032
    1568   52.2333     G6    1    0    -33.8488    20.5172   0.166628  -126.0729    -2.4118    15.2227     0.0000    0.00000
    1569   52.2667     G6    1    0    -33.8910    20.4671   0.166039  -126.1021    -2.8173    15.2396     0.0000    0.00096
    1570   52.3000     G6    1    0    -33.9317    20.4899   0.165684  -126.1152    -2.9108    15.5125     0.0000    0.00037
    1571   52.3333     G6    1    0    -34.0673    20.5968   0.164911  -126.1937    -3.0580    16.3955     0.0000    0.00000
    1572   52.3667     G6    1    0    -34.2856    20.7544   0.163892  -125.8755    -2.9813    16.9145     0.0000    0.00000
    1573   52.4000     G6    1    0    -34.5760    21.0379   0.162703  -124.9144    -2.6168    16.8408     0.0000    0.00000
    1574   52.4333     G6    1    0    -34.7207    21.2144   0.162073  -124.2614    -2.3869    16.8620     0.0000    0.00000
    1575   52.4667     G6    1    0    -34.9514    21.5778   0.160733  -121.5645    -2.1953    17.1445     0.0000    0.00000
    1576   52.5000     G6    1    0    -35.2308    22.0238   0.159474  -118.7829    -1.5244    17.5390     0.0000    0.00000
    1577   52.5333     G6    1    0    -35.3691    22.2337   0.158838  -117.0611    -1.2586    17.7752     0.0000    0.00000
    1578   52.5667     G6    1    0    -35.7187    22.6528   0.157588  -112.3278    -0.3023    18.0372     0.0000    0.00001
    1579   52.6000     G6    1    0    -36.1011    23.0378   0.156573  -108.3808     1.0119    18.1882     0.0000    0.00001
    1580   52.6333     G6    1    0    -36.2353    23.2106   0.156099  -106.1851     1.2263    18.5532     0.0000    0.00000
    1581   52.6667     G6    1    0    -36.5268    23.5169   0.155288  -101.4620     2.0998    18.8203     0.0000    0.00001
    1582   52.7000     G6    1    0    -36.7438    23.7450   0.154566   -97.6266     3.2620    18.8566     0.0000    0.00001
    1583   52.7333     G6    1    0    -36.7857    23.9150   0.153789   -94.0613     3.9565    18.9793     0.0000    0.00000
    1584   52.7667     G6    1    0    -36.8277    24.0016   0.153484   -92.0463     4.6270    18.9657     0.0000    0.00000
    1585   52.8000     G6    1    0    -36.8186    24.2013   0.152883   -89.8963     5.7370    19.1688     0.0000    0.00000
    1586   52.8333     G6    1    0    -36.7304    24.3508   0.152149   -87.4929     6.1822    19.4382     0.0000    0.00000
    1587   52.8667     G6    1    0    -36.7276    24.4056   0.151848   -85.9073     6.5590    19.5231     0.0000    0.00000
    1588   52.9000     G6    1    0    -36.7788    24.5203   0.151273   -81.5985     7.6351    19.7397     0.0000    0.00001
    1589   52.9333     G6    1    0    -36.8447    24.6309   0.150680   -78.5023     9.0637    19.7459     0.0000    0.00001
    1590   52.9667     G6    1    0    -36.8791    24.6900   0.150353   -76.8711     9.6867    19.8857     0.0000    0.00000
    1591   53.0000     G6    1    0    -36.9578    24.8366   0.149944   -72.5804    10.6103    20.7441     0.0000    0.00001
    1592   53.0333     G6    1    0    -37.1312    24.9288   0.149756   -67.6158    12.1300    21.9023     0.0000    0.00003
    1593   53.0667     G6    1    0    -37.2599    24.9828   0.149566   -62.7534    13.2808    23.5825     0.0000    0.00003
    1594   53.1000     G6    1    0    -37.2606    25.0276   0.149545   -60.7630    13.3175    24.3793     0.0000    0.00000
    1595   53.1333     G6    1    0    -37.2570    25.0366   0.149571   -56.8785    13.5911    25.6667     0.0000    0.00001
    1596   53.1667     G6    1    0    -37.2460    24.8836   0.149514   -53.0586    13.8911    26.8287     0.0000    0.00001
    1597   53.2000     G6    1    0    -37.1886    24.7558   0.149593   -49.4840    13.8379    27.9719     0.0000    0.00001
    1598   53.2333     G6    1    0    -37.1329    24.7254   0.149658   -47.8953    13.5812    28.4706     0.0000    0.00000
    1599   53.2667     G6    1    0    -37.0090    24.6749   0.149678   -44.1001    12.8401    29.4680     0.0000    0.00001
    1600   53.3000     G6    1    0    -36.8562    24.7265   0.149745   -39.6230    11.3800    30.6235     0.0000    0.00002
    1601   53.3333     G6    1    0    -36.7790    24.7569   0.149790   -37.9807    10.7921    30.9060     0.0000    0.00000
    1602   53.3667     G6    1    0    -36.6654    24.7810   0.149949   -35.3299    10.0574    31.5845     0.0000    0.00000
    1603   53.4000     G6    1    0    -36.5253    24.7782   0.150122   -32.6811     9.2515    32.1677     0.0000    0.00000
    1604   53.4333     G6    1    0    -36.4482    24.7687   0.150197   -31.9826     9.0688    32.3760     0.0000    0.00000
    1605   53.4667     G6    1    0    -36.2070    24.7918   0.150303   -28.9469     7.4163    32.8423     0.0000    0.00001
    1606   53.5000     G6    1    0    -35.9533    24.9045   0.150394   -26.0469     5.4778    33.0848     0.0000    0.00001
    1607   53.5333     G6    1    0    -35.8354    24.9385   0.150486   -24.7382     4.8826    33.3302     0.0000    0.00000
    1608   53.5667     G6    1    0    -35.8136    24.9218   0.150501   -24.3139     4.8941    33.5336     0.0000    0.00000
    1609   53.6000     G6    1    0    -35.7021    24.9732   0.150408   -21.9684     3.5932    33.6546     0.0000    0.00000
    1610   53.6333     G6    1    0    -35.6184    25.0639   0.150408   -18.4937     1.9232    34.4250     0.0000    0.00001
    1611   53.6667     G6    1    0    -35.6016    25.0951   0.150426   -16.9331     1.2047    34.8074     0.0000    0.00000
    1612   53.7000     G6    1    0    -35.5757    25.1596   0.150396   -15.2135     0.0480    34.9080     0.0000    0.00000
    1613   53.7333     G6    1    0    -35.6142    25.2377   0.150465   -12.4619    -1.4545    35.4223     0.0000    0.00001
    1614   53.7667     G6    1    0    -35.6672    25.2851   0.150557   -10.8307    -2.1850    35.9750     0.0000    0.00000
    1615   53.8000     G6    1    0    -35.6803    25.3256   0.150590   -10.3166    -2.6003    35.9722     0.0000    0.00000
    1616   53.8333     G6    1    0    -35.7296    25.4001   0.150749    -8.5283    -3.7366    36.1987     0.0000    0.00000
    1617   53.8667     G6    1    0    -35.8201    25.4286   0.150995    -6.3605    -4.6847    37.0233     0.0000    0.00000
    1618   53.9000     G6    1    0    -35.8444    25.4461   0.151070    -5.6345    -5.0396    37.2856     0.0000    0.00000
    1619   53.9333     G6    1    0    -35.8955    25.5270   0.151204    -3.3539    -6.4652    37.6962     0.0000    0.00000
    1620   53.9667     G6    1    0    -35.9484    25.6167   0.151336    -1.4817    -7.6580    38.1018     0.0000    0.00000
    1621   54.0000     G6    1    0    -35.9751    25.6811   0.151342    -0.2456    -8.3851    38.5191     0.0000    0.00000
    1622   54.0333     G6    1    0    -35.9840    25.7138   0.151316     0.3297    -8.8016    38.5706     0.0000    0.00000
    1623   54.0667     G6    1    0    -36.0207    25.7790   0.151290     1.7962    -9.8094    38.7824     0.0000    0.00000
    1624   54.1000     G6    1    0    -36.0318    25.8108   0.151159     2.7529   -10.3368    39.1869     0.0000    0.00000
    1625   54.1333     G6    1    0    -36.0161    25.8229   0.151069     2.7837   -10.3220    39.2907     0.0000    0.00004
    1626   54.1667     G6    1    0    -35.9977    25.8676   0.150986     3.3550   -10.7782    39.2487     0.0000    0.00000
    1627   54.2000     G6    1    0    -35.9989    25.8763   0.150955     3.9823   -11.1554    39.3873     0.0000    0.00000
    1628   54.2333     G6    1    0    -35.9966    25.8885   0.150944     4.2523   -11.3843    39.3198     0.0000    0.00000
    1629   54.2667     G6    1    0    -36.0302    25.9124   0.151025     4.5547   -11.7597    39.4840     0.0000    0.00000
    1630   54.3000     G6    1    0    -36.0625    25.9080   0.151140     4.5670   -11.7498    39.5091     0.0000    0.00006
    1631   54.3333     G6    1    0    -36.1031    25.9346   0.151315     5.1302   -12.2178    39.3789     0.0000    0.00000
    1632   54.3667     G4    1    0    -36.1306    25.9601   0.151437     5.6017   -12.6149    39.2723     0.0000    0.00000
    1633   54.4000     G4    1    0    -36.2079    26.0255   0.151755     6.7804   -13.6076    39.0521     0.0000    0.00000
    1634   54.4333     G4    1    0    -36.3150    26.0704   0.152077     7.9217   -14.3604    39.0163     0.0000    0.00000
    1635   54.4667     G4    1    0    -36.4178    26.1244   0.152397     9.2656   -15.2585    38.7794     0.0000    0.00000
    1636   54.5000     G4    1    0    -36.4719    26.1776   0.152575    10.0684   -15.9340    38.6302     0.0000    0.00000
    1637   54.5333     G4    1    0    -36.5814    26.2601   0.152851    11.7245   -16.9596    38.4059     0.0000    0.00000
    1638   54.5667     G4    1    0    -36.6760    26.3722   0.153082    13.3854   -17.9989    38.1032     0.0000    0.00000
    1639   54.6000     G4    1    0    -36.7261    26.4645   0.153184    14.3970   -18.8884    37.7868     0.0000    0.00000
    1640   54.6333     G4    1    0    -36.8441    26.6020   0.153377    16.4538   -20.3896    37.3003     0.0000    0.00001
    1641   54.6667     G4    1    0    -36.9708    26.7522   0.153625    18.4312   -22.0002    36.6430     0.0000    0.00001
    1642   54.7000     G4    1    0    -37.0362    26.8276   0.153759    19.6307   -22.9207    36.1985     0.0000    0.00000
    1643   54.7333     G4    1    0    -37.1847    26.9370   0.154079    22.2812   -24.6840    35.3895     0.0000    0.00001
    1644   54.7667     G4    1    0    -37.3554    27.0374   0.154470    25.0443   -26.6112    34.3232     0.0000    0.00002
    1645   54.8000     G4    1    0    -37.5502    27.1319   0.154902    28.1070   -28.6180    33.0430     0.0000    0.00002
    1646   54.8333     G4    1    0    -37.6484    27.1554   0.155099    29.4512   -29.3316    32.6686     0.0000    0.00000
    1647   54.8667     G4    1    0    -37.8733    27.2554   0.155452    32.2408   -30.8410    31.4599     0.0000    0.00001
    1648   54.9000     G4    1    0    -38.1342    27.3773   0.155763    35.2915   -32.4994    30.0361     0.0000    0.00002
    1649   54.9333     G4    1    0    -38.2473    27.4388   0.155885    36.3024   -33.1344    29.5324     0.0000    0.00000
    1650   54.9667     G4    1    0    -38.4692    27.5292   0.156076    38.0263   -34.1706    28.6760     0.0000    0.00000
    1651   55.0000     G4    1    0    -38.6773    27.5696   0.156275    39.3381   -34.8835    28.2987     0.0000    0.00000
    1652   55.0333     G4    1    0    -38.8770    27.6199   0.156412    40.6802   -35.6745    27.8283     0.0000    0.00000
    1653   55.0667     G4    1    0    -38.9774    27.6386   0.156473    41.3142   -36.0699    27.7066     0.0000    0.00000
    1654   55.1000     G4    1    0    -39.0905    27.6953   0.156515    41.2150   -36.2721    27.9781     0.0000    0.00000
    1655   55.1333     G4    1    0    -39.1519    27.7129   0.156426    41.5418   -36.3140    27.8503     0.0000    0.00012
    1656   55.1667     G4    1    0    -39.1728    27.7193   0.156365    41.5479   -36.3315    27.8411     0.0000    0.00003
    1657   55.2000     G4    1    0    -39.2091    27.7076   0.156253    41.5336   -36.3969    28.0151     0.0000    0.00009
    1658   55.2333     G4    1    0    -39.2271    27.7115   0.156182    41.5903   -36.5707    27.9188     0.0000    0.00010
    1659   55.2667     G4    1    0    -39.2158    27.7078   0.156144    41.5781   -36.6062    28.0607     0.0000    0.00004
    1660   55.3000     G4    1    0    -39.2018    27.7084   0.156127    41.5885   -36.5935    28.0346     0.0000    0.00001
    1661   55.3333     G4    1    0    -39.1862    27.7103   0.156143    41.5633   -36.6428    28.1757     0.0000    0.00004
    1662   55.3667     G4    1    0    -39.1768    27.7107   0.156145    41.5739   -36.6314    28.1507     0.0000    0.00001
    1663   55.4000     G4    1    0    -39.1756    27.7101   0.156136    41.5878   -36.6231    28.1292     0.0000    0.00000
    1664   55.4333     G4    1    0    -39.1728    27.7111   0.156086    41.6033   -36.6148    28.1015     0.0000    0.00001
    1665   55.4667     G4    1    0    -39.1767    27.7062   0.156066    41.5773   -36.6712    28.2655     0.0000    0.00004
    1666   55.5000     G4    1    0    -39.1731    27.7062   0.156051    41.5820   -36.6664    28.2543     0.0000    0.00000
    1667   55.5333     G4    1    0    -39.1579    27.7062   0.156015    41.6026   -36.6478    28.2116     0.0000    0.00002
    1668   55.5667     G4    1    0    -39.1581    27.7095   0.156004    41.6715   -36.8040    28.0947     0.0000    0.00009
    1669   55.6000     G4    1    0    -39.1619    27.6949   0.155985    41.6786   -36.7861    28.1092     0.0000    0.00001
    1670   55.6333     G4    1    0    -39.1714    27.6916   0.155989    41.7312   -36.9506    28.0274     0.0000    0.00008
    1671   55.6667     G4    1    0    -39.1662    27.6840   0.155973    41.7403   -36.9323    28.0267     0.0000    0.00001
    1672   55.7000     G4    1    0    -39.1611    27.6772   0.155952    41.7502   -36.9171    28.0157     0.0000    0.00001
    1673   55.7333     G4    1    0    -39.1625    27.6765   0.155948    41.7610   -36.9106    27.9999     0.0000    0.00000
    1674   55.7667     G4    1    0    -39.1623    27.6742   0.155947    41.7666   -36.9055    27.9936     0.0000    0.00000
    1675   55.8000     G4    1    0    -39.1615    27.6715   0.155944    41.7851   -36.8929    27.9676     0.0000    0.00001
    1676   55.8333     G4    1    0    -39.1618    27.6639   0.155933    41.8092   -36.8744    27.9393     0.0000    0.00001
    1677   55.8667     G4    1    0    -39.1642    27.6611   0.155924    41.8205   -36.8677    27.9268     0.0000    0.00000
    1678   55.9000     G4    1    0    -39.1681    27.6602   0.155899    41.8280   -36.8654    27.9187     0.0000    0.00000
    1679   55.9333     G4    1    0    -39.1616    27.6615   0.155865    41.8492   -36.8523    27.8800     0.0000    0.00001
    1680   55.9667     G4    1    0    -39.1600    27.6574   0.155866    41.8492   -36.8481    27.8836     0.0000    0.00000
    1681   56.0000     G4    1    0    -39.1632    27.6572   0.155884    41.8567   -36.8456    27.8749     0.0000    0.00000
    1682   56.0333     G4    1    0    -39.1671    27.6617   0.155925    41.8552   -36.8512    27.8751     0.0000    0.00000
    1683   56.0667     G4    1    0    -39.1751    27.6652   0.155962    41.8299   -36.9019    27.9969     0.0000    0.00002
    1684   56.1000     G4    1    0    -39.1767    27.6694   0.155991    41.8160   -36.9261    28.0499     0.0000    0.00001
    1685   56.1333     G4    1    0    -39.1912    27.6708   0.156059    41.7270   -37.0677    28.4255     0.0000    0.00000
    1686   56.1667     G4    1    0    -39.2051    27.6666   0.156135    41.5970   -37.2678    28.9844     0.0000    0.00000
    1687   56.2000     G4    1    0    -39.2114    27.6624   0.156189    41.4913   -37.4062    29.3826     0.0000    0.00000
    1688   56.2333     G4    1    0    -39.2288    27.6592   0.156279    41.7526   -37.7201    29.5585     0.0000    0.00000
    1689   56.2667     G4    1    0    -39.2153    27.6599   0.156290    41.7785   -37.6996    29.5093     0.0000    0.00001
    1690   56.3000     G4    1    0    -39.2147    27.6591   0.156281    41.7984   -37.6884    29.4797     0.0000    0.00001
    1691   56.3333     G4    1    0    -39.2297    27.6599   0.156283    41.8009   -37.6959    29.4852     0.0000    0.00001
    1692   56.3667     G4    1    0    -39.2573    27.6518   0.156269    41.8358   -37.6869    29.4606     0.0000    0.00002
    1693   56.4000     G4    1    0    -39.2603    27.6442   0.156228    41.8383   -37.6817    29.4665     0.0000    0.00001
    1694   56.4333     G4    1    0    -39.2597    27.6443   0.156223    41.8385   -37.6814    29.4657     0.0000    0.00000
    1695   56.4667     G4    1    0    -39.2569    27.6451   0.156219    41.4812   -37.5041    29.6724     0.0000    0.00000
    1696   56.5000     G4    1    0    -39.2543    27.6476   0.156193    41.1235   -37.3291    29.8785     0.0000    0.00000
    1697   56.5333     G4    1    0    -39.2492    27.6479   0.156179    40.7654   -37.1506    30.0861     0.0000    0.00000
    1698   56.5667     G4    1    0    -39.2408    27.6481   0.156150    40.4134   -36.9675    30.2825     0.0000    0.00000
    1699   56.6000     G4    1    0    -39.2033    27.6538   0.156075    39.3376   -36.4239    30.8891     0.0000    0.00000
    1700   56.6333     G4    1    0    -39.1940    27.6773   0.156047    38.9792   -36.2624    31.0704     0.0000    0.00000
    1701   56.6667     G4    1    0    -39.1952    27.6968   0.156056    38.9807   -36.2785    31.0477     0.0000    0.00001
    1702   56.7000     G4    1    0    -39.1618    27.7072   0.156001    38.2262   -35.6939    31.5074     0.0000    0.00000
    1703   56.7333     G4    1    0    -39.1660    27.7149   0.155945    37.8298   -35.4193    31.7651     0.0000    0.00000
    1704   56.7667     G4    1    0    -39.1863    27.7476   0.155876    37.4254   -35.1206    32.0286     0.0000    0.00000
    1705   56.8000     G4    1    0    -39.1930    27.7636   0.155825    37.1435   -34.8468    32.2316     0.0000    0.00000
    1706   56.8333     G4    1    0    -39.2348    27.8281   0.155779    36.6631   -34.6992    32.4737     0.0000    0.00000
    1707   56.8667     G4    1    0    -39.2905    27.8607   0.155781    36.6490   -34.7631    32.5022     0.0000    0.00009
    1708   56.9000     G4    1    0    -39.3175    27.8632   0.155795    36.6512   -34.7786    32.5175     0.0000    0.00001
    1709   56.9333     G4    1    0    -39.3724    27.8499   0.155887    36.6370   -34.8014    32.5990     0.0000    0.00010
    1710   56.9667     G4    1    0    -39.4152    27.8380   0.155931    36.3105   -34.6192    32.8125     0.0000    0.00000
    1711   57.0000     G4    1    0    -39.4395    27.8218   0.155913    35.9178   -34.1338    33.1440     0.0000    0.00000
    1712   57.0333     G4    1    0    -39.4583    27.8270   0.155928    35.8808   -34.1190    33.1926     0.0000    0.00002
    1713   57.0667     G4    1    0    -39.4695    27.8234   0.155979    35.8779   -34.1288    33.2060     0.0000    0.00001
    1714   57.1000     G4    1    0    -39.4386    27.7979   0.155992    35.8937   -34.0881    33.1900     0.0000    0.00003
    1715   57.1333     G4    1    0    -39.4115    27.7866   0.155988    35.9029   -34.0626    33.1687     0.0000    0.00002
    1716   57.1667     G4    1    0    -39.3905    27.7751   0.156030    36.2392   -34.4894    33.2174     0.0000    0.00000
    1717   57.2000     G4    1    0    -39.3621    27.7592   0.155995    36.2173   -34.7220    33.4863     0.0000    0.00000
    1718   57.2333     G4    1    0    -39.3435    27.7477   0.155945    36.1834   -34.7489    33.6695     0.0000    0.00006
    1719   57.2667     G4    1    0    -39.3135    27.7370   0.155868    36.2544   -34.8762    33.5448     0.0000    0.00010
    1720   57.3000     G4    1    0    -39.2933    27.7253   0.155802    36.2814   -34.8420    33.5020     0.0000    0.00004
    1721   57.3333     G4    1    0    -39.2925    27.7337   0.155830    36.3157   -35.0151    33.4213     0.0000    0.00008
    1722   57.3667     G4    1    0    -39.2884    27.7159   0.155853    36.3311   -34.9902    33.4300     0.0000    0.00001
    1723   57.4000     G4    1    0    -39.2887    27.6655   0.155961    36.3221   -34.9468    33.5050     0.0000    0.00010
    1724   57.4333     G4    1    0    -39.2885    27.6209   0.156093    36.3037   -34.9140    33.5860     0.0000    0.00010
    1725   57.4667     G4    1    0    -39.2890    27.6176   0.156233    36.2813   -34.9177    33.6267     0.0000    0.00001
    1726   57.5000     G4    1    0    -39.2814    27.6241   0.156298    36.2716   -34.9219    33.6297     0.0000    0.00001
    1727   57.5333     G4    1    0    -39.2592    27.6278   0.156495    36.2190   -34.9677    33.8163     0.0000    0.00007
    1728   57.5667     G4    1    0    -39.1784    27.6112   0.156633    35.1501   -34.3867    34.5545     0.0000    0.00000
    1729   57.6000     G4    1    0    -39.1588    27.6146   0.156696    35.1490   -34.3792    34.5372     0.0000    0.00002
    1730   57.6333     G4    1    0    -39.1194    27.6218   0.156821    35.1202   -34.4097    34.6688     0.0000    0.00008
    1731   57.6667     G4    1    0    -39.0825    27.6155   0.156912    35.0994   -34.4271    34.8042     0.0000    0.00007
    1732   57.7000     G4    1    0    -39.0633    27.6151   0.156930    35.1077   -34.4141    34.7774     0.0000    0.00001
    1733   57.7333     G4    1    0    -39.0426    27.6162   0.156914    35.1280   -34.3977    34.7289     0.0000    0.00002
    1734   57.7667     G4    1    0    -39.0296    27.6164   0.156848    34.8063   -34.1913    34.8837     0.0000    0.00000
    1735   57.8000     G4    1    0    -39.0469    27.6162   0.156797    34.8050   -34.2009    34.8982     0.0000    0.00002
    1736   57.8333     G4    1    0    -39.0374    27.6100   0.156737    34.4756   -33.9933    35.0759     0.0000    0.00000
    1737   57.8667     G4    1    0    -39.0528    27.6088   0.156645    34.4925   -33.9951    35.0609     0.0000    0.00002
    1738   57.9000     G4    1    0    -39.0861    27.6035   0.156541    34.4987   -34.0060    35.0801     0.0000    0.00006
    1739   57.9333     G4    1    0    -39.1112    27.6069   0.156492    34.4977   -34.0220    35.0955     0.0000    0.00003
    1740   57.9667     G4    1    0    -39.1633    27.6361   0.156428    34.4844   -34.0773    35.1204     0.0000    0.00011
    1741   58.0000     G4    1    0    -39.1989    27.7028   0.156385    34.1257   -33.9623    35.2942     0.0000    0.00000
    1742   58.0333     G4    1    0    -39.2124    27.7260   0.156365    34.0878   -33.8202    35.3502     0.0000    0.00010
    1743   58.0667     G4    1    0    -39.2357    27.7907   0.156332    34.0109   -33.5947    35.4184     0.0000    0.00033
    1744   58.1000     G4    1    0    -39.2614    27.8598   0.156295    33.9437   -33.4788    35.4435     0.0000    0.00020
    1745   58.1333     G4    1    0    -39.2866    27.9349   0.156253    33.9066   -33.4020    35.4448     0.0000    0.00018
    1746   58.1667     G4    1    0    -39.3248    28.0153   0.156237    33.8801   -33.4970    35.4014     0.0000    0.00017
    1747   58.2000     G4    1    0    -39.3360    28.0260   0.156200    33.8632   -33.3556    35.4461     0.0000    0.00008
    1748   58.2333     G4    1    0    -39.3756    28.0672   0.156193    33.8240   -33.4121    35.4691     0.0000    0.00007
    1749   58.2667     G4    1    0    -39.3839    28.0602   0.156170    33.7994   -33.2382    35.5346     0.0000    0.00010
    1750   58.3000     G4    1    0    -39.4209    28.0608   0.156168    33.7833   -33.2698    35.5761     0.0000    0.00003
    1751   58.3333     G4    1    0    -39.4410    28.0289   0.156108    33.7660   -33.0827    35.6565     0.0000    0.00014
    1752   58.3667     G4    1    0    -39.4701    28.0144   0.156022    33.7855   -33.0826    35.6633     0.0000    0.00005
    1753   58.4000     G4    1    0    -39.4837    28.0096   0.155954    33.8000   -33.0816    35.6556     0.0000    0.00002
    1754   58.4333     G4    1    0    -39.5129    28.0065   0.155810    33.8282   -33.0861    35.6351     0.0000    0.00007
    1755   58.4667     G4    1    0    -39.5603    27.9978   0.155663    33.8632   -33.0912    35.6237     0.0000    0.00012
    1756   58.5000     G4    1    0    -39.5825    27.9941   0.155569    33.8765   -33.0956    35.6223     0.0000    0.00004
    1757   58.5333     G4    1    0    -39.6450    27.9884   0.155465    33.9109   -33.2905    35.6201     0.0000    0.00019
    1758   58.5667     G4    1    0    -39.6872    27.9576   0.155410    33.5851   -33.0804    35.8668     0.0000    0.00000
    1759   58.6000     G4    1    0    -39.7052    27.9564   0.155380    33.6417   -33.0046    35.5455     0.0000    0.00020
    1760   58.6333     G4    1    0    -39.7061    27.9527   0.155384    33.6615   -32.9630    35.3966     0.0000    0.00005
    1761   58.6667     G4    1    0    -39.7108    27.9118   0.155420    33.6917   -32.8876    35.2788     0.0000    0.00008
    1762   58.7000     G4    1    0    -39.6798    27.8296   0.155402    33.4319   -32.5178    35.1701     0.0000    0.00000
    1763   58.7333     G4    1    0    -39.6724    27.7866   0.155384    33.4587   -32.4379    35.0494     0.0000    0.00007
    1764   58.7667     G4    1    0    -39.6799    27.7220   0.155409    33.4627   -32.4818    35.1130     0.0000    0.00010
    1765   58.8000     G4    1    0    -39.6719    27.6803   0.155410    33.1829   -32.3096    35.2693     0.0000    0.00000
    1766   58.8333     G4    1    0    -39.6687    27.6752   0.155416    33.2256   -32.4690    35.1960     0.0000    0.00008
    1767   58.8667     G4    1    0    -39.6583    27.6597   0.155418    33.2415   -32.4405    35.1890     0.0000    0.00001
    1768   58.9000     G4    1    0    -39.6382    27.6161   0.155467    33.3172   -32.5147    34.9626     0.0000    0.00018
    1769   58.9333     G4    1    0    -39.5593    27.5537   0.155570    33.0776   -32.2326    34.6254     0.0000    0.00000
    1770   58.9667     G4    1    0    -39.4073    27.5196   0.155677    32.9234   -31.6973    33.5729     0.0000    0.00000
    1771   59.0000     G4    1    0    -39.3270    27.5051   0.155693    32.9940   -31.3261    32.9264     0.0000    0.00000
    1772   59.0333     G4    1    0    -39.1991    27.4948   0.155630    32.9405   -30.5636    32.1816     0.0000    0.00000
    1773   59.0667     G4    1    0    -39.1102    27.4958   0.155564    32.7557   -29.8546    32.1684     0.0000    0.00000
    1774   59.1000     G4    1    0    -39.0899    27.5202   0.155585    32.7130   -29.8402    32.1596     0.0000    0.00003
    1775   59.1333     G4    1    0    -39.0390    27.5550   0.155587    32.7747   -29.8328    31.9609     0.0000    0.00012
    1776   59.1667     G2    1    0    -38.9836    27.6389   0.155513    32.8576   -29.8481    31.6660     0.0000    0.00037
    1777   59.2000     G2    1    0    -38.9642    27.7042   0.155462    32.8959   -29.8796    31.5004     0.0000    0.00016
    1778   59.2333     G2    1    0    -38.9574    27.8974   0.155391    33.6194   -30.3720    30.8246     2.8393    0.00000
    1779   59.2667     G2    1    0    -38.9847    28.1578   0.155342    34.9681   -31.1162    29.8436    10.6514    0.00000
    1780   59.3000     G2    1    0    -39.0407    28.4091   0.155298    36.7081   -32.0029    28.6681    16.6298    0.00001
    1781   59.3333     G2    1    0    -39.0805    28.5228   0.155254    38.0062   -32.5758    27.8688    18.9781    0.00000
    1782   59.3667     G2    1    0    -39.1418    28.7022   0.155124    39.4274   -33.1275    27.1517    23.1883    0.00000
    1783   59.4000     G2    1    0    -39.2636    28.8383   0.155141    40.2582   -33.6559    27.2153    27.0148    0.00000
    1784   59.4333     G2    1    0    -39.3694    28.9282   0.154996    41.1379   -33.8945    26.7895    28.9889    0.00000
    1785   59.4667     G2    1    0    -39.4244    28.9533   0.154837    41.2058   -33.8427    26.8098    29.2602    0.00017
    1786   59.5000     G2    1    0    -39.5770    28.9830   0.154507    41.1547   -33.7951    26.9562    29.4380    0.00000
    1787   59.5333     G2    1    0    -39.7495    29.0353   0.154242    41.1551   -33.9483    27.0195    29.4941    0.00000
    1788   59.5667     G2    1    0    -39.8211    29.0656   0.154082    41.1767   -34.0044    27.0044    29.5035    0.00026
    1789   59.6000     G2    1    0    -39.9581    29.1357   0.153760    41.2127   -34.1236    26.9702    29.4941    0.00000
    1790   59.6333     G2    1    0    -40.0633    29.2000   0.153445    41.2498   -34.2192    26.9162    29.4754    0.00077
    1791   59.6667     G2    1    0    -40.1018    29.2218   0.153258    41.2886   -34.2395    26.8568    29.4754    0.00015
    1792   59.7000     G2    1    0    -40.1483    29.2177   0.152809    41.3843   -34.2176    26.7391    29.2976    0.00029
    1793   59.7333     G2    1    0    -40.1493    29.1910   0.152344    41.4721   -34.1573    26.6255    29.0825    0.00019
    1794   59.7667     G2    1    0    -40.1229    29.1529   0.151743    41.6041   -34.0486    26.4292    28.8112    0.00047
    1795   59.8000     G2    1    0    -40.1134    29.1402   0.151457    41.7058   -34.1665    26.2529    28.5398    0.00011
    1796   59.8333     G2    1    0    -40.0517    29.0875   0.150828    41.9093   -34.1327    25.8264    28.0907    0.00000
    1797   59.8667     G2    1    0    -39.9896    29.0378   0.150152    42.2402   -34.3472    25.0682    27.5294    0.00000
    1798   59.9000     G2    1    0    -39.9279    28.9886   0.149752    42.0750   -34.1134    24.6561    27.0523    0.00000
    1799   59.9333     G2    1    0    -39.8165    28.8545   0.148877    41.3525   -33.6603    24.1011    25.8641    0.00000
    1800   59.9667     G2    1    0    -39.7511    28.6582   0.148021    40.5719   -33.3366    23.7701    24.1987    0.00000
    1801   60.0000     G2    1    0    -39.7340    28.4222   0.147323    39.7974   -33.3766    23.4988    22.3649    0.00000
    1802   60.0333     G2    1    0    -39.7478    28.2930   0.147064    39.5707   -33.5911    23.5099    21.8878    0.00095
    1803   60.0667     G2    1    0    -39.7292    27.9936   0.146620    38.4686   -33.8344    23.5503    21.2422    0.00000
    1804   60.1000     G2    1    0    -39.6757    27.6724   0.146345    36.9478   -33.9644    23.6103    20.2599    0.00000
    1805   60.1333     G2    1    0    -39.6234    27.5125   0.146250    35.9430   -33.9125    23.6738    19.4085    0.00000
    1806   60.1667     G2    1    0    -39.4998    27.2073   0.146124    33.7788   -33.6270    23.8240    17.2941    0.00000
    1807   60.2000     G2    1    0    -39.4460    26.9437   0.146167    32.9738   -33.6947    23.2994    14.2721    0.00000
    1808   60.2333     G2    1    0    -39.3792    26.7247   0.146268    31.8442   -33.2275    22.9592    10.7356    0.00000
    1809   60.2667     G2    1    0    -39.3254    26.6542   0.146358    30.9854   -32.8862    22.7575     9.2761    0.00000
    1810   60.3000     G2    1    0    -39.2269    26.5422   0.146567    30.0170   -32.1776    22.0593     8.1066    0.00000
    1811   60.3333     G2    1    0    -39.1981    26.4422   0.146767    29.9270   -31.7103    21.2976     7.7417    0.00000
    1812   60.3667     G2    1    0    -39.2088    26.4076   0.146881    29.9052   -31.6023    21.0617     7.6014    0.00018
    1813   60.4000     G2    1    0    -39.2145    26.3564   0.147117    29.9209   -31.3637    20.2060     7.4891    0.00000
    1814   60.4333     G2    1    0    -39.1788    26.3080   0.147245    29.9724   -31.0940    19.2549     6.9840    0.00000
    1815   60.4667     G2    1    0    -39.1562    26.2807   0.147257    30.0097   -30.9848    18.9100     6.2635    0.00022
    1816   60.5000     G2    1    0    -39.0979    26.2259   0.147222    30.0995   -30.7218    18.0257     3.6065    0.00000
    1817   60.5333     G2    1    0    -39.0769    26.1810   0.147216    30.1530   -30.5929    17.6741     0.0000    0.00026
    1818   60.5667     G2    1    0    -39.0526    26.1549   0.147228    30.2410   -30.5030    17.3899     0.0000    0.00016
    1819   60.6000     G2    1    0    -39.0442    26.1532   0.147252    30.2986   -30.4826    17.2907     0.0000    0.00003
    1820   60.6333     G2    1    0    -39.0164    26.1518   0.147257    30.4367   -30.4337    17.0426     0.0000    0.00012
    1821   60.6667     G2    1    0    -38.9903    26.1468   0.147305    30.5508   -30.3871    16.8403     0.0000    0.00008
    1822   60.7000     G2    1    0    -38.9849    26.1368   0.147375    30.5955   -30.3631    16.7753     0.0000    0.00002
    1823   60.7333     G2    1    0    -38.9893    26.0931   0.147607    30.6728   -30.3031    16.7074     0.0000    0.00020
    1824   60.7667     G2    1    0    -39.0134    25.9956   0.147857    30.7890   -30.1931    16.6549     0.0000    0.00053
    1825   60.8000     G2    1    0    -39.0163    25.8574   0.148100    30.9014   -29.9713    16.3341     0.0000    0.00000
    1826   60.8333     G2    1    0    -39.0165    25.7834   0.148230    30.9187   -29.8664    16.2453     0.0000    0.00021
    1827   60.8667     G2    1    0    -38.9842    25.6438   0.148487    30.9248   -29.5895    15.7726     0.0000    0.00095
    1828   60.9000     G2    1    0    -38.9683    25.5267   0.148721    30.9180   -29.4114    15.6150     0.0000    0.00057
    1829   60.9333     G2    1    0    -38.9602    25.4854   0.148825    30.9250   -29.3346    15.4968     0.0000    0.00009
    1830   60.9667     G2    1    0    -38.9584    25.4550   0.149020    30.9324   -29.3038    15.5268     0.0000    0.00010
    1831   61.0000     G2    1    0    -38.9225    25.4721   0.149136    30.9807   -29.2892    15.4012     0.0000    0.00006
    1832   61.0333     G2    1    0    -38.8726    25.4834   0.149188    31.0600   -29.2549    15.2175     0.0000    0.00008
    1833   61.0667     G2    1    0    -38.8472    25.4827   0.149206    31.1033   -29.2308    15.1262     0.0000    0.00002
    1834   61.1000     G2    1    0    -38.8026    25.4852   0.149217    31.1845   -29.1905    14.9526     0.0000    0.00008
    1835   61.1333     G2    1    0    -38.7817    25.4879   0.149207    31.2509   -29.1650    14.8216     0.0000    0.00005
    1836   61.1667     G2    1    0    -38.7798    25.4853   0.149196    31.2913   -29.1507    14.7559     0.0000    0.00002
    1837   61.2000     G2    1    0    -38.7810    25.4792   0.149170    31.3605   -29.1269    14.6484     0.0000    0.00003
    1838   61.2333     G2    1    0    -38.7769    25.4806   0.149148    31.4034   -29.1144    14.5712     0.0000    0.00002
    1839   61.2667     G2    1    0    -38.7775    25.4828   0.149150    31.4246   -29.1107    14.5339     0.0000    0.00001
    1840   61.3000     G2    1    0    -38.7836    25.4824   0.149153    31.4652   -29.1016    14.4720     0.0000    0.00001
    1841   61.3333     G2    1    0    -38.7918    25.4768   0.149162    31.4915   -29.1273    14.5971     0.0000    0.00003
    1842   61.3667     G2    1    0    -38.7912    25.4769   0.149170    31.5127   -29.1207    14.5596     0.0000    0.00001
    1843   61.4000     G2    1    0    -38.7932    25.4767   0.149174    31.5223   -29.1187    14.5453     0.0000    0.00000
    1844   61.4333     G2    1    0    -38.7930    25.4770   0.149191    31.5531   -29.1100    14.4943     0.0000    0.00001
    1845   61.4667     G2    1    0    -38.8060    25.4717   0.149227    31.5795   -29.1381    14.6237     0.0000    0.00003
    1846   61.5000     G2    1    0    -38.8059    25.4700   0.149237    31.5951   -29.1316    14.5984     0.0000    0.00000
    1847   61.5333     G2    1    0    -38.8122    25.4692   0.149231    31.6089   -29.1299    14.5811     0.0000    0.00000
    1848   61.5667     G2    1    0    -38.8181    25.4642   0.149231    31.6340   -29.1211    14.5502     0.0000    0.00001
    1849   61.6000     G2    1    0    -38.8198    25.4619   0.149248    31.6638   -29.1112    14.5051     0.0000    0.00001
    1850   61.6333     G2    1    0    -38.8210    25.4622   0.149268    31.6773   -29.1082    14.4838     0.0000    0.00000
    1851   61.6667     G2    1    0    -38.8377    25.4604   0.149331    31.6821   -29.1467    14.6479     0.0000    0.00004
    1852   61.7000     G2    1    0    -38.8481    25.4620   0.149394    31.6808   -29.1527    14.6579     0.0000    0.00001
    1853   61.7333     G2    1    0    -38.8539    25.4644   0.149419    31.6801   -29.1576    14.6613     0.0000    0.00000
    1854   61.7667     G2    1    0    -38.8639    25.4627   0.149455    31.6988   -29.1552    14.6417     0.0000    0.00001
    1855   61.8000     G2    1    0    -38.8772    25.4629   0.149501    31.7254   -29.1537    14.6095     0.0000    0.00001
    1856   61.8333     G2    1    0    -38.9032    25.4599   0.149550    31.7275   -29.1963    14.7859     0.0000    0.00005
    1857   61.8667     G2    1    0    -38.9038    25.4605   0.149566    31.7256   -29.1974    14.7889     0.0000    0.00000
    1858   61.9000     G2    1    0    -38.9006    25.4612   0.149577    31.7362   -29.1934    14.7684     0.0000    0.00000
    1859   61.9333     G2    1    0    -38.8993    25.4635   0.149591    31.7573   -29.1887    14.7297     0.0000    0.00001
    1860   61.9667     G2    1    0    -38.8980    25.4641   0.149601    31.7678   -29.1855    14.7109     0.0000    0.00000
    1861   62.0000     G2    1    0    -38.9094    25.4638   0.149642    31.7664   -29.2246    14.8775     0.0000    0.00004
    1862   62.0333     G2    1    0    -38.9429    25.4553   0.149761    31.7268   -29.3116    15.2929     0.0000    0.00025
    1863   62.0667     G2    1    0    -38.9568    25.4570   0.149921    31.6942   -29.3606    15.5106     0.0000    0.00007
    1864   62.1000     G2    1    0    -38.9523    25.4597   0.150002    31.6863   -29.3624    15.5183     0.0000    0.00001
    1865   62.1333     G2    1    0    -38.9671    25.4653   0.150236    32.0380   -29.5059    15.5372     0.0000    0.00029
    1866   62.1667     G2    1    0    -38.9919    25.4628   0.150486    33.1503   -29.7898    15.0208     0.0000    0.00000
    1867   62.2000     G2    1    0    -38.9984    25.4606   0.150609    33.5240   -29.8800    14.8461     0.0000    0.00000
    1868   62.2333     G2    1    0    -39.0550    25.4499   0.150871    35.0060   -30.2925    14.3333     0.0000    0.00000
    1869   62.2667     G2    1    0    -39.0680    25.4524   0.151092    35.3671   -30.3923    14.1821     0.0000    0.00011
    1870   62.3000     G2    1    0    -39.1281    25.4364   0.151289    36.8539   -30.7322    13.4821     0.0000    0.00000
    1871   62.3333     G2    1    0    -39.1532    25.4273   0.151370    37.6257   -30.8936    13.1020     0.0000    0.00000
    1872   62.3667     G2    1    0    -39.1902    25.4011   0.151526    38.4059   -31.1102    12.9212     0.0000    0.00000
    1873   62.4000     G2    1    0    -39.2413    25.3515   0.151673    39.1505   -31.3124    12.7998     0.0000    0.00000
    1874   62.4333     G2    1    0    -39.2461    25.3237   0.151716    39.1454   -31.2939    12.8419     0.0000    0.00002
    1875   62.4667     G2    1    0    -39.2650    25.2646   0.151749    39.5365   -31.3314    12.7106     0.0000    0.00010
    1876   62.5000     G2    1    0    -39.2727    25.2300   0.151726    39.9366   -31.3773    12.5258     0.0000    0.00008
    1877   62.5333     G2    1    0    -39.2853    25.2149   0.151693    40.3382   -31.4387    12.3193     0.0000    0.00000
    1878   62.5667     G2    1    0    -39.2830    25.2163   0.151669    40.3474   -31.4336    12.2997     0.0000    0.00000
    1879   62.6000     G2    1    0    -39.2714    25.2162   0.151593    40.3727   -31.4143    12.2476     0.0000    0.00003
    1880   62.6333     G2    1    0    -39.2775    25.2097   0.151543    40.3699   -31.4657    12.4061     0.0000    0.00005
    1881   62.6667     G2    1    0    -39.2894    25.2060   0.151530    40.3599   -31.5265    12.5789     0.0000    0.00005
    1882   62.7000     G2    1    0    -39.2881    25.2065   0.151479    40.3664   -31.5223    12.5636     0.0000    0.00000
    1883   62.7333     G2    1    0    -39.2833    25.2052   0.151441    40.3788   -31.5126    12.5405     0.0000    0.00001
    1884   62.7667     G2    1    0    -39.2780    25.2046   0.151414    40.3903   -31.5036    12.5182     0.0700    0.00001
    1885   62.8000     G2    1    0    -39.2802    25.2042   0.151418    40.3882   -31.5054    12.5232     0.0886    0.00000
    1886   62.8333     G2    1    0    -39.2820    25.2040   0.151420    40.4042   -31.4987    12.4998     0.1074    0.00000
    1887   62.8667     G2    1    0    -39.2921    25.2032   0.151418    40.4057   -31.5557    12.6516     0.1167    0.00004
    1888   62.9000     G2    1    0    -39.2916    25.2054   0.151417    40.4060   -31.5562    12.6462     0.1261    0.00000
    1889   62.9333     G2    1    0    -39.2977    25.2089   0.151407    40.4097   -31.5604    12.6398     0.1354    0.00000
    1890   62.9667     G2    1    0    -39.3059    25.2104   0.151402    40.4183   -31.5621    12.6306     0.1354    0.00000
    1891   63.0000     G2    1    0    -39.3063    25.2099   0.151389    40.4253   -31.5587    12.6202     0.1167    0.00000
    1892   63.0333     G2    1    0    -39.3011    25.2092   0.151368    40.4360   -31.5502    12.5995     0.0980    0.00001
    1893   63.0667     G2    1    0    -39.2989    25.2151   0.151354    40.4506   -31.5464    12.5672     0.0000    0.00001
    1894   63.1000     G2    1    0    -39.2983    25.2277   0.151334    40.4603   -31.5510    12.5359     0.0000    0.00001
    1895   63.1333     G2    1    0    -39.2971    25.2319   0.151328    40.4618   -31.5528    12.5272     0.0000    0.00000
    1896   63.1667     G2    1    0    -39.2972    25.2296   0.151338    40.4715   -31.5464    12.5150     0.0000    0.00000
    1897   63.2000     G2    1    0    -39.2981    25.2276   0.151342    40.4763   -31.5431    12.5108     0.0000    0.00000
    1898   63.2333     G2    1    0    -39.2962    25.2301   0.151348    40.4766   -31.5439    12.5062     0.0000    0.00000
    1899   63.2667     G2    1    0    -39.2969    25.2287   0.151380    40.4835   -31.5399    12.4985     0.0000    0.00000
    1900   63.3000     G2    1    0    -39.3021    25.2282   0.151435    40.4798   -31.5442    12.5108     0.0000    0.00000
    1901   63.3333     G2    1    0    -39.3120    25.2242   0.151474    40.4868   -31.5435    12.5132     0.0000    0.00001
    1902   63.3667     G2    1    0    -39.3150    25.2194   0.151476    40.5014   -31.5347    12.4983     0.0000    0.00000
    1903   63.4000     G2    1    0    -39.3133    25.2143   0.151459    40.5157   -31.5231    12.4802     0.0000    0.00000
    1904   63.4333     G2    1    0    -39.3073    25.2151   0.151414    40.5296   -31.5137    12.4514     0.0000    0.00001
    1905   63.4667     G2    1    0    -39.3043    25.2141   0.151386    40.5403   -31.5062    12.4326     0.0000    0.00000
    1906   63.5000     G2    1    0    -39.3112    25.2063   0.151365    40.5338   -31.5595    12.6013     0.0000    0.00005
    1907   63.5333     G2    1    0    -39.3090    25.2048   0.151332    40.5385   -31.5544    12.5916     0.0000    0.00000
    1908   63.5667     G2    1    0    -39.3106    25.2044   0.151320    40.5394   -31.5546    12.5915     0.0000    0.00000
    1909   63.6000     G2    1    0    -39.3111    25.2047   0.151325    40.5385   -31.5555    12.5932     0.0000    0.00000
    1910   63.6333     G2    1    0    -39.3083    25.2032   0.151343    40.5432   -31.5506    12.5861     0.0000    0.00000
    1911   63.6667     G2    1    0    -39.3144    25.2024   0.151391    40.5396   -31.5552    12.5992     0.0000    0.00000
    1912   63.7000     G2    1    0    -39.3174    25.2004   0.151412    40.5413   -31.5545    12.6015     0.0000    0.00000
    1913   63.7333     G2    1    0    -39.3204    25.1946   0.151444    40.5468   -31.5493    12.6032     0.0000    0.00000
    1914   63.7667     G2    1    0    -39.3204    25.1842   0.151468    40.5485   -31.5406    12.6138     0.0000    0.00000
    1915   63.8000     G2    1    0    -39.3206    25.1753   0.151474    40.5524   -31.5322    12.6186     0.0000    0.00000
    1916   63.8333     G2    1    0    -39.3224    25.1712   0.151484    40.5550   -31.5289    12.6212     0.0000    0.00000
    1917   63.8667     G2    1    0    -39.3268    25.1691   0.151494    40.5579   -31.5284    12.6229     0.0000    0.00000
    1918   63.9000     G2    1    0    -39.3322    25.1687   0.151496    40.5602   -31.5302    12.6238     0.0000    0.00000
    1919   63.9333     G2    1    0    -39.3321    25.1683   0.151490    40.5671   -31.5265    12.6131     0.0000    0.00000
    1920   63.9667     G2    1    0    -39.3289    25.1702   0.151485    40.5691   -31.5251    12.6048     0.0000    0.00000
    1921   64.0000     G2    1    0    -39.3307    25.1679   0.151484    40.5740   -31.5221    12.6014     0.0000    0.00000
    1922   64.0333     G2    1    0    -39.3329    25.1658   0.151488    40.5779   -31.5200    12.5997     0.0000    0.00000
    1923   64.0667     G2    1    0    -39.3294    25.1653   0.151481    40.5917   -31.5110    12.5757     0.0000    0.00001
    1924   64.1000     G2    1    0    -39.3285    25.1651   0.151477    40.5926   -31.5098    12.5735     0.0000    0.00000
    1925   64.1333     G2    1    0    -39.3334    25.1654   0.151485    40.5949   -31.5118    12.5738     0.0000    0.00000
    1926   64.1667     G2    1    0    -39.3336    25.1652   0.151489    40.5999   -31.5095    12.5663     0.0000    0.00000
    1927   64.2000     G2    1    0    -39.3314    25.1657   0.151501    40.5998   -31.5085    12.5646     0.0000    0.00000
    1928   64.2333     G2    1    0    -39.3322    25.1686   0.151523    40.6023   -31.5100    12.5585     0.0000    0.00000
    1929   64.2667     G2    1    0    -39.3342    25.1692   0.151539    40.5996   -31.5130    12.5643     0.0000    0.00000
    1930   64.3000     G2    1    0    -39.3428    25.1685   0.151598    40.5879   -31.5228    12.5917     0.0000    0.00000
    1931   64.3333     G2    1    0    -39.3478    25.1718   0.151634    40.5927   -31.5259    12.5855     0.0000    0.00000
    1932   64.3667     G2    1    0    -39.3529    25.1721   0.151648    40.5941   -31.5284    12.5874     0.0000    0.00000
    1933   64.4000     G2    1    0    -39.3526    25.1736   0.151642    40.5951   -31.5288    12.5830     0.0000    0.00000
    1934   64.4333     G2    1    0    -39.3471    25.1748   0.151608    40.6079   -31.5204    12.5562     0.0000    0.00001
    1935   64.4667     G2    1    0    -39.3408    25.1800   0.151559    40.6174   -31.5163    12.5287     0.0000    0.00001
    1936   64.5000     G2    1    0    -39.3514    25.1768   0.151548    40.6026   -31.5790    12.7078     0.0000    0.00005
    1937   64.5333     G2    1    0    -39.3593    25.1738   0.151537    40.5945   -31.6366    12.8727     0.0000    0.00004
    1938   64.5667     G2    1    0    -39.3611    25.1759   0.151536    40.5939   -31.6393    12.8720     0.0000    0.00000
    1939   64.6000     G2    1    0    -39.3741    25.1778   0.151556    40.5854   -31.7041    13.0378     0.0000    0.00005
    1940   64.6333     G2    1    0    -39.3753    25.1777   0.151550    40.5856   -31.7043    13.0373     0.0000    0.00000
    1941   64.6667     G2    1    0    -39.3787    25.1837   0.151541    40.5854   -31.7106    13.0323     0.0000    0.00000
    1942   64.7000     G2    1    0    -39.3829    25.1897   0.151531    40.5905   -31.7151    13.0199     0.0000    0.00000
    1943   64.7333     G2    1    0    -39.3867    25.1934   0.151523    40.5901   -31.7203    13.0184     0.0000    0.00000
    1944   64.7667     G2    1    0    -39.3879    25.1934   0.151517    40.5902   -31.7210    13.0192     0.0000    0.00000
    1945   64.8000     G2    1    0    -39.3853    25.1936   0.151518    40.5972   -31.7164    13.0062     0.0000    0.00000
    1946   64.8333     G2    1    0    -39.3870    25.1952   0.151516    40.6025   -31.7160    12.9969     0.0000    0.00000
    1947   64.8667     G2    1    0    -39.3874    25.1947   0.151503    40.6095   -31.7125    12.9865     0.0000    0.00000
    1948   64.9000     G2    1    0    -39.4002    25.1930   0.151478    40.6005   -31.7745    13.1552     0.0000    0.00005
    1949   64.9333     G2    1    0    -39.3951    25.1937   0.151435    40.6083   -31.7681    13.1358     0.0000    0.00001
    1950   64.9667     G2    1    0    -39.3902    25.1977   0.151413    40.6137   -31.7658    13.1182     0.0000    0.00001
    1951   65.0000     G2    1    0    -39.3884    25.1994   0.151401    40.6220   -31.7622    13.1015     0.0000    0.00000
    1952   65.0333     G2    1    0    -39.3899    25.2019   0.151412    40.6204   -31.7656    13.1025     0.0000    0.00000
    1953   65.0667     G2    1    0    -39.3913    25.2062   0.151409    40.6261   -31.7669    13.0895     0.0000    0.00000
    1954   65.1000     G2    1    0    -39.3912    25.2107   0.151408    40.6267   -31.7701    13.0831     0.0000    0.00000
    1955   65.1333     G2    1    0    -39.4056    25.2107   0.151440    40.6098   -31.8376    13.2643     0.0000    0.00005
    1956   65.1667     G2    1    0    -39.4081    25.2133   0.151444    40.6082   -31.8417    13.2657     0.0000    0.00000
    1957   65.2000     G2    1    0    -39.4064    25.2155   0.151444    40.6094   -31.8418    13.2599     0.0000    0.00000
    1958   65.2333     G2    1    0    -39.4059    25.2156   0.151445    40.6094   -31.8415    13.2594     0.0000    0.00000
    1959   65.2667     G2    1    0    -39.4066    25.2172   0.151443    40.6156   -31.8402    13.2480     0.0000    0.00000
    1960   65.3000     G2    1    0    -39.4043    25.2171   0.151437    40.6227   -31.8355    13.2351     0.0000    0.00000
    1961   65.3333     G2    1    0    -39.4047    25.2174   0.151443    40.6218   -31.8364    13.2368     0.0000    0.00000
    1962   65.3667     G2    1    0    -39.4167    25.2145   0.151452    40.6142   -31.8962    13.4054     0.0000    0.00005
    1963   65.4000     G2    1    0    -39.4170    25.2138   0.151435    40.6161   -31.8945    13.4014     0.0000    0.00000
    1964   65.4333     G2    1    0    -39.4172    25.2134   0.151418    40.6181   -31.8935    13.3986     0.0000    0.00000
    1965   65.4667     G2    1    0    -39.4163    25.2146   0.151389    40.6222   -31.8919    13.3890     0.0000    0.00000
    1966   65.5000     G2    1    0    -39.4130    25.2183   0.151361    40.6277   -31.8902    13.3728     0.0000    0.00001
    1967   65.5333     G2    1    0    -39.4106    25.2209   0.151374    40.6278   -31.8906    13.3679     0.0000    0.00000
    1968   65.5667     G2    1    0    -39.4118    25.2192   0.151395    40.6298   -31.8892    13.3685     0.0000    0.00000
    1969   65.6000     G2    1    0    -39.4202    25.2186   0.151448    40.6242   -31.8962    13.3862     0.0000    0.00000
    1970   65.6333     G2    1    0    -39.4267    25.2200   0.151448    40.6388   -31.8940    13.3665     0.0000    0.00000
    1971   65.6667     G2    1    0    -39.4296    25.2192   0.151440    40.6438   -31.8926    13.3612     0.0000    0.00000
    1972   65.7000     G2    1    0    -39.4248    25.2211   0.151413    40.6500   -31.8884    13.3451     0.0000    0.00001
    1973   65.7333     G2    1    0    -39.4185    25.2174   0.151381    40.6623   -31.8762    13.3241     0.0000    0.00001
    1974   65.7667     G2    1    0    -39.4199    25.2174   0.151380    40.6614   -31.8774    13.3266     0.0000    0.00000
    1975   65.8000     G2    1    0    -39.4339    25.2158   0.151419    40.6439   -31.9438    13.5107     0.0000    0.00005
    1976   65.8333     G2    1    0    -39.4361    25.2128   0.151459    40.6375   -31.9456    13.5269     0.0000    0.00000
    1977   65.8667     G2    1    0    -39.4396    25.2160   0.151495    40.6371   -31.9502    13.5276     0.0000    0.00000
    1978   65.9000     G2    1    0    -39.4432    25.2165   0.151511    40.6333   -31.9544    13.5361     0.0000    0.00000
    1979   65.9333     G2    1    0    -39.4471    25.2151   0.151549    40.6322   -31.9560    13.5434     0.0000    0.00000
    1980   65.9667     G2    1    0    -39.4482    25.2139   0.151582    40.6331   -31.9552    13.5454     0.0000    0.00000
    1981   66.0000     G2    1    0    -39.4495    25.2122   0.151598    40.6361   -31.9533    13.5444     0.0000    0.00000
    1982   66.0333     G2    1    0    -39.4545    25.2103   0.151617    40.6422   -31.9518    13.5416     0.0000    0.00000
    1983   66.0667     G2    1    0    -39.4516    25.2096   0.151605    40.6509   -31.9455    13.5259     0.0000    0.00000
    1984   66.1000     G2    1    0    -39.4462    25.2091   0.151580    40.6568   -31.9393    13.5127     0.0000    0.00000
    1985   66.1333     G2    1    0    -39.4448    25.2065   0.151568    40.6645   -31.9330    13.5024     0.0000    0.00000
    1986   66.1667     G2    1    0    -39.4450    25.2108   0.151567    40.6651   -31.9360    13.4964     0.0000    0.00000
    1987   66.2000     G2    1    0    -39.4480    25.2061   0.151565    40.6748   -31.9297    13.4892     0.0000    0.00000
    1988   66.2333     G2    1    0    -39.4476    25.2058   0.151559    40.6757   -31.9288    13.4875     0.0000    0.00000
    1989   66.2667     G2    1    0    -39.4465    25.2075   0.151552    40.6829   -31.9259    13.4729     0.0000    0.00000
    1990   66.3000     G2    1    0    -39.4450    25.2057   0.151559    40.6826   -31.9239    13.4748     0.0000    0.00000
    1991   66.3333     G2    1    0    -39.4431    25.2060   0.151564    40.6887   -31.9201    13.4638     0.0000    0.00000
    1992   66.3667     G2    1    0    -39.4417    25.2043   0.151571    40.6884   -31.9182    13.4656     0.0000    0.00000
    1993   66.4000     G2    1    0    -39.4421    25.2016   0.151581    40.6981   -31.9117    13.4538     0.0000    0.00000
    1994   66.4333     G2    1    0    -39.4438    25.1992   0.151579    40.7030   -31.9087    13.4504     0.0000    0.00000
    1995   66.4667     G2    1    0    -39.4432    25.1992   0.151574    40.7040   -31.9078    13.4483     0.0000    0.00000
    1996   66.5000     G2    1    0    -39.4408    25.1992   0.151574    40.7109   -31.9032    13.4357     0.0000    0.00000
    1997   66.5333     G2    1    0    -39.4381    25.1993   0.151569    40.7129   -31.9008    13.4304     0.0000    0.00000
    1998   66.5667     G2    1    0    -39.4363    25.1992   0.151575    40.7189   -31.8968    13.4199     0.0000    0.00000
    1999   66.6000     G2    1    0    -39.4363    25.1992   0.151575    40.7189   -31.8968    13.4199     0.0000    0.00000
    2000   66.6333     G2    1    0    -39.4366    25.2015   0.151578    40.7244   -31.8962    13.4091     0.0000    0.00000
    2001   66.6667     G2    1    0    -39.4469    25.1990   0.151590    40.7113   -31.9584    13.5856     0.0000    0.00005
    2002   66.7000     G2    1    0    -39.4467    25.1991   0.151584    40.7116   -31.9573    13.5827     0.0000    0.00000
    2003   66.7333     G2    1    0    -39.4499    25.1983   0.151572    40.7116   -31.9584    13.5851     0.0000    0.00000
    2004   66.7667     G2    1    0    -39.4470    25.1977   0.151556    40.7162   -31.9541    13.5758     0.0000    0.00000
    2005   66.8000     G2    1    0    -39.4419    25.1978   0.151552    40.7243   -31.9475    13.5593     0.0000    0.00000
    2006   66.8333     G2    1    0    -39.4426    25.1978   0.151557    40.7232   -31.9483    13.5613     0.0000    0.00000
    2007   66.8667     G2    1    0    -39.4422    25.1999   0.151550    40.7245   -31.9491    13.5564     0.0000    0.00000
    2008   66.9000     G2    1    0    -39.4424    25.1997   0.151544    40.7307   -31.9462    13.5472     0.0000    0.00000
    2009   66.9333     G2    1    0    -39.4447    25.1994   0.151542    40.7358   -31.9449    13.5412     0.0000    0.00000
    2010   66.9667     G2    1    0    -39.4436    25.2010   0.151530    40.7379   -31.9444    13.5345     0.0000    0.00000
    2011   67.0000     G2    1    0    -39.4362    25.2030   0.151505    40.7450   -31.9384    13.5151     0.0000    0.00001
    2012   67.0333     G2    1    0    -39.4354    25.2025   0.151499    40.7520   -31.9342    13.5037     0.0000    0.00000
    2013   67.0667     G2    1    0    -39.4358    25.2001   0.151504    40.7507   -31.9333    13.5088     0.0000    0.00000
    2014   67.1000     G2    1    0    -39.4375    25.2001   0.151507    40.7610   -31.9293    13.4944     0.0000    0.00000
    2015   67.1333     G2    1    0    -39.4360    25.1997   0.151496    40.7689   -31.9244    13.4810     0.0000    0.00000
    2016   67.1667     G2    1    0    -39.4356    25.1993   0.151490    40.7698   -31.9234    13.4794     0.0000    0.00000
    2017   67.2000     G2    1    0    -39.4318    25.1991   0.151475    40.7736   -31.9193    13.4704     0.0000    0.00000
    2018   67.2333     G2    1    0    -39.4323    25.1969   0.151480    40.7775   -31.9161    13.4675     0.0000    0.00000
    2019   67.2667     G2    1    0    -39.4342    25.1968   0.151479    40.7775   -31.9171    13.4691     0.0000    0.00000
    2020   67.3000     G2    1    0    -39.4343    25.1992   0.151484    40.7768   -31.9192    13.4674     0.0000    0.00000
    2021   67.3333     G2    1    0    -39.4323    25.1995   0.151489    40.7829   -31.9155    13.4565     0.0000    0.00000
    2022   67.3667     G2    1    0    -39.4323    25.1995   0.151489    40.7829   -31.9155    13.4565     0.0000    0.00100
    2023   67.4000     G2    1    0    -39.4323    25.2015   0.151488    40.7892   -31.9140    13.4442     0.0000    0.00000
    2024   67.4333     G2    1    0    -39.4321    25.1990   0.151488    40.7888   -31.9121    13.4472     0.0000    0.00000
    2025   67.4667     G2    1    0    -39.4338    25.1988   0.151487    40.7940   -31.9105    13.4408     0.0000    0.00000
    2026   67.5000     G2    1    0    -39.4338    25.1988   0.151487    40.7940   -31.9105    13.4408     0.0000    0.00000
    2027   67.5333     G2    1    0    -39.4317    25.1971   0.151488    40.7947   -31.9077    13.4406     0.0000    0.00000
    2028   67.5667     G2    1    0    -39.4301    25.1957   0.151512    40.7924   -31.9068    13.4452     0.0000    0.00000
    2029   67.6000     G2    1    0    -39.4340    25.1968   0.151549    40.7917   -31.9101    13.4492     0.0000    0.00000
    2030   67.6333     G2    1    0    -39.4362    25.1969   0.151559    40.7949   -31.9099    13.4460     0.0000    0.00000
    2031   67.6667     G2    1    0    -39.4405    25.1962   0.151556    40.7990   -31.9100    13.4433     0.0000    0.00000
    2032   67.7000     G2    1    0    -39.4368    25.1977   0.151527    40.8102   -31.9037    13.4206     0.0000    0.00001
    2033   67.7333     G2    1    0    -39.4334    25.1965   0.151495    40.8158   -31.8980    13.4093     0.0000    0.00000
    2034   67.7667     G2    1    0    -39.4258    25.1968   0.151429    40.8286   -31.8879    13.3813     0.0000    0.00001
    2035   67.8000     G2    1    0    -39.4229    25.1945   0.151419    40.8303   -31.8838    13.3791     0.0000    0.00000
    2036   67.8333     G2    1    0    -39.4242    25.1945   0.151430    40.8283   -31.8854    13.3832     0.0000    0.00000
    2037   67.8667     G2    1    0    -39.4268    25.1925   0.151435    40.8262   -31.8865    13.3911     0.0000    0.00000
    2038   67.9000     G2    1    0    -39.4267    25.1903   0.151435    40.8319   -31.8820    13.3849     0.0000    0.00000
    2039   67.9333     G2    1    0    -39.4243    25.1901   0.151435    40.8327   -31.8800    13.3817     0.0000    0.00000
    2040   67.9667     G2    1    0    -39.4243    25.1901   0.151435    40.8327   -31.8800    13.3817     0.0000    0.00000
    2041   68.0000     G2    1    0    -39.4251    25.1927   0.151445    40.8372   -31.8803    13.3727     0.0000    0.00000
    2042   68.0333     G2    1    0    -39.4269    25.1911   0.151462    40.8342   -31.8817    13.3814     0.0000    0.00000
    2043   68.0667     G2    1    0    -39.4287    25.1916   0.151483    40.8364   -31.8820    13.3794     0.0000    0.00000
    2044   68.1000     G2    1    0    -39.4294    25.1940   0.151487    40.8357   -31.8845    13.3783     0.0000    0.00000
    2045   68.1333     G2    1    0    -39.4287    25.1916   0.151483    40.8363   -31.8820    13.3795     0.0000    0.00000
    2046   68.1667     G2    1    0    -39.4279    25.1912   0.151477    40.8433   -31.8779    13.3681     0.0000    0.00000
    2047   68.2000     G2    1    0    -39.4293    25.1890   0.151476    40.8421   -31.8776    13.3738     0.0000    0.00000
    2048   68.2333     G2    1    0    -39.4302    25.1864   0.151476    40.8477   -31.8735    13.3686     0.0000    0.00000
    2049   68.2667     G2    1    0    -39.4255    25.1802   0.151479    40.8487   -31.8657    13.3711     0.0000    0.00000
    2050   68.3000     G2    1    0    -39.4300    25.1742   0.151500    40.8492   -31.8636    13.3819     0.0000    0.00000
    2051   68.3333     G2    1    0    -39.4309    25.1721   0.151511    40.8468   -31.8635    13.3887     0.0000    0.00000
    2052   68.3667     G2    1    0    -39.4300    25.1716   0.151504    40.8538   -31.8594    13.3774     0.0000    0.00000
    2053   68.4000     G2    1    0    -39.4313    25.1719   0.151516    40.8519   -31.8612    13.3814     0.0000    0.00000
    2054   68.4333     G2    1    0    -39.4311    25.1701   0.151516    40.8517   -31.8599    13.3841     0.0000    0.00000
    2055   68.4667     G2    1    0    -39.4316    25.1724   0.151520    40.8570   -31.8593    13.3735     0.0000    0.00000
    2056   68.5000     G2    1    0    -39.4316    25.1724   0.151520    40.8570   -31.8593    13.3735     0.0000    0.00000
    2057   68.5333     G2    1    0    -39.4302    25.1698   0.151514    40.8638   -31.8534    13.3648     0.0000    0.00000
    2058   68.5667     G2    1    0    -39.4318    25.1695   0.151508    40.8637   -31.8540    13.3661     0.0000    0.00000
    2059   68.6000     G2    1    0    -39.4288    25.1692   0.151498    40.8665   -31.8508    13.3595     0.0000    0.00000
    2060   68.6333     G2    1    0    -39.4275    25.1691   0.151491    40.8736   -31.8466    13.3475     0.0000    0.00000
    2061   68.6667     G2    1    0    -39.4281    25.1711   0.151492    40.8677   -31.8512    13.3544     0.0000    0.00000
    2062   68.7000     G2    1    0    -39.4256    25.1690   0.151488    40.8694   -31.8475    13.3525     0.0000    0.00000
    2063   68.7333     G2    1    0    -39.4257    25.1601   0.151494    40.8732   -31.8390    13.3573     0.0000    0.00000
    2064   68.7667     G2    1    0    -39.4257    25.1601   0.151494    40.8732   -31.8390    13.3573     0.0000    0.00000
    2065   68.8000     G2    1    0    -39.4253    25.1622   0.151487    40.8745   -31.8398    13.3524     0.0000    0.00000
    2066   68.8333     G2    1    0    -39.4247    25.1622   0.151482    40.8756   -31.8389    13.3503     0.0000    0.00000
    2067   68.8667     G2    1    0    -39.4264    25.1620   0.151481    40.8807   -31.8373    13.3438     0.0000    0.00000
    2068   68.9000     G2    1    0    -39.4270    25.1620   0.151486    40.8796   -31.8381    13.3460     0.0000    0.00000
    2069   68.9333     G2    1    0    -39.4264    25.1620   0.151481    40.8806   -31.8373    13.3439     0.0000    0.00000
    2070   68.9667     G2    1    0    -39.4229    25.1615   0.151471    40.8834   -31.8335    13.3369     0.0000    0.00000
    2071   69.0000     G2    1    0    -39.4220    25.1611   0.151465    40.8903   -31.8294    13.3257     0.0000    0.00000
    2072   69.0333     G2    1    0    -39.4233    25.1610   0.151459    40.8904   -31.8301    13.3265     0.0000    0.00000
    2073   69.0667     G2    1    0    -39.4223    25.1607   0.151448    40.8923   -31.8283    13.3228     0.0000    0.00000
    2074   69.1000     G2    1    0    -39.4216    25.1625   0.151442    40.8935   -31.8287    13.3178     0.0000    0.00000
    2075   69.1333     G2    1    0    -39.4216    25.1625   0.151442    40.8935   -31.8287    13.3178     0.0000    0.00000
    2076   69.1667     G2    1    0    -39.4200    25.1629   0.151448    40.8935   -31.8281    13.3165     0.0000    0.00000
    2077   69.2000     G2    1    0    -39.4200    25.1629   0.151448    40.8935   -31.8281    13.3165     0.0000    0.00000
    2078   69.2333     G2    1    0    -39.4210    25.1632   0.151453    40.8926   -31.8293    13.3186     0.0000    0.00000
    2079   69.2667     G2    1    0    -39.4197    25.1606   0.151447    40.8993   -31.8235    13.3100     0.0000    0.00000
    2080   69.3000     G2    1    0    -39.4205    25.1624   0.151436    40.9006   -31.8246    13.3061     0.0000    0.00000
    2081   69.3333     G2    1    0    -39.4167    25.1589   0.151403    40.9120   -31.8144    13.2883     0.0000    0.00001
    2082   69.3667     G2    1    0    -39.4150    25.1583   0.151386    40.9148   -31.8116    13.2827     0.0000    0.00000
    2083   69.4000     G2    1    0    -39.4118    25.1581   0.151375    40.9177   -31.8082    13.2758     0.0000    0.00000
    2084   69.4333     G2    1    0    -39.4122    25.1584   0.151381    40.9168   -31.8091    13.2775     0.0000    0.00000
    2085   69.4667     G2    1    0    -39.4122    25.1584   0.151381    40.9168   -31.8091    13.2775     0.0000    0.00000
    2086   69.5000     G2    1    0    -39.4141    25.1587   0.151398    40.9138   -31.8118    13.2834     0.0000    0.00000
    2087   69.5333     G2    1    0    -39.4136    25.1600   0.151426    40.9110   -31.8139    13.2872     0.0000    0.00000
    2088   69.5667     G2    1    0    -39.4147    25.1605   0.151447    40.9132   -31.8138    13.2846     0.0000    0.00000
    2089   69.6000     G2    1    0    -39.4154    25.1608   0.151453    40.9124   -31.8149    13.2864     0.0000    0.00000
    2090   69.6333     G2    1    0    -39.4160    25.1608   0.151459    40.9113   -31.8157    13.2885     0.0000    0.00000
    2091   69.6667     G2    1    0    -39.4118    25.1587   0.151460    40.9189   -31.8081    13.2761     0.0000    0.00000
    2092   69.7000     G2    1    0    -39.4099    25.1612   0.151460    40.9202   -31.8083    13.2699     0.0000    0.00000
    2093   69.7333     G2    1    0    -39.4071    25.1613   0.151455    40.9222   -31.8058    13.2646     0.0000    0.00000
    2094   69.7667     G2    1    0    -39.4080    25.1609   0.151443    40.9232   -31.8056    13.2639     0.0000    0.00000
    2095   69.8000     G2    1    0    -39.4070    25.1606   0.151432    40.9251   -31.8038    13.2601     0.0000    0.00000
    2096   69.8333     G2    1    0    -39.4068    25.1620   0.151420    40.9323   -31.8012    13.2463     0.0000    0.00000
    2097   69.8667     G2    1    0    -39.4041    25.1618   0.151405    40.9301   -31.8007    13.2476     0.0000    0.00000
    2098   69.9000     G2    1    0    -39.4005    25.1623   0.151412    40.9310   -31.7985    13.2432     0.0000    0.00000
    2099   69.9333     G2    1    0    -39.3992    25.1606   0.151430    40.9295   -31.7971    13.2469     0.0000    0.00000
    2100   69.9667     G2    1    0    -39.3994    25.1514   0.151477    40.9223   -31.7938    13.2711     0.0000    0.00000
    2101   70.0000     G2    1    0    -39.4012    25.1519   0.151498    40.9246   -31.7941    13.2691     0.0000    0.00000
    2102   70.0333     G2    1    0    -39.4035    25.1497   0.151498    40.9234   -31.7944    13.2754     0.0000    0.00000
    2103   70.0667     G2    1    0    -39.4023    25.1432   0.151509    40.9274   -31.7869    13.2761     0.0000    0.00000
    2104   70.1000     G2    1    0    -39.3976    25.1374   0.151530    40.9273   -31.7799    13.2803     0.0000    0.00000
    2105   70.1333     G2    1    0    -39.3911    25.1267   0.151586    40.9225   -31.7704    13.2979     0.0000    0.00001
    2106   70.1667     G2    1    0    -39.3897    25.1155   0.151635    40.9159   -31.7643    13.3225     0.0000    0.00001
    2107   70.2000     G2    1    0    -39.3890    25.0865   0.151748    40.9049   -31.7475    13.3779     0.0000    0.00005
    2108   70.2333     G2    1    0    -39.3902    25.0454   0.151845    40.8993   -31.7201    13.4398     0.0000    0.00007
    2109   70.2667     G2    1    0    -39.4002    25.0165   0.151918    40.8999   -31.7041    13.4837     0.0000    0.00004
    2110   70.3000     G2    1    0    -39.4069    25.0064   0.151957    40.8907   -31.7048    13.5163     0.0000    0.00000
    2111   70.3333     G2    1    0    -39.4106    24.9973   0.152014    40.8867   -31.7020    13.5383     0.0000    0.00001
    2112   70.3667     G2    1    0    -39.4080    24.9868   0.152033    40.8902   -31.6910    13.5441     0.0000    0.00000
    2113   70.4000     G2    1    0    -39.4095    24.9761   0.152050    40.8918   -31.6832    13.5560     0.0000    0.00000
    2114   70.4333     G2    1    0    -39.4202    24.9380   0.152114    40.8861   -31.6636    13.6208     0.0000    0.00005
    2115   70.4667     G2    1    0    -39.4233    24.8998   0.152165    40.8861   -31.6369    13.6707     0.0000    0.00004
    2116   70.5000     G2    1    0    -39.4279    24.8675   0.152202    40.8870   -31.6151    13.7126     0.0000    0.00003
    2117   70.5333     G2    1    0    -39.4323    24.8570   0.152218    40.8878   -31.6096    13.7281     0.0000    0.00000
    2118   70.5667     G2    1    0    -39.4375    24.8537   0.152257    40.8804   -31.6136    13.7486     0.0000    0.00000
    2119   70.6000     G2    1    0    -39.4359    24.8588   0.152274    40.8791   -31.6170    13.7439     0.0000    0.00000
    2120   70.6333     G2    1    0    -39.4344    24.8570   0.152280    40.8788   -31.6150    13.7458     0.0000    0.00000
    2121   70.6667     G2    1    0    -39.4362    24.8560   0.152315    40.8738   -31.6177    13.7574     0.0000    0.00000
    2122   70.7000     G2    1    0    -39.4326    24.8600   0.152355    40.8712   -31.6199    13.7556     0.0000    0.00000
    2123   70.7333     G2    1    0    -39.4304    24.8611   0.152372    40.8703   -31.6199    13.7549     0.0000    0.00000
    2124   70.7667     G2    1    0    -39.4260    24.8585   0.152421    40.8666   -31.6171    13.7619     0.0000    0.00000
    2125   70.8000     G2    1    0    -39.4141    24.8619   0.152488    40.8647   -31.6138    13.7549     0.0000    0.00001
    2126   70.8333     G2    1    0    -39.4057    24.8608   0.152564    40.8539   -31.6650    13.9143     0.0000    0.00005
    2127   70.8667     G2    1    0    -39.4044    24.8609   0.152613    40.8366   -31.7190    14.0725     0.0000    0.00004
    2128   70.9000     G2    1    0    -39.4105    24.8558   0.152726    40.7682   -31.9068    14.6319     0.0000    0.00000
    2129   70.9333     G2    1    0    -39.3940    24.8549   0.152837    40.6712   -32.0909    15.1960     0.0000    0.00000
    2130   70.9667     G2    1    0    -39.3804    24.8537   0.152891    40.6147   -32.2082    15.5585     0.0000    0.00022
    2131   71.0000     G2    1    0    -39.3251    24.8507   0.152988    40.5300   -32.3953    16.1729     0.0000    0.00000
    2132   71.0333     G2    1    0    -39.2408    24.8520   0.153075    40.4755   -32.5356    16.6597     0.0000    0.00000
    2133   71.0667     G2    1    0    -39.2022    24.8520   0.153127    40.4407   -32.6273    16.9661     0.0000    0.00020
    2134   71.1000     G2    1    0    -39.1002    24.8514   0.153172    40.4523   -32.6110    17.0122     0.5190    0.00024
    2135   71.1333     G2    1    0    -39.0162    24.8412   0.153176    40.5154   -32.5274    16.8684     0.8371    0.00015
    2136   71.1667     G2    1    0    -38.9573    24.8310   0.153171    40.5598   -32.4661    16.7703     1.2301    0.00008
    2137   71.2000     G2    1    0    -38.9357    24.8289   0.153150    40.5858   -32.4403    16.7168     1.3143    0.00002
    2138   71.2333     G2    1    0    -38.9119    24.8266   0.153121    40.6263   -32.4065    16.6397     1.3891    0.00003
    2139   71.2667     G2    1    0    -38.9143    24.8255   0.153110    40.6501   -32.3961    16.6059     1.6885    0.00001
    2140   71.3000     G2    1    0    -38.9156    24.8269   0.153102    40.6628   -32.3920    16.5854     1.8756    0.00000
    2141   71.3333     G2    1    0    -38.9292    24.8240   0.153112    40.6502   -32.4523    16.7583     2.1376    0.00005
    2142   71.3667     G2    1    0    -38.9260    24.8227   0.153085    40.6550   -32.4469    16.7481     2.4650    0.00000
    2143   71.4000     G2    1    0    -38.9216    24.8270   0.153027    40.6774   -32.4374    16.7036     2.8767    0.00002
    2144   71.4333     G2    1    0    -38.9168    24.8299   0.152988    40.6858   -32.4329    16.6821     2.9703    0.00001
    2145   71.4667     G2    1    0    -38.9194    24.8377   0.152926    40.6882   -32.4882    16.8088     3.1012    0.00003
    2146   71.5000     G2    1    0    -38.9163    24.8433   0.152841    40.7015   -32.4842    16.7758     3.2135    0.00002
    2147   71.5333     G2    1    0    -38.9172    24.8436   0.152800    40.7057   -32.4829    16.7678     3.2322    0.00000
    2148   71.5667     G2    1    0    -38.9153    24.8451   0.152731    40.7224   -32.4752    16.7365     3.1855    0.00001
    2149   71.6000     G2    1    0    -38.9094    24.8459   0.152686    40.7433   -32.4629    16.6982     3.1387    0.00001
    2150   71.6333     G2    1    0    -38.9176    24.8431   0.152648    40.7325   -32.5189    16.8612     3.1199    0.00004
    2151   71.6667     G2    1    0    -38.9168    24.8461   0.152607    40.7391   -32.5177    16.8456     3.0825    0.00000
    2152   71.7000     G2    1    0    -38.9153    24.8482   0.152503    40.7645   -32.5066    16.7993     2.9329    0.00001
    2153   71.7333     G2    1    0    -38.9228    24.8534   0.152382    40.7884   -32.5037    16.7573     2.8393    0.00002
    2154   71.7667     G2    1    0    -38.9256    24.8590   0.152310    40.8029   -32.5028    16.7279     2.6522    0.00001
    2155   71.8000     G2    1    0    -38.9266    24.8784   0.152192    40.8197   -32.5104    16.6758     2.2218    0.00005
    2156   71.8333     G2    1    0    -38.9200    24.8930   0.152111    40.8353   -32.5104    16.6268     1.9224    0.00003
    2157   71.8667     G2    1    0    -38.9112    24.8967   0.152068    40.8462   -32.5032    16.5985     1.8756    0.00001
    2158   71.9000     G2    1    0    -38.9093    24.8940   0.152058    40.8477   -32.4993    16.5974     1.8663    0.00000
    2159   71.9333     G2    1    0    -38.9127    24.8940   0.152067    40.8510   -32.4998    16.5952     1.5295    0.00000
    2160   71.9667     G2    1    0    -38.9199    24.8919   0.152090    40.8613   -32.4975    16.5878     1.1084    0.00000
    2161   72.0000     G2    1    0    -38.9290    24.8889   0.152096    40.8663   -32.4980    16.5901     1.0055    0.00000
    2162   72.0333     G2    1    0    -38.9609    24.8906   0.152083    40.8794   -32.5114    16.5909     0.7997    0.00002
    2163   72.0667     G2    1    0    -39.0111    24.8876   0.152055    40.8908   -32.5324    16.6115     0.0000    0.00006
    2164   72.1000     G2    1    0    -39.0544    24.8796   0.152037    40.8804   -32.5558    16.6671     0.0000    0.00005
    2165   72.1333     G2    1    0    -39.0645    24.8766   0.152033    40.8812   -32.5588    16.6765     0.0000    0.00000
    2166   72.1667     G2    1    0    -39.0642    24.8736   0.152024    40.8995   -32.5479    16.6515     0.0000    0.00001
    2167   72.2000     G2    1    0    -39.0594    24.8710   0.152014    40.9147   -32.5362    16.6277     0.0000    0.00001
    2168   72.2333     G2    1    0    -39.0484    24.8670   0.151990    40.5468   -32.4206    16.8109     0.0000    0.00000
    2169   72.2667     G2    1    0    -39.0372    24.8631   0.151973    40.1790   -32.3046    16.9941     0.0000    0.00000
    2170   72.3000     G2    1    0    -39.0064    24.8508   0.151907    39.8364   -32.0660    16.8491     0.0000    0.00000
    2171   72.3333     G2    1    0    -38.9517    24.8273   0.151831    39.1068   -31.6670    16.7739     0.0000    0.00000
    2172   72.3667     G2    1    0    -38.9510    24.8050   0.151815    39.1155   -31.6011    16.6458     0.0000    0.00006
    2173   72.4000     G2    1    0    -38.9401    24.7593   0.151765    38.7587   -31.3174    16.4337     0.0000    0.00000
    2174   72.4333     G2    1    0    -38.9797    24.7113   0.151741    37.9717   -31.1167    16.9687     0.0000    0.00000
    2175   72.4667     G2    1    0    -38.9987    24.6900   0.151736    37.5936   -30.9667    17.0638     0.0000    0.00000
    2176   72.5000     G2    1    0    -39.0233    24.6578   0.151726    36.8603   -30.6192    17.0500     0.0000    0.00000
    2177   72.5333     G2    1    0    -39.0304    24.6370   0.151731    36.1077   -30.2444    16.8925     0.0000    0.00000
    2178   72.5667     G2    1    0    -39.0258    24.6087   0.151765    35.3474   -29.8687    16.7448     0.0000    0.00000
    2179   72.6000     G2    1    0    -39.0331    24.5784   0.151817    35.3433   -29.7718    16.5029     0.0000    0.00016
    2180   72.6333     G2    1    0    -39.0450    24.4892   0.151946    35.3379   -29.5923    16.1982     0.0000    0.00045
    2181   72.6667     G2    1    0    -39.0599    24.3559   0.152111    34.9639   -29.3584    16.4238     0.0000    0.00000
    2182   72.7000     G2    1    0    -39.0543    24.2785   0.152194    34.9761   -29.2100    16.1986     0.0000    0.00026
    2183   72.7333     G2    1    0    -39.0029    24.1220   0.152366    34.6207   -28.7656    15.7743     0.0000    0.00000
    2184   72.7667     G2    1    0    -38.9729    23.9610   0.152523    34.6269   -28.5048    15.5055     0.0000    0.00084
    2185   72.8000     G3    1    0    -38.9770    23.8952   0.152601    34.6222   -28.4552    15.6034     0.0000    0.00012
    2186   72.8333     G3    1    0    -38.9825    23.8138   0.152781    34.6289   -28.3902    15.7078     0.0000    0.00027
    2187   72.8667     G3    1    0    -38.9800    23.7886   0.153009    34.6553   -28.3608    15.7064     0.0000    0.00010
    2188   72.9000     G3    1    0    -38.9430    23.7704   0.153212    34.0762   -28.1534    15.9354     0.0000    0.00000
    2189   72.9333     G3    1    0    -38.9018    23.7584   0.153299    33.2815   -27.9064    16.2804     0.0000    0.00000
    2190   72.9667     G3    1    0    -38.7029    23.7411   0.153351    29.6891   -26.7003    17.2949     0.0000    0.00001
    2191   73.0000     G3    1    0    -38.3772    23.7473   0.153310    25.0039   -25.0297    17.5535     0.0000    0.00002
    2192   73.0333     G3    1    0    -38.1601    23.7532   0.153275    22.1604   -24.0710    17.4644     0.0000    0.00000
    2193   73.0667     G3    1    0    -37.6450    23.7464   0.153218    14.7596   -21.8350    17.7515     0.0000    0.00006
    2194   73.1000     G3    1    0    -37.1659    23.7496   0.153219     8.8620   -20.3579    17.2574     0.0000    0.00002
    2195   73.1333     G3    1    0    -36.6801    23.7155   0.153178     3.1932   -19.0970    16.0631     0.0000    0.00003
    2196   73.1667     G3    1    0    -36.4383    23.6754   0.153091     0.3612   -18.5626    15.1874     0.0000    0.00000
    2197   73.2000     G3    1    0    -35.9037    23.5868   0.152910    -6.4270   -17.8661    13.1721     0.0000    0.00007
    2198   73.2333     G3    1    0    -35.4361    23.5068   0.152887   -11.0590   -17.9159    11.3356     0.0000    0.00002
    2199   73.2667     G3    1    0    -35.2062    23.4375   0.152945   -13.1711   -17.8575    10.5596     0.0000    0.00000
    2200   73.3000     G3    1    0    -34.7416    23.3138   0.153161   -16.3601   -18.0716     8.8555     0.0000    0.00001
    2201   73.3333     G3    1    0    -34.3325    23.0786   0.153379   -17.9412   -17.7800     6.6326     0.0000    0.00000
    2202   73.3667     G3    1    0    -33.9746    22.6868   0.153654   -22.1449   -16.4966     5.2098     0.0000    0.00002
    2203   73.4000     G3    1    0    -33.8262    22.4700   0.153827   -24.4187   -15.7525     4.5730     0.0000    0.00000
    2204   73.4333     G3    1    0    -33.5583    22.0033   0.154288   -28.5707   -14.1463     2.9118     0.0000    0.00003
    2205   73.4667     G3    1    0    -33.4294    21.4995   0.154722   -32.4966   -11.5933     1.6787     0.0000    0.00003
    2206   73.5000     G3    1    0    -33.3980    21.3119   0.154926   -33.7909   -10.3734     1.0714     0.0000    0.00000
    2207   73.5333     G3    1    0    -33.3392    21.0896   0.155418   -35.6980    -8.3747    -0.2548     0.0000    0.00001
    2208   73.5667     G3    1    0    -33.2338    21.0104   0.155911   -38.4183    -7.2843    -1.5462     0.0000    0.00001
    2209   73.6000     G3    1    0    -33.1774    20.9493   0.156308   -40.6909    -6.5930    -2.7247     0.0000    0.00000
    2210   73.6333     G3    1    0    -33.1680    20.9208   0.156476   -41.4656    -6.3067    -3.2562     0.0000    0.00000
    2211   73.6667     G3    1    0    -33.2148    20.8370   0.156764   -41.9363    -5.4634    -3.9262     0.0000    0.00000
    2212   73.7000     G3    1    0    -33.3074    20.8054   0.156970   -41.9586    -4.8376    -3.6026     0.0000    0.00000
    2213   73.7333     G3    1    0    -33.3598    20.7766   0.156998   -41.9832    -4.3877    -3.3925     0.0000    0.00000
    2214   73.7667     G3    1    0    -33.4423    20.7425   0.157053   -42.0168    -3.7068    -2.7225     0.1074    0.00000
    2215   73.8000     G3    1    0    -33.4908    20.7682   0.156955   -41.5985    -3.4680    -1.2550     0.5658    0.00000
    2216   73.8333     G3    1    0    -33.4890    20.8977   0.156791   -40.2229    -3.7072     0.5151     1.0804    0.00000
    2217   73.8667     G3    1    0    -33.4965    20.9581   0.156737   -39.5693    -3.7772     1.4022     0.7155    0.00000
    2218   73.9000     G3    1    0    -33.4913    21.0287   0.156576   -37.9502    -3.8374     2.6562     0.0000    0.00000
    2219   73.9333     G3    1    0    -33.4586    21.0333   0.156326   -36.3503    -3.7347     3.0326     0.6874    0.00000
    2220   73.9667     G3    1    0    -33.4372    21.0369   0.156173   -36.0423    -3.7426     3.1770     1.4078    0.00014
    2221   74.0000     G3    1    0    -33.4205    21.0207   0.155745   -35.6843    -3.5698     3.4285     4.1304    0.00000
    2222   74.0333     G3    1    0    -33.4633    21.0223   0.155277   -33.8988    -3.1997     3.9831     6.5910    0.00000
    2223   74.0667     G3    1    0    -33.5073    21.0220   0.155086   -33.5023    -2.9227     4.5178     7.5079    0.00000
    2224   74.1000     G3    1    0    -33.5541    21.0202   0.154718   -32.4462    -2.7298     5.4066    11.3063    0.00000
    2225   74.1333     G3    1    0    -33.5763    20.9931   0.154440   -30.7381    -2.6039     6.1414    15.6287    0.00000
    2226   74.1667     G3    1    0    -33.6187    20.9604   0.154358   -28.7030    -2.6473     6.7451    18.5571    0.00000
    2227   74.2000     G3    1    0    -33.6534    20.9040   0.154358   -28.0090    -2.4250     6.9168    20.0447    0.00000
    2228   74.2333     G3    1    0    -33.7513    20.7667   0.154479   -26.8917    -1.6900     7.4396    22.5988    0.00000
    2229   74.2667     G3    1    0    -33.8034    20.7051   0.154672   -26.1614    -1.3700     7.7083    23.4128    0.00000
    2230   74.3000     G3    1    0    -33.8118    20.6905   0.154797   -26.1536    -1.3316     7.7258    23.9181    0.00003
    2231   74.3333     G3    1    0    -33.8151    20.6758   0.155146   -25.1189    -1.4292     7.7004    25.3401    0.00000
    2232   74.3667     G3    1    0    -33.7974    20.6665   0.155599   -23.7462    -1.5852     7.6442    25.8360    0.00000
    2233   74.4000     G3    1    0    -33.7769    20.6125   0.156103   -23.3561    -1.5642     7.5996    24.9004    0.00048
    2234   74.4333     G3    1    0    -33.7447    20.5562   0.156298   -23.3576    -1.5025     7.3054    24.1706    0.00025
    2235   74.4667     G3    1    0    -33.6355    20.4067   0.156611   -23.4001    -1.3351     6.5014    22.5147    0.00000
    2236   74.5000     G3    1    0    -33.5556    20.2484   0.156828   -23.3958    -1.0329     6.0658    18.6974    0.00000
    2237   74.5333     G3    1    0    -33.4618    20.1696   0.156819   -23.8493    -1.2823     4.9398    11.6993    0.00000
    2238   74.5667     G3    1    0    -33.4061    20.1556   0.156770   -24.3039    -1.4648     4.2580     7.5640    0.00000
    2239   74.6000     G3    1    0    -33.3069    20.1651   0.156744   -24.9124    -1.7563     3.3731     3.6532    0.00000
    2240   74.6333     G3    1    0    -33.3066    20.1229   0.156805   -25.3701    -1.3392     3.3401     2.5867    0.00000
    2241   74.6667     G3    1    0    -33.3116    20.0848   0.156866   -25.4329    -1.0850     3.2524     2.4744    0.00020
    2242   74.7000     G3    1    0    -33.3015    20.0117   0.156991   -26.7771    -0.8949     2.9582     0.5752    0.00000
    2243   74.7333     G3    1    0    -33.2291    19.9358   0.157033   -28.8342    -1.0342     1.9687     0.0000    0.00000
    2244   74.7667     G3    1    0    -33.1627    19.9134   0.157021   -30.6035    -1.3000     1.2170     0.0000    0.00000
    2245   74.8000     G3    1    0    -33.0300    19.9387   0.156988   -32.6624    -2.2405    -0.2172     0.0000    0.00001
    2246   74.8333     G3    1    0    -32.9383    19.9735   0.157086   -33.5349    -2.8029    -1.0161     0.0000    0.00000
    2247   74.8667     G3    1    0    -32.9355    19.9708   0.157224   -33.7661    -2.6728    -0.9823     0.0000    0.00019
    2248   74.9000     G3    1    0    -32.9332    19.9475   0.157691   -33.9624    -2.3864    -0.8063     0.0000    0.00000
    2249   74.9333     G3    1    0    -32.9032    19.8685   0.158224   -33.9261    -1.9253    -0.8162     0.0000    0.00092
    2250   74.9667     G3    1    0    -32.8165    19.7902   0.158729   -33.9021    -1.7814    -0.8616     0.0000    0.00000
    2251   75.0000     G3    1    0    -32.7726    19.7324   0.158981   -33.8723    -1.5757    -0.8185     0.0000    0.00035
    2252   75.0333     G3    1    0    -32.7110    19.6030   0.159515   -33.8290    -0.9303    -0.5826     0.0000    0.00000
    2253   75.0667     G3    1    0    -32.6064    19.5328   0.159912   -33.7962    -0.7529    -0.3897     1.3517    0.00000
    2254   75.1000     G3    1    0    -32.4922    19.5115   0.160046   -33.7906    -0.7998    -0.5140     2.9048    0.00039
    2255   75.1333     G3    1    0    -32.4342    19.5290   0.160058   -34.1475    -0.8663    -0.5530     3.2790    0.00019
    2256   75.1667     G3    1    0    -32.3386    19.5683   0.160053   -34.8715    -0.8468    -0.5138     4.2146    0.00027
    2257   75.2000     G3    1    0    -32.3102    19.5619   0.159977   -34.8951    -0.4317    -0.2712     4.0462    0.00000
    2258   75.2333     G3    1    0    -32.2878    19.5686   0.159931   -35.2536    -0.4381    -0.2682     3.0358    0.00005
    2259   75.2667     G3    1    0    -32.2593    19.5790   0.159868   -35.6056    -0.4769    -0.2848     0.0000    0.00012
    2260   75.3000     G3    1    0    -32.2581    19.5973   0.159861   -36.2961    -0.3750    -0.1856     0.0000    0.00000
    2261   75.3333     G3    1    0    -32.2690    19.6011   0.159861   -36.2986    -0.2342    -0.0916     0.0000    0.00007
    2262   75.3667     G3    1    0    -32.2968    19.6014   0.159881   -36.2975    -0.0728     0.0188     0.0000    0.00009
    2263   75.4000     G3    1    0    -32.3019    19.6032   0.159994   -36.2966    -0.0521     0.0361     0.0000    0.00001
    2264   75.4333     G3    1    0    -32.2731    19.6091   0.160130   -36.2974    -0.0737     0.0167     0.0000    0.00006
    2265   75.4667     G3    1    0    -32.2655    19.5875   0.160152   -36.2802     0.0692     0.0710     0.0000    0.00007
    2266   75.5000     G3    1    0    -32.3161    19.4967   0.160024   -36.1452     0.7989     1.0225     0.0000    0.00000
    2267   75.5333     G3    1    0    -32.3842    19.5928   0.159914   -35.3446     0.6171     2.9637     0.0000    0.00000
    2268   75.5667     G3    1    0    -32.4284    19.6840   0.159892   -34.9285     0.2546     4.0989     0.0000    0.00000
    2269   75.6000     G3    1    0    -32.4277    19.9242   0.159696   -34.4897    -1.2377     5.1610     0.0000    0.00000
    2270   75.6333     G3    1    0    -32.4009    20.0640   0.159336   -33.8887    -1.6909     5.0517     0.0000    0.00000
    2271   75.6667     G3    1    0    -32.3667    20.2540   0.159128   -31.7945    -2.0273     5.0943     0.0000    0.00000
    2272   75.7000     G3    1    0    -32.3327    20.3482   0.159121   -30.8404    -2.2553     5.0489     0.0000    0.00000
    2273   75.7333     G3    1    0    -32.2812    20.4412   0.159069   -30.9489    -2.1881     4.3103     0.0000    0.00000
    2274   75.7667     G3    1    0    -32.1443    20.5012   0.158985   -29.5346    -2.4119     2.0579     0.0000    0.00000
    2275   75.8000     G3    1    0    -32.0704    20.4983   0.158945   -28.9675    -2.3231     0.7795     0.0000    0.00000
    2276   75.8333     G3    1    0    -32.0218    20.4546   0.158789   -28.6691    -1.7799    -0.9053     0.0000    0.00000
    2277   75.8667     G3    1    0    -31.9926    20.5084   0.158666   -28.3503    -1.6951    -2.1130     0.0000    0.00000
    2278   75.9000     G3    1    0    -31.9328    20.5173   0.158597   -27.7549    -1.3265    -3.4285     0.0000    0.00000
    2279   75.9333     G3    1    0    -31.9297    20.5083   0.158501   -27.7722    -1.0354    -3.6257     0.0000    0.00030
    2280   75.9667     G3    1    0    -31.8885    20.5936   0.158404   -27.7592    -1.4420    -4.0414     0.0000    0.00000
    2281   76.0000     G3    1    0    -31.8211    20.6314   0.158354   -27.7753    -1.6959    -4.7111     0.0000    0.00000
    2282   76.0333     G3    1    0    -31.8146    20.6093   0.158328   -27.7640    -1.5813    -4.8687     0.0000    0.00008
    2283   76.0667     G3    1    0    -31.8719    20.5772   0.158247   -27.6382    -1.4071    -4.2587     0.0000    0.00000
    2284   76.1000     G3    1    0    -31.9166    20.5983   0.158111   -27.1695    -1.5710    -3.2539     0.0000    0.00000
    2285   76.1333     G3    1    0    -31.9196    20.6481   0.157792   -26.3984    -1.9996    -2.7556     0.0000    0.00000
    2286   76.1667     G3    1    0    -31.9307    20.6616   0.157613   -25.6920    -2.1049    -2.6732     0.0000    0.00000
    2287   76.2000     G3    1    0    -31.9611    20.6949   0.157123   -25.6769    -2.2896    -2.5727     0.0000    0.00043
    2288   76.2333     G3    1    0    -31.9978    20.8305   0.156478   -25.6976    -2.9076    -2.6272     0.0000    0.00000
    2289   76.2667     G3    1    0    -32.0385    20.9275   0.156223   -25.7249    -3.2270    -2.5956     0.0000    0.00063
    2290   76.3000     G3    1    0    -32.1696    21.0918   0.155678   -25.7957    -3.5569    -2.6105     0.0000    0.00000
    2291   76.3333     G3    1    0    -32.3449    21.1329   0.155101   -25.8566    -3.3716    -2.7533     0.0000    0.00000
    2292   76.3667     G3    1    0    -32.5873    21.1299   0.154667   -25.8670    -3.1128    -2.8657     0.0000    0.00000
    2293   76.4000     G3    1    0    -32.7052    21.1190   0.154450   -25.8863    -2.8906    -3.0571     0.0000    0.00071
    2294   76.4333     G3    1    0    -32.9586    21.1565   0.154047   -25.8684    -2.9296    -3.1230     0.0000    0.00000
    2295   76.4667     G3    1    0    -33.2453    21.2002   0.153726   -25.8023    -3.1699    -3.1256     0.0000    0.00000
    2296   76.5000     G3    1    0    -33.3911    21.2137   0.153621   -25.7553    -3.2864    -3.1427     0.0000    0.00062
    2297   76.5333     G3    1    0    -33.6832    21.2306   0.153449   -25.6744    -3.2657    -2.9578     0.0000    0.00000
    2298   76.5667     G3    1    0    -33.8083    21.2389   0.153441   -25.6544    -3.2191    -2.8403     0.0000    0.00033
    2299   76.6000     G3    1    0    -34.0808    21.2200   0.153738   -25.6132    -2.8287    -2.0812     0.0000    0.00000
    2300   76.6333     G3    1    0    -34.1605    21.2026   0.153931   -25.5489    -2.5181    -1.2293     0.0000    0.00000
    2301   76.6667     G3    1    0    -34.2715    21.1295   0.154473   -24.3485    -1.7161     0.9114     0.0000    0.00000
    2302   76.7000     G3    1    0    -34.2205    21.0679   0.155179   -22.1686    -1.8800     3.1547     0.0000    0.00001
    2303   76.7333     G3    1    0    -34.1526    21.0054   0.155536   -21.0666    -2.1224     4.2123     0.0000    0.00000
    2304   76.7667     G3    1    0    -33.9606    20.7849   0.156199   -20.3499    -2.5126     6.1408     0.0000    0.00000
    2305   76.8000     G3    1    0    -33.7471    20.4675   0.156699   -20.0001    -2.4618     7.5101     0.0000    0.00000
    2306   76.8333     G3    1    0    -33.5572    20.2268   0.156916   -19.9387    -2.9059     8.4810     0.0000    0.00000
    2307   76.8667     G3    1    0    -33.4481    20.1693   0.156955   -19.9600    -3.4228     8.7349     0.0000    0.00000
    2308   76.9000     G3    1    0    -33.2855    20.0747   0.156936   -19.9914    -4.1339     9.3494     0.0000    0.00000
    2309   76.9333     G3    1    0    -33.2157    20.0101   0.156745   -19.9864    -4.5551    10.0111     0.0000    0.00000
    2310   76.9667     G3    1    0    -33.2005    19.9872   0.156639   -19.9771    -4.6798    10.1838     0.0000    0.00014
    2311   77.0000     G3    1    0    -33.1846    19.9694   0.156458   -19.9401    -4.9286    10.3513     0.0000    0.00027
    2312   77.0333     G3    1    0    -33.1897    19.9522   0.156440   -19.9090    -4.9272    10.2908     0.0000    0.00002
    2313   77.0667     G3    1    0    -33.1898    19.9428   0.156466   -19.8768    -4.9599    10.2361     0.0000    0.00002
    2314   77.1000     G3    1    0    -33.2000    19.9194   0.156578   -19.8167    -4.9940    10.1624     0.0000    0.00007
    2315   77.1333     G3    1    0    -33.2239    19.8818   0.156796   -19.7951    -4.7986    10.0678     0.0000    0.00019
    2316   77.1667     G3    1    0    -33.2604    19.8560   0.157139   -19.7882    -4.5880    10.0265     0.1915    0.00027
    2317   77.2000     G3    1    0    -33.2727    19.8689   0.157355   -19.8162    -4.6345     9.8962     2.2873    0.00010
    2318   77.2333     G3    1    0    -33.2834    19.8730   0.157783   -19.9235    -4.5761     9.1049     4.6169    0.00000
    2319   77.2667     G3    1    0    -33.2452    19.8510   0.158133   -20.0764    -4.4432     7.7207     6.6752    0.00000
    2320   77.3000     G3    1    0    -33.2455    19.8323   0.158287   -20.1025    -4.2915     7.1057     7.1804    0.00000
    2321   77.3333     G3    1    0    -33.2779    19.7696   0.158550   -20.0413    -3.7198     6.1073     7.3862    0.00000
    2322   77.3667     G3    1    0    -33.2942    19.7241   0.158793   -19.9482    -3.1539     5.1001     7.4611    0.00000
    2323   77.4000     G3    1    0    -33.2701    19.6963   0.158950   -19.8891    -2.6833     4.1305     7.8260    0.00000
    2324   77.4333     G3    1    0    -33.2555    19.6755   0.159030   -19.8785    -2.4037     3.6775     8.0599    0.00000
    2325   77.4667     G3    1    0    -33.2071    19.6888   0.159263   -19.8587    -2.3136     3.2463     9.0422    0.00035
    2326   77.5000     G3    1    0    -33.1918    19.6941   0.159527   -19.8039    -2.1822     3.4121     9.3603    0.00015
    2327   77.5333     G3    1    0    -33.1709    19.7068   0.159642   -19.7999    -2.2204     3.3773     9.2761    0.00004
    2328   77.5667     G3    1    0    -33.1359    19.7339   0.159805   -19.8042    -2.2803     3.3323     6.2354    0.00011
    2329   77.6000     G3    1    0    -33.1061    19.7582   0.159865   -19.8108    -2.3382     3.2883     2.7644    0.00004
    2330   77.6333     G3    1    0    -33.0509    19.7612   0.159984   -20.5178    -2.3003     3.0252     1.5575    0.00000
    2331   77.6667     G3    1    0    -33.0262    19.7499   0.160044   -20.8641    -2.1767     2.8706     0.9401    0.00000
    2332   77.7000     G3    1    0    -32.8882    19.7728   0.159941   -22.2839    -2.5693     1.2019     0.0000    0.00000
    2333   77.7333     G3    1    0    -32.7431    19.8840   0.159719   -24.3218    -3.2234    -0.4271     0.0000    0.00001
    2334   77.7667     G3    1    0    -32.7109    19.9565   0.159709   -24.9379    -3.4356    -0.6909     0.0000    0.00000
    2335   77.8000     G3    1    0    -32.7427    19.9660   0.159685   -24.7093    -2.8543    -0.5904     0.0000    0.00000
    2336   77.8333     G3    1    0    -32.7525    19.9023   0.159746   -25.3358    -2.1853    -0.7555     0.0000    0.00000
    2337   77.8667     G3    1    0    -32.7765    19.8048   0.159917   -26.6766    -1.5511    -1.1408     0.0000    0.00000
    2338   77.9000     G3    1    0    -32.7830    19.7583   0.159954   -26.8201    -1.2235    -1.4922     0.0000    0.00000
    2339   77.9333     G3    1    0    -32.7745    19.7379   0.160103   -27.9269    -0.8740    -1.8888     0.0000    0.00000
    2340   77.9667     G3    1    0    -32.7802    19.7467   0.160392   -28.9790    -0.7806    -1.9261     0.0000    0.00000
    2341   78.0000     G6    1    0    -32.7855    19.7229   0.160554   -29.3283    -0.6374    -2.0402     0.0000    0.00000
    2342   78.0333     G6    1    0    -32.7417    19.6921   0.160877   -29.7129    -0.5925    -2.5903     0.0000    0.00000
    2343   78.0667     G6    1    0    -32.6937    19.6741   0.161206   -30.7739    -0.5258    -3.0475     0.0000    0.00000
    2344   78.1000     G6    1    0    -32.6625    19.6420   0.161497   -30.8198    -0.2505    -3.4645     0.0000    0.00000
    2345   78.1333     G6    1    0    -32.6623    19.6194   0.161617   -31.1885     0.0108    -3.5453     0.0000    0.00000
    2346   78.1667     G6    1    0    -32.6357    19.6200   0.161801   -31.2271     0.2174    -3.5902     0.0000    0.00020
    2347   78.2000     G6    1    0    -32.6278    19.6045   0.161920   -31.2516     0.6411    -3.2936     2.6148    0.00000
    2348   78.2333     G6    1    0    -32.6362    19.5892   0.161948   -31.2702     0.9513    -3.0798     4.4953    0.00034
    2349   78.2667     G6    1    0    -32.6385    19.6029   0.161967   -31.3039     1.1976    -2.6506     7.6669    0.00000
    2350   78.3000     G6    1    0    -32.6255    19.6379   0.161932   -31.3596     1.3267    -2.3135     9.9872    0.00030
    2351   78.3333     G6    1    0    -32.6258    19.6725   0.161910   -31.3990     1.4299    -1.9810    10.7450    0.00025
    2352   78.3667     G6    1    0    -32.6165    19.6945   0.161912   -31.4162     1.4130    -1.9640    10.1368    0.00001
    2353   78.4000     G6    1    0    -32.6160    19.7226   0.161851   -31.4224     1.3413    -1.9918     1.2956    0.00005
    2354   78.4333     G6    1    0    -32.5666    19.7516   0.161724   -31.4533     0.8438    -2.5558     0.0000    0.00000
    2355   78.4667     G6    1    0    -32.5416    19.7613   0.161694   -31.4484     0.5581    -2.7605     0.0000    0.00028
    2356   78.5000     G6    1    0    -32.5331    19.7504   0.161637   -31.4134     0.3718    -2.9177     0.0000    0.00015
    2357   78.5333     G6    1    0    -32.4999    19.7829   0.161621   -31.7196    -0.0876    -2.9825     0.0000    0.00000
    2358   78.5667     G6    1    0    -32.4731    19.8111   0.161666   -32.7338    -0.3230    -3.0901     0.0000    0.00000
    2359   78.6000     G6    1    0    -32.4616    19.8688   0.161776   -34.0918    -0.5380    -3.1019     0.0000    0.00000
    2360   78.6333     G6    1    0    -32.4392    19.9270   0.161875   -34.1107    -0.7737    -3.4143     0.0000    0.00036
    2361   78.6667     G6    1    0    -32.4352    19.9735   0.161881   -34.1220    -0.8786    -3.4173     0.0000    0.00006
    2362   78.7000     G6    1    0    -32.4275    20.0779   0.161856   -34.1857    -1.0217    -3.3818     0.0000    0.00027
    2363   78.7333     G6    1    0    -32.4105    20.1855   0.161824   -34.2540    -1.1738    -3.3544     0.0000    0.00030
    2364   78.7667     G6    1    0    -32.3768    20.2638   0.161793   -34.3084    -1.2980    -3.3530     0.0000    0.00020
    2365   78.8000     G6    1    0    -32.3633    20.2988   0.161785   -34.3320    -1.3525    -3.3510     0.0000    0.00004
    2366   78.8333     G6    1    0    -32.3554    20.3049   0.161788   -34.3351    -1.3692    -3.3583     0.0000    0.00000
    2367   78.8667     G6    1    0    -32.3473    20.2972   0.161784   -34.3392    -1.2400    -3.2860     0.0000    0.00006
    2368   78.9000     G6    1    0    -32.3415    20.2910   0.161746   -34.3436    -1.1169    -3.2149     0.0000    0.00006
    2369   78.9333     G6    1    0    -32.3492    20.2776   0.161700   -34.3413    -0.9778    -3.1362     0.0000    0.00007
    2370   78.9667     G6    1    0    -32.3341    20.2512   0.161489   -34.3354    -0.8608    -3.0994     0.0000    0.00014
    2371   79.0000     G6    1    0    -32.3402    20.2187   0.161166   -34.3242    -0.5235    -2.7034     0.0000    0.00000
    2372   79.0333     G6    1    0    -32.3256    20.2251   0.161035   -34.3293    -0.5768    -2.5965     0.0000    0.00005
    2373   79.0667     G6    1    0    -32.3251    20.1967   0.160865   -34.3453    -0.3658    -2.4338     0.0000    0.00020
    2374   79.1000     G6    1    0    -32.3387    20.1082   0.160601   -34.3535     0.2118    -2.3678     0.0000    0.00000
    2375   79.1333     G6    1    0    -32.3359    20.0956   0.160431   -34.3637     0.2360    -2.3564     0.0000    0.00004
    2376   79.1667     G6    1    0    -32.3448    20.0539   0.160342   -34.6879     0.4550    -2.4689     0.0000    0.00000
    2377   79.2000     G6    1    0    -32.3756    19.9283   0.160068   -35.8052     1.0723    -3.0012     0.0000    0.00000
    2378   79.2333     G6    1    0    -32.4301    19.8051   0.159822   -36.9461     1.7379    -3.4730     0.0000    0.00000
    2379   79.2667     G6    1    0    -32.4592    19.7436   0.159691   -37.3438     2.0264    -3.7333     0.0000    0.00000
    2380   79.3000     G6    1    0    -32.5378    19.6197   0.159489   -38.7852     2.5718    -4.3249     0.0000    0.00000
    2381   79.3333     G6    1    0    -32.6382    19.4510   0.159326   -39.6561     3.4751    -5.0998     0.0000    0.00000
    2382   79.3667     G6    1    0    -32.7763    19.2823   0.159179   -41.5394     4.3678    -5.8932     0.0000    0.00000
    2383   79.4000     G6    1    0    -32.8626    19.2017   0.159139   -42.3053     4.7754    -6.2639     0.0000    0.00000
    2384   79.4333     G6    1    0    -33.0367    19.0215   0.159109   -44.2136     5.6178    -7.3942     0.0000    0.00000
    2385   79.4667     G6    1    0    -33.1945    18.8823   0.159067   -46.1014     6.2166    -8.4624     0.0000    0.00000
    2386   79.5000     G6    1    0    -33.3076    18.8038   0.159054   -47.2585     6.8178    -8.9103     0.0000    0.00000
    2387   79.5333     G6    1    0    -33.4882    18.6849   0.159065   -49.2718     7.7730    -9.9784     0.0000    0.00000
    2388   79.5667     G6    1    0    -33.6743    18.5766   0.159137   -50.9951     8.9321   -10.8708     0.0000    0.00000
    2389   79.6000     G6    1    0    -33.7504    18.5259   0.159171   -51.8393     9.4221   -11.2864     0.0000    0.00000
    2390   79.6333     G6    1    0    -33.9023    18.4435   0.159210   -54.2386    10.4030   -12.1085     0.0000    0.00000
    2391   79.6667     G6    1    0    -34.0596    18.3258   0.159286   -56.4067    11.5692   -13.2975     0.0000    0.00001
    2392   79.7000     G6    1    0    -34.2192    18.2479   0.159311   -58.1289    12.5836   -13.9715     0.0000    0.00000
    2393   79.7333     G6    1    0    -34.2988    18.2203   0.159338   -58.9555    13.0034   -14.2607     0.0000    0.00000
    2394   79.7667     G6    1    0    -34.4843    18.1194   0.159391   -61.0984    14.0439   -15.3855     0.0000    0.00001
    2395   79.8000     G6    1    0    -34.6750    18.0375   0.159439   -62.9072    15.1707   -16.2438     0.0000    0.00000
    2396   79.8333     G6    1    0    -34.8266    17.9583   0.159447   -64.2009    15.8591   -16.9510     0.0000    0.00000
    2397   79.8667     G6    1    0    -34.9298    17.9076   0.159444   -64.6389    16.2309   -17.2090     0.0000    0.00000
    2398   79.9000     G6    1    0    -35.1379    17.7965   0.159384   -65.3542    16.4571   -17.7438     0.0000    0.00000
    2399   79.9333     G6    1    0    -35.3649    17.6866   0.159257   -65.6039    16.5619   -18.0255     0.0000    0.00000
    2400   79.9667     G6    1    0    -35.4192    17.6466   0.159127   -65.4424    16.2559   -18.0503     0.0000    0.00052
    2401   80.0000     G6    1    0    -35.5456    17.5498   0.158878   -65.2658    16.1229   -18.1054     0.0000    0.00091
    2402   80.0333     G6    1    0    -35.6265    17.4122   0.158583   -65.2401    16.2395   -18.4087     0.0000    0.00000
    2403   80.0667     G6    1    0    -35.6334    17.3321   0.158401   -65.2379    16.2255   -18.6554     0.0000    0.00033
    2404   80.1000     G6    1    0    -35.7029    17.1694   0.158053   -66.0791    16.5795   -19.2528     0.0000    0.00000
    2405   80.1333     G6    1    0    -35.7685    17.0506   0.157729   -67.5902    16.7557   -19.9625     0.0000    0.00000
    2406   80.1667     G6    1    0    -35.8484    16.9797   0.157418   -68.7928    16.7947   -20.6624     0.0000    0.00000
    2407   80.2000     G6    1    0    -35.8979    16.9704   0.157277   -68.8326    16.8447   -20.8236     0.0000    0.00016
    2408   80.2333     G6    1    0    -36.0275    17.0196   0.157037   -69.3197    16.9456   -21.1790     0.0000    0.00000
    2409   80.2667     G6    1    0    -36.1514    17.1187   0.156894   -69.8070    17.0246   -21.4507     0.0000    0.00000
    2410   80.3000     G6    1    0    -36.2131    17.1253   0.156898   -69.9711    17.2281   -21.8325     0.0000    0.00000
    2411   80.3333     G6    1    0    -36.3105    17.1098   0.156949   -71.7234    17.2868   -23.1510     0.0000    0.00000
    2412   80.3667     G6    1    0    -36.3661    17.0666   0.157005   -73.5898    17.4870   -24.6238     0.0000    0.00000
    2413   80.4000     G6    1    0    -36.3753    17.0142   0.156937   -75.0089    17.7013   -25.6033     0.0000    0.00000
    2414   80.4333     G6    1    0    -36.3590    17.0109   0.156870   -75.6606    17.4990   -25.7960     0.0000    0.00000
    2415   80.4667     G6    1    0    -36.3192    16.9735   0.156757   -76.6876    17.0159   -26.3151     0.0000    0.00000
    2416   80.5000     G6    1    0    -36.2941    16.9199   0.156717   -77.0982    16.7067   -26.9856     0.0000    0.00000
    2417   80.5333     G6    1    0    -36.3134    16.9147   0.156712   -77.5333    16.6903   -27.2747     0.0000    0.00000
    2418   80.5667     G6    1    0    -36.3726    16.8997   0.156607   -77.5593    16.7200   -27.4282     0.0000    0.00016
    2419   80.6000     G6    1    0    -36.5692    16.8641   0.156628   -77.7189    17.2366   -27.6866     0.0000    0.00000
    2420   80.6333     G6    1    0    -36.7500    16.8143   0.156730   -77.8807    17.3694   -28.5223     0.0000    0.00000
    2421   80.6667     G6    1    0    -36.8401    16.7972   0.156835   -77.9883    17.4578   -28.9701     0.0000    0.00043
    2422   80.7000     G6    1    0    -37.0257    16.7706   0.156976   -78.0628    17.6853   -29.3052     0.0000    0.00091
    2423   80.7333     G6    1    0    -37.2149    16.7069   0.156992   -77.9933    17.9116   -29.3288     0.0000    0.00087
    2424   80.7667     G6    1    0    -37.3071    16.6446   0.157068   -77.9478    18.0412   -29.3838     0.0000    0.00032
    2425   80.8000     G6    1    0    -37.4351    16.4507   0.157242   -77.8541    18.1971   -29.6997     0.0000    0.00000
    2426   80.8333     G6    1    0    -37.4904    16.2490   0.157349   -77.7733    18.2856   -29.9641     0.0000    0.00000
    2427   80.8667     G6    1    0    -37.4918    16.1644   0.157375   -77.7480    18.3318   -30.0624     0.0000    0.00016
    2428   80.9000     G6    1    0    -37.4105    16.0222   0.157465   -77.7087    18.2911   -30.2402     0.0000    0.00066
    2429   80.9333     G6    1    0    -37.2263    15.8893   0.157441   -77.6537    18.0189   -30.4015     0.0000    0.00000
    2430   80.9667     G6    1    0    -37.0539    15.7724   0.157194   -77.6156    17.7471   -30.5418     0.0000    0.00000
    2431   81.0000     G6    1    0    -36.9969    15.7083   0.157075   -77.6001    17.6736   -30.6193     0.0000    0.00023
    2432   81.0333     G6    1    0    -36.9048    15.5561   0.156968   -77.5611    17.5952   -30.8057     0.0000    0.00075
    2433   81.0667     G6    1    0    -36.7857    15.3168   0.156946   -77.1755    17.6592   -31.0015     0.0000    0.00000
    2434   81.1000     G6    1    0    -36.7291    15.1949   0.156957   -77.1059    17.6900   -30.9648     0.0000    0.00045
    2435   81.1333     G6    1    0    -36.4883    14.9165   0.157263   -76.7916    17.2018   -31.2695     0.0000    0.00000
    2436   81.1667     G6    1    0    -36.1715    14.6200   0.157575   -76.3856    16.4971   -31.5626     0.0000    0.00000
    2437   81.2000     G6    1    0    -35.8860    14.3354   0.157901   -75.3805    16.1908   -31.6827     0.0000    0.00000
    2438   81.2333     G6    1    0    -35.7440    14.2173   0.157969   -75.2633    15.9482   -31.8212     0.0000    0.00000
    2439   81.2667     G6    1    0    -35.5012    14.0834   0.157920   -74.3085    16.0629   -31.5941     0.0000    0.00000
    2440   81.3000     G6    1    0    -35.1427    14.1305   0.157926   -72.7915    15.3087   -31.2344     0.0000    0.00000
    2441   81.3333     G6    1    0    -34.8189    14.1634   0.157976   -71.5564    14.7840   -31.1615     0.0000    0.00000
    2442   81.3667     G6    1    0    -34.6781    14.1527   0.157907   -71.6275    14.6135   -31.4028     0.0000    0.00053
    2443   81.4000     G6    1    0    -34.4135    14.1234   0.157533   -71.6349    14.1985   -31.4819     0.0000    0.00000
    2444   81.4333     G6    1    0    -34.3278    14.0348   0.157199   -71.9534    14.5608   -31.6675     0.0000    0.00000
    2445   81.4667     G6    1    0    -34.3391    13.9821   0.156995   -72.2019    14.9608   -31.7760     0.0000    0.00000
    2446   81.5000     G6    1    0    -34.3644    13.8635   0.156700   -72.4069    15.2838   -32.1188     0.0000    0.00000
    2447   81.5333     G6    1    0    -34.4511    13.7641   0.156554   -72.5244    15.6495   -32.2366     0.0000    0.00000
    2448   81.5667     G6    1    0    -34.4960    13.7270   0.156503   -72.5353    15.7532   -32.2709     0.0000    0.00009
    2449   81.6000     G6    1    0    -34.5956    13.6712   0.156474   -72.6384    15.9962   -32.5018     0.0000    0.00000
    2450   81.6333     G6    1    0    -34.7008    13.6039   0.156392   -72.8205    16.3465   -32.7584     0.0000    0.00000
    2451   81.6667     G6    1    0    -34.7853    13.5013   0.156356   -72.8343    16.4955   -33.0333     0.0000    0.00044
    2452   81.7000     G6    1    0    -34.8374    13.4248   0.156386   -72.8026    16.6021   -33.1005     0.0000    0.00020
    2453   81.7333     G6    1    0    -34.9949    13.2373   0.156534   -73.2054    16.9916   -33.4029     0.0000    0.00000
    2454   81.7667     G6    1    0    -35.1065    13.0889   0.156893   -73.7426    16.9341   -33.7243     0.0000    0.00000
    2455   81.8000     G6    1    0    -35.1411    13.0322   0.157155   -74.0291    16.8772   -33.9315     0.0000    0.00000
    2456   81.8333     G6    1    0    -35.1921    12.9277   0.157676   -74.6859    16.8039   -34.3598     0.0000    0.00000
    2457   81.8667     G6    1    0    -35.2703    12.8538   0.158200   -75.8586    16.8970   -34.9005     0.0000    0.00000
    2458   81.9000     G6    1    0    -35.2956    12.8214   0.158474   -76.2714    16.9565   -35.1446     0.0000    0.00000
    2459   81.9333     G6    1    0    -35.3858    12.8067   0.159006   -77.6040    17.2399   -35.5802     0.0000    0.00000
    2460   81.9667     G6    1    0    -35.5033    12.8534   0.159426   -79.0973    17.6057   -36.2014     0.0000    0.00000
    2461   82.0000     G6    1    0    -35.5345    12.9288   0.159781   -80.8623    17.0157   -37.0115     0.0000    0.00000
    2462   82.0333     G6    1    0    -35.5650    12.9672   0.159911   -81.7050    16.8549   -37.3998     0.0000    0.00000
    2463   82.0667     G6    1    0    -35.6657    13.1139   0.159893   -83.1178    16.9648   -37.6902     0.0000    0.00000
    2464   82.1000     G6    1    0    -35.7639    13.3215   0.159674   -84.4779    17.0402   -37.7342     0.0000    0.00000
    2465   82.1333     G6    1    0    -35.7479    13.4432   0.159433   -86.2700    15.9496   -37.9592     0.0000    0.00000
    2466   82.1667     G6    1    0    -35.8730    13.5622   0.158984   -88.8473    15.3881   -38.4993     0.0000    0.00000
    2467   82.2000     G6    1    0    -35.9239    13.5744   0.158481   -89.6652    14.8411   -38.5273     0.0000    0.00000
    2468   82.2333     G6    1    0    -35.9916    13.5848   0.158088   -89.5897    14.9729   -38.1408     0.0000    0.00064
    2469   82.2667     G6    1    0    -36.0244    13.5936   0.157898   -89.5183    15.0313   -37.8598     0.0000    0.00022
    2470   82.3000     G6    1    0    -36.0777    13.6141   0.157393   -89.4705    14.9909   -37.7094     0.0000    0.00051
    2471   82.3333     G6    1    0    -36.0994    13.6495   0.156759   -89.4050    14.8914   -37.4135     0.0000    0.00056
    2472   82.3667     G6    1    0    -36.1037    13.6521   0.156371   -89.3454    14.8084   -37.2124     0.0000    0.00012
    2473   82.4000     G6    1    0    -36.1686    13.6341   0.155378   -89.1748    14.8226   -36.6040     0.0000    0.00000
    2474   82.4333     G6    1    0    -36.2816    13.5911   0.154236   -88.5162    15.2819   -36.1313     0.0000    0.00000
    2475   82.4667     G6    1    0    -36.3821    13.6243   0.152816   -87.6176    15.4527   -35.1822     0.0000    0.00000
    2476   82.5000     G6    1    0    -36.4383    13.6638   0.152116   -86.5273    15.8101   -34.4436     0.0000    0.00000
    2477   82.5333     G6    1    0    -36.5058    13.8421   0.150667   -84.1465    16.7086   -32.9934     0.0000    0.00001
    2478   82.5667     G6    1    0    -36.5136    14.2294   0.149207   -82.2983    17.5446   -31.3811     0.0000    0.00001
    2479   82.6000     G6    1    0    -36.4183    14.6651   0.147707   -79.8571    18.3228   -29.7971     0.0000    0.00001
    2480   82.6333     G6    1    0    -36.3358    14.8862   0.146912   -78.5877    18.5840   -28.9123     0.0000    0.00000
    2481   82.6667     G6    1    0    -36.1245    15.2657   0.145146   -75.6983    19.1046   -27.1454     0.0000    0.00002
    2482   82.7000     G6    1    0    -35.8488    15.6522   0.143099   -72.0279    19.7016   -24.6493     0.0000    0.00003
    2483   82.7333     G6    1    0    -35.6667    15.8417   0.142033   -70.8206    19.6496   -23.5563     0.0000    0.00000
    2484   82.7667     G6    1    0    -35.2946    16.1549   0.139718   -67.9623    20.3339   -21.3427     0.0000    0.00002
    2485   82.8000     G6    1    0    -34.8138    16.5066   0.137346   -65.3682    20.7822   -19.2348     0.0000    0.00002
    2486   82.8333     G6    1    0    -34.3189    16.7966   0.135080   -63.6524    21.3593   -17.9503     0.0000    0.00001
    2487   82.8667     G6    1    0    -34.0289    16.9508   0.133899   -62.5688    21.7216   -17.1918     0.0000    0.00000
    2488   82.9000     G6    1    0    -33.4142    17.3301   0.131717   -60.8239    21.9623   -15.6361     0.0000    0.00001
    2489   82.9333     G6    1    0    -32.7759    17.7583   0.129599   -59.1832    22.2442   -14.1719     0.0000    0.00001
    2490   82.9667     G6    1    0    -32.4051    18.0026   0.128548   -58.0077    22.1313   -13.4036     0.0000    0.00000
    2491   83.0000     G6    1    0    -31.8253    18.4488   0.126738   -56.4675    22.5247   -12.1968     0.0000    0.00001
    2492   83.0333     G6    1    0    -31.2679    18.9135   0.124934   -54.0494    22.9420   -10.3076     0.0000    0.00001
    2493   83.0667     G6    1    0    -30.9862    19.1774   0.124107   -52.8265    22.8178    -9.3930     0.0000    0.00000
    2494   83.1000     G6    1    0    -30.4716    19.7594   0.122637   -50.6892    22.3503    -7.6010     0.0000    0.00001
    2495   83.1333     G6    1    0    -30.0867    20.2332   0.121479   -48.5380    22.2689    -6.2699     0.0000    0.00001
    2496   83.1667     G6    1    0    -29.8053    20.6580   0.120760   -46.6533    21.8473    -5.2158     0.0000    0.00001
    2497   83.2000     G6    1    0    -29.7074    20.8270   0.120595   -45.4994    21.5806    -4.6330     0.0000    0.00000
    2498   83.2333     G6    1    0    -29.6624    21.0468   0.120598   -43.4557    21.1611    -3.4056     0.0000    0.00001
    2499   83.2667     G4    1    0    -29.8272    21.1273   0.121009   -41.6386    21.1120    -2.1448     0.0000    0.00000
    2500   83.3000     G4    1    0    -29.9702    21.1442   0.121375   -41.0021    21.1385    -1.5166     0.0000    0.00000
    2501   83.3333     G4    1    0    -30.2366    21.1967   0.122198   -39.7578    20.7455    -0.5862     0.0000    0.00000
    2502   83.3667     G4    1    0    -30.5065    21.2728   0.123062   -37.9047    20.1385     0.2272     0.0000    0.00001
    2503   83.4000     G4    1    0    -30.6359    21.3431   0.123509   -36.9541    19.6776     0.6857     0.0000    0.00000
    2504   83.4333     G4    1    0    -30.8495    21.5829   0.124543   -34.5623    17.9127     1.7696     0.0000    0.00002
    2505   83.4667     G4    1    0    -31.1108    21.8092   0.125603   -31.9008    16.3267     3.3483     0.0000    0.00002
    2506   83.5000     G4    1    0    -31.3417    22.1378   0.126656   -29.0778    14.0603     5.1613     0.0000    0.00004
    2507   83.5333     G4    1    0    -31.4470    22.3380   0.127203   -27.4238    12.7212     6.2426     0.0000    0.00001
    2508   83.5667     G4    1    0    -31.6524    22.7330   0.128233   -24.6469    10.0585     8.2652     0.0000    0.00004
    2509   83.6000     G4    1    0    -31.7966    23.0906   0.129168   -21.6797     7.4763     9.8540     0.0000    0.00003
    2510   83.6333     G4    1    0    -31.9110    23.4395   0.129978   -19.3705     5.0324    11.2348     0.0000    0.00002
    2511   83.6667     G4    1    0    -31.9451    23.6092   0.130309   -18.4959     3.8508    11.6944     0.0000    0.00000
    2512   83.7000     G4    1    0    -32.0190    23.9312   0.130833   -16.0039     1.7769    12.8655     0.0000    0.00001
    2513   83.7333     G4    1    0    -32.0751    24.2549   0.131267   -13.1868    -0.4744    14.0206     0.0000    0.00002
    2514   83.7667     G4    1    0    -32.1005    24.4088   0.131428   -12.2320    -1.5785    14.4998     0.0000    0.00000
    2515   83.8000     G4    1    0    -32.1523    24.7041   0.131734    -9.9295    -3.8774    15.3507     0.0000    0.00001
    2516   83.8333     G4    1    0    -32.1920    25.0493   0.132038    -7.4849    -6.4344    16.1027     0.0000    0.00001
    2517   83.8667     G4    1    0    -32.2467    25.3087   0.132241    -5.6546    -8.4640    16.8323     0.0000    0.00001
    2518   83.9000     G4    1    0    -32.2888    25.4283   0.132365    -4.4030    -9.4741    17.1516     0.0000    0.00000
    2519   83.9333     G4    1    0    -32.4001    25.7286   0.132702    -2.2626   -11.8489    17.8386     0.0000    0.00001
    2520   83.9667     G4    1    0    -32.5489    25.9931   0.132959    -0.1031   -14.0960    18.5562     0.0000    0.00001
    2521   84.0000     G4    1    0    -32.6083    26.1054   0.133105     0.7691   -15.1531    18.6997     0.0000    0.00000
    2522   84.0333     G4    1    0    -32.7545    26.2967   0.133501     2.2199   -17.2280    19.1667     0.0000    0.00000
    2523   84.0667     G4    1    0    -32.9363    26.4767   0.133984     4.3889   -19.4415    19.2550     0.0000    0.00001
    2524   84.1000     G4    1    0    -33.0240    26.5402   0.134212     4.9951   -20.2598    19.4547     0.0000    0.00000
    2525   84.1333     G4    1    0    -33.1472    26.6438   0.134652     5.8738   -21.5849    19.5189     0.0000    0.00000
    2526   84.1667     G4    1    0    -33.2730    26.7749   0.135275     7.4550   -23.3906    19.2388     0.0000    0.00000
    2527   84.2000     G4    1    0    -33.3706    26.8798   0.135915     8.3475   -25.0080    19.1809     0.0000    0.00000
    2528   84.2333     G4    1    0    -33.4101    26.8899   0.136198     8.6463   -25.6618    19.1934     0.0000    0.00000
    2529   84.2667     G4    1    0    -33.4736    26.9197   0.136857     9.7961   -27.3776    18.4767     0.0000    0.00000
    2530   84.3000     G4    1    0    -33.5428    26.9175   0.137540    10.6913   -28.8961    17.9042     0.0000    0.00000
    2531   84.3333     G4    1    0    -33.5544    26.8897   0.137741    11.1257   -29.3181    17.4457     0.0000    0.00000
    2532   84.3667     G4    1    0    -33.5673    26.7996   0.137937    11.4923   -29.7845    16.8897     0.0000    0.00000
    2533   84.4000     G4    1    0    -33.5623    26.7679   0.138099    11.4333   -30.4326    16.1367     0.0000    0.00000
    2534   84.4333     G4    1    0    -33.6631    26.8609   0.138255    11.6376   -31.6360    15.8875     0.0000    0.00000
    2535   84.4667     G4    1    0    -33.7300    26.9612   0.138286    11.5394   -32.2776    16.0055     0.0000    0.00000
    2536   84.5000     G4    1    0    -33.8213    27.1917   0.138269    11.4027   -33.4523    16.0844     0.0000    0.00000
    2537   84.5333     G4    1    0    -33.8809    27.3877   0.138129    11.3229   -34.4025    16.0787     0.0000    0.00000
    2538   84.5667     G4    1    0    -33.9159    27.4649   0.138061    11.3015   -34.8299    16.2424     0.0000    0.00000
    2539   84.6000     G4    1    0    -33.9512    27.5764   0.138011    11.2640   -35.6962    16.2299     0.0000    0.00000
    2540   84.6333     G4    1    0    -33.9504    27.6721   0.137993    11.2475   -36.6535    15.8875     0.0000    0.00000
    2541   84.6667     G4    1    0    -33.9072    27.7449   0.137942    11.1817   -37.4070    15.5068     0.0000    0.00000
    2542   84.7000     G4    1    0    -33.8839    27.7964   0.137904    11.1629   -37.7965    15.3072     0.0000    0.00000
    2543   84.7333     G4    1    0    -33.8202    27.8872   0.137888    11.1360   -38.3920    14.7193     0.0000    0.00000
    2544   84.7667     G4    1    0    -33.7388    27.9329   0.137868    11.1432   -38.7760    13.9347     0.0000    0.00000
    2545   84.8000     G4    1    0    -33.7127    27.9446   0.137843    11.1494   -38.9582    13.7318     0.0000    0.00015
    2546   84.8333     G4    1    0    -33.6465    28.0320   0.137850    11.1019   -39.6584    12.8336     0.0000    0.00000
    2547   84.8667     G4    1    0    -33.5665    28.1326   0.137819    10.7679   -39.9574    12.0155     0.0000    0.00000
    2548   84.9000     G4    1    0    -33.5167    28.1649   0.137795    10.0696   -39.8643    12.1028     0.0000    0.00075
    2549   84.9333     G4    1    0    -33.4543    28.1869   0.137759     9.3635   -39.7537    11.9007     0.0000    0.00000
    2550   84.9667     G4    1    0    -33.3409    28.1911   0.137718     8.0633   -39.5314    11.9529     0.0000    0.00000
    2551   85.0000     G4    1    0    -33.2946    28.2066   0.137756     7.6593   -39.4794    11.7387     0.0000    0.00000
    2552   85.0333     G4    1    0    -33.2627    28.2030   0.137784     7.0900   -39.3808    11.8984     0.0000    0.00000
    2553   85.0667     G4    1    0    -33.2458    28.2020   0.137772     6.6750   -39.3198    11.7989     0.0000    0.00046
    2554   85.1000     G4    1    0    -33.1834    28.2319   0.137755     5.7585   -39.2383    11.8696     0.0000    0.00000
    2555   85.1333     G4    1    0    -33.1354    28.2555   0.137734     5.1027   -39.1923    11.9130     0.0000    0.00069
    2556   85.1667     G4    1    0    -33.0714    28.3176   0.137689     4.2700   -39.2191    11.6701     0.0000    0.00000
    2557   85.2000     G4    1    0    -33.0182    28.3976   0.137621     3.5677   -39.2882    11.4159     0.0000    0.00000
    2558   85.2333     G4    1    0    -32.9570    28.4615   0.137592     2.8839   -39.3184    11.3115     0.0000    0.00000
    2559   85.2667     G4    1    0    -32.8960    28.4854   0.137589     2.2929   -39.3168    11.2679     0.0000    0.00071
    2560   85.3000     G4    1    0    -32.7991    28.5018   0.137595     1.5612   -39.3294    11.0552     0.0000    0.00000
    2561   85.3333     G4    1    0    -32.7781    28.4887   0.137601     1.7054   -39.4024    10.5442     0.0000    0.00000
    2562   85.3667     G4    1    0    -32.7389    28.4906   0.137596     1.1141   -39.3540    10.6922     0.0000    0.00040
    2563   85.4000     G4    1    0    -32.7113    28.5330   0.137659     0.7041   -39.4622    10.4036     0.0000    0.00000
    2564   85.4333     G4    1    0    -32.6944    28.5500   0.137749    -0.1438   -39.4352    10.5938     0.0000    0.00000
    2565   85.4667     G4    1    0    -32.6582    28.5651   0.137725    -0.9563   -39.4738    10.5578     0.0000    0.00000
    2566   85.5000     G4    1    0    -32.6560    28.5775   0.137725    -1.1800   -39.4982    10.5370     0.0000    0.00011
    2567   85.5333     G4    1    0    -32.6541    28.6306   0.137741    -1.7007   -39.5645    10.5831     0.0000    0.00047
    2568   85.5667     G4    1    0    -32.6533    28.6547   0.137669    -2.2413   -39.4167    10.6179     0.0000    0.00000
    2569   85.6000     G4    1    0    -32.6567    28.6717   0.137648    -2.5469   -39.4310    10.7102     0.0000    0.00009
    2570   85.6333     G4    1    0    -32.6535    28.6563   0.137618    -3.1672   -39.2111    10.8802     0.0000    0.00000
    2571   85.6667     G4    1    0    -32.6012    28.6535   0.137706    -4.2290   -39.1632    11.2117     0.0000    0.00000
    2572   85.7000     G4    1    0    -32.5507    28.6405   0.137767    -4.8890   -39.0011    11.1975     0.0000    0.00000
    2573   85.7333     G4    1    0    -32.5081    28.6165   0.137739    -5.5624   -38.7429    11.4094     0.0000    0.00000
    2574   85.7667     G4    1    0    -32.4592    28.5893   0.137683    -6.0413   -38.4107    11.2882     0.0000    0.00000
    2575   85.8000     G4    1    0    -32.3928    28.6191   0.137680    -7.0288   -38.4071    11.6228     0.0000    0.00000
    2576   85.8333     G4    1    0    -32.3386    28.6391   0.137671    -7.5412   -38.2492    11.6550     0.0000    0.00000
    2577   85.8667     G4    1    0    -32.3090    28.6509   0.137677    -8.0255   -38.2229    11.8745     0.0000    0.00000
    2578   85.9000     G4    1    0    -32.2391    28.6175   0.137545    -9.0213   -37.6539    12.0541     0.0000    0.00000
    2579   85.9333     G4    1    0    -32.1286    28.6114   0.137439   -10.4160   -37.1856    12.2398     0.0000    0.00000
    2580   85.9667     G4    1    0    -32.0940    28.6251   0.137377   -10.6733   -36.9967    12.1232     0.0000    0.00034
    2581   86.0000     G4    1    0    -32.0171    28.7164   0.137296   -11.2408   -36.8569    11.9744     0.0000    0.00000
    2582   86.0333     G4    1    0    -31.9857    28.8670   0.137282   -11.4977   -36.9929    11.7987     0.0000    0.00000
    2583   86.0667     G4    1    0    -31.9735    28.9227   0.137257   -11.8234   -36.9085    11.7875     0.0000    0.00024
    2584   86.1000     G4    1    0    -32.0280    29.0524   0.137269   -11.7375   -37.1821    11.6238     0.0000    0.00053
    2585   86.1333     G4    1    0    -32.0998    29.0769   0.137193   -12.4641   -36.8499    11.8630     0.0000    0.00000
    2586   86.1667     G4    1    0    -32.1998    29.0791   0.137066   -12.7774   -36.5198    11.8567     0.0000    0.00000
    2587   86.2000     G4    1    0    -32.2500    29.0704   0.137000   -12.7019   -36.2504    11.6350     0.0000    0.00036
    2588   86.2333     G4    1    0    -32.2707    29.0692   0.136898   -13.3432   -35.8150    11.6378     0.0000    0.00000
    2589   86.2667     G4    1    0    -32.2635    29.0856   0.136848   -13.5382   -35.7646    11.4611     0.0000    0.00020
    2590   86.3000     G4    1    0    -32.2469    29.0857   0.136830   -13.8428   -35.7755    11.5368     0.0000    0.00008
    2591   86.3333     G4    1    0    -32.2493    29.0725   0.136802   -13.7126   -35.6964    11.2855     0.0000    0.00014
    2592   86.3667     G4    1    0    -32.2420    29.0657   0.136847   -13.6913   -35.6900    11.2479     0.0000    0.00000
    2593   86.4000     G4    1    0    -32.2400    29.0633   0.136878   -13.6911   -35.6868    11.2485     0.0000    0.00000
    2594   86.4333     G4    1    0    -32.2406    29.0511   0.136907   -13.6754   -35.5224    11.1462     0.0000    0.00010
    2595   86.4667     G4    1    0    -32.2456    29.0529   0.136949   -13.6717   -35.3734    11.0529     0.0000    0.00010
    2596   86.5000     G4    1    0    -32.2601    29.0550   0.137014   -13.6545   -35.2308    10.9440     0.0000    0.00011
    2597   86.5333     G4    1    0    -32.2659    29.0325   0.137009   -13.6186   -34.9511    10.7582     0.0000    0.00029
    2598   86.5667     G4    1    0    -32.2681    29.0177   0.137022   -13.5399   -34.6666    10.4676     0.0000    0.00000
    2599   86.6000     G4    1    0    -32.2439    28.9819   0.136999   -13.8158   -34.3718    10.3475     0.0000    0.00000
    2600   86.6333     G4    1    0    -32.2305    28.9898   0.137020   -13.7737   -34.4029    10.2589     0.0000    0.00002
    2601   86.6667     G4    1    0    -32.2045    29.0222   0.137104   -13.7430   -34.4895    10.1743     0.0000    0.00006
    2602   86.7000     G4    1    0    -32.1648    29.0410   0.137095   -13.7188   -34.4230    10.0208     0.0000    0.00010
    2603   86.7333     G4    1    0    -32.1304    29.0709   0.137067   -13.6943   -34.3761    10.0598     0.0000    0.00007
    2604   86.7667     G4    1    0    -32.1117    29.0981   0.137090   -13.6925   -34.4191    10.0331     0.0000    0.00002
    2605   86.8000     G4    1    0    -32.0750    29.1438   0.137099   -13.6867   -34.3483     9.8619     0.0000    0.00015
    2606   86.8333     G4    1    0    -32.0575    29.1944   0.137106   -13.6832   -34.3535     9.9643     0.0000    0.00007
    2607   86.8667     G4    1    0    -32.0645    29.2154   0.137108   -13.6745   -34.2959    10.0978     0.0000    0.00006
    2608   86.9000     G4    1    0    -32.0647    29.2793   0.137148   -13.7210   -34.3745    10.1160     0.0000    0.00008
    2609   86.9333     G4    1    0    -32.0754    29.3254   0.137198   -13.7571   -34.4274    10.1422     0.0000    0.00005
    2610   86.9667     G4    1    0    -32.0791    29.3437   0.137178   -13.7483   -34.3641    10.2765     0.0000    0.00005
    2611   87.0000     G4    1    0    -32.0733    29.3593   0.137172   -13.7592   -34.3853    10.2740     0.0000    0.00001
    2612   87.0333     G4    1    0    -32.0823    29.3849   0.137176   -13.7860   -34.4107    10.3006     0.0000    0.00002
    2613   87.0667     G4    1    0    -32.0912    29.3919   0.137157   -13.7868   -34.4214    10.3038     0.0000    0.00001
    2614   87.1000     G4    1    0    -32.0825    29.3928   0.137136   -13.7854   -34.4249    10.2943     0.0000    0.00001
    2615   87.1333     G4    1    0    -32.0921    29.4049   0.137118   -13.7840   -34.3470    10.4467     0.0000    0.00007
    2616   87.1667     G4    1    0    -32.0939    29.4078   0.137133   -13.7806   -34.3536    10.4410     0.0000    0.00000
    2617   87.2000     G4    1    0    -32.0932    29.3869   0.137123   -13.7474   -34.2398    10.5661     0.0000    0.00008
    2618   87.2333     G4    1    0    -32.0918    29.3939   0.137141   -13.7590   -34.2453    10.5748     0.0000    0.00000
    2619   87.2667     G4    1    0    -32.1073    29.4023   0.137186   -13.7721   -34.2487    10.6000     0.0000    0.00001
    2620   87.3000     G4    1    0    -32.1328    29.4023   0.137210   -13.7830   -34.2384    10.6369     0.0000    0.00001
    2621   87.3333     G4    1    0    -32.1215    29.4055   0.137214   -13.7839   -34.2445    10.6264     0.0000    0.00000
    2622   87.3667     G4    1    0    -32.1295    29.4060   0.137214   -13.7683   -34.1540    10.7690     0.0000    0.00007
    2623   87.4000     G4    1    0    -32.0859    29.4233   0.137250   -13.7607   -34.1943    10.7056     0.0000    0.00004
    2624   87.4333     G4    1    0    -32.0445    29.4291   0.137263   -13.7258   -34.1314    10.7737     0.0000    0.00008
    2625   87.4667     G4    1    0    -32.0285    29.4384   0.137276   -13.7236   -34.1512    10.7484     0.0000    0.00001
    2626   87.5000     G4    1    0    -32.0452    29.4590   0.137298   -13.7424   -34.1721    10.7735     0.0000    0.00001
    2627   87.5333     G4    1    0    -32.0973    29.4533   0.137305   -13.7647   -34.1419    10.8540     0.0000    0.00005
    2628   87.5667     G4    1    0    -32.1246    29.4503   0.137300   -13.7794   -34.1238    10.9010     0.0000    0.00002
    2629   87.6000     G4    1    0    -32.1781    29.4491   0.137284   -13.8035   -34.1004    10.9818     0.0000    0.00006
    2630   87.6333     G4    1    0    -32.1811    29.4759   0.137276   -13.8237   -34.1325    10.9934     0.0000    0.00002
    2631   87.6667     G4    1    0    -32.1275    29.5484   0.137290   -13.4234   -34.3182    10.6733     0.0000    0.00000
    2632   87.7000     G4    1    0    -32.1025    29.5792   0.137307   -13.4188   -34.2774    10.7797     0.0000    0.00007
    2633   87.7333     G4    1    0    -32.0461    29.6719   0.137356   -13.4512   -34.4201    10.7065     0.0000    0.00024
    2634   87.7667     G4    1    0    -32.0846    29.7450   0.137357   -13.5103   -34.5020    10.7684     0.0000    0.00014
    2635   87.8000     G4    1    0    -32.1235    29.7675   0.137353   -13.5474   -34.5123    10.8377     0.0000    0.00005
    2636   87.8333     G4    1    0    -32.1981    29.7827   0.137289   -13.5846   -34.2036    10.7491     0.0000    0.00048
    2637   87.8667     G4    1    0    -32.2436    29.8114   0.137270   -13.6296   -33.9280    10.6431     0.0000    0.00038
    2638   87.9000     G4    1    0    -32.2531    29.8353   0.137280   -13.6507   -33.9029    10.6272     0.0000    0.00002
    2639   87.9333     G4    1    0    -32.2458    29.8897   0.137325   -13.7011   -33.8984    10.6075     0.0000    0.00008
    2640   87.9667     G4    1    0    -32.2499    29.9918   0.137436   -13.3667   -34.0859    10.4080     0.0000    0.00000
    2641   88.0000     G4    1    0    -32.2542    30.0376   0.137501   -13.3975   -33.9975    10.3289     0.0000    0.00014
    2642   88.0333     G4    1    0    -32.2641    30.0180   0.137500   -13.3866   -33.8189    10.2409     0.0000    0.00011
    2643   88.0667     G4    1    0    -32.2760    29.9825   0.137504   -13.3692   -33.6307    10.1580     0.0000    0.00012
    2644   88.1000     G4    1    0    -32.2711    29.9792   0.137510   -13.3661   -33.6376    10.1568     0.0000    0.00000
    2645   88.1333     G4    1    0    -32.2627    29.9807   0.137494   -13.3603   -33.6450    10.1404     0.0000    0.00001
    2646   88.1667     G4    1    0    -32.2487    29.9850   0.137471   -13.3527   -33.6593    10.1139     0.0000    0.00001
    2647   88.2000     G4    1    0    -32.2395    29.9611   0.137412   -13.3047   -33.3971    10.1085     0.0000    0.00024
    2648   88.2333     G4    1    0    -32.2095    29.9638   0.137385   -13.2683   -33.2536    10.3488     0.0000    0.00022
    2649   88.2667     G4    1    0    -32.1954    29.9714   0.137398   -12.8673   -33.2322    10.2645     0.0000    0.00021
    2650   88.3000     G4    1    0    -32.1303    29.9878   0.137430   -12.4527   -32.9713    10.3984     0.0000    0.00000
    2651   88.3333     G4    1    0    -32.0470    29.9599   0.137435   -12.4317   -32.2972    11.0004     0.0000    0.00000
    2652   88.3667     G4    1    0    -32.0270    29.9322   0.137419   -12.4201   -31.9300    11.4390     0.0000    0.00000
    2653   88.4000     G4    1    0    -32.0347    29.8396   0.137369   -12.4479   -30.9484    12.6151     0.0000    0.00000
    2654   88.4333     G4    1    0    -31.9577    29.8363   0.137438   -12.2526   -30.8958    12.6643     0.0000    0.00026
    2655   88.4667     G4    1    0    -31.8615    29.8333   0.137468   -12.2318   -30.9174    12.5478     0.0000    0.00017
    2656   88.5000     G2    1    0    -31.8273    29.8307   0.137488   -12.1670   -30.8644    12.5812     0.0000    0.00006
    2657   88.5333     G2    1    0    -31.7563    29.8286   0.137496   -12.0700   -30.7746    12.6408     0.0000    0.00020
    2658   88.5667     G2    1    0    -31.7024    29.8225   0.137415   -12.0002   -30.7022    12.6884     0.0000    0.00015
    2659   88.6000     G2    1    0    -31.6758    29.8254   0.137375   -11.9829   -30.7158    12.6464     0.0000    0.00003
    2660   88.6333     G2    1    0    -31.6419    29.8380   0.137319   -11.9581   -30.7597    12.5646     0.0000    0.00006
    2661   88.6667     G2    1    0    -31.6250    29.8336   0.137236   -11.8980   -30.7960    12.4563     0.0000    0.00004
    2662   88.7000     G2    1    0    -31.6186    29.8252   0.137103   -11.8355   -30.7308    12.5223     0.0000    0.00007
    2663   88.7333     G2    1    0    -31.6037    29.8301   0.137041   -11.8255   -30.7485    12.4891     0.0000    0.00002
    2664   88.7667     G2    1    0    -31.5995    29.8208   0.136877   -11.7721   -30.6759    12.5729     0.0000    0.00007
    2665   88.8000     G2    1    0    -31.5577    29.8264   0.136721   -11.7524   -30.8033    12.3321     0.0000    0.00019
    2666   88.8333     G2    1    0    -31.5365    29.8295   0.136653   -11.7320   -30.8240    12.2808     0.0000    0.00003
    2667   88.8667     G2    1    0    -31.5183    29.8915   0.136633   -11.3527   -31.1323    12.1319     0.0000    0.00000
    2668   88.9000     G2    1    0    -31.5027    29.8920   0.136616   -11.3234   -31.1507    12.0683     0.0000    0.00002
    2669   88.9333     G2    1    0    -31.4932    29.8757   0.136555   -11.2731   -31.1579    11.9924     0.0000    0.00003
    2670   88.9667     G2    1    0    -31.4890    29.8792   0.136530   -11.2654   -31.1697    11.9733     0.0000    0.00001
    2671   89.0000     G2    1    0    -31.4839    29.8905   0.136489   -11.2603   -31.1931    11.9509     0.0000    0.00002
    2672   89.0333     G2    1    0    -31.5060    29.8809   0.136394   -11.2163   -31.1103    12.0726     0.0000    0.00008
    2673   89.0667     G2    1    0    -31.5196    29.8778   0.136332   -11.2112   -31.1079    12.0794     0.0000    0.00002
    2674   89.1000     G2    1    0    -31.5888    29.8811   0.136175   -10.8028   -31.0925    12.0757     0.0000    0.00030
    2675   89.1333     G2    1    0    -31.6383    29.8788   0.136105   -10.8152   -31.0778    12.1398     0.0000    0.00008
    2676   89.1667     G2    1    0    -31.6935    29.8639   0.136044   -10.7844   -30.9812    12.3048     0.0000    0.00013
    2677   89.2000     G2    1    0    -31.7125    29.8588   0.136028   -10.7823   -30.9656    12.3346     0.0000    0.00001
    2678   89.2333     G2    1    0    -31.7773    29.8202   0.136000   -10.7720   -30.9014    12.4079     0.0000    0.00011
    2679   89.2667     G2    1    0    -31.8549    29.7593   0.135997   -10.7250   -30.8218    12.4524     0.0000    0.00019
    2680   89.3000     G2    1    0    -31.8861    29.7508   0.136005   -10.7312   -30.8001    12.4972     0.0000    0.00002
    2681   89.3333     G2    1    0    -31.9296    29.7482   0.136083   -10.7525   -30.7764    12.5719     0.0000    0.00005
    2682   89.3667     G2    1    0    -32.0136    29.7090   0.136094   -10.7051   -30.5444    12.9375     0.0000    0.00000
    2683   89.4000     G2    1    0    -32.0413    29.6937   0.136088   -10.7099   -30.5141    12.9808     0.0000    0.00002
    2684   89.4333     G2    1    0    -32.1214    29.6667   0.136048   -10.6757   -30.2947    13.3559     0.0000    0.00000
    2685   89.4667     G2    1    0    -32.2250    29.6422   0.135983   -10.2354   -30.0760    13.6906     0.0000    0.00000
    2686   89.5000     G2    1    0    -32.3093    29.6328   0.135932   -10.2365   -30.1050    14.0345     0.0000    0.00026
    2687   89.5333     G2    1    0    -32.3693    29.6125   0.135889   -10.2199   -29.9831    14.2582     0.0000    0.00016
    2688   89.5667     G2    1    0    -32.5043    29.6024   0.135838   -10.1830   -29.8147    14.9144     0.0000    0.00000
    2689   89.6000     G2    1    0    -32.6772    29.5422   0.135736   -10.0705   -29.3144    15.8167     0.0000    0.00000
    2690   89.6333     G2    1    0    -32.7483    29.5463   0.135713   -10.0847   -29.3620    16.1780     0.0000    0.00022
    2691   89.6667     G2    1    0    -32.9556    29.5018   0.135617   -10.0206   -28.9739    17.2711     0.0000    0.00000
    2692   89.7000     G2    1    0    -33.1850    29.4622   0.135489    -9.9465   -28.5908    18.3723     0.0000    0.00000
    2693   89.7333     G2    1    0    -33.3742    29.4315   0.135358    -9.9537   -28.3046    18.9494     0.0000    0.00000
    2694   89.7667     G2    1    0    -33.4686    29.4423   0.135330    -9.9518   -28.3719    19.3027     0.0000    0.00028
    2695   89.8000     G2    1    0    -33.6904    29.4024   0.135232    -9.8627   -28.1142    20.1441     0.0000    0.00000
    2696   89.8333     G2    1    0    -33.8565    29.4013   0.135171    -9.8737   -27.9504    20.5683     0.0000    0.00000
    2697   89.8667     G2    1    0    -33.9241    29.4253   0.135177    -9.9032   -27.9596    20.6604     0.0000    0.00010
    2698   89.9000     G2    1    0    -34.0786    29.4633   0.135259    -9.8959   -27.9076    20.9437     0.0000    0.00050
    2699   89.9333     G2    1    0    -34.2184    29.4934   0.135254    -9.8799   -27.6949    21.1154     0.0000    0.00000
    2700   89.9667     G2    1    0    -34.3220    29.5981   0.135234    -9.9562   -27.5748    21.3339     0.0000    0.00000
    2701   90.0000     G2    1    0    -34.3543    29.6955   0.135255   -10.0155   -27.6948    21.3791     0.0000    0.00019
    2702   90.0333     G2    1    0    -34.4201    29.8655   0.135226   -10.0541   -27.5954    21.6306     0.0000    0.00000
    2703   90.0667     G2    1    0    -34.4734    30.0692   0.135176   -10.1113   -27.7000    21.9686     0.0000    0.00096
    2704   90.1000     G2    1    0    -34.4917    30.1841   0.135165   -10.1710   -27.8481    21.9826     0.0000    0.00025
    2705   90.1333     G2    1    0    -34.5395    30.3890   0.135120   -10.2762   -28.1097    22.0230     0.0000    0.00083
    2706   90.1667     G2    1    0    -34.5990    30.5928   0.135077   -10.4137   -28.1995    22.0395     0.0000    0.00088
    2707   90.2000     G2    1    0    -34.6598    30.7093   0.135017   -10.4545   -27.9616    22.0650     0.0000    0.00067
    2708   90.2333     G2    1    0    -34.6849    30.7652   0.134995   -10.4946   -28.0369    22.1078     0.0000    0.00008
    2709   90.2667     G2    1    0    -34.7370    30.7991   0.134989   -10.4922   -27.9896    22.3134     0.0000    0.00013
    2710   90.3000     G2    1    0    -34.7307    30.8122   0.135033   -10.4954   -28.0103    22.2995     0.0000    0.00001
    2711   90.3333     G2    1    0    -34.7254    30.7933   0.135044   -10.4444   -27.7626    22.3281     0.0000    0.00019
    2712   90.3667     G2    1    0    -34.6927    30.7188   0.135070   -10.3288   -27.2814    22.3712     0.0000    0.00069
    2713   90.4000     G2    1    0    -34.6730    30.5387   0.134987   -10.1108   -26.0947    22.7174     0.0000    0.00000
    2714   90.4333     G2    1    0    -34.6614    30.4110   0.134889    -9.3378   -25.2205    22.7740     0.0000    0.00000
    2715   90.4667     G2    1    0    -34.8967    30.5868   0.133535    -6.9758   -21.4791    24.4701     9.0890    0.00002
    2716   90.5000     G2    1    0    -34.8938    30.6099   0.133379    -6.6354   -21.2964    24.2968     9.9217    0.00000
    2717   90.5333     G2    1    0    -34.8656    30.6386   0.133055    -6.3330   -20.8377    23.9610    11.3250    0.00000
    2718   90.5667     G2    1    0    -34.8414    30.6553   0.132758    -6.3115   -20.3209    23.9526    12.3355    0.00083
    2719   90.6000     G2    1    0    -34.8096    30.6993   0.132612    -6.0123   -20.3710    23.7001    12.8033    0.00000
    2720   90.6333     G2    1    0    -34.7617    30.7245   0.132243    -5.6119   -19.9556    23.6537    13.8231    0.00000
    2721   90.6667     G2    1    0    -34.6753    30.7362   0.131728    -5.5665   -19.3621    23.6851    14.4125    0.00000
    2722   90.7000     G2    1    0    -34.5692    30.7328   0.131194    -5.5357   -18.9954    23.6582    14.1598    0.00000
    2723   90.7333     G2    1    0    -34.5111    30.7310   0.130944    -5.4818   -18.9756    23.6761    14.1038    0.00025
    2724   90.7667     G2    1    0    -34.3416    30.7193   0.130427    -5.4117   -19.0573    23.3156    14.6838    0.00000
    2725   90.8000     G2    1    0    -34.1872    30.6652   0.129938    -5.2829   -19.0212    23.0942    15.0487    0.00000
    2726   90.8333     G2    1    0    -34.1191    30.6174   0.129674    -5.1898   -18.9458    23.0568    14.6932    0.00041
    2727   90.8667     G2    1    0    -33.9593    30.5038   0.129123    -5.0657   -18.8970    22.6962    12.5694    0.00000
    2728   90.9000     G2    1    0    -33.8044    30.3731   0.128616    -4.9432   -18.8145    22.3695    10.9134    0.00000
    2729   90.9333     G2    1    0    -33.6595    30.2409   0.128201    -4.8285   -18.7203    22.0721    10.6889    0.00000
    2730   90.9667     G2    1    0    -33.6016    30.1406   0.128024    -4.7559   -18.6261    21.9447    10.8011    0.00044
    2731   91.0000     G2    1    0    -33.5452    29.8352   0.127755    -4.5508   -18.2997    21.7451    10.7544    0.00000
    2732   91.0333     G2    1    0    -33.5393    29.4628   0.127644    -4.3234   -18.1532    21.6220    10.5579    0.00000
    2733   91.0667     G2    1    0    -33.4982    29.0948   0.127625    -4.2526   -18.0106    21.1066    10.5017    0.00000
    2734   91.1000     G2    1    0    -33.4691    28.9026   0.127619    -4.2265   -17.8898    20.8301    10.5017    0.00074
    2735   91.1333     G2    1    0    -33.3918    28.5329   0.127617    -4.1858   -17.6697    20.2656    10.5953    0.00000
    2736   91.1667     G2    1    0    -33.2910    28.1861   0.127680    -4.4606   -17.3116    19.8918    10.4643    0.00000
    2737   91.2000     G2    1    0    -33.2384    28.0201   0.127743    -4.7549   -17.0564    19.8139    10.4737    0.00000
    2738   91.2333     G2    1    0    -33.1596    27.7448   0.127903    -4.6188   -16.7252    19.7108    11.0163    0.00000
    2739   91.2667     G2    1    0    -33.0446    27.5147   0.128005    -4.5073   -16.3165    19.4269    11.6712    0.00000
    2740   91.3000     G2    1    0    -32.9917    27.4126   0.128084    -4.4583   -16.2119    19.3566    12.1764    0.00026
    2741   91.3333     G2    1    0    -32.9092    27.2135   0.128235    -4.3648   -15.9755    19.2614    14.0102    0.00093
    2742   91.3667     G2    1    0    -32.8743    27.0548   0.128413    -4.2901   -15.7776    19.2261    16.4333    0.00062
    2743   91.4000     G2    1    0    -32.8617    26.9550   0.128565    -4.2345   -15.6575    19.1961    18.1829    0.00028
    2744   91.4333     G2    1    0    -32.8615    26.9153   0.128629    -4.2140   -15.6075    19.1944    18.4729    0.00004
    2745   91.4667     G2    1    0    -32.8811    26.8175   0.128774    -4.1652   -15.4793    19.2204    18.5945    0.00028
    2746   91.5000     G2    1    0    -32.9389    26.6975   0.128954    -4.1095   -15.3122    19.3065    18.6133    0.00051
    2747   91.5333     G2    1    0    -32.9825    26.6413   0.129075    -4.0850   -15.2283    19.3741    18.6133    0.00016
    2748   91.5667     G2    1    0    -33.0677    26.5455   0.129296    -3.6790   -15.2167    19.3468    17.7525    0.00058
    2749   91.6000     G2    1    0    -33.1194    26.4124   0.129358    -3.5776   -14.9401    19.2230    14.6651    0.00052
    2750   91.6333     G2    1    0    -33.1652    26.3489   0.129392    -3.2276   -14.9531    19.2046    11.2034    0.00013
    2751   91.6667     G2    1    0    -33.1753    26.3246   0.129433    -3.2173   -14.9201    19.2232     9.6503    0.00002
    2752   91.7000     G2    1    0    -33.1901    26.2501   0.129479    -3.1610   -14.8395    19.1986     7.8072    0.00011
    2753   91.7333     G2    1    0    -33.2063    26.1681   0.129485    -3.1064   -14.7463    19.1877     6.7781    0.00013
    2754   91.7667     G2    1    0    -33.2117    26.1274   0.129489    -3.0832   -14.6972    19.1887     6.2916    0.00003
    2755   91.8000     G2    1    0    -33.2173    26.0895   0.129510    -3.0599   -14.6526    19.1859     5.4776    0.00003
    2756   91.8333     G2    1    0    -33.2238    26.1026   0.129516    -3.0433   -14.6855    19.1399     3.5784    0.00001
    2757   91.8667     G2    1    0    -33.2249    26.0794   0.129473    -3.0482   -14.5072    19.0393     1.2675    0.00012
    2758   91.9000     G2    1    0    -33.2275    26.0784   0.129484    -3.0516   -14.5134    19.0511     0.6968    0.00000
    2759   91.9333     G2    1    0    -33.2351    26.0461   0.129553    -3.0751   -14.3156    19.0156     0.2384    0.00010
    2760   91.9667     G2    1    0    -33.2692    26.0378   0.129689    -3.0809   -14.2075    19.0224     0.0000    0.00008
    2761   92.0000     G2    1    0    -33.2830    26.0074   0.129737    -3.0985   -13.9646    18.9426     0.0000    0.00017
    2762   92.0333     G2    1    0    -33.2605    25.9911   0.129790    -3.2106   -13.7793    18.5396     0.0000    0.00000
    2763   92.0667     G2    1    0    -33.2616    25.9493   0.129829    -3.2846   -13.3742    18.4395     0.0000    0.00047
    2764   92.1000     G2    1    0    -33.2643    25.9427   0.129862    -3.3194   -13.2181    18.3961     0.0000    0.00008
    2765   92.1333     G2    1    0    -33.2637    25.9225   0.129892    -3.3880   -12.8423    18.2540     0.0000    0.00045
    2766   92.1667     G2    1    0    -33.2632    25.9251   0.129907    -3.4350   -12.6428    18.1671     0.0000    0.00015
    2767   92.2000     G2    1    0    -33.2586    25.9601   0.129914    -3.4632   -12.6628    18.1377     0.3226    0.00003
    2768   92.2333     G2    1    0    -33.2510    25.9802   0.129906    -3.4669   -12.6957    18.1135     0.6781    0.00002
    2769   92.2667     G2    1    0    -33.2342    26.0088   0.129870    -3.4742   -12.7404    18.0768     1.9224    0.00004
    2770   92.3000     G2    1    0    -33.2231    26.0481   0.129837    -3.1507   -12.9011    17.9680     3.3913    0.00000
    2771   92.3333     G2    1    0    -33.2219    26.0622   0.129837    -3.1556   -12.9201    17.9626     4.9350    0.00001
    2772   92.3667     G2    1    0    -33.2213    26.0626   0.129837    -3.1524   -12.9234    17.9538     5.6554    0.00000
    2773   92.4000     G2    1    0    -33.2201    26.0603   0.129843    -3.1512   -12.9203    17.9537     6.5349    0.00000
    2774   92.4333     G2    1    0    -33.2145    26.0840   0.129860    -2.8240   -13.0556    17.8614     7.3395    0.00021
    2775   92.4667     G2    1    0    -33.2043    26.0987   0.129866    -2.8298   -13.0766    17.8427     7.7979    0.00001
    2776   92.5000     G2    1    0    -33.1740    26.1349   0.129876    -2.8438   -13.1305    17.7893     8.8364    0.00005
    2777   92.5333     G2    1    0    -33.1509    26.1620   0.129873    -2.8542   -13.1710    17.7483     9.3697    0.00003
    2778   92.5667     G2    1    0    -33.1466    26.1818   0.129860    -2.5240   -13.3012    17.6545     9.5287    0.00020
    2779   92.6000     G2    1    0    -33.1508    26.1788   0.129859    -2.5022   -13.2331    17.8045     9.6410    0.00005
    2780   92.6333     G2    1    0    -33.1348    26.1783   0.129877    -2.5022   -13.2350    17.7821     9.7720    0.00000
    2781   92.6667     G2    1    0    -33.1238    26.1802   0.129921    -2.5045   -13.2373    17.7707    10.0901    0.00000
    2782   92.7000     G2    1    0    -33.1219    26.1842   0.129939    -2.5037   -13.2442    17.7615    10.3801    0.00000
    2783   92.7333     G2    1    0    -33.1154    26.1847   0.129944    -2.5040   -13.2461    17.7520    10.9228    0.00000
    2784   92.7667     G2    1    0    -33.1279    26.1724   0.129931    -2.4780   -13.1645    17.9168    11.1286    0.00006
    2785   92.8000     G2    1    0    -33.1278    26.1725   0.129931    -2.4781   -13.1651    17.9157    11.1754    0.00000
    2786   92.8333     G2    1    0    -33.1238    26.1731   0.129934    -2.4782   -13.1667    17.9094    11.2595    0.00000
    2787   92.8667     G2    1    0    -33.1093    26.1778   0.129957    -2.4801   -13.1749    17.8885    11.5028    0.00000
    2788   92.9000     G2    1    0    -33.0826    26.2045   0.129992    -1.8178   -13.4186    17.6808    12.1110    0.00000
    2789   92.9333     G2    1    0    -33.0623    26.2070   0.130008    -1.8162   -13.4260    17.6508    12.1951    0.00001
    2790   92.9667     G2    1    0    -33.0406    26.1969   0.130038    -1.7897   -13.3560    17.7617    11.9987    0.00005
    2791   93.0000     G2    1    0    -33.0265    26.1906   0.130065    -1.7702   -13.2855    17.8969    12.1390    0.00005
    2792   93.0333     G2    1    0    -33.0217    26.2030   0.130076    -1.4380   -13.4055    17.8057    12.2607    0.00018
    2793   93.0667     G2    1    0    -33.0343    26.2003   0.130083    -1.0771   -13.4440    17.8802    12.3822    0.00017
    2794   93.1000     G2    1    0    -33.0362    26.1981   0.130087    -1.0739   -13.4431    17.8759    12.4758    0.00000
    2795   93.1333     G2    1    0    -33.0399    26.1931   0.130101    -1.0700   -13.4371    17.8771    12.5226    0.00000
    2796   93.1667     G2    1    0    -33.0460    26.1895   0.130114    -1.0699   -13.4307    17.8889    12.5039    0.00000
    2797   93.2000     G2    1    0    -33.0557    26.1861   0.130118    -1.0693   -13.4241    17.9052    12.5132    0.00000
    2798   93.2333     G2    1    0    -33.0511    26.1892   0.130103    -1.0668   -13.4320    17.8877    12.7939    0.00001
    2799   93.2667     G2    1    0    -33.0459    26.1867   0.130090    -1.0650   -13.4305    17.8786    12.8875    0.00000
    2800   93.3000     G2    1    0    -33.0416    26.1705   0.130077    -1.0578   -13.4109    17.8751    12.9623    0.00001
    2801   93.3333     G2    1    0    -33.0526    26.1624   0.130101    -0.7182   -13.5006    17.8135    12.8875    0.00012
    2802   93.3667     G2    1    0    -33.0524    26.1517   0.130107    -0.7112   -13.4886    17.8088    12.7939    0.00000
    2803   93.4000     G2    1    0    -33.0635    26.1244   0.130108    -0.3600   -13.5563    17.7424    12.5694    0.00008
    2804   93.4333     G2    1    0    -33.0735    26.0856   0.130101    -0.0064   -13.6075    17.6830    12.6349    0.00007
    2805   93.4667     G2    1    0    -33.0864    26.0113   0.130104     0.3663   -13.6159    17.6245    12.8875    0.00011
    2806   93.5000     G2    1    0    -33.0955    25.9512   0.130106     0.3984   -13.5429    17.6336    12.8875    0.00007
    2807   93.5333     G2    1    0    -33.1101    25.8502   0.130111     0.4801   -13.5701    17.7261    13.2056    0.00023
    2808   93.5667     G2    1    0    -33.1072    25.7478   0.130132     0.5545   -13.5950    17.8120    13.1588    0.00023
    2809   93.6000     G2    1    0    -33.1068    25.6690   0.130178     0.6205   -13.6396    17.8931    12.9249    0.00016
    2810   93.6333     G2    1    0    -33.1036    25.6287   0.130189     0.6390   -13.5866    17.8930    12.8875    0.00003
    2811   93.6667     G2    1    0    -33.0844    25.5766   0.130214     0.6617   -13.5222    17.8751    12.8875    0.00005
    2812   93.7000     G2    1    0    -33.0446    25.5732   0.130233     0.6647   -13.5224    17.8171    12.9436    0.00003
    2813   93.7333     G2    1    0    -33.0221    25.5755   0.130245     0.6647   -13.5281    17.7828    12.9530    0.00001
    2814   93.7667     G2    1    0    -32.9908    25.5764   0.130263     0.6652   -13.5324    17.7378    13.1026    0.00002
    2815   93.8000     G2    1    0    -32.9817    25.5558   0.130278     0.6730   -13.5064    17.7320    13.1588    0.00001
    2816   93.8333     G2    1    0    -32.9821    25.5399   0.130291     0.6787   -13.4850    17.7391    13.1120    0.00000
    2817   93.8667     G2    1    0    -32.9795    25.4951   0.130320     0.6985   -13.4282    17.7449    12.8781    0.00004
    2818   93.9000     G2    1    0    -32.9819    25.4423   0.130368     0.7235   -13.3613    17.7555    12.5975    0.00006
    2819   93.9333     G2    1    0    -32.9768    25.4080   0.130387     0.7396   -13.3189    17.7530    12.5039    0.00002
    2820   93.9667     G2    1    0    -32.9737    25.3950   0.130397     0.7446   -13.3021    17.7533    12.4571    0.00000
    2821   94.0000     G2    1    0    -32.9817    25.3720   0.130457     0.7537   -13.2700    17.7735    12.2419    0.00002
    2822   94.0333     G2    1    0    -33.0002    25.3357   0.130562     0.7687   -13.2192    17.8115    11.7460    0.00007
    2823   94.0667     G2    1    0    -33.0309    25.2515   0.130738     0.7987   -13.1010    17.8932    11.1192    0.00029
    2824   94.1000     G2    1    0    -33.0436    25.2050   0.130850     0.8179   -13.0376    17.9267    10.9134    0.00009
    2825   94.1333     G2    1    0    -33.0091    25.1376   0.131076     0.4341   -13.0061    17.5842    10.7730    0.00000
    2826   94.1667     G2    1    0    -32.9696    25.0750   0.131178    -0.2373   -12.8398    17.4472    10.7824    0.00000
    2827   94.2000     G2    1    0    -32.8464    24.9154   0.131343    -2.3515   -12.3191    17.1638    11.1754    0.00000
    2828   94.2333     G2    1    0    -32.7259    24.7281   0.131506    -3.7305   -11.8555    17.0254    11.3157    0.00000
    2829   94.2667     G2    1    0    -32.5922    24.5373   0.131634    -4.3374   -11.5052    16.8806    11.4841    0.00000
    2830   94.3000     G2    1    0    -32.5145    24.4353   0.131690    -4.9561   -11.1995    16.9157    11.6712    0.00000
    2831   94.3333     G2    1    0    -32.3075    24.2677   0.131766    -6.2675   -10.7910    16.6450    12.1577    0.00000
    2832   94.3667     G2    1    0    -32.0911    24.0967   0.131736    -6.9033   -10.3627    16.2549    12.6629    0.00000
    2833   94.4000     G2    1    0    -31.8982    23.9543   0.131644    -7.8408    -9.9804    16.1742    13.2617    0.00000
    2834   94.4333     G2    1    0    -31.8188    23.8729   0.131582    -8.7935    -9.6323    16.2311    13.4675    0.00000
    2835   94.4667     G2    1    0    -31.7047    23.7528   0.131478   -10.6416    -8.9977    16.3737    13.6079    0.00000
    2836   94.5000     G2    1    0    -31.6392    23.6789   0.131416   -12.3543    -8.4473    16.5356    13.5330    0.00000
    2837   94.5333     G2    1    0    -31.6192    23.6588   0.131393   -13.2450    -8.1809    16.6301    13.5050    0.00000
    2838   94.5667     G2    1    0    -31.5707    23.6200   0.131340   -14.9467    -7.6472    16.5652    13.3646    0.00000
    2839   94.6000     G2    1    0    -31.5325    23.5883   0.131333   -15.7690    -7.3406    16.3961    13.2149    0.00000
    2840   94.6333     G2    1    0    -31.4909    23.5711   0.131327   -16.8541    -7.1273    16.1650    13.1307    0.00000
    2841   94.6667     G2    1    0    -31.4368    23.5738   0.131337   -18.3683    -7.0160    15.7734    12.6255    0.00000
    2842   94.7000     G2    1    0    -31.4047    23.5522   0.131377   -20.2242    -6.7124    15.4053    11.2876    0.00000
    2843   94.7333     G2    1    0    -31.3424    23.5656   0.131388   -21.7943    -6.7168    14.8516     8.7616    0.00000
    2844   94.7667     G2    1    0    -31.2998    23.5553   0.131396   -22.5170    -6.6572    14.3970     7.7231    0.00000
    2845   94.8000     G2    1    0    -31.2384    23.5496   0.131459   -23.9205    -6.6535    13.7328     6.8810    0.00000
    2846   94.8333     G2    1    0    -31.2097    23.4862   0.131526   -24.9564    -6.2752    12.9238     6.3290    0.00000
    2847   94.8667     G2    1    0    -31.1916    23.4617   0.131573   -25.4775    -6.1431    12.4565     6.0483    0.00000
    2848   94.9000     G2    1    0    -31.1968    23.4025   0.131734   -26.4475    -5.7173    11.8311     5.7677    0.00000
    2849   94.9333     G2    1    0    -31.2213    23.3187   0.131937   -27.3665    -5.1018    11.2114     5.6460    0.00000
    2850   94.9667     G2    1    0    -31.2602    23.2500   0.132213   -27.8709    -4.6583    10.8101     5.5431    0.00000
    2851   95.0000     G2    1    0    -31.2885    23.2108   0.132374   -28.2370    -4.3493    10.7418     5.5337    0.00000
    2852   95.0333     G2    1    0    -31.3105    23.1847   0.132760   -28.2691    -4.0988    10.5740     5.7396    0.00024
    2853   95.0667     G2    1    0    -31.2838    23.2143   0.133177   -28.2671    -4.1725    10.5531     6.9465    0.00026
    2854   95.1000     G2    1    0    -31.2530    23.2237   0.133361   -28.2584    -4.2282    10.4956     7.6950    0.00008
    2855   95.1333     G2    1    0    -31.1795    23.2237   0.133639   -28.2375    -4.3235    10.3614     8.3218    0.00032
    2856   95.1667     G2    1    0    -31.0916    23.1983   0.133834   -28.2162    -4.3806    10.2200     8.9861    0.00032
    2857   95.2000     G2    1    0    -31.0040    23.1420   0.133935   -28.2122    -4.2972     9.9314     9.7533    0.00030
    2858   95.2333     G2    1    0    -30.9737    23.1143   0.133954   -28.5318    -4.2473     9.9011     9.9123    0.00009
    2859   95.2667     G2    1    0    -30.9179    23.0532   0.133935   -28.8260    -4.2003     9.7972    10.0620    0.00020
    2860   95.3000     G2    1    0    -30.8632    22.9653   0.133925   -28.7729    -4.1635     9.6661    10.2117    0.00021
    2861   95.3333     G2    1    0    -30.8414    22.9060   0.133939   -28.7378    -4.1199     9.6017    10.4549    0.00007
    2862   95.3667     G2    1    0    -30.8181    22.7512   0.133980   -28.6364    -3.9943     9.4586    11.0444    0.00046
    2863   95.4000     G2    1    0    -30.8009    22.5637   0.134034   -28.5255    -3.8042     9.3284    11.6431    0.00066
    2864   95.4333     G2    1    0    -30.7706    22.3524   0.134108   -28.4094    -3.5813     9.1862    12.6629    0.00086
    2865   95.4667     G2    1    0    -30.7554    22.2353   0.134147   -28.6825    -3.4067     9.1310    13.1869    0.00000
    2866   95.5000     G2    1    0    -30.7290    22.0025   0.134238   -28.8945    -3.0992     9.0093    13.9260    0.00000
    2867   95.5333     G2    1    0    -30.6912    21.7912   0.134390   -29.1206    -2.8181     8.8895    14.0944    0.00000
    2868   95.5667     G2    1    0    -30.6607    21.7023   0.134489   -29.0749    -2.7295     8.8155    14.1224    0.00021
    2869   95.6000     G2    1    0    -30.5464    21.5695   0.134708   -29.3770    -2.6987     8.5654    14.0102    0.00000
    2870   95.6333     G2    1    0    -30.3802    21.5213   0.134937   -29.7482    -2.9274     8.2038    13.3459    0.00000
    2871   95.6667     G2    1    0    -30.1607    21.5342   0.135186   -30.1804    -3.3746     7.7379    12.7284    0.00000
    2872   95.7000     G2    1    0    -30.0750    21.5231   0.135307   -30.1909    -3.3934     7.6647    12.6161    0.00021
    2873   95.7333     G2    1    0    -29.8770    21.5267   0.135564   -30.2186    -3.5066     7.4781    12.5506    0.00000
    2874   95.7667     G2    1    0    -29.6785    21.5384   0.135857   -30.5712    -3.6236     7.2856    12.5600    0.00000
    2875   95.8000     G2    1    0    -29.5866    21.5527   0.136014   -30.5800    -3.7117     7.1857    12.6255    0.00025
    2876   95.8333     G3    1    0    -29.4469    21.5704   0.136297   -31.2679    -3.7568     7.0862    12.5694    0.00000
    2877   95.8667     G3    1    0    -29.3555    21.5517   0.136541   -31.9804    -3.6056     6.9082    12.4290    0.00000
    2878   95.9000     G3    1    0    -29.2950    21.5210   0.136808   -32.3797    -3.3547     6.5861    12.3729    0.00000
    2879   95.9333     G3    1    0    -29.2731    21.5081   0.136939   -32.7479    -3.2143     6.4570    12.3635    0.00000
    2880   95.9667     G3    1    0    -29.2472    21.4707   0.137188   -33.5359    -2.9345     5.9791    12.2232    0.00000
    2881   96.0000     G3    1    0    -29.2277    21.4665   0.137425   -34.3703    -3.1280     5.4314    11.8864    0.00000
    2882   96.0333     G3    1    0    -29.2224    21.4613   0.137556   -34.7969    -3.3330     5.0946    11.7554    0.00000
    2883   96.0667     G3    1    0    -29.2717    21.4365   0.137825   -35.2178    -3.5957     4.9509    11.7086    0.00000
    2884   96.1000     G3    1    0    -29.3402    21.3584   0.138083   -35.1920    -3.5032     4.9418    11.7274    0.00050
    2885   96.1333     G3    1    0    -29.3664    21.3060   0.138209   -35.1508    -3.4236     4.9324    11.8957    0.00013
    2886   96.1667     G3    1    0    -29.3923    21.2211   0.138444   -35.0824    -3.3133     4.8956    12.9249    0.00037
    2887   96.2000     G3    1    0    -29.3946    21.1746   0.138698   -35.0475    -3.2430     4.8761    13.7388    0.00019
    2888   96.2333     G3    1    0    -29.3764    21.1390   0.138880   -35.0041    -3.2505     4.8050    13.9073    0.00013
    2889   96.2667     G3    1    0    -29.3674    21.1245   0.138946   -34.9912    -3.2446     4.7826    13.8417    0.00002
    2890   96.3000     G3    1    0    -29.3454    21.1242   0.139090   -34.9913    -3.2479     4.7680    13.3459    0.00005
    2891   96.3333     G3    1    0    -29.3106    21.1400   0.139215   -34.9973    -3.2932     4.7399    13.0839    0.00007
    2892   96.3667     G3    1    0    -29.2880    21.1461   0.139270   -35.3414    -3.2893     4.7444    12.7752    0.00002
    2893   96.4000     G3    1    0    -29.2397    21.1582   0.139374   -36.3702    -3.2575     4.7743    11.5590    0.00014
    2894   96.4333     G3    1    0    -29.1862    21.1596   0.139445   -38.0738    -3.1674     4.8364     7.6108    0.00000
    2895   96.4667     G3    1    0    -29.1404    21.1548   0.139475   -38.7416    -3.1744     4.8140     0.0000    0.00015
    2896   96.5000     G3    1    0    -29.1087    21.1526   0.139478   -38.7461    -3.3568     4.6881     0.0000    0.00012
    2897   96.5333     G3    1    0    -29.0781    21.1313   0.139478   -38.7589    -3.6243     4.4903     0.0000    0.00028
    2898   96.5667     G3    1    0    -29.0093    21.1811   0.139513   -39.1886    -4.2176     4.1982     0.0000    0.00000
    2899   96.6000     G3    1    0    -28.9971    21.1935   0.139548   -39.5476    -4.3462     4.1511     0.0000    0.00031
    2900   96.6333     G3    1    0    -28.9893    21.1988   0.139592   -40.2409    -4.4442     4.1341     0.0000    0.00000
    2901   96.6667     G3    1    0    -29.0033    21.1904   0.139584   -40.8071    -4.3970     4.1841     0.0000    0.00011
    2902   96.7000     G3    1    0    -29.0003    21.1714   0.139629   -42.2698    -4.4149     4.2253     0.0000    0.00048
    2903   96.7333     G3    1    0    -28.9809    21.1659   0.139646   -42.9622    -4.5162     4.1975     0.0000    0.00000
    2904   96.7667     G3    1    0    -28.9346    21.1436   0.139733   -44.3511    -4.8463     4.0771     0.0000    0.00000
    2905   96.8000     G3    1    0    -28.9055    21.0913   0.139853   -45.0409    -5.1608     3.9055     0.0000    0.00000
    2906   96.8333     G3    1    0    -28.8728    21.0160   0.139920   -45.0604    -5.4425     3.4832     0.0000    0.00000
    2907   96.8667     G3    1    0    -28.8355    20.9797   0.139930   -45.1029    -5.6081     3.0689     0.0000    0.00000
    2908   96.9000     G3    1    0    -28.7786    20.9328   0.139929   -45.2096    -5.7706     2.3001     0.0000    0.00000
    2909   96.9333     G3    1    0    -28.7204    20.8972   0.139916   -45.3323    -5.7619     1.2968     0.0000    0.00000
    2910   96.9667     G3    1    0    -28.7116    20.8820   0.139904   -45.3879    -5.6115     0.8849     0.0000    0.00000
    2911   97.0000     G3    1    0    -28.6879    20.8549   0.139865   -45.5360    -5.2519    -0.0508     0.0000    0.00000
    2912   97.0333     G3    1    0    -28.6608    20.8437   0.139848   -45.6709    -4.8404    -0.7315     0.0000    0.00000
    2913   97.0667     G3    1    0    -28.6321    20.8616   0.139868   -45.7233    -4.8093    -0.9549     0.0000    0.00012
    2914   97.1000     G3    1    0    -28.6095    20.8773   0.139907   -45.7757    -4.6303    -1.0973     0.0000    0.00018
    2915   97.1333     G3    1    0    -28.6328    20.8690   0.139934   -45.7730    -4.4462    -0.9715     0.0000    0.00011
    2916   97.1667     G3    1    0    -28.6648    20.8683   0.139976   -45.7444    -4.3186    -0.7347     0.0000    0.00013
    2917   97.2000     G3    1    0    -28.7034    20.8987   0.140093   -45.7002    -4.2672    -0.2917     0.0000    0.00031
    2918   97.2333     G3    1    0    -28.7633    20.8655   0.140149   -45.6811    -3.8638    -0.1487     0.0000    0.00045
    2919   97.2667     G3    1    0    -28.8246    20.8917   0.140196   -45.6593    -3.7448     0.1628     0.0000    0.00021
    2920   97.3000     G3    1    0    -28.8442    20.9047   0.140200   -45.6626    -3.7387     0.1733     0.0000    0.00001
    2921   97.3333     G3    1    0    -28.9351    20.8674   0.140183   -45.6573    -3.2660     0.2420     0.0000    0.00062
    2922   97.3667     G3    1    0    -29.0278    20.8165   0.140120   -45.6716    -2.7858     0.1849     0.0000    0.00067
    2923   97.4000     G6    1    0    -29.0694    20.8201   0.140086   -45.6719    -2.7096     0.2596     0.0000    0.00006
    2924   97.4333     G6    1    0    -29.1853    20.7670   0.139935   -45.7096    -2.1335     0.0978     0.0000    0.00000
    2925   97.4667     G6    1    0    -29.3015    20.7254   0.139803   -45.7494    -1.7039    -0.0270     0.0000    0.00074
    2926   97.5000     G6    1    0    -29.4180    20.7027   0.139664   -45.7220    -1.4435     0.1214     0.0000    0.00047
    2927   97.5333     G6    1    0    -29.4867    20.6889   0.139596   -45.7067    -1.2236     0.2326     0.0000    0.00021
    2928   97.5667     G6    1    0    -29.5914    20.6778   0.139492   -45.6805    -0.9979     0.3633     0.0000    0.00035
    2929   97.6000     G6    1    0    -29.6995    20.6655   0.139338   -45.6601    -0.6059     0.5711     0.0000    0.00000
    2930   97.6333     G6    1    0    -29.7510    20.6942   0.139255   -45.6702    -0.4462     0.7017     0.0000    0.00020
    2931   97.6667     G6    1    0    -29.7632    20.7061   0.139225   -45.6706    -0.3628     0.7588     0.0000    0.00004
    2932   97.7000     G6    1    0    -29.7898    20.6796   0.139151   -45.6929     0.0890     0.7415     0.0000    0.00055
    2933   97.7333     G6    1    0    -29.8410    20.6213   0.139087   -45.6987     0.6936     0.7892     0.0000    0.00095
    2934   97.7667     G6    1    0    -29.8585    20.5929   0.139068   -45.7214     0.9499     0.6931     0.0000    0.00019
    2935   97.8000     G6    1    0    -29.8780    20.5270   0.138985   -46.4557     1.3625     0.2896     0.0000    0.00000
    2936   97.8333     G6    1    0    -29.9402    20.4549   0.138868   -47.2249     1.9179     0.0562     0.0000    0.00000
    2937   97.8667     G6    1    0    -29.9766    20.4222   0.138822   -47.9299     2.1939    -0.0443     0.0000    0.00000
    2938   97.9000     G6    1    0    -30.0489    20.3133   0.138679   -49.2960     2.8699    -0.5982     0.0000    0.00000
    2939   97.9333     G6    1    0    -30.1339    20.2321   0.138539   -50.1483     3.4523    -0.8468     0.0000    0.00000
    2940   97.9667     G6    1    0    -30.2162    20.1717   0.138437   -50.8851     3.9965    -1.0467     0.0000    0.00000
    2941   98.0000     G6    1    0    -30.2708    20.1261   0.138372   -51.2494     4.4270    -1.1325     0.0000    0.00000
    2942   98.0333     G6    1    0    -30.3500    20.0464   0.138242   -52.3876     5.1594    -1.5458     0.0000    0.00000
    2943   98.0667     G6    1    0    -30.4115    19.9304   0.138092   -53.9532     5.8404    -2.3458     0.0000    0.00000
    2944   98.1000     G6    1    0    -30.4685    19.8641   0.138023   -54.9842     6.3635    -2.7207     0.0000    0.00000
    2945   98.1333     G6    1    0    -30.5321    19.7637   0.137894   -56.3348     7.0390    -3.4420     0.0000    0.00000
    2946   98.1667     G6    1    0    -30.6238    19.6392   0.137700   -57.9616     7.8152    -4.3471     0.0000    0.00000
    2947   98.2000     G6    1    0    -30.7657    19.5020   0.137452   -59.6695     8.7828    -5.4054     0.0000    0.00000
    2948   98.2333     G6    1    0    -30.8678    19.4237   0.137352   -60.5607     9.4040    -5.9855     0.0000    0.00000
    2949   98.2667     G6    1    0    -31.0570    19.2802   0.137199   -62.0137    10.4012    -7.1864     0.0000    0.00000
    2950   98.3000     G6    1    0    -31.2934    19.1534   0.137075   -63.4513    11.3978    -8.2533     0.0000    0.00000
    2951   98.3333     G6    1    0    -31.4499    19.0865   0.137026   -64.3405    11.9176    -8.8550     0.0000    0.00000
    2952   98.3667     G6    1    0    -31.7659    18.9827   0.136926   -65.6508    12.6592    -9.7780     0.0000    0.00000
    2953   98.4000     G6    1    0    -32.1521    18.8784   0.136828   -66.8855    13.5957   -10.4961     0.0000    0.00000
    2954   98.4333     G6    1    0    -32.5794    18.7767   0.136758   -68.4271    14.4863   -11.2395     0.0000    0.00000
    2955   98.4667     G6    1    0    -32.8210    18.7067   0.136757   -68.8735    15.1107   -11.5750     0.0000    0.00000
    2956   98.5000     G6    1    0    -33.2686    18.6000   0.136732   -70.0847    16.2113   -12.1983     0.0000    0.00000
    2957   98.5333     G6    1    0    -33.6835    18.5218   0.136723   -71.2368    17.2509   -12.6014     0.0000    0.00000
    2958   98.5667     G6    1    0    -33.8541    18.4566   0.136746   -72.0726    17.6843   -13.1670     0.0000    0.00000
    2959   98.6000     G6    1    0    -34.1279    18.3241   0.136828   -73.0453    18.6034   -13.9737     0.0000    0.00000
    2960   98.6333     G6    1    0    -34.2639    18.2411   0.136929   -74.3111    19.2065   -14.6584     0.0000    0.00000
    2961   98.6667     G6    1    0    -34.3128    18.2138   0.136951   -74.7700    19.6511   -14.8171     0.0000    0.00000
    2962   98.7000     G6    1    0    -34.3369    18.2100   0.136949   -75.4151    20.3805   -15.1913     0.0000    0.00000
    2963   98.7333     G6    1    0    -34.2805    18.2725   0.136943   -76.8496    20.6188   -16.0389     0.0000    0.00000
    2964   98.7667     G6    1    0    -34.2285    18.3181   0.136909   -78.3109    20.6687   -16.9989     0.0000    0.00000
    2965   98.8000     G6    1    0    -34.2514    18.3207   0.136948   -78.9576    21.0434   -17.5225     0.0000    0.00000
    2966   98.8333     G6    1    0    -34.2651    18.3123   0.136968   -80.5095    21.3719   -18.6422     0.0000    0.00000
    2967   98.8667     G6    1    0    -34.3375    18.3139   0.136960   -82.6214    21.5519   -19.7419     0.0000    0.00000
    2968   98.9000     G6    1    0    -34.3721    18.2981   0.136982   -83.4882    21.5297   -20.3502     0.0000    0.00000
    2969   98.9333     G6    1    0    -34.4757    18.2242   0.137027   -85.3242    21.5136   -21.8209     0.0000    0.00000
    2970   98.9667     G6    1    0    -34.5561    18.1703   0.136986   -86.4587    21.3329   -22.6401     0.0000    0.00000
    2971   99.0000     G6    1    0    -34.5913    18.1192   0.136875   -86.8666    21.1958   -22.8257     0.0000    0.00000
    2972   99.0333     G6    1    0    -34.6233    18.0911   0.136841   -87.2292    21.2273   -22.9946     0.0000    0.00000
    2973   99.0667     G6    1    0    -34.7978    18.0211   0.136911   -87.7941    22.1043   -23.3192     0.0000    0.00000
    2974   99.1000     G6    1    0    -34.9156    17.9788   0.136830   -89.0296    22.2153   -24.0813     0.0000    0.00000
    2975   99.1333     G6    1    0    -34.9964    17.9637   0.136725   -89.0599    22.3590   -24.1331     0.0000    0.00020
    2976   99.1667     G6    1    0    -35.1679    17.9606   0.136544   -89.5243    22.3134   -24.6221     0.0000    0.00000
    2977   99.2000     G6    1    0    -35.3483    17.9762   0.136348   -89.9440    22.1831   -25.0448     0.0000    0.00000
    2978   99.2333     G6    1    0    -35.6026    17.9780   0.136149   -90.1099    22.4564   -25.4416     0.0000    0.00000
    2979   99.2667     G6    1    0    -35.7491    17.9882   0.136039   -90.0859    22.6147   -25.4134     0.0000    0.00050
    2980   99.3000     G6    1    0    -36.0666    17.9791   0.135821   -90.0759    22.8417   -25.5814     0.0000    0.00000
    2981   99.3333     G6    1    0    -36.4001    17.9333   0.135615   -90.1101    22.9953   -25.9635     0.0000    0.00000
    2982   99.3667     G6    1    0    -36.5519    17.9106   0.135476   -90.1491    23.0648   -26.1577     0.0000    0.00060
    2983   99.4000     G6    1    0    -36.8680    17.8657   0.135256   -90.0906    23.4131   -26.2059     0.0000    0.00000
    2984   99.4333     G6    1    0    -37.1094    17.7803   0.135099   -90.0173    23.6322   -26.3008     0.0000    0.00000
    2985   99.4667     G6    1    0    -37.3136    17.7157   0.134975   -90.0424    23.9759   -26.4431     0.0000    0.00000
    2986   99.5000     G6    1    0    -37.4152    17.6861   0.134902   -90.0918    24.2104   -26.5395     0.0000    0.00025
    2987   99.5333     G6    1    0    -37.5549    17.6708   0.134665   -90.2114    24.6054   -26.6729     0.0000    0.00000
    2988   99.5667     G6    1    0    -37.6509    17.6782   0.134440   -90.4121    25.0813   -26.8369     0.0000    0.00000
    2989   99.6000     G6    1    0    -37.6854    17.6674   0.134350   -90.5052    25.2879   -26.9300     0.0000    0.00012
    2990   99.6333     G6    1    0    -37.7485    17.6464   0.134158   -90.7292    25.7539   -27.1464     0.0000    0.00000
    2991   99.6667     G6    1    0    -37.8132    17.6262   0.133921   -91.0360    26.3537   -27.4287     0.0000    0.00000
    2992   99.7000     G6    1    0    -37.9007    17.5862   0.133695   -91.3544    26.9988   -27.7555     0.0000    0.00000
    2993   99.7333     G6    1    0    -37.9527    17.5792   0.133562   -91.5032    27.3085   -27.8941     0.0000    0.00000
    2994   99.7667     G6    1    0    -38.0317    17.5561   0.133290   -91.7446    27.7926   -28.1305     0.0000    0.00000
    2995   99.8000     G6    1    0    -38.1482    17.5229   0.133034   -92.0686    28.4571   -28.4618     0.0000    0.00000
    2996   99.8333     G6    1    0    -38.2157    17.5120   0.132894   -92.2296    28.7952   -28.6214     0.0000    0.00000
    2997   99.8667     G6    1    0    -38.3428    17.5062   0.132584   -92.4756    29.3331   -28.8536     0.0000    0.00000
    2998   99.9000     G6    1    0    -38.4446    17.4913   0.132321   -92.7217    29.6221   -29.2087     0.0000    0.00000
    2999   99.9333     G6    1    0    -38.5673    17.5005   0.132153   -93.7522    29.7851   -29.9672     0.0000    0.00000
    3000   99.9667     G6    1    0    -38.6237    17.5072   0.132059   -94.1740    29.8152   -30.2014     0.0000    0.00000
    3001  100.0000     G6    1    0    -38.7898    17.5267   0.131963   -94.5027    30.3123   -30.6086     0.0000    0.00000
    3002  100.0333     G6    1    0    -38.9341    17.5706   0.131892   -94.9386    30.4835   -30.8508     0.0000    0.00000
    3003  100.0667     G6    1    0    -39.0147    17.5874   0.131869   -95.0189    30.7068   -30.9240     0.0000    0.00017
    3004  100.1000     G6    1    0    -39.1282    17.6854   0.131801   -95.6080    30.8540   -31.3316     0.0000    0.00000
    3005  100.1333     G6    1    0    -39.2146    17.8186   0.131722   -96.1590    30.7355   -31.7632     0.0000    0.00000
    3006  100.1667     G6    1    0    -39.2871    17.8787   0.131702   -96.3030    30.8845   -31.9102     0.0000    0.00023
    3007  100.2000     G6    1    0    -39.3988    18.0172   0.131579   -96.8041    30.8497   -32.2073     0.0000    0.00000
    3008  100.2333     G6    1    0    -39.5613    18.1696   0.131447   -96.9559    31.2784   -32.1871     0.0000    0.00000
    3009  100.2667     G6    1    0    -39.6701    18.2879   0.131314   -96.9118    31.3813   -32.0281     0.0000    0.00069
    3010  100.3000     G6    1    0    -39.7491    18.3273   0.131297   -96.9847    31.5908   -32.0720     0.0000    0.00018
    3011  100.3333     G6    1    0    -39.8132    18.4580   0.130920   -97.1499    31.4855   -32.2562     0.0000    0.00000
    3012  100.3667     G6    1    0    -39.8601    18.7112   0.130458   -97.4640    31.4940   -32.2176     0.0000    0.00000
    3013  100.4000     G6    1    0    -39.8821    18.8246   0.130120   -97.5355    31.5197   -32.0559     0.0000    0.00077
    3014  100.4333     G6    1    0    -39.9461    18.9698   0.129536   -97.5342    31.4085   -31.8216     0.0000    0.00000
    3015  100.4667     G6    1    0    -40.0018    19.0244   0.129105   -97.4549    31.3622   -31.6069     0.0000    0.00062
    3016  100.5000     G6    1    0    -40.0818    19.0249   0.128819   -97.4793    31.4843   -31.3859     0.0000    0.00039
    3017  100.5333     G6    1    0    -40.1013    19.0100   0.128716   -97.4503    31.4714   -31.3301     0.0000    0.00003
    3018  100.5667     G6    1    0    -40.1210    18.9421   0.128574   -97.0750    31.5622   -31.1284     0.0000    0.00024
    3019  100.6000     G6    1    0    -40.1161    18.9105   0.128332   -97.0140    31.4797   -31.0347     0.0000    0.00010
    3020  100.6333     G6    1    0    -40.1337    18.9179   0.128233   -96.9938    31.5730   -30.9274     0.0000    0.00007
    3021  100.6667     G6    1    0    -40.1337    18.9162   0.128223   -96.9774    31.6079   -30.8992     0.0000    0.00001
    3022  100.7000     G6    1    0    -40.1242    18.8741   0.128188   -96.2719    31.9016   -30.5808     0.0000    0.00000
    3023  100.7333     G6    1    0    -40.1164    18.8345   0.128080   -95.5396    32.2010   -30.2097     0.0000    0.00000
    3024  100.7667     G6    1    0    -40.0956    18.8256   0.128008   -95.2555    32.3201   -30.0508     0.0000    0.00012
    3025  100.8000     G6    1    0    -40.0145    18.7561   0.127777   -93.8583    32.7706   -29.3927     0.0000    0.00000
    3026  100.8333     G6    1    0    -39.9549    18.7599   0.127414   -92.8871    33.2054   -28.7436     0.0000    0.00000
    3027  100.8667     G6    1    0    -39.9331    18.7887   0.127290   -92.4831    33.4648   -28.4333     0.0000    0.00000
    3028  100.9000     G6    1    0    -39.8619    18.7584   0.126954   -91.1914    34.0809   -27.5811     0.0000    0.00000
    3029  100.9333     G6    1    0    -39.7402    18.6545   0.126308   -89.2266    34.5964   -26.4464     0.0000    0.00000
    3030  100.9667     G6    1    0    -39.6540    18.6609   0.125675   -87.9376    35.1394   -25.4017     0.0000    0.00000
    3031  101.0000     G6    1    0    -39.6111    18.6547   0.125350   -87.1112    35.4371   -24.7968     0.0000    0.00000
    3032  101.0333     G6    1    0    -39.5054    18.6477   0.124823   -84.8289    36.0665   -23.4483     0.0000    0.00001
    3033  101.0667     G6    1    0    -39.4055    18.6394   0.124528   -82.1941    36.7825   -21.6674     0.0000    0.00001
    3034  101.1000     G6    1    0    -39.3468    18.6110   0.124453   -80.8655    37.0779   -20.7611     0.0000    0.00000
    3035  101.1333     G6    1    0    -39.0809    18.5322   0.124127   -77.6370    36.6428   -18.3781     0.0000    0.00002
    3036  101.1667     G6    1    0    -38.7596    18.4925   0.124007   -74.0559    36.1266   -15.8190     0.0000    0.00003
    3037  101.2000     G6    1    0    -38.6058    18.4798   0.123946   -72.7785    35.9106   -14.9864     0.0000    0.00000
    3038  101.2333     G6    1    0    -38.3621    18.4842   0.123684   -71.4919    35.7282   -14.2817     0.0000    0.00000
    3039  101.2667     G6    1    0    -38.0586    18.5695   0.123446   -69.6129    35.4120   -12.7752     0.0000    0.00001
    3040  101.3000     G6    1    0    -37.8006    18.6719   0.123204   -67.8862    35.2069   -11.5262     0.0000    0.00000
    3041  101.3333     G6    1    0    -37.6739    18.7505   0.123005   -66.8199    35.0948   -10.8554     0.0000    0.00000
    3042  101.3667     G6    1    0    -37.3549    19.0706   0.122579   -63.3443    34.2459    -8.0940     0.0000    0.00004
    3043  101.4000     G6    1    0    -37.0389    19.5442   0.122153   -60.1310    32.8487    -5.2183     0.0000    0.00006
    3044  101.4333     G6    1    0    -36.9005    19.7571   0.122010   -58.4217    32.2523    -3.9199     0.0000    0.00001
    3045  101.4667     G6    1    0    -36.5614    20.2387   0.121768   -54.7406    30.7194    -1.2035     0.0000    0.00007
    3046  101.5000     G6    1    0    -36.1833    20.7308   0.121641   -50.0583    28.8667     2.2061     0.0000    0.00014
    3047  101.5333     G6    1    0    -35.7984    21.2540   0.121653   -46.7173    26.4096     4.9299     0.0000    0.00009
    3048  101.5667     G6    1    0    -35.6013    21.4847   0.121723   -45.0224    25.1143     6.1794     0.0000    0.00001
    3049  101.6000     G6    1    0    -35.1864    21.9010   0.121942   -40.8238    22.4986     8.7534     0.0000    0.00011
    3050  101.6333     G6    1    0    -34.7500    22.3689   0.122197   -37.2370    19.3382    11.1037     0.0000    0.00010
    3051  101.6667     G6    1    0    -34.5593    22.5958   0.122382   -36.0798    17.6059    11.9708     0.0000    0.00001
    3052  101.7000     G6    1    0    -34.2461    22.9287   0.122813   -32.8138    14.5605    13.6116     0.0000    0.00006
    3053  101.7333     G6    1    0    -34.0029    23.2691   0.123182   -29.6898    11.6915    15.2496     0.0000    0.00005
    3054  101.7667     G6    1    0    -33.8620    23.6612   0.123630   -27.1316     8.4074    16.7671     0.0000    0.00004
    3055  101.8000     G6    1    0    -33.8223    23.8527   0.123789   -25.9092     6.9000    17.4799     0.0000    0.00000
    3056  101.8333     G6    1    0    -33.7943    24.2148   0.124054   -22.7282     3.9210    18.9606     0.0000    0.00004
    3057  101.8667    G11    1    0    -33.7813    24.7137   0.124585   -18.8576    -0.5682    20.3979     0.0000    0.00010
    3058  101.9000    G11    1    0    -33.9136    25.1939   0.125137   -15.9611    -4.6342    22.3447     0.0000    0.00007
    3059  101.9333    G11    1    0    -33.9987    25.4189   0.125359   -13.8945    -6.7340    22.9256     0.0000    0.00001
    3060  101.9667    G11    1    0    -34.2332    25.8130   0.125976   -10.3423   -10.5799    24.1494     0.0000    0.00006
    3061  102.0000    G11    1    0    -34.4950    26.1367   0.126463    -7.2764   -13.6882    25.0031     0.0000    0.00003
    3062  102.0333    G11    1    0    -34.6706    26.3183   0.126709    -4.8916   -15.3814    25.4513     0.0000    0.00001
    3063  102.0667    G11    1    0    -35.0073    26.6597   0.127189    -1.6954   -18.3172    26.5394     0.0000    0.00003
    3064  102.1000    G11    1    0    -35.2538    26.9647   0.127547     1.0213   -21.3255    26.6271     0.0000    0.00002
    3065  102.1333    G11    1    0    -35.4022    27.1126   0.127804     2.4661   -22.8400    26.9355     0.0000    0.00000
    3066  102.1667    G11    1    0    -35.6743    27.3801   0.128186     5.7534   -25.9057    27.4041     0.0000    0.00003
    3067  102.2000    G11    1    0    -35.8326    27.5749   0.128330     9.0553   -28.6947    26.9382     0.0000    0.00003
    3068  102.2333    G11    1    0    -35.9271    27.7981   0.128629    11.0577   -31.2156    26.6501     0.0000    0.00001
    3069  102.2667    G11    1    0    -35.9921    27.9200   0.128839    12.3953   -32.6261    26.4129     0.0000    0.00000
    3070  102.3000    G11    1    0    -36.0967    28.0315   0.129048    14.3874   -34.4730    26.3941     0.0000    0.00001
    3071  102.3333    G11    1    0    -36.0888    28.1576   0.129077    16.1893   -35.9971    25.3755     0.0000    0.00001
    3072  102.3667    G11    1    0    -36.1087    28.3162   0.129260    18.0751   -37.8287    24.6489     0.0000    0.00001
    3073  102.4000    G11    1    0    -36.0824    28.3751   0.129305    18.4727   -38.4263    24.6110     0.0000    0.00000
    3074  102.4333    G11    1    0    -35.9230    28.4813   0.129193    18.9851   -39.2905    23.8909     0.0000    0.00000
    3075  102.4667    G11    1    0    -35.8925    28.5129   0.129192    19.4178   -39.8640    23.8118     0.0000    0.00000
    3076  102.5000    G11    1    0    -35.8975    28.6382   0.129400    21.0246   -41.8993    23.1347     0.0000    0.00001
    3077  102.5333    G11    1    0    -35.8374    28.7362   0.129354    21.4603   -43.1023    23.3912     0.0000    0.00000
    3078  102.5667    G11    1    0    -35.7404    28.7585   0.129014    21.5961   -43.2059    23.4440     0.0000    0.00064
    3079  102.6000    G11    1    0    -35.7148    28.7862   0.128884    22.1213   -43.4575    23.1292     0.0000    0.00000
    3080  102.6333    G11    1    0    -35.7192    28.8428   0.128719    23.1047   -44.1836    23.0628     0.0000    0.00000
    3081  102.6667    G11    1    0    -35.7115    28.9225   0.128625    23.5935   -45.0034    23.3419     0.0000    0.00000
    3082  102.7000    G11    1    0    -35.6692    28.9570   0.128545    23.6531   -45.1559    23.3550     0.0000    0.00013
    3083  102.7333    G11    1    0    -35.6071    28.9475   0.128365    23.7883   -45.1560    23.4541     0.0000    0.00031
    3084  102.7667    G11    1    0    -35.6380    28.9406   0.128452    24.6957   -45.7257    23.4007     0.0000    0.00000
    3085  102.8000    G11    1    0    -35.7291    28.9593   0.128722    26.0070   -46.7609    23.0610     0.0000    0.00000
    3086  102.8333    G11    1    0    -35.7313    28.9714   0.128838    25.9938   -47.0361    23.3560     0.0000    0.00000
    3087  102.8667    G11    1    0    -35.7440    28.9895   0.129114    26.9188   -47.7229    22.9239     0.0000    0.00000
    3088  102.9000    G11    1    0    -35.7683    28.9546   0.129550    28.3004   -48.4131    22.5220     0.0000    0.00000
    3089  102.9333    G11    1    0    -35.7640    28.9529   0.129836    28.7859   -48.9098    22.2398     0.0000    0.00000
    3090  102.9667    G11    1    0    -35.7635    28.9016   0.130307    29.7755   -49.5073    21.7694     0.0000    0.00000
    3091  103.0000    G11    1    0    -35.8809    28.8306   0.130651    31.6783   -50.4244    20.8326     0.0000    0.00001
    3092  103.0333    G11    1    0    -36.0067    28.7825   0.130824    32.6814   -51.0976    20.4000     0.0000    0.00000
    3093  103.0667    G11    1    0    -36.0916    28.7899   0.130924    33.1844   -51.6063    20.1504     0.0000    0.00000
    3094  103.1000    G11    1    0    -36.3268    28.7673   0.131021    34.5705   -52.6095    19.8058     0.0000    0.00001
    3095  103.1333    G11    1    0    -36.5317    28.7569   0.131072    35.4875   -53.3676    19.4814     0.0000    0.00000
    3096  103.1667    G11    1    0    -36.7368    28.7275   0.131132    36.4681   -53.9274    19.1301     0.0000    0.00000
    3097  103.2000    G11    1    0    -36.8434    28.7047   0.131138    36.9481   -54.1188    18.9770     0.0000    0.00000
    3098  103.2333    G11    1    0    -37.0552    28.6723   0.131151    37.9109   -54.4718    18.5062     0.0000    0.00000
    3099  103.2667    G11    1    0    -37.3054    28.6200   0.131329    39.3473   -55.2439    17.9598     0.0000    0.00001
    3100  103.3000    G11    1    0    -37.3881    28.6062   0.131396    39.8792   -55.4955    17.5488     0.0000    0.00000
    3101  103.3333    G11    1    0    -37.4829    28.5974   0.131505    40.4431   -55.6723    17.1358     0.0000    0.00000
    3102  103.3667    G11    1    0    -37.5516    28.5920   0.131547    40.5200   -55.5575    17.2667     0.0000    0.00019
    3103  103.4000    G11    1    0    -37.5830    28.5969   0.131534    40.6122   -55.5420    17.1645     0.0000    0.00004
    3104  103.4333    G11    1    0    -37.6285    28.6073   0.131536    40.6853   -55.6141    17.2369     0.0000    0.00005
    3105  103.4667    G11    1    0    -37.5941    28.5944   0.131531    40.7167   -55.6886    17.4766     0.0000    0.00017
    3106  103.5000    G11    1    0    -37.4914    28.5980   0.131598    40.9037   -55.8319    17.3109     0.0000    0.00033
    3107  103.5333    G11    1    0    -37.4503    28.6019   0.131683    41.0199   -56.0036    17.2603     0.0000    0.00014
    3108  103.5667    G11    1    0    -37.4445    28.5500   0.131722    41.7858   -56.0038    16.5875     0.0000    0.00000
    3109  103.6000    G11    1    0    -37.4539    28.5178   0.131731    41.9048   -55.9384    16.4754     0.0000    0.00009
    3110  103.6333    G11    1    0    -37.4388    28.5111   0.131769    41.9592   -55.9083    16.4073     0.0000    0.00003
    3111  103.6667    G11    1    0    -37.4078    28.4829   0.131873    42.1510   -55.8351    16.1803     0.0000    0.00014
    3112  103.7000    G11    1    0    -37.3918    28.4552   0.131977    42.3726   -55.9429    16.0542     0.0000    0.00006
    3113  103.7333    G11    1    0    -37.2824    28.4629   0.132022    42.5327   -55.8540    15.8003     0.0000    0.00024
    3114  103.7667    G11    1    0    -37.1842    28.4555   0.131970    42.7129   -55.7504    15.5391     0.0000    0.00029
    3115  103.8000    G11    1    0    -36.8600    28.4871   0.131714    41.0743   -55.4920    16.6078     0.0000    0.00000
    3116  103.8333    G11    1    0    -36.3617    28.5519   0.131450    36.9639   -55.1984    19.3042     0.0000    0.00002
    3117  103.8667    G11    1    0    -36.1096    28.5285   0.131288    35.2390   -55.0968    20.4019     0.0000    0.00000
    3118  103.9000    G11    1    0    -35.5095    28.3814   0.130648    31.8539   -54.2346    22.3035     0.0000    0.00003
    3119  103.9333    G11    1    0    -34.8837    28.1698   0.129793    29.4483   -53.1766    22.9863     0.0000    0.00002
    3120  103.9667    G11    1    0    -34.2936    27.9270   0.128870    27.6673   -52.2563    23.5047     0.0000    0.00001
    3121  104.0000    G11    1    0    -34.0505    27.8084   0.128419    27.0638   -52.0756    23.6984     0.0000    0.00000
    3122  104.0333    G11    1    0    -33.6150    27.6763   0.127572    25.9007   -52.2338    24.1076     0.0000    0.00000
    3123  104.0667    G11    1    0    -33.1990    27.6548   0.126640    24.6964   -52.4156    24.5057     0.0000    0.00000
    3124  104.1000    G11    1    0    -33.0015    27.6502   0.126119    24.1104   -52.4848    24.8647     0.0000    0.00000
    3125  104.1333    G11    1    0    -32.6615    27.6492   0.125177    23.3515   -52.8212    25.3168     0.0000    0.00000
    3126  104.1667    G11    1    0    -32.3116    27.6152   0.124406    22.5684   -53.7424    25.9972     0.0000    0.00000
    3127  104.2000    G11    1    0    -32.0749    27.5604   0.124048    21.4170   -53.9569    26.7120     0.0000    0.00000
    3128  104.2333    G11    1    0    -31.6028    27.2372   0.123230    20.1719   -54.7905    27.4268     0.0000    0.00001
    3129  104.2667    G11    1    0    -31.1169    26.7986   0.122466    18.6791   -56.0914    28.5376     0.0000    0.00002
    3130  104.3000    G11    1    0    -30.5248    26.2508   0.121841    16.7393   -57.0977    29.4944     0.0000    0.00001
    3131  104.3333    G11    1    0    -30.1458    25.9039   0.121348    15.7723   -57.4258    29.4603     0.0000    0.00000
    3132  104.3667    G11    1    0    -29.5183    25.1214   0.120263    14.4042   -58.1862    29.9777     0.0000    0.00000
    3133  104.4000    G11    1    0    -28.8922    24.4090   0.119455    12.4515   -59.0465    31.4080     0.0000    0.00001
    3134  104.4333    G11    1    0    -28.5512    24.1072   0.118992    11.8579   -59.4758    31.3075     0.0000    0.00000
    3135  104.4667    G11    1    0    -27.9315    23.5439   0.117893     9.9795   -60.0196    32.4875     0.0000    0.00001
    3136  104.5000    G11    1    0    -27.4006    23.2061   0.117155     7.7303   -60.6548    34.3179     0.0000    0.00002
    3137  104.5333    G11    1    0    -26.9485    23.0260   0.116536     7.2354   -61.2205    34.1442     0.0000    0.00000
    3138  104.5667    G11    1    0    -26.8115    22.9877   0.116252     7.1738   -61.2976    34.1408     0.0000    0.00079
    3139  104.6000    G11    1    0    -26.6053    22.9389   0.115813     6.5171   -60.2260    34.0618     0.0000    0.00000
    3140  104.6333    G11    1    0    -26.5024    22.9476   0.115634     6.3859   -58.5789    32.4005     0.0000    0.00002
    3141  104.6667    G11    1    0    -26.4874    22.8838   0.115559     6.3840   -57.2748    31.5673     0.0000    0.00001
    3142  104.7000    G11    1    0    -26.4450    22.7012   0.115330     5.8923   -54.2313    29.9058     0.0000    0.00002
    3143  104.7333    G11    1    0    -26.3936    22.4923   0.115273     4.5122   -51.3928    29.0812     0.0000    0.00001
    3144  104.7667    G11    1    0    -26.3557    22.3499   0.115548     2.7223   -49.6889    28.7366     0.0000    0.00001
    3145  104.8000    G11    1    0    -26.3506    22.2552   0.115718     1.9760   -48.9162    28.4216     0.0000    0.00000
    3146  104.8333    G11    1    0    -26.3943    22.0237   0.116026     1.4205   -47.5678    27.0379     0.0000    0.00000
    3147  104.8667    G11    1    0    -26.3821    21.6916   0.116296     0.7556   -46.0521    25.3369     0.0000    0.00000
    3148  104.9000    G11    1    0    -26.3551    21.5003   0.116378     0.5409   -45.2050    24.3344     0.0000    0.00000
    3149  104.9333    G11    1    0    -26.3636    21.1026   0.116651     0.5094   -43.9406    22.6545     0.0000    0.00000
    3150  104.9667    G11    1    0    -26.4146    20.7354   0.117144     1.4690   -43.4425    20.1503     0.0000    0.00000
    3151  105.0000    G11    1    0    -26.3204    20.2795   0.117466     1.2209   -41.9683    18.5324     0.0000    0.00000
    3152  105.0333    G11    1    0    -26.3045    20.0513   0.117608     1.8002   -41.1907    17.6330     0.0000    0.00000
    3153  105.0667    G11    1    0    -26.1502    19.7634   0.117989     2.0458   -39.8354    16.4008     0.0000    0.00000
    3154  105.1000    G11    1    0    -25.9585    19.6880   0.118524     1.3399   -38.8282    16.0321     0.0000    0.00000
    3155  105.1333    G11    1    0    -25.8318    19.6798   0.118744     1.0936   -38.2254    15.5522     0.0000    0.00000
    3156  105.1667    G11    1    0    -25.5902    19.6343   0.119131     0.6877   -36.8070    14.7893     0.0000    0.00000
    3157  105.2000    G11    1    0    -25.3035    19.5664   0.119659    -0.3815   -35.3990    14.1280     0.0000    0.00000
    3158  105.2333    G11    1    0    -24.9035    19.4342   0.120198    -1.9011   -33.6586    12.4026     0.0000    0.00000
    3159  105.2667    G11    1    0    -24.6858    19.3098   0.120425    -2.8644   -32.5164    11.4668     0.0000    0.00000
    3160  105.3000    G11    1    0    -24.3365    18.9623   0.120742    -4.6471   -30.0417     9.9055     0.0000    0.00001
    3161  105.3333    G11    1    0    -23.9740    18.5960   0.121259    -6.4085   -28.1948     8.1677     0.0000    0.00001
    3162  105.3667    G11    1    0    -23.8392    18.4163   0.121578    -6.8299   -27.5090     7.3726     0.0000    0.00000
    3163  105.4000    G11    1    0    -23.5525    18.0310   0.122157    -8.3095   -26.2529     6.0932     0.0000    0.00000
    3164  105.4333    G11    1    0    -23.2689    17.6386   0.122584    -9.7911   -25.1285     4.8937     0.0000    0.00000
    3165  105.4667    G11    1    0    -23.1470    17.4580   0.122791   -10.4365   -24.7180     4.4280     0.0000    0.00000
    3166  105.5000    G11    1    0    -22.9129    17.0772   0.123258   -11.6413   -23.8726     3.5518     0.0000    0.00000
    3167  105.5333    G11    1    0    -22.6079    16.7106   0.123574   -13.2573   -22.6491     2.4103     0.0000    0.00000
    3168  105.5667    G11    1    0    -22.2844    16.3305   0.123839   -14.8341   -21.2102     1.1565     0.0000    0.00000
    3169  105.6000    G11    1    0    -22.1135    16.1402   0.123996   -15.6120   -20.5749     0.4454     0.0000    0.00000
    3170  105.6333    G11    1    0    -21.7870    15.8314   0.124421   -16.9026   -19.5360    -0.6435     0.0000    0.00000
    3171  105.6667    G11    1    0    -21.4564    15.6196   0.124957   -17.6114   -18.5618    -1.4212     0.0000    0.00000
    3172  105.7000    G11    1    0    -21.2818    15.5581   0.125200   -17.8359   -18.2726    -1.7737     0.0000    0.00000
    3173  105.7333    G11    1    0    -20.9241    15.5007   0.125697   -18.6871   -18.0181    -2.0128     0.0000    0.00000
    3174  105.7667    G11    1    0    -20.6154    15.4444   0.126156   -19.3033   -17.7495    -2.3050     0.0000    0.00000
    3175  105.8000    G11    1    0    -20.3410    15.2918   0.126563   -19.6034   -16.9705    -2.5955     0.0000    0.00000
    3176  105.8333    G11    1    0    -20.1858    15.2126   0.126795   -19.6228   -16.5599    -2.8746     0.0000    0.00000
    3177  105.8667    G11    1    0    -19.8472    15.1200   0.127221   -21.1819   -15.9735    -3.4277     0.0000    0.00000
    3178  105.9000    G11    1    0    -19.5081    14.9683   0.127444   -22.8748   -14.7388    -4.6618     0.0000    0.00000
    3179  105.9333    G11    1    0    -19.3737    14.8790   0.127564   -23.3721   -13.9557    -5.1559     0.0000    0.00000
    3180  105.9667    G11    1    0    -19.1228    14.8168   0.127982   -23.9409   -13.1713    -5.7404     0.0000    0.00000
    3181  106.0000    G11    1    0    -18.9192    14.8409   0.128456   -24.3315   -13.1850    -5.8755     0.0000    0.00000
    3182  106.0333    G11    1    0    -18.7328    14.8389   0.128929   -24.6002   -13.4059    -6.0915     0.0000    0.00000
    3183  106.0667    G11    1    0    -18.6498    14.8400   0.129190   -24.9011   -13.5947    -6.1974     0.0000    0.00000
    3184  106.1000    G11    1    0    -18.5107    14.7631   0.129698   -25.2133   -13.5265    -6.5896     0.0000    0.00000
    3185  106.1333    G11    1    0    -18.3788    14.6332   0.130154   -25.5700   -13.1377    -7.1096     0.0000    0.00000
    3186  106.1667    G11    1    0    -18.2693    14.6283   0.130566   -25.5291   -13.1501    -7.2426     0.0000    0.00076
    3187  106.2000    G11    1    0    -18.2206    14.6454   0.130777   -25.5147   -13.1825    -7.2823     0.0000    0.00017
    3188  106.2333    G11    1    0    -18.1236    14.6379   0.131112   -25.4786   -12.9661    -7.2142     0.0000    0.00069
    3189  106.2667    G11    1    0    -18.0242    14.6082   0.131427   -25.4254   -12.7590    -7.0847     0.0000    0.00070
    3190  106.3000    G11    1    0    -17.9648    14.6624   0.131612   -25.3424   -13.0543    -6.8230     0.0000    0.00056
    3191  106.3333    G11    1    0    -17.8535    14.7730   0.131870   -25.2258   -13.3098    -5.8510     0.0000    0.00000
    3192  106.3667    G11    1    0    -17.7560    14.9644   0.132040   -24.3012   -13.5205    -4.5066     0.0000    0.00000
    3193  106.4000    G11    1    0    -17.6715    15.1075   0.132152   -23.8705   -13.9966    -3.9267     0.0000    0.00000
    3194  106.4333    G11    1    0    -17.5297    15.3275   0.132272   -22.9284   -14.7458    -2.9228     0.0000    0.00000
    3195  106.4667    G11    1    0    -17.4537    15.4390   0.132491   -21.6806   -15.0874    -1.9987     0.0000    0.00000
    3196  106.5000    G11    1    0    -17.3791    15.4415   0.132806   -20.6334   -15.3817    -1.5526     0.0000    0.00000
    3197  106.5333    G11    1    0    -17.3360    15.4278   0.132920   -20.1968   -15.7005    -1.5311     0.0000    0.00000
    3198  106.5667    G11    1    0    -17.3306    15.3826   0.133117   -19.2929   -16.1078    -1.1930     0.0000    0.00000
    3199  106.6000    G11    1    0    -17.3412    15.3203   0.133395   -18.7104   -16.5736    -0.6647     0.0000    0.00000
    3200  106.6333    G11    1    0    -17.3219    15.2276   0.133446   -18.5726   -16.6847    -0.4975     0.0000    0.00039
    3201  106.6667    G11    1    0    -17.3264    15.0757   0.133504   -17.9593   -17.1329     0.0897     0.0000    0.00000
    3202  106.7000    G11    1    0    -17.3591    14.9891   0.133665   -17.3401   -17.9054     1.0370     0.0000    0.00000
    3203  106.7333    G11    1    0    -17.3730    14.8587   0.133717   -17.1417   -18.3503     1.7514     0.0000    0.00000
    3204  106.7667    G11    1    0    -17.3478    14.7654   0.133660   -17.0522   -18.5280     1.7599     0.0000    0.00040
    3205  106.8000    G11    1    0    -17.2737    14.6831   0.133550   -16.9625   -19.1472     1.7383     0.0000    0.00000
    3206  106.8333    G11    1    0    -17.2251    14.5526   0.133695   -16.8363   -19.2835     2.0436     0.0000    0.00085
    3207  106.8667    G11    1    0    -17.1801    14.4656   0.133759   -16.7055   -19.2984     2.0056     0.0000    0.00024
    3208  106.9000    G11    1    0    -17.0435    14.2678   0.133663   -16.3701   -19.3548     1.7845     0.0000    0.00000
    3209  106.9333    G11    1    0    -16.9568    14.2482   0.133713   -16.1411   -20.0308     2.6113     0.0000    0.00000
    3210  106.9667    G11    1    0    -16.8450    14.2966   0.133812   -15.9727   -20.9897     3.4734     0.0000    0.00000
    3211  107.0000    G11    1    0    -16.8048    14.2758   0.133797   -15.9169   -21.0999     3.8395     0.0000    0.00037
    3212  107.0333    G11    1    0    -16.6878    14.2406   0.133728   -15.8650   -21.3631     4.0747     0.0000    0.00070
    3213  107.0667    G11    1    0    -16.5278    14.1580   0.133565   -15.6868   -21.2232     3.8494     0.0000    0.00000
    3214  107.1000    G11    1    0    -16.4712    14.1459   0.133505   -15.5757   -21.1761     4.0338     0.0000    0.00022
    3215  107.1333    G11    1    0    -16.3492    14.1868   0.133509   -15.4420   -21.4515     4.0384     0.0000    0.00048
    3216  107.1667    G11    1    0    -16.2870    14.1895   0.133465   -15.3030   -21.5478     4.1508     0.0000    0.00017
    3217  107.2000    G11    1    0    -16.2786    14.1941   0.133445   -15.2695   -21.6830     4.2487     0.0000    0.00007
    3218  107.2333    G11    1    0    -16.3236    14.1442   0.133435   -15.2351   -21.5886     4.5151     0.0000    0.00019
    3219  107.2667    G11    1    0    -16.4024    14.0674   0.133489   -15.1220   -21.6091     4.6265     0.0000    0.00025
    3220  107.3000    G11    1    0    -16.4874    13.9920   0.133592   -15.0622   -21.8070     4.7969     0.0000    0.00000
    3221  107.3333    G11    1    0    -16.5531    13.9537   0.133691   -14.6900   -21.8732     4.8808     0.0000    0.00020
    3222  107.3667    G11    1    0    -16.6232    13.9163   0.133881   -14.7246   -22.1146     4.9044     0.0000    0.00044
    3223  107.4000    G11    1    0    -16.6748    13.8989   0.134008   -14.7466   -22.0478     4.9798     0.0000    0.00011
    3224  107.4333    G11    1    0    -16.6805    13.9121   0.134059   -14.7215   -22.0770     4.9613     0.0000    0.00001
    3225  107.4667    G11    1    0    -16.6801    13.9184   0.134077   -14.6167   -22.0167     4.9786     0.0000    0.00005
    3226  107.5000    G11    1    0    -16.6704    13.9228   0.134079   -14.5710   -22.0505     4.9214     0.0000    0.00001
    3227  107.5333    G11    1    0    -16.6783    13.9161   0.134089   -14.1692   -21.9606     4.8763     0.0000    0.00028
    3228  107.5667    G11    1    0    -16.6698    13.9182   0.134106   -14.1569   -21.9704     4.8566     0.0000    0.00000
    3229  107.6000    G11    1    0    -16.6424    13.9228   0.134126   -14.1027   -22.0063     4.7785     0.0000    0.00002
    3230  107.6333    G11    1    0    -16.6388    13.8999   0.134139   -14.0469   -21.8756     4.8475     0.0000    0.00008
    3231  107.6667    G11    1    0    -16.6351    13.8949   0.134151   -14.0366   -21.8724     4.8357     0.0000    0.00000
    3232  107.7000    G11    1    0    -16.6297    13.8963   0.134161   -14.0118   -21.8869     4.8066     0.0000    0.00000
    3233  107.7333    G11    1    0    -16.6162    13.8768   0.134152   -14.0000   -21.7570     4.6421     0.0000    0.00010
    3234  107.7667    G11    1    0    -16.5936    13.8784   0.134151   -13.9822   -21.7772     4.6108     0.0000    0.00001
    3235  107.8000    G11    1    0    -16.5855    13.8829   0.134165   -13.9699   -21.7900     4.5919     0.0000    0.00000
    3236  107.8333    G11    1    0    -16.5714    13.8908   0.134189   -13.9463   -21.8133     4.5566     0.0000    0.00001
    3237  107.8667    G11    1    0    -16.5689    13.8840   0.134206   -13.9221   -21.6918     4.6547     0.0000    0.00007
    3238  107.9000    G11    1    0    -16.5539    13.8930   0.134224   -13.9112   -21.7111     4.6305     0.0000    0.00001
    3239  107.9333    G11    1    0    -16.5283    13.8667   0.134215   -13.8825   -21.4581     4.5643     0.0000    0.00021
    3240  107.9667    G11    1    0    -16.5067    13.8665   0.134192   -13.8735   -21.4741     4.5373     0.0000    0.00002
    3241  108.0000    G11    1    0    -16.4976    13.8650   0.134177   -13.8658   -21.4780     4.5204     0.0000    0.00001
    3242  108.0333    G11    1    0    -16.4794    13.8637   0.134152   -13.8314   -21.4978     4.4671     0.0000    0.00002
    3243  108.0667    G11    1    0    -16.4611    13.8421   0.134118   -13.8295   -21.3594     4.3017     0.0000    0.00011
    3244  108.1000    G11    1    0    -16.4598    13.8456   0.134128   -13.8299   -21.3742     4.3117     0.0000    0.00000
    3245  108.1333    G11    1    0    -16.4565    13.8472   0.134135   -13.8275   -21.3778     4.3070     0.0000    0.00000
    3246  108.1667    G11    1    0    -16.4479    13.8526   0.134149   -13.8084   -21.3951     4.2806     0.0000    0.00000
    3247  108.2000    G11    1    0    -16.4455    13.8551   0.134153   -13.7803   -21.4133     4.2499     0.0000    0.00001
    3248  108.2333    G11    1    0    -16.4461    13.8546   0.134152   -13.7746   -21.4159     4.2444     0.0000    0.00000
    3249  108.2667    G11    1    0    -16.4446    13.8565   0.134155   -13.7600   -21.4259     4.2283     0.0000    0.00000
    3250  108.3000    G11    1    0    -16.4462    13.8504   0.134162   -13.7399   -21.4256     4.2114     0.0000    0.00000
    3251  108.3333    G11    1    0    -16.4489    13.8399   0.134164   -13.7200   -21.4188     4.1962     0.0000    0.00000
    3252  108.3667    G11    1    0    -16.4476    13.8399   0.134159   -13.7121   -21.4232     4.1865     0.0000    0.00000
    3253  108.4000    G11    1    0    -16.4442    13.8388   0.134152   -13.7094   -21.4240     4.1802     0.0000    0.00000
    3254  108.4333    G11    1    0    -16.4377    13.8387   0.134145   -13.6976   -21.4311     4.1618     0.0000    0.00000
    3255  108.4667    G11    1    0    -16.4312    13.8376   0.134132   -13.6857   -21.4372     4.1429     0.0000    0.00001
    3256  108.5000    G11    1    0    -16.4233    13.8166   0.134077   -13.6564   -21.3023     4.2280     0.0000    0.00009
    3257  108.5333    G11    1    0    -16.3962    13.8153   0.134049   -13.6411   -21.3150     4.1839     0.0000    0.00003
    3258  108.5667    G11    1    0    -16.3663    13.8174   0.134033   -13.6122   -21.3368     4.1261     0.0000    0.00003
    3259  108.6000    G11    1    0    -16.3529    13.8166   0.134019   -13.6021   -21.3431     4.1026     0.0000    0.00001
    3260  108.6333    G11    1    0    -16.3303    13.8144   0.133990   -13.5843   -21.3532     4.0621     0.0000    0.00002
    3261  108.6667    G11    1    0    -16.3370    13.7972   0.133965   -13.5672   -21.2150     4.1738     0.0000    0.00009
    3262  108.7000    G11    1    0    -16.3371    13.7949   0.133966   -13.5667   -21.2123     4.1731     0.0000    0.00000
    3263  108.7333    G11    1    0    -16.3406    13.7943   0.133967   -13.5691   -21.2101     4.1786     0.0000    0.00000
    3264  108.7667    G11    1    0    -16.3423    13.7927   0.133972   -13.5633   -21.2098     4.1751     0.0000    0.00000
    3265  108.8000    G11    1    0    -16.3387    13.7933   0.133971   -13.5542   -21.2159     4.1623     0.0000    0.00000
    3266  108.8333    G11    1    0    -16.3387    13.7933   0.133971   -13.5542   -21.2159     4.1623     0.0000    0.00000
    3267  108.8667    G11    1    0    -16.3438    13.7900   0.133984   -13.5505   -21.2106     4.1653     0.0000    0.00000
    3268  108.9000    G11    1    0    -16.3403    13.7872   0.133979   -13.5341   -21.2155     4.1455     0.0000    0.00000
    3269  108.9333    G11    1    0    -16.3357    13.7864   0.133969   -13.5302   -21.2172     4.1368     0.0000    0.00000
    3270  108.9667    G11    1    0    -16.3192    13.7825   0.133935   -13.5105   -21.2259     4.0994     0.0000    0.00002
    3271  109.0000    G11    1    0    -16.3016    13.7802   0.133910   -13.4965   -21.2331     4.0675     0.0000    0.00002
    3272  109.0333    G11    1    0    -16.2964    13.7769   0.133902   -13.4921   -21.2311     4.0585     0.0000    0.00000
    3273  109.0667    G11    1    0    -16.2955    13.7757   0.133897   -13.4908   -21.2306     4.0560     0.0000    0.00000
    3274  109.1000    G11    1    0    -16.2955    13.7757   0.133897   -13.4908   -21.2306     4.0560     0.0000    0.00000
    3275  109.1333    G11    1    0    -16.2871    13.7752   0.133887   -13.4778   -21.2382     4.0343     0.0000    0.00001
    3276  109.1667    G11    1    0    -16.2832    13.7743   0.133875   -13.4615   -21.2464     4.0133     0.0000    0.00000
    3277  109.2000    G11    1    0    -16.2764    13.7729   0.133848   -13.4564   -21.2500     3.9995     0.0000    0.00001
    3278  109.2333    G11    1    0    -16.2504    13.7626   0.133775   -13.4282   -21.2574     3.9425     0.0000    0.00005
    3279  109.2667    G11    1    0    -16.2233    13.7527   0.133732   -13.4054   -21.2594     3.8932     0.0000    0.00004
    3280  109.3000    G11    1    0    -16.2124    13.7495   0.133722   -13.3962   -21.2607     3.8738     0.0000    0.00001
    3281  109.3333    G11    1    0    -16.1952    13.7262   0.133703   -13.3708   -21.2396     3.8361     0.0000    0.00003
    3282  109.3667    G11    1    0    -16.1995    13.6846   0.133722   -13.3572   -21.1776     3.8376     0.0000    0.00003
    3283  109.4000    G11    1    0    -16.2043    13.6646   0.133733   -13.3360   -21.1549     3.8262     0.0000    0.00001
    3284  109.4333    G11    1    0    -16.2044    13.6415   0.133741   -13.3107   -21.1302     3.8064     0.0000    0.00001
    3285  109.4667    G11    1    0    -16.1953    13.6404   0.133726   -13.2974   -21.1372     3.7837     0.0000    0.00001
    3286  109.5000    G11    1    0    -16.1807    13.6265   0.133701   -13.2819   -21.1265     3.7556     0.0000    0.00002
    3287  109.5333    G11    1    0    -16.1713    13.6067   0.133707   -13.2631   -21.1044     3.7333     0.0000    0.00001
    3288  109.5667    G11    1    0    -16.1525    13.5467   0.133724   -13.2076   -21.0361     3.6758     0.0000    0.00008
    3289  109.6000    G11    1    0    -16.1146    13.4676   0.133694   -13.1129   -20.9628     3.5613     0.0000    0.00018
    3290  109.6333    G11    1    0    -16.0930    13.4271   0.133683   -13.0732   -20.9207     3.5101     0.0000    0.00005
    3291  109.6667    G11    1    0    -16.0479    13.3674   0.133656   -13.0049   -20.8655     3.4118     0.0000    0.00013
    3292  109.7000    G11    1    0    -15.9974    13.3534   0.133633   -12.9730   -20.9847     3.2153     0.0000    0.00013
    3293  109.7333    G11    1    0    -15.9853    13.3460   0.133615   -12.9615   -20.9808     3.1933     0.0000    0.00001
    3294  109.7667    G11    1    0    -15.9740    13.3421   0.133584   -12.9454   -20.9862     3.1647     0.0000    0.00001
    3295  109.8000    G11    1    0    -15.9674    13.3419   0.133577   -12.9336   -20.9930     3.1462     0.0000    0.00000
    3296  109.8333    G11    1    0    -15.9641    13.3426   0.133577   -12.9244   -20.9989     3.1338     0.0000    0.00000
    3297  109.8667    G11    1    0    -15.9638    13.3431   0.133577   -12.9177   -21.0030     3.1267     0.0000    0.00000
    3298  109.9000    G11    1    0    -15.9665    13.3433   0.133578   -12.9133   -21.0052     3.1247     0.0000    0.00000
    3299  109.9333    G11    1    0    -15.9661    13.3448   0.133584   -12.9067   -21.0103     3.1180     0.0000    0.00000
    3300  109.9667    G11    1    0    -15.9619    13.3464   0.133586   -12.8964   -21.0178     3.1039     0.0000    0.00000
    3301  110.0000    G11    1    0    -15.9528    13.3508   0.133602   -12.8965   -21.0237     3.0966     0.0000    0.00000
    3302  110.0333    G11    1    0    -15.9528    13.3509   0.133602   -12.8907   -21.0267     3.0906     0.0000    0.00000
    3303  110.0667    G11    1    0    -15.9521    13.3495   0.133591   -12.8826   -21.0295     3.0810     0.0000    0.00000
    3304  110.1000    G11    1    0    -15.9527    13.3480   0.133584   -12.8766   -21.0310     3.0751     0.0000    0.00000
    3305  110.1333    G11    1    0    -15.9478    13.3451   0.133552   -12.8725   -21.0320     3.0639     0.0000    0.00001
    3306  110.1667    G11    1    0    -15.9362    13.3258   0.133502   -12.8453   -20.9098     3.1361     0.0000    0.00008
    3307  110.2000    G11    1    0    -15.9246    13.3202   0.133482   -12.8339   -20.9005     3.1224     0.0000    0.00001
    3308  110.2333    G11    1    0    -15.9064    13.3154   0.133446   -12.8195   -20.9054     3.0882     0.0000    0.00002
    3309  110.2667    G11    1    0    -15.8871    13.3086   0.133399   -12.8035   -20.9087     3.0514     0.0000    0.00003
    3310  110.3000    G11    1    0    -15.8632    13.3042   0.133359   -12.7841   -20.9168     3.0075     0.0000    0.00003
    3311  110.3333    G11    1    0    -15.8544    13.3027   0.133344   -12.7775   -20.9195     2.9918     0.0000    0.00001
    3312  110.3667    G11    1    0    -15.8427    13.2990   0.133321   -12.7682   -20.9219     2.9702     0.0000    0.00001
    3313  110.4000    G11    1    0    -15.8397    13.2982   0.133314   -12.7656   -20.9227     2.9644     0.0000    0.00000
    3314  110.4333    G11    1    0    -15.8380    13.2991   0.133317   -12.7645   -20.9244     2.9619     0.0000    0.00000
    3315  110.4667    G11    1    0    -15.8361    13.2978   0.133308   -12.7562   -20.9275     2.9511     0.0000    0.00000
    3316  110.5000    G11    1    0    -15.8326    13.2957   0.133296   -12.7524   -20.9276     2.9433     0.0000    0.00000
    3317  110.5333    G11    1    0    -15.8205    13.2959   0.133286   -12.7435   -20.9339     2.9225     0.0000    0.00001
    3318  110.5667    G11    1    0    -15.8167    13.2952   0.133280   -12.7408   -20.9348     2.9160     0.0000    0.00000
    3319  110.6000    G11    1    0    -15.8179    13.2957   0.133269   -12.7421   -20.9361     2.9172     0.0000    0.00000
    3320  110.6333    G11    1    0    -15.8095    13.2960   0.133265   -12.7358   -20.9406     2.9029     0.0000    0.00000
    3321  110.6667    G11    1    0    -15.8083    13.2983   0.133274   -12.7349   -20.9437     2.9015     0.0000    0.00000
    3322  110.7000    G11    1    0    -15.8085    13.2968   0.133281   -12.7348   -20.9407     2.9025     0.0000    0.00000
    3323  110.7333    G11    1    0    -15.8051    13.2992   0.133287   -12.7257   -20.9483     2.8906     0.0000    0.00000
    3324  110.7667    G11    1    0    -15.8080    13.2998   0.133280   -12.7284   -20.9487     2.8948     0.0000    0.00000
    3325  110.8000    G11    1    0    -15.8076    13.3017   0.133273   -12.7218   -20.9557     2.8866     0.0000    0.00000
    3326  110.8333    G11    1    0    -15.8034    13.3011   0.133268   -12.7180   -20.9574     2.8787     0.0000    0.00000
    3327  110.8667    G11    1    0    -15.8031    13.2987   0.133271   -12.7176   -20.9536     2.8787     0.0000    0.00000
    3328  110.9000    G11    1    0    -15.8048    13.2995   0.133274   -12.7190   -20.9536     2.8819     0.0000    0.00000
    3329  110.9333    G11    1    0    -15.8048    13.2995   0.133274   -12.7190   -20.9536     2.8819     0.0000    0.00000
    3330  110.9667    G11    1    0    -15.8014    13.2996   0.133273   -12.7165   -20.9554     2.8762     0.0000    0.00000
    3331  111.0000      -    1    0    -15.8014    13.2996   0.133273   -12.7165   -20.9554     2.8762     0.0000    0.00000
    3332  111.0333      -    1    0    -15.8027    13.2994   0.133272   -12.7176   -20.9545     2.8784     0.0000    0.00000
    3333  111.0667      -    1    0    -15.8060    13.2974   0.133279   -12.7188   -20.9498     2.8838     0.0000    0.00000
    3334  111.1000      -    1    0    -15.8016    13.2975   0.133290   -12.7151   -20.9509     2.8772     0.0000    0.00000
    3335  111.1333      -    1    0    -15.8020    13.2984   0.133295   -12.7163   -20.9511     2.8791     0.0000    0.00000
    3336  111.1667      -    1    0    -15.8091    13.2960   0.133302   -12.7210   -20.9439     2.8916     0.0000    0.00000
    3337  111.2000      -    1    0    -15.8105    13.2965   0.133306   -12.7223   -20.9436     2.8944     0.0000    0.00000
    3338  111.2333      -    1    0    -15.8105    13.2965   0.133306   -12.7223   -20.9436     2.8944     0.0000    0.00000
    3339  111.2667      -    1    0    -15.8089    13.2947   0.133297   -12.7208   -20.9426     2.8908     0.0000    0.00000
    3340  111.3000      -    1    0    -15.8060    13.2950   0.133296   -12.7184   -20.9445     2.8856     0.0000    0.00000
    3341  111.3333      -    1    0    -15.8093    13.2935   0.133303   -12.7207   -20.9399     2.8921     0.0000    0.00000
    3342  111.3667      -    1    0    -15.8086    13.2940   0.133305   -12.7196   -20.9411     2.8904     0.0000    0.00000
    3343  111.4000      -    1    0    -15.8031    13.2908   0.133313   -12.7142   -20.9381     2.8817     0.0000    0.00000
    3344  111.4333      -    1    0    -15.8043    13.2873   0.133312   -12.7158   -20.9319     2.8850     0.0000    0.00000
    3345  111.4667      -    1    0    -15.8043    13.2824   0.133300   -12.7140   -20.9260     2.8832     0.0000    0.00000
    3346  111.5000      -    1    0    -15.8042    13.2811   0.133295   -12.7138   -20.9248     2.8825     0.0000    0.00000
    3347  111.5333      -    1    0    -15.8042    13.2811   0.133295   -12.7138   -20.9248     2.8825     0.0000    0.00000
    3348  111.5667      -    1    0    -15.8053    13.2695   0.133307   -12.7052   -20.9093     2.8788     0.0000    0.00000
    3349  111.6000      -    1    0    -15.8062    13.2582   0.133306   -12.6967   -20.8955     2.8735     0.0000    0.00000
    3350  111.6333      -    1    0    -15.8064    13.2394   0.133312   -12.6927   -20.8671     2.8744     0.0000    0.00001
    3351  111.6667      -    1    0    -15.7933    13.2226   0.133302   -12.6721   -20.8524     2.8448     0.0000    0.00002
    3352  111.7000      -    1    0    -15.7899    13.2180   0.133291   -12.6621   -20.8515     2.8315     0.0000    0.00000
    3353  111.7333      -    1    0    -15.7651    13.2105   0.133255   -13.0112   -20.8369     2.9259     0.0000    0.00004
    3354  111.7667      -    1    0    -15.7213    13.1984   0.133164   -12.9685   -20.8511     2.8371     0.0000    0.00010
    3355  111.8000      -    1    0    -15.7059    13.1501   0.133100   -12.9315   -20.6789     2.9100     0.0000    0.00016
    3356  111.8333      -    1    0    -15.7023    13.1183   0.133093   -12.9160   -20.6385     2.8960     0.0000    0.00002
    3357  111.8667      -    1    0    -15.7021    13.0479   0.133064   -12.8634   -20.6555     3.0012     0.0000    0.00015
    3358  111.9000      -    1    0    -15.6963    12.9541   0.133026   -12.7825   -20.6490     3.0749     0.0000    0.00023
    3359  111.9333      -    1    0    -15.6887    12.8892   0.133014   -12.7562   -20.5560     3.0488     0.0000    0.00009
    3360  111.9667      -    1    0    -15.6294    12.8151   0.132994   -12.6616   -20.7112     2.9289     0.0000    0.00032
    3361  112.0000      -    1    0    -15.5546    12.7016   0.132949   -12.9334   -20.5656     2.9316     0.0000    0.00000
    3362  112.0333      -    1    0    -15.4800    12.6121   0.132959   -12.8303   -20.5749     2.9264     0.0000    0.00030
    3363  112.0667      -    1    0    -15.4399    12.5610   0.132997   -12.7730   -20.5176     2.8462     0.0000    0.00008
    3364  112.1000      -    1    0    -15.3450    12.4776   0.133043   -12.6580   -20.4414     2.6699     0.0000    0.00033
    3365  112.1333      -    1    0    -15.2701    12.4202   0.133108   -12.9267   -20.5983     2.6855     0.0000    0.00028
    3366  112.1667      -    1    0    -15.2461    12.3715   0.133079   -12.8912   -20.5397     2.6360     0.0000    0.00008
    3367  112.2000      -    1    0    -15.1873    12.2987   0.133026   -13.1918   -20.5694     2.5499     0.0000    0.00031
    3368  112.2333      -    1    0    -15.1526    12.2590   0.132944   -13.1439   -20.6355     2.5985     0.0000    0.00012
    3369  112.2667      -    1    0    -15.1379    12.2529   0.132942   -13.1228   -20.6403     2.5781     0.0000    0.00001
    3370  112.3000      -    1    0    -15.1365    12.2527   0.132937   -13.1087   -20.6465     2.5618     0.0000    0.00000
    3371  112.3333      -    1    0    -15.1365    12.2517   0.132923   -13.4644   -20.6369     2.6850     0.0000    0.00004
    3372  112.3667      -    1    0    -15.1437    12.2499   0.132915   -13.4494   -20.6412     2.6766     0.0000    0.00000
    3373  112.4000      -    1    0    -15.1508    12.2495   0.132914   -13.4416   -20.6438     2.6754     0.0000    0.00000
    3374  112.4333      -    1    0    -15.1595    12.2438   0.132913   -13.8041   -20.6211     2.8152     0.0000    0.00007
    3375  112.4667      -    1    0    -15.1833    12.2160   0.132939   -14.2040   -20.4433     2.8673     0.0000    0.00000
    3376  112.5000      -    1    0    -15.1828    12.2152   0.132967   -14.6351   -20.5484     2.6907     0.0000    0.00000
    3377  112.5333      -    1    0    -15.1907    12.1918   0.132989   -14.6705   -20.5275     2.4961     0.0000    0.00008
    3378  112.5667      -    1    0    -15.2622    12.1042   0.133067   -14.7128   -20.3465     2.6135     0.0000    0.00028
    3379  112.6000      -    1    0    -15.2998    12.0407   0.133203   -14.7188   -20.3480     2.5660     0.0000    0.00020
    3380  112.6333      -    1    0    -15.2972    12.0288   0.133264   -14.7211   -20.4458     2.4613     0.0000    0.00005
    3381  112.6667      -    1    0    -15.3043    11.9906   0.133299   -14.6907   -20.3950     2.4493     0.0000    0.00003
    3382  112.7000      -    1    0    -15.2854    11.9846   0.133324   -15.0272   -20.3844     2.5420     0.0000    0.00005
    3383  112.7333      -    1    0    -15.2762    11.9913   0.133333   -15.0145   -20.4010     2.5218     0.0000    0.00000
    3384  112.7667      -    1    0    -15.2595    11.9952   0.133309   -14.9822   -20.4280     2.4735     0.0000    0.00002
    3385  112.8000      -    1    0    -15.2485    11.9903   0.133279   -14.9722   -20.4295     2.4519     0.0000    0.00001
    3386  112.8333      -    1    0    -15.2522    11.9954   0.133288   -14.9628   -20.4410     2.4466     0.0000    0.00000
    3387  112.8667      -    1    0    -15.2562    11.9948   0.133288   -14.9594   -20.4416     2.4470     0.0000    0.00000
    3388  112.9000      -    1    0    -15.2594    11.9936   0.133281   -14.9479   -20.4460     2.4385     0.0000    0.00000
    3389  112.9333      -    1    0    -15.2576    11.9938   0.133293   -14.9455   -20.4462     2.4359     0.0000    0.00000
    3390  112.9667      -    1    0    -15.2581    11.9953   0.133299   -14.9399   -20.4507     2.4314     0.0000    0.00000
    3391  113.0000      -    1    0    -15.2655    11.9931   0.133305   -14.9321   -20.4500     2.4315     0.0000    0.00000
    3392  113.0333      -    1    0    -15.2622    11.9938   0.133305   -14.9227   -20.4563     2.4195     0.0000    0.00000
    3393  113.0667      -    1    0    -15.2677    11.9969   0.133305   -14.9144   -20.4648     2.4162     0.0000    0.00000
    3394  113.1000      -    1    0    -15.2684    11.9969   0.133303   -14.9018   -20.4715     2.4045     0.0000    0.00000
    3395  113.1333      -    1    0    -15.2635    11.9984   0.133305   -14.8981   -20.4758     2.3969     0.0000    0.00000
    3396  113.1667      -    1    0    -15.2651    11.9993   0.133309   -14.8927   -20.4795     2.3933     0.0000    0.00000
    3397  113.2000      -    1    0    -15.2681    11.9990   0.133310   -14.8883   -20.4811     2.3919     0.0000    0.00000
    3398  113.2333      -    1    0    -15.2694    12.0003   0.133314   -14.8828   -20.4853     2.3882     0.0000    0.00000
    3399  113.2667      -    1    0    -15.2691    12.0008   0.133314   -14.8759   -20.4896     2.3813     0.0000    0.00000
    3400  113.3000      -    1    0    -15.2699    12.0052   0.133309   -14.8778   -20.4961     2.3825     0.0000    0.00000
    3401  113.3333      -    1    0    -15.2733    12.0064   0.133315   -14.8747   -20.4987     2.3831     0.0000    0.00000
    3402  113.3667      -    1    0    -15.2779    12.0043   0.133306   -14.8713   -20.4975     2.3834     0.0000    0.00000
    3403  113.4000      -    1    0    -15.2785    12.0039   0.133305   -14.8645   -20.5008     2.3772     0.0000    0.00000
    3404  113.4333      -    1    0    -15.2785    12.0039   0.133305   -14.8645   -20.5008     2.3772     0.0000    0.00000
    3405  113.4667      -    1    0    -15.2827    12.0067   0.133308   -14.8687   -20.5024     2.3849     0.0000    0.00000
    3406  113.5000      -    1    0    -15.2970    12.0021   0.133294   -14.8677   -20.4959     2.3959     0.0000    0.00001
    3407  113.5333      -    1    0    -15.3181    11.9891   0.133248   -14.8696   -20.4779     2.4135     0.0000    0.00003
    3408  113.5667      -    1    0    -15.3289    11.9843   0.133235   -14.8768   -20.4674     2.4292     0.0000    0.00001
    3409  113.6000      -    1    0    -15.3416    11.9822   0.133230   -14.8798   -20.4617     2.4434     0.0000    0.00001
    3410  113.6333      -    1    0    -15.3493    11.9835   0.133255   -14.8863   -20.4569     2.4588     0.0000    0.00000
    3411  113.6667      -    1    0    -15.3494    11.9851   0.133262   -14.8865   -20.4584     2.4596     0.0000    0.00000
    3412  113.7000      -    1    0    -15.3505    11.9845   0.133260   -14.8808   -20.4608     2.4548     0.0000    0.00000
    3413  113.7333      -    1    0    -15.3495    11.9865   0.133268   -14.8799   -20.4636     2.4537     0.0000    0.00000
    3414  113.7667      -    1    0    -15.3468    11.9886   0.133288   -14.8777   -20.4659     2.4510     0.0000    0.00000
    3415  113.8000      -    1    0    -15.3496    11.9881   0.133289   -14.8802   -20.4636     2.4559     0.0000    0.00000
    3416  113.8333      -    1    0    -15.3547    11.9868   0.133285   -14.8838   -20.4595     2.4639     0.0000    0.00000
    3417  113.8667      -    1    0    -15.3487    11.9901   0.133297   -14.8793   -20.4664     2.4549     0.0000    0.00000
    3418  113.9000      -    1    0    -15.3469    11.9913   0.133301   -14.8782   -20.4684     2.4525     0.0000    0.00000
    3419  113.9333      -    1    0    -15.3511    11.9936   0.133326   -14.8812   -20.4671     2.4615     0.0000    0.00000
    3420  113.9667      -    1    0    -15.3564    11.9864   0.133334   -14.8770   -20.4564     2.4642     0.0000    0.00000
    3421  114.0000      -    1    0    -15.3596    11.9858   0.133334   -14.8795   -20.4539     2.4695     0.0000    0.00000
    3422  114.0333      -    1    0    -15.3596    11.9858   0.133334   -14.8795   -20.4539     2.4695     0.0000    0.00000
    3423  114.0667      -    1    0    -15.3567    11.9849   0.133328   -14.8768   -20.4549     2.4638     0.0000    0.00000
    3424  114.1000      -    1    0    -15.3528    11.9866   0.133320   -14.8745   -20.4600     2.4570     0.0000    0.00000
    3425  114.1333      -    1    0    -15.3524    11.9854   0.133314   -14.8742   -20.4590     2.4560     0.0000    0.00000
    3426  114.1667      -    1    0    -15.3540    11.9863   0.133317   -14.8687   -20.4627     2.4524     0.0000    0.00000
    3427  114.2000      -    1    0    -15.3557    11.9865   0.133307   -14.8642   -20.4666     2.4484     0.0000    0.00000
    3428  114.2333      -    1    0    -15.3596    11.9853   0.133291   -14.8678   -20.4643     2.4538     0.0000    0.00000
    3429  114.2667      -    1    0    -15.3748    11.9731   0.133243   -14.8658   -20.4502     2.4623     0.0000    0.00002
    3430  114.3000      -    1    0    -15.3887    11.9559   0.133173   -14.8618   -20.4318     2.4659     0.0000    0.00003
    3431  114.3333      -    1    0    -15.3785    11.9698   0.133091   -14.8273   -20.5848     2.5688     0.0000    0.00008
    3432  114.3667      -    1    0    -15.3908    11.9637   0.133073   -14.7983   -20.5914     2.8636     0.0000    0.00015
    3433  114.4000      -    1    0    -15.4912    11.9267   0.133225   -14.6533   -20.9289     4.2887     0.0000    0.00000
    3434  114.4333      -    1    0    -15.6720    12.0353   0.133372   -12.3191   -22.1102     5.2291     0.0000    0.00000
    3435  114.4667      -    1    0    -15.7965    12.1137   0.133392   -11.3113   -22.5395     6.0140     0.0000    0.00000
    3436  114.5000      -    1    0    -16.0274    12.4213   0.133406    -9.4425   -23.8886     7.1587     0.0000    0.00000
    3437  114.5333      -    1    0    -16.1418    12.6673   0.133287    -9.7459   -24.7138     8.4177    10.0246    0.00000
    3438  114.5667      -    1    0    -16.1635    12.7462   0.133191    -9.9877   -24.8745     8.7797    12.5226    0.00000
